PWSID,System_Name,County,Regulating_Agency,Water_Quality_Risk_Level_Display,Accessability_Risk_Level_Display,Affordability_Risk_Level_Display,TMF_Capacity_Risk_Level_Display,POPULATION ,SAFER_STATUS,Distinct count of PWSID,Funding Since 2017
CA0103040,NORRIS CANYON PROPERTY OWNERS ASSN,ALAMEDA,DISTRICT 04 - SAN FRANCISCO,No Risk,Low Risk,Low Risk,Low Risk,50,Not At-Risk,1,$0 
CA0103041,TRAILER HAVEN MOBILE HOME PARK,ALAMEDA,DISTRICT 04 - SAN FRANCISCO,No Risk,No Risk,Medium Risk,Low Risk,459,Not At-Risk,1,$0 
CA0105008,CASTLEWOOD DOMESTIC WATER SYSTEM,ALAMEDA,DISTRICT 04 - SAN FRANCISCO,No Risk,Medium Risk,No Risk,No Risk,524,Not At-Risk,1,"$3,000,000 "
CA0105009,MOUNTAIN HOUSE SCHOOL,ALAMEDA,DISTRICT 04 - SAN FRANCISCO,No Risk,High Risk,No Risk,No Risk,50,At-Risk,1,"$274,408 "
CA0110001,ALAMEDA COUNTY WATER DISTRICT,ALAMEDA,DISTRICT 04 - SAN FRANCISCO,Not Assessed,Not Assessed,Not Assessed,Not Assessed,"344,000",Not Assessed,1,$0 
CA0110003,CALIFORNIA WATER SERVICE - LIVERMORE,ALAMEDA,DISTRICT 04 - SAN FRANCISCO,Medium Risk,No Risk,No Risk,No Risk,"60,414",Not At-Risk,1,$0 
CA0110005,EAST BAY MUD,ALAMEDA,DISTRICT 04 - SAN FRANCISCO,Not Assessed,Not Assessed,Not Assessed,Not Assessed,"1,442,800",Not Assessed,1,"$26,043,066 "
CA0110006,CITY OF HAYWARD,ALAMEDA,DISTRICT 04 - SAN FRANCISCO,Not Assessed,Not Assessed,Not Assessed,Not Assessed,"162,954",Not Assessed,1,$0 
CA0110008,CITY OF PLEASANTON,ALAMEDA,DISTRICT 04 - SAN FRANCISCO,Medium Risk,No Risk,No Risk,Low Risk,"76,689",Failing,1,"$1,000,000 "
CA0110009,DUBLIN SAN RAMON SERVICES DISTRICT,ALAMEDA,DISTRICT 04 - SAN FRANCISCO,No Risk,No Risk,No Risk,Low Risk,"98,776",Not At-Risk,1,$0 
CA0110010,ZONE 7 WATER AGENCY,ALAMEDA,DISTRICT 04 - SAN FRANCISCO,Not Assessed,Not Assessed,Not Assessed,Not Assessed,40,Not Assessed,1,$0 
CA0110011,CITY OF LIVERMORE,ALAMEDA,DISTRICT 04 - SAN FRANCISCO,No Risk,No Risk,No Risk,No Risk,"38,892",Not At-Risk,1,$0 
CA0110012,TOWN OF SUNOL - SFPUC,ALAMEDA,DISTRICT 04 - SAN FRANCISCO,No Risk,Medium Risk,No Risk,Low Risk,281,Not At-Risk,1,$0 
CA0110016,ALAMEDA POINT,ALAMEDA,DISTRICT 04 - SAN FRANCISCO,No Risk,Medium Risk,Low Risk,Low Risk,"1,400",Not At-Risk,1,$0 
CA0110018,SFPUC-PLEASANTON WELLS,ALAMEDA,DISTRICT 04 - SAN FRANCISCO,Not Assessed,Not Assessed,Not Assessed,Not Assessed,1,Not Assessed,1,$0 
CA0202501,DIAMOND VALLEY SCHOOL,ALPINE,LPA32 - ALPINE COUNTY,No Risk,High Risk,No Risk,No Risk,100,Not At-Risk,1,$0 
CA0202503,WOODFORDS MUTUAL WATER COMPANY,ALPINE,LPA32 - ALPINE COUNTY,No Risk,High Risk,No Risk,No Risk,50,Not At-Risk,1,$0 
CA0202504,MARKLEEVILLE WATER CO.,ALPINE,LPA32 - ALPINE COUNTY,No Risk,Low Risk,No Risk,Low Risk,175,Not At-Risk,1,"$3,435,300 "
CA0202522,SIERRA PINES MOBILE HOME PARK,ALPINE,LPA32 - ALPINE COUNTY,No Risk,High Risk,No Risk,Medium Risk,70,Potentially At-Risk,1,$0 
CA0202599,ALPINE EARLY LEARNING CENTER,ALPINE,LPA32 - ALPINE COUNTY,Not Assessed,Not Assessed,Not Assessed,Not Assessed,35,Not Assessed,1,$0 
CA0210001,LAKE ALPINE WATER COMPANY,ALPINE,DISTRICT 10 - STOCKTON,Low Risk,High Risk,High Risk,Low Risk,625,At-Risk,1,$0 
CA0210002,KIRKWOOD MEADOWS PUBLIC UTILITY DISTRICT,ALPINE,DISTRICT 09 - SACRAMENTO,Low Risk,Low Risk,No Risk,No Risk,"7,851",Failing,1,$0 
CA0300010,DRYTOWN COUNTY WATER DISTRICT,AMADOR,DISTRICT 10 - STOCKTON,No Risk,Medium Risk,No Risk,Low Risk,221,Not At-Risk,1,$0 
CA0300011,SUTTER PINES MHP,AMADOR,DISTRICT 10 - STOCKTON,Low Risk,High Risk,No Risk,Medium Risk,40,Failing,1,$0 
CA0300016,VOLCANO COMMUNITY SERVICE DIST,AMADOR,DISTRICT 10 - STOCKTON,Low Risk,Low Risk,Medium Risk,No Risk,103,Not At-Risk,1,$0 
CA0300019,FIDDLETOWN COMMUNITY SERVICE,AMADOR,DISTRICT 10 - STOCKTON,High Risk,High Risk,No Risk,Low Risk,100,At-Risk,1,$0 
CA0300024,FOREST POINT MHC,AMADOR,DISTRICT 10 - STOCKTON,No Risk,High Risk,Medium Risk,No Risk,62,Potentially At-Risk,1,$0 
CA0300037,JACKSON VALLEY IRRIGATION DISTRICT,AMADOR,DISTRICT 10 - STOCKTON,Low Risk,High Risk,No Risk,No Risk,"3,553",At-Risk,1,"$4,013,142 "
CA0300053,RANCHO DEL ORO MHP,AMADOR,DISTRICT 10 - STOCKTON,No Risk,High Risk,No Risk,Medium Risk,44,Potentially At-Risk,1,$0 
CA0300062,HOPE FOUNDATION/MORIAH HEIGHTS,AMADOR,DISTRICT 10 - STOCKTON,Low Risk,High Risk,No Risk,Medium Risk,299,At-Risk,1,$0 
CA0300078,IONE BAND OF MIWOK INDIANS,AMADOR,DISTRICT 10 - STOCKTON,Low Risk,High Risk,No Risk,Low Risk,40,Failing,1,$0 
CA0310001,CITY OF JACKSON,AMADOR,DISTRICT 10 - STOCKTON,Low Risk,Medium Risk,No Risk,No Risk,"5,019",Not At-Risk,1,"$495,574 "
CA0310002,"AWA, IONE",AMADOR,DISTRICT 10 - STOCKTON,Low Risk,High Risk,Medium Risk,No Risk,"7,227",Potentially At-Risk,1,$0 
CA0310003,"AWA, TANNER",AMADOR,DISTRICT 10 - STOCKTON,No Risk,High Risk,High Risk,No Risk,"4,940",Potentially At-Risk,1,$0 
CA0310004,"PLYMOUTH, CITY OF",AMADOR,DISTRICT 10 - STOCKTON,Low Risk,No Risk,No Risk,Low Risk,"1,060",Not At-Risk,1,$0 
CA0310005,PINE GROVE COMM SERV DIST,AMADOR,DISTRICT 10 - STOCKTON,No Risk,Medium Risk,Low Risk,No Risk,"1,141",Not At-Risk,1,"$2,064,045 "
CA0310006,RIVER PINES PUD,AMADOR,DISTRICT 10 - STOCKTON,No Risk,Low Risk,High Risk,Low Risk,574,Not At-Risk,1,"$7,574,250 "
CA0310008,CAMANCHE NORTH SHORE INC.,AMADOR,DISTRICT 10 - STOCKTON,No Risk,Low Risk,No Risk,Medium Risk,922,Not At-Risk,1,$0 
CA0310011,FIRST MACE MEADOW # 1,AMADOR,DISTRICT 10 - STOCKTON,No Risk,Medium Risk,No Risk,No Risk,838,Not At-Risk,1,$0 
CA0310012,AWA BUCKHORN PLANT,AMADOR,DISTRICT 10 - STOCKTON,No Risk,High Risk,No Risk,No Risk,"8,791",Not At-Risk,1,$0 
CA0310018,FIRST MACE MEADOWS UNIT NO. 2,AMADOR,DISTRICT 10 - STOCKTON,No Risk,Medium Risk,No Risk,Low Risk,230,Not At-Risk,1,$0 
CA0310019,AWA LA MEL HEIGHTS #3,AMADOR,DISTRICT 10 - STOCKTON,No Risk,Low Risk,Medium Risk,Low Risk,188,Not At-Risk,1,$0 
CA0310021,AWA - CAMANCHE VILLAGE,AMADOR,DISTRICT 10 - STOCKTON,No Risk,Low Risk,No Risk,No Risk,"2,402",Not At-Risk,1,$0 
CA0400001,YOUTH WITH A MISSION-SPRINGS OF LIVING W,BUTTE,LPA34 - BUTTE COUNTY,Low Risk,Low Risk,No Risk,Medium Risk,150,Not At-Risk,1,$0 
CA0400003,HARTLEY MUTUAL WATER SYSTEM,BUTTE,LPA34 - BUTTE COUNTY,No Risk,High Risk,No Risk,No Risk,41,Not At-Risk,1,$0 
CA0400004,FOREST RANCH MUTUAL WATER SYSTEM,BUTTE,LPA34 - BUTTE COUNTY,No Risk,High Risk,High Risk,No Risk,119,Potentially At-Risk,1,$0 
CA0400007,BUTTE CREEK ESTATES MUTUAL WATER CO,BUTTE,LPA34 - BUTTE COUNTY,No Risk,Low Risk,Low Risk,Medium Risk,399,Not At-Risk,1,$0 
CA0400008,GRAN MUTUAL WATER CO,BUTTE,LPA34 - BUTTE COUNTY,No Risk,Low Risk,No Risk,Medium Risk,290,Not At-Risk,1,$0 
CA0400012,GRIDLEY FARM LABOR HOUSING,BUTTE,LPA34 - BUTTE COUNTY,No Risk,High Risk,No Risk,High Risk,460,At-Risk,1,$0 
CA0400013,MERRY MOUNTAIN MUTUAL,BUTTE,LPA34 - BUTTE COUNTY,Low Risk,Low Risk,High Risk,Low Risk,90,Not At-Risk,1,$0 
CA0400014,LAKE MADRONE WATER DISTRICT,BUTTE,LPA34 - BUTTE COUNTY,Low Risk,Low Risk,Low Risk,Low Risk,297,Failing,1,$0 
CA0400016,BERRY CREEK COMMUNITY SERVICE DIST,BUTTE,LPA34 - BUTTE COUNTY,No Risk,Low Risk,High Risk,Low Risk,28,Not At-Risk,1,$0 
CA0400019,OROVILLE MOBILE HOME PARK,BUTTE,LPA34 - BUTTE COUNTY,No Risk,High Risk,No Risk,High Risk,76,Potentially At-Risk,1,$0 
CA0400020,PLEASANT GROVE MHP,BUTTE,LPA34 - BUTTE COUNTY,No Risk,Low Risk,High Risk,High Risk,327,Failing,1,$0 
CA0400021,ROBINSON'S CORNER MHP,BUTTE,LPA34 - BUTTE COUNTY,High Risk,High Risk,Low Risk,High Risk,20,Failing,1,$0 
CA0400023,GOLDEN OAKS MOBILE HOME PARK,BUTTE,LPA34 - BUTTE COUNTY,No Risk,High Risk,Low Risk,Low Risk,75,Potentially At-Risk,1,$0 
CA0400026,MEADOWBROOK OAKS,BUTTE,LPA34 - BUTTE COUNTY,Low Risk,High Risk,Medium Risk,High Risk,50,At-Risk,1,$0 
CA0400027,FOOTHILLS MANUFACTURED HOME COMMUNUTY,BUTTE,LPA34 - BUTTE COUNTY,High Risk,Medium Risk,Medium Risk,Medium Risk,180,At-Risk,1,$0 
CA0400030,GOLDEN FEATHER MHP,BUTTE,LPA34 - BUTTE COUNTY,No Risk,Low Risk,Low Risk,Medium Risk,275,Not At-Risk,1,$0 
CA0400040,ALMOND GROVE MOBILE PARK,BUTTE,LPA34 - BUTTE COUNTY,Low Risk,High Risk,Low Risk,High Risk,253,At-Risk,1,$0 
CA0400042,FOREST VILLAGE LLC,BUTTE,LPA34 - BUTTE COUNTY,No Risk,High Risk,No Risk,No Risk,28,Not At-Risk,1,$0 
CA0400051,DINGERVILLE USA PARK,BUTTE,LPA34 - BUTTE COUNTY,No Risk,Low Risk,Low Risk,Low Risk,220,Not At-Risk,1,$0 
CA0400060,HONCUT ELEMENTARY SCHOOL,BUTTE,LPA34 - BUTTE COUNTY,Medium Risk,Low Risk,Low Risk,No Risk,25,Failing,1,"$2,876,900 "
CA0400062,RICHVALE ELEMENTARY SCHOOL,BUTTE,LPA34 - BUTTE COUNTY,No Risk,High Risk,No Risk,High Risk,63,Potentially At-Risk,1,$0 
CA0400063,MANZANITA ELEMENTARY SCHOOL,BUTTE,LPA34 - BUTTE COUNTY,High Risk,High Risk,No Risk,No Risk,295,Failing,1,"$569,820 "
CA0400065,SPRING VALLEY SCHOOL,BUTTE,LPA34 - BUTTE COUNTY,Low Risk,High Risk,Medium Risk,Low Risk,70,Failing,1,$0 
CA0400067,FEATHER RIVER SCHOOL,BUTTE,LPA34 - BUTTE COUNTY,High Risk,High Risk,Low Risk,No Risk,34,Failing,1,$0 
CA0400068,BERRY CREEK SCHOOL,BUTTE,LPA34 - BUTTE COUNTY,Not Assessed,Not Assessed,Not Assessed,Not Assessed,61,Not Assessed,1,$0 
CA0400073,NORD COUNTRY SCHOOL,BUTTE,LPA34 - BUTTE COUNTY,No Risk,High Risk,No Risk,No Risk,230,Not At-Risk,1,$0 
CA0400078,FOREST KNOLLS MUTUAL WATER CO,BUTTE,LPA34 - BUTTE COUNTY,No Risk,High Risk,No Risk,No Risk,46,Not At-Risk,1,$0 
CA0400079,FOREST RANCH CHARTER SCHOOL,BUTTE,LPA34 - BUTTE COUNTY,No Risk,High Risk,No Risk,No Risk,125,Not At-Risk,1,$0 
CA0400090,MOUNTAIN VILLAGE HOMEOWNER'S ASSOC,BUTTE,LPA34 - BUTTE COUNTY,No Risk,High Risk,No Risk,Low Risk,40,Not At-Risk,1,$0 
CA0400091,DEL ORO WATER COMPANY - BUZZTAIL DIST.,BUTTE,DISTRICT 21 - VALLEY,No Risk,High Risk,No Risk,No Risk,106,Not At-Risk,1,$0 
CA0400117,FALLING ROCK RV PARK,BUTTE,LPA34 - BUTTE COUNTY,Medium Risk,High Risk,High Risk,No Risk,25,At-Risk,1,$0 
CA0400123,HUMBOLDT HIGHLANDS MUTUAL,BUTTE,LPA34 - BUTTE COUNTY,No Risk,High Risk,No Risk,Medium Risk,58,Not At-Risk,1,$0 
CA0400149,HUMBOLDT WOODLANDS MUTUAL,BUTTE,LPA34 - BUTTE COUNTY,No Risk,High Risk,No Risk,Low Risk,55,At-Risk,1,$0 
CA0400151,KEEFER CREEK ESTATES,BUTTE,LPA34 - BUTTE COUNTY,Medium Risk,Low Risk,No Risk,Medium Risk,160,Potentially At-Risk,1,$0 
CA0400155,BIGGERS GLEN MUTUAL WATER CO,BUTTE,LPA34 - BUTTE COUNTY,No Risk,High Risk,No Risk,No Risk,25,Not At-Risk,1,$0 
CA0400162,PLEASANT VALLEY BAPTIST CHURCH,BUTTE,LPA34 - BUTTE COUNTY,High Risk,High Risk,No Risk,Low Risk,600,At-Risk,1,$0 
CA0405001,DEL ORO WATER CO.-LIME SADDLE MARINA,BUTTE,DISTRICT 21 - VALLEY,Low Risk,No Risk,High Risk,Low Risk,895,Not At-Risk,1,$0 
CA0409181,BLUE OAK TERRACE MUTUAL,BUTTE,LPA34 - BUTTE COUNTY,No Risk,Low Risk,Low Risk,No Risk,81,Not At-Risk,1,$0 
CA0409183,SIERRA MOON MUTUAL WATER COMPANY,BUTTE,LPA34 - BUTTE COUNTY,No Risk,Low Risk,No Risk,No Risk,120,Not At-Risk,1,$0 
CA0410001,CITY OF BIGGS,BUTTE,DISTRICT 21 - VALLEY,No Risk,Low Risk,No Risk,No Risk,"2,060",Not At-Risk,1,$0 
CA0410002,CAL-WATER SERVICE CO.-CHICO,BUTTE,DISTRICT 21 - VALLEY,Not Assessed,Not Assessed,Not Assessed,Not Assessed,"114,925",Not Assessed,1,$0 
CA0410003,DURHAM IRRIGATION DISTRICT,BUTTE,DISTRICT 21 - VALLEY,Medium Risk,Low Risk,No Risk,Low Risk,"1,581",Potentially At-Risk,1,$0 
CA0410004,CITY OF GRIDLEY,BUTTE,DISTRICT 21 - VALLEY,High Risk,Low Risk,Low Risk,No Risk,"7,269",At-Risk,1,$0 
CA0410005,CAL-WATER SERVICE CO.-OROVILLE,BUTTE,DISTRICT 21 - VALLEY,Medium Risk,Low Risk,Medium Risk,No Risk,"11,106",Potentially At-Risk,1,$0 
CA0410006,SOUTH FEATHER W&P - MINERS RANCH,BUTTE,DISTRICT 21 - VALLEY,No Risk,High Risk,No Risk,Low Risk,"22,664",Not At-Risk,1,$0 
CA0410007,PARADISE IRRIGATION DISTRICT,BUTTE,DISTRICT 21 - VALLEY,No Risk,Low Risk,Low Risk,Low Risk,"9,142",Not At-Risk,1,"$28,367,540 "
CA0410008,THERMALITO WATER & SEWER DIST,BUTTE,DISTRICT 21 - VALLEY,Low Risk,Low Risk,Low Risk,No Risk,"12,136",Not At-Risk,1,$0 
CA0410009,DEL ORO WATER CO.-MAGALIA,BUTTE,DISTRICT 21 - VALLEY,No Risk,No Risk,High Risk,Low Risk,340,Not At-Risk,1,$0 
CA0410011,DEL ORO WATER CO.-PARADISE PINES,BUTTE,DISTRICT 21 - VALLEY,No Risk,No Risk,No Risk,No Risk,"10,940",Not At-Risk,1,$0 
CA0410012,SOUTH FEATHER W&P - BANGOR,BUTTE,DISTRICT 21 - VALLEY,No Risk,High Risk,Low Risk,Low Risk,73,Not At-Risk,1,$0 
CA0410018,DEL ORO WATER CO.-STIRLING BLUFFS,BUTTE,DISTRICT 21 - VALLEY,No Risk,High Risk,Low Risk,No Risk,521,Not At-Risk,1,$0 
CA0500019,MINERAL MOUNTAIN MUTUAL WATER,CALAVERAS,LPA35 - CALAVERAS COUNTY,No Risk,Low Risk,No Risk,No Risk,67,Not At-Risk,1,$0 
CA0500027,LILI VALLEY WATER CO.,CALAVERAS,LPA35 - CALAVERAS COUNTY,No Risk,Low Risk,High Risk,Low Risk,99,Potentially At-Risk,1,$0 
CA0500068,DUNROVIN MOBILE HOME VILLAGE,CALAVERAS,LPA35 - CALAVERAS COUNTY,No Risk,Low Risk,Low Risk,Low Risk,99,Not At-Risk,1,$0 
CA0500075,LAKESIDE MOBILE ESTATES,CALAVERAS,LPA35 - CALAVERAS COUNTY,No Risk,High Risk,Medium Risk,Low Risk,30,At-Risk,1,$0 
CA0500082,ANGELS CAMP RV/CAMPING RESORT,CALAVERAS,LPA35 - CALAVERAS COUNTY,No Risk,High Risk,Medium Risk,Medium Risk,288,Potentially At-Risk,1,$0 
CA0500085,TOYON MIDDLE SCHOOL,CALAVERAS,LPA35 - CALAVERAS COUNTY,No Risk,Low Risk,Medium Risk,No Risk,200,Not At-Risk,1,$0 
CA0500091,RITE OF PASSAGE/SIERRA RIDGE,CALAVERAS,LPA35 - CALAVERAS COUNTY,Low Risk,Low Risk,High Risk,No Risk,150,Potentially At-Risk,1,$0 
CA0500095,VINE & BRANCH FELLOWSHIP,CALAVERAS,LPA35 - CALAVERAS COUNTY,Not Assessed,Not Assessed,Not Assessed,Not Assessed,85,Not Assessed,1,$0 
CA0510001,UNION PUBLIC UTILITY DISTRICT,CALAVERAS,DISTRICT 10 - STOCKTON,Low Risk,High Risk,High Risk,Low Risk,"4,774",At-Risk,1,$0 
CA0510002,CALAVERAS PUD,CALAVERAS,DISTRICT 10 - STOCKTON,No Risk,High Risk,High Risk,Low Risk,"6,286",Potentially At-Risk,1,"$483,000 "
CA0510003,"ANGELS, CITY OF",CALAVERAS,DISTRICT 10 - STOCKTON,Medium Risk,High Risk,High Risk,No Risk,"3,836",At-Risk,1,$0 
CA0510004,CCWD - SHEEP RANCH,CALAVERAS,DISTRICT 10 - STOCKTON,No Risk,High Risk,Medium Risk,Low Risk,89,At-Risk,1,$0 
CA0510005,CCWD - WEST POINT,CALAVERAS,DISTRICT 10 - STOCKTON,No Risk,Low Risk,High Risk,Low Risk,"1,043",Potentially At-Risk,1,$0 
CA0510006,CCWD - JENNY LIND,CALAVERAS,DISTRICT 10 - STOCKTON,No Risk,High Risk,No Risk,Low Risk,"9,861",Not At-Risk,1,$0 
CA0510009,BLUE LAKE SPRINGS MUT WTR,CALAVERAS,DISTRICT 10 - STOCKTON,Low Risk,No Risk,No Risk,No Risk,"4,841",Not At-Risk,1,$0 
CA0510010,VALLEY SPRINGS PUD,CALAVERAS,DISTRICT 10 - STOCKTON,No Risk,Medium Risk,High Risk,Low Risk,900,Potentially At-Risk,1,$0 
CA0510011,SNOWSHOE SPRINGS ASSN.,CALAVERAS,DISTRICT 10 - STOCKTON,Low Risk,High Risk,No Risk,Low Risk,686,At-Risk,1,$0 
CA0510012,CAMANCHE SOUTH SHORE-EBMUD,CALAVERAS,DISTRICT 10 - STOCKTON,No Risk,Low Risk,Low Risk,Medium Risk,828,Not At-Risk,1,$0 
CA0510016,CCWD - EBBETTS PASS,CALAVERAS,DISTRICT 10 - STOCKTON,Low Risk,Low Risk,No Risk,Low Risk,"11,545",Not At-Risk,1,$0 
CA0510017,CCWD - COPPER COVE,CALAVERAS,DISTRICT 10 - STOCKTON,No Risk,High Risk,High Risk,Low Risk,"5,187",Potentially At-Risk,1,$0 
CA0510019,CCWD - WALLACE,CALAVERAS,DISTRICT 10 - STOCKTON,No Risk,Medium Risk,Low Risk,Low Risk,255,Not At-Risk,1,$0 
CA0600005,COLUSA CO. SERVICE AREA #2-STONYFORD,COLUSA,DISTRICT 21 - VALLEY,No Risk,High Risk,High Risk,Medium Risk,250,At-Risk,1,$0 
CA0600008,COLUSA CO. WWD #1 - GRIMES,COLUSA,DISTRICT 21 - VALLEY,High Risk,High Risk,Low Risk,Low Risk,512,Failing,1,"$1,472,617 "
CA0600012,COLUSA CO. SERVICE AREA #1-CENTURY RANCH,COLUSA,DISTRICT 21 - VALLEY,Low Risk,High Risk,No Risk,Medium Risk,246,Potentially At-Risk,1,$0 
CA0600013,COLUSA CO. WWD #2 - PRINCETON,COLUSA,DISTRICT 21 - VALLEY,No Risk,Low Risk,Medium Risk,Low Risk,382,Not At-Risk,1,$0 
CA0605011,DEL ORO WC - ARBUCKLE DISTRICT,COLUSA,DISTRICT 21 - VALLEY,No Risk,Low Risk,No Risk,No Risk,185,Not At-Risk,1,$0 
CA0610001,ARBUCKLE PUBLIC UTILITY DISTRICT,COLUSA,DISTRICT 21 - VALLEY,Low Risk,Low Risk,No Risk,No Risk,"2,778",Not At-Risk,1,$0 
CA0610002,CITY OF COLUSA,COLUSA,DISTRICT 21 - VALLEY,Low Risk,Low Risk,Low Risk,No Risk,"6,447",Failing,1,"$1,856,995 "
CA0610003,MAXWELL PUBLIC UTILITY DISTRICT,COLUSA,DISTRICT 21 - VALLEY,No Risk,Low Risk,Medium Risk,Low Risk,"1,175",Not At-Risk,1,$0 
CA0610004,CITY OF WILLIAMS,COLUSA,DISTRICT 21 - VALLEY,No Risk,Low Risk,No Risk,Low Risk,"5,538",Not At-Risk,1,"$5,405,000 "
CA0706004,OAKLEY MUTUAL WATER COMPANY,CONTRA COSTA,LPA37 - CONTRA COSTA COUNTY,High Risk,High Risk,No Risk,Low Risk,170,Failing,1,$0 
CA0706005,FARRAR PARK PROPERTY OWNERS,CONTRA COSTA,LPA37 - CONTRA COSTA COUNTY,High Risk,High Risk,Low Risk,No Risk,140,At-Risk,1,$0 
CA0706028,KNIGHTSEN ELEMENTARY SCHOOL,CONTRA COSTA,LPA37 - CONTRA COSTA COUNTY,No Risk,High Risk,Medium Risk,No Risk,350,At-Risk,1,$0 
CA0706029,EXCELSIOR MIDDLE SCHOOL,CONTRA COSTA,LPA37 - CONTRA COSTA COUNTY,Low Risk,High Risk,Medium Risk,No Risk,600,Failing,1,$0 
CA0707501,ANGLER S RANCH #3,CONTRA COSTA,LPA37 - CONTRA COSTA COUNTY,No Risk,High Risk,Low Risk,No Risk,60,Not At-Risk,1,$0 
CA0707507,WILLOW PARK MARINA,CONTRA COSTA,LPA37 - CONTRA COSTA COUNTY,High Risk,Low Risk,High Risk,Low Risk,380,Failing,1,$0 
CA0707517,COLONIA SANTA MARIA,CONTRA COSTA,LPA37 - CONTRA COSTA COUNTY,No Risk,High Risk,No Risk,Low Risk,32,Not At-Risk,1,$0 
CA0707519,DUTCH SLOUGH WATER WORKS,CONTRA COSTA,LPA37 - CONTRA COSTA COUNTY,No Risk,High Risk,Low Risk,No Risk,49,Not At-Risk,1,$0 
CA0707523,BETHEL ISLAND ESTATES,CONTRA COSTA,LPA37 - CONTRA COSTA COUNTY,Low Risk,High Risk,Low Risk,Medium Risk,200,At-Risk,1,$0 
CA0707545,ORWOOD RESORT,CONTRA COSTA,LPA37 - CONTRA COSTA COUNTY,No Risk,Low Risk,No Risk,Low Risk,350,Not At-Risk,1,$0 
CA0707547,KNIGHTSEN COMMUNITY WATER SYSTEM,CONTRA COSTA,LPA37 - CONTRA COSTA COUNTY,No Risk,High Risk,Low Risk,Low Risk,73,Not At-Risk,1,$0 
CA0707553,RIVERVIEW MOBILE HOME PARK,CONTRA COSTA,LPA37 - CONTRA COSTA COUNTY,Low Risk,High Risk,No Risk,Low Risk,126,Not At-Risk,1,$0 
CA0707556,SANDMOUND MUTUAL,CONTRA COSTA,LPA37 - CONTRA COSTA COUNTY,Medium Risk,Low Risk,Low Risk,Low Risk,100,Potentially At-Risk,1,$0 
CA0707569,ANGLERS SUBDIVISION 4,CONTRA COSTA,LPA37 - CONTRA COSTA COUNTY,Low Risk,Low Risk,No Risk,No Risk,99,Not At-Risk,1,$0 
CA0707572,BETHEL ISLAND MUTUAL WATER CO,CONTRA COSTA,LPA37 - CONTRA COSTA COUNTY,Low Risk,High Risk,Low Risk,No Risk,123,Not At-Risk,1,$0 
CA0707573,DELTA MUTUAL WATER COMPANY,CONTRA COSTA,LPA37 - CONTRA COSTA COUNTY,High Risk,Low Risk,Low Risk,No Risk,333,Failing,1,$0 
CA0707575,BETHEL ISLAND MHC,CONTRA COSTA,LPA37 - CONTRA COSTA COUNTY,No Risk,High Risk,Low Risk,No Risk,185,Not At-Risk,1,$0 
CA0707576,PLEASANTIMES MUTUAL WATER CO,CONTRA COSTA,LPA37 - CONTRA COSTA COUNTY,Low Risk,Low Risk,No Risk,Low Risk,644,Not At-Risk,1,$0 
CA0707577,RIVERVIEW WATER ASSOCIATION,CONTRA COSTA,LPA37 - CONTRA COSTA COUNTY,No Risk,Low Risk,No Risk,No Risk,230,Not At-Risk,1,$0 
CA0707585,MORAGA HEIGHTS MUTUAL WATER,CONTRA COSTA,LPA37 - CONTRA COSTA COUNTY,No Risk,High Risk,No Risk,Low Risk,66,Not At-Risk,1,$0 
CA0707588,BIG OAK MOBILE HOME PARK WATER,CONTRA COSTA,LPA37 - CONTRA COSTA COUNTY,Low Risk,Low Risk,No Risk,Low Risk,156,Not At-Risk,1,$0 
CA0707589,BELLA VISTA WATER SYS,CONTRA COSTA,LPA37 - CONTRA COSTA COUNTY,Low Risk,Medium Risk,No Risk,Low Risk,93,Failing,1,$0 
CA0707594,CASA MEDANOS WATER SYSTEM,CONTRA COSTA,LPA37 - CONTRA COSTA COUNTY,No Risk,High Risk,Medium Risk,Low Risk,45,Not At-Risk,1,$0 
CA0707597,SANDY POINT MOBILE HOME PARK,CONTRA COSTA,LPA37 - CONTRA COSTA COUNTY,No Risk,High Risk,Low Risk,No Risk,67,Not At-Risk,1,$0 
CA0707598,CAMINO MOBILEHOME,CONTRA COSTA,LPA37 - CONTRA COSTA COUNTY,No Risk,High Risk,Medium Risk,Low Risk,210,Potentially At-Risk,1,$0 
CA0707601,RUSSOS MOBILE PARK,CONTRA COSTA,LPA37 - CONTRA COSTA COUNTY,No Risk,High Risk,No Risk,No Risk,110,Not At-Risk,1,$0 
CA0707603,CLAYTON PALMS WATER,CONTRA COSTA,LPA37 - CONTRA COSTA COUNTY,No Risk,Medium Risk,No Risk,Low Risk,549,Not At-Risk,1,$0 
CA0707608,MARINA MOBILE MANOR,CONTRA COSTA,LPA37 - CONTRA COSTA COUNTY,No Risk,High Risk,Low Risk,No Risk,75,Not At-Risk,1,$0 
CA0707613,WILLOW MOBILE HOME PARK,CONTRA COSTA,LPA37 - CONTRA COSTA COUNTY,No Risk,High Risk,No Risk,Low Risk,481,Not At-Risk,1,$0 
CA0707615,DOUBLETREE RANCH WATER SYSTEM,CONTRA COSTA,LPA37 - CONTRA COSTA COUNTY,High Risk,Low Risk,No Risk,No Risk,66,Not At-Risk,1,$0 
CA0707620,CANYON SCHOOL,CONTRA COSTA,LPA37 - CONTRA COSTA COUNTY,High Risk,High Risk,No Risk,No Risk,238,At-Risk,1,$0 
CA0707623,WILCOX STATION RANCH,CONTRA COSTA,LPA37 - CONTRA COSTA COUNTY,Low Risk,High Risk,No Risk,No Risk,31,Not At-Risk,1,$0 
CA0710001,CITY OF ANTIOCH,CONTRA COSTA,DISTRICT 04 - SAN FRANCISCO,Not Assessed,Not Assessed,Not Assessed,Not Assessed,"115,074",Not Assessed,1,"$61,000,000 "
CA0710002,GOLDEN STATE WATER COMPANY - BAY POINT,CONTRA COSTA,DISTRICT 04 - SAN FRANCISCO,Low Risk,No Risk,Medium Risk,No Risk,"23,731",Not At-Risk,1,$0 
CA0710003,CONTRA COSTA WATER DISTRICT,CONTRA COSTA,DISTRICT 04 - SAN FRANCISCO,Not Assessed,Not Assessed,Not Assessed,Not Assessed,"198,000",Not Assessed,1,$0 
CA0710004,BRENTWOOD,CONTRA COSTA,DISTRICT 04 - SAN FRANCISCO,No Risk,No Risk,No Risk,No Risk,"64,513",Not At-Risk,1,$0 
CA0710006,CITY OF MARTINEZ,CONTRA COSTA,DISTRICT 04 - SAN FRANCISCO,Low Risk,No Risk,No Risk,No Risk,"30,997",Not At-Risk,1,$0 
CA0710007,DIABLO WATER DISTRICT,CONTRA COSTA,DISTRICT 04 - SAN FRANCISCO,Low Risk,No Risk,No Risk,Low Risk,"43,357",Not At-Risk,1,"$65,436 "
CA0710008,CITY OF PITTSBURG,CONTRA COSTA,DISTRICT 04 - SAN FRANCISCO,Low Risk,No Risk,Low Risk,Low Risk,"62,500",Not At-Risk,1,$0 
CA0710009,TOWN OF DISCOVERY BAY,CONTRA COSTA,DISTRICT 04 - SAN FRANCISCO,No Risk,Low Risk,No Risk,Low Risk,"16,790",Not At-Risk,1,$0 
CA0710010,RANDALL-BOLD WATER TREATMENT PLANT,CONTRA COSTA,DISTRICT 04 - SAN FRANCISCO,Not Assessed,Not Assessed,Not Assessed,Not Assessed,1,Not Assessed,1,$0 
CA0710011,CCWD/BRENTWOOD WTP,CONTRA COSTA,DISTRICT 04 - SAN FRANCISCO,Not Assessed,Not Assessed,Not Assessed,Not Assessed,0,Not Assessed,1,$0 
CA0800526,REDWOOD PARK C.S.D.,DEL NORTE,DISTRICT 01 - KLAMATH,Low Risk,Low Risk,High Risk,No Risk,200,Not At-Risk,1,$0 
CA0800529,ROCK CREEK MUTUAL WATER CO.,DEL NORTE,DISTRICT 01 - KLAMATH,Low Risk,High Risk,High Risk,No Risk,60,Failing,1,$0 
CA0800532,BIG ROCK C.S.D.,DEL NORTE,DISTRICT 01 - KLAMATH,No Risk,High Risk,No Risk,No Risk,650,Not At-Risk,1,"$1,112,781 "
CA0800548,KLAMATH C.S.D.,DEL NORTE,DISTRICT 01 - KLAMATH,No Risk,Low Risk,Low Risk,Low Risk,360,Not At-Risk,1,"$335,615 "
CA0800552,NORTHCREST TRAILER CITY,DEL NORTE,DISTRICT 01 - KLAMATH,Low Risk,Low Risk,Low Risk,Medium Risk,250,Potentially At-Risk,1,$0 
CA0800555,GASQUET C.S.D.,DEL NORTE,DISTRICT 01 - KLAMATH,No Risk,High Risk,High Risk,Medium Risk,657,At-Risk,1,$0 
CA0800556,HRC C.S.D.,DEL NORTE,DISTRICT 01 - KLAMATH,No Risk,High Risk,No Risk,No Risk,185,Not At-Risk,1,$0 
CA0800557,HUNTER VALLEY CSD,DEL NORTE,DISTRICT 01 - KLAMATH,No Risk,High Risk,Low Risk,No Risk,96,Not At-Risk,1,$0 
CA0800603,BUTTE COURT MOBILE HOME PARK,DEL NORTE,DISTRICT 01 - KLAMATH,High Risk,High Risk,Medium Risk,High Risk,65,At-Risk,1,$0 
CA0800605,WEST PARK PROPERTIES,DEL NORTE,DISTRICT 01 - KLAMATH,Low Risk,High Risk,Medium Risk,Medium Risk,112,At-Risk,1,$0 
CA0800647,REDWOOD MAINT. & OPER.,DEL NORTE,DISTRICT 01 - KLAMATH,No Risk,High Risk,No Risk,No Risk,421,Not At-Risk,1,$0 
CA0800649,MARGARET KEATING MAIN. & OPER.,DEL NORTE,DISTRICT 01 - KLAMATH,No Risk,High Risk,Low Risk,No Risk,120,Not At-Risk,1,$0 
CA0800700,LAS PALMAS MOBILE HOME PARK,DEL NORTE,DISTRICT 01 - KLAMATH,Low Risk,Low Risk,Medium Risk,Low Risk,120,Potentially At-Risk,1,$0 
CA0800800,PINE GROVE TRAILER PARK,DEL NORTE,DISTRICT 01 - KLAMATH,Medium Risk,High Risk,Low Risk,Medium Risk,142,At-Risk,1,$0 
CA0800825,JED SMITH HOMEOWNERS ASSN.,DEL NORTE,DISTRICT 01 - KLAMATH,Low Risk,Low Risk,No Risk,No Risk,58,Failing,1,$0 
CA0810001,CITY OF CRESCENT CITY,DEL NORTE,DISTRICT 01 - KLAMATH,No Risk,High Risk,No Risk,Low Risk,"17,262",Not At-Risk,1,$0 
CA0810002,SMITH RIVER C.S.D.,DEL NORTE,DISTRICT 01 - KLAMATH,No Risk,Low Risk,No Risk,Low Risk,"2,568",Not At-Risk,1,$0 
CA0810003,BERTSCH OCEAN VIEW CSD,DEL NORTE,DISTRICT 01 - KLAMATH,No Risk,Medium Risk,Low Risk,No Risk,"2,570",Not At-Risk,1,$0 
CA0900102,GOLD BEACH PARK,EL DORADO,LPA39 - EL DORADO COUNTY,High Risk,High Risk,No Risk,No Risk,134,At-Risk,1,$0 
CA0900111,PIONEER  ELEMENTARY SCHOOL,EL DORADO,LPA39 - EL DORADO COUNTY,No Risk,Low Risk,Medium Risk,Low Risk,227,Not At-Risk,1,$0 
CA0900112,CANDLELIGHT VILLAGE MUTUAL WATER CO.,EL DORADO,LPA39 - EL DORADO COUNTY,High Risk,Low Risk,High Risk,No Risk,75,At-Risk,1,$0 
CA0900210,MILLERS HILL SCHOOL,EL DORADO,LPA39 - EL DORADO COUNTY,Low Risk,Low Risk,No Risk,No Risk,120,Not At-Risk,1,$0 
CA0900300,KYBURZ MUTUAL WATER COMPANY,EL DORADO,LPA39 - EL DORADO COUNTY,Low Risk,Medium Risk,No Risk,No Risk,150,Failing,1,$0 
CA0900304,SILVERFORK SCHOOL,EL DORADO,LPA39 - EL DORADO COUNTY,No Risk,High Risk,No Risk,Low Risk,25,At-Risk,1,$0 
CA0900308,QUINTETTE SERVICE CORP WATER,EL DORADO,LPA39 - EL DORADO COUNTY,No Risk,High Risk,Medium Risk,Low Risk,80,Potentially At-Risk,1,"$811,096 "
CA0900309,MOUNTAIN CREEK SCHOOL,EL DORADO,LPA39 - EL DORADO COUNTY,Low Risk,High Risk,Medium Risk,Low Risk,125,At-Risk,1,$0 
CA0900404,"OAKLANE MOBILE VILLAGE, LLC.",EL DORADO,LPA39 - EL DORADO COUNTY,No Risk,High Risk,Low Risk,Low Risk,75,Potentially At-Risk,1,$0 
CA0900410,LATROBE ELEMENTARY SCHOOL,EL DORADO,LPA39 - EL DORADO COUNTY,No Risk,High Risk,No Risk,No Risk,65,Not At-Risk,1,$0 
CA0900422,CRYSTAL CAVES MHP,EL DORADO,LPA39 - EL DORADO COUNTY,No Risk,High Risk,No Risk,Low Risk,112,Potentially At-Risk,1,$0 
CA0901217,BEAR STATE WATER WORKS,EL DORADO,LPA39 - EL DORADO COUNTY,No Risk,High Risk,High Risk,Low Risk,100,At-Risk,1,$0 
CA0910001,EL DORADO ID - MAIN,EL DORADO,DISTRICT 09 - SACRAMENTO,Not Assessed,Not Assessed,Not Assessed,Not Assessed,"132,171",Not Assessed,1,$0 
CA0910002,SOUTH TAHOE PUD - MAIN,EL DORADO,DISTRICT 09 - SACRAMENTO,No Risk,No Risk,High Risk,Low Risk,"100,000",Not At-Risk,1,"$24,739,393 "
CA0910003,"PLACERVILLE, CITY OF - MAIN",EL DORADO,DISTRICT 09 - SACRAMENTO,No Risk,No Risk,Low Risk,No Risk,"9,224",Not At-Risk,1,$0 
CA0910006,GRIZZLY FLATS COMMUNITY SERVIC,EL DORADO,DISTRICT 09 - SACRAMENTO,No Risk,High Risk,No Risk,Low Risk,"1,374",Not At-Risk,1,$0 
CA0910007,LUKINS BROTHERS WATER COMPANY,EL DORADO,DISTRICT 09 - SACRAMENTO,No Risk,No Risk,High Risk,No Risk,"3,277",Not At-Risk,1,"$5,558,168 "
CA0910012,TAHOE CITY PUD - RUBICON,EL DORADO,DISTRICT 09 - SACRAMENTO,No Risk,Low Risk,High Risk,No Risk,703,Not At-Risk,1,$0 
CA0910013,GEORGETOWN DIVIDE PUD,EL DORADO,DISTRICT 09 - SACRAMENTO,No Risk,Low Risk,No Risk,No Risk,"9,434",Not At-Risk,1,"$1,291,955 "
CA0910015,TAHOE KEYS WATER COMPANY,EL DORADO,DISTRICT 09 - SACRAMENTO,High Risk,No Risk,No Risk,Low Risk,"1,420",Potentially At-Risk,1,$0 
CA0910017,EL DORADO ID - STRAWBERRY,EL DORADO,DISTRICT 09 - SACRAMENTO,No Risk,High Risk,High Risk,Low Risk,400,At-Risk,1,$0 
CA0910018,EL DORADO ID - OUTINGDALE,EL DORADO,DISTRICT 09 - SACRAMENTO,No Risk,High Risk,High Risk,Low Risk,535,At-Risk,1,$0 
CA0910019,LAKESIDE PARK ASSOCIATION,EL DORADO,DISTRICT 09 - SACRAMENTO,No Risk,No Risk,Medium Risk,Low Risk,"2,648",Not At-Risk,1,$0 
CA1000004,BELMONT WATER CORPORATION,FRESNO,DISTRICT 23 - FRESNO,High Risk,Low Risk,No Risk,No Risk,264,Potentially At-Risk,1,$0 
CA1000005,BIG CREEK COMMUNITY SERV DIST,FRESNO,DISTRICT 23 - FRESNO,No Risk,Medium Risk,No Risk,Low Risk,72,Not At-Risk,1,$0 
CA1000018,EASTON ESTATES WATER COMPANY,FRESNO,DISTRICT 23 - FRESNO,Medium Risk,Medium Risk,Low Risk,Low Risk,302,At-Risk,1,$0 
CA1000019,FCSA 30 - EL PORVENIR,FRESNO,DISTRICT 23 - FRESNO,Medium Risk,High Risk,High Risk,Low Risk,241,Failing,1,"$6,197,942 "
CA1000021,FCSA 05 - WILDWOOD ISLAND,FRESNO,DISTRICT 23 - FRESNO,No Risk,Medium Risk,Medium Risk,No Risk,417,Not At-Risk,1,$0 
CA1000023,FCSA 14 - BELMONT MANOR,FRESNO,DISTRICT 23 - FRESNO,High Risk,High Risk,No Risk,Low Risk,115,Failing,1,$0 
CA1000039,FCSA 10 - CUMORAH KNOLLS,FRESNO,DISTRICT 23 - FRESNO,No Risk,Medium Risk,No Risk,Medium Risk,132,Not At-Risk,1,$0 
CA1000040,FCWWD 37/MILE HIGH,FRESNO,DISTRICT 23 - FRESNO,Low Risk,Medium Risk,Medium Risk,Medium Risk,129,At-Risk,1,$0 
CA1000041,FCWWD 38/SKY HARBOUR,FRESNO,DISTRICT 23 - FRESNO,No Risk,High Risk,No Risk,Low Risk,185,Not At-Risk,1,$0 
CA1000042,FCWWD 40 - SHAVER SPRINGS,FRESNO,DISTRICT 23 - FRESNO,High Risk,Low Risk,Medium Risk,Medium Risk,196,Failing,1,$0 
CA1000053,LANARE COMMUNITY SERVICES DIST,FRESNO,DISTRICT 23 - FRESNO,High Risk,High Risk,Low Risk,No Risk,540,At-Risk,1,$0 
CA1000054,LAS DELTAS MUTUAL WATER COMPANY,FRESNO,DISTRICT 23 - FRESNO,Low Risk,High Risk,High Risk,No Risk,375,Failing,1,$0 
CA1000056,MEADOW LAKES CLUB,FRESNO,DISTRICT 23 - FRESNO,Low Risk,High Risk,No Risk,No Risk,240,At-Risk,1,$0 
CA1000057,DEL ORO WATER CO - METROPOLITAN DISTRICT,FRESNO,DISTRICT 23 - FRESNO,High Risk,High Risk,High Risk,No Risk,92,Failing,1,"$1,957,940 "
CA1000063,NEW AUBERRY WATER ASSOCIATION,FRESNO,DISTRICT 23 - FRESNO,Low Risk,Low Risk,No Risk,Low Risk,120,Not At-Risk,1,"$1,443,283 "
CA1000069,SHAVER LAKE HEIGHTS WATER ASSN,FRESNO,DISTRICT 23 - FRESNO,No Risk,Low Risk,No Risk,No Risk,345,Not At-Risk,1,$0 
CA1000075,TRACT 1199 WATER SYSTEM,FRESNO,DISTRICT 23 - FRESNO,No Risk,High Risk,Low Risk,Low Risk,25,At-Risk,1,$0 
CA1000078,FCWWD 42/ALLUVIAL & FANCHER,FRESNO,DISTRICT 23 - FRESNO,Low Risk,Medium Risk,No Risk,Low Risk,291,Failing,1,$0 
CA1000104,CENTERVILLE SCHOOL,FRESNO,DISTRICT 23 - FRESNO,High Risk,High Risk,No Risk,No Risk,456,At-Risk,1,$0 
CA1000105,MADISON ELEMENTARY SCHOOL,FRESNO,DISTRICT 23 - FRESNO,Medium Risk,High Risk,No Risk,No Risk,597,At-Risk,1,$0 
CA1000111,PINE RIDGE SCHOOL,FRESNO,DISTRICT 23 - FRESNO,No Risk,High Risk,No Risk,No Risk,100,At-Risk,1,$0 
CA1000180,ALTA ELEMENTARY SCHOOL,FRESNO,DISTRICT 23 - FRESNO,High Risk,High Risk,Low Risk,No Risk,387,Failing,1,$0 
CA1000181,ALVINA SCHOOL,FRESNO,DISTRICT 23 - FRESNO,High Risk,High Risk,Low Risk,No Risk,210,At-Risk,1,$0 
CA1000182,BURREL UNION ELEMENTARY SCHOOL,FRESNO,DISTRICT 23 - FRESNO,Low Risk,High Risk,Low Risk,No Risk,181,Potentially At-Risk,1,$0 
CA1000184,DUNLAP K-8 SCHOOL,FRESNO,DISTRICT 23 - FRESNO,Low Risk,Low Risk,No Risk,No Risk,463,Not At-Risk,1,$0 
CA1000185,GREAT WESTERN ELEMENTARY SCHOOL,FRESNO,DISTRICT 23 - FRESNO,No Risk,High Risk,No Risk,No Risk,352,Not At-Risk,1,$0 
CA1000186,HELM SCHOOL,FRESNO,DISTRICT 23 - FRESNO,Low Risk,High Risk,No Risk,Medium Risk,105,Failing,1,$0 
CA1000187,INDIANOLA SCHOOL,FRESNO,DISTRICT 23 - FRESNO,High Risk,High Risk,Medium Risk,No Risk,511,Failing,1,"$1,559,313 "
CA1000189,LATON HIGH SCHOOL,FRESNO,DISTRICT 23 - FRESNO,No Risk,Low Risk,Medium Risk,No Risk,170,Not At-Risk,1,$0 
CA1000190,LONE STAR SCHOOL,FRESNO,DISTRICT 23 - FRESNO,Medium Risk,High Risk,Medium Risk,No Risk,732,At-Risk,1,$0 
CA1000192,MONROE SCHOOL,FRESNO,DISTRICT 23 - FRESNO,Medium Risk,High Risk,Low Risk,No Risk,200,At-Risk,1,$0 
CA1000193,NAVELENCIA SCHOOL,FRESNO,DISTRICT 23 - FRESNO,No Risk,High Risk,No Risk,No Risk,342,Not At-Risk,1,$0 
CA1000194,PACIFIC UNION ELEMENTARY SCHOOL,FRESNO,DISTRICT 23 - FRESNO,No Risk,High Risk,Medium Risk,No Risk,490,Potentially At-Risk,1,$0 
CA1000196,RIVERVIEW SCHOOL,FRESNO,DISTRICT 23 - FRESNO,High Risk,High Risk,Medium Risk,No Risk,461,Failing,1,$0 
CA1000198,TERRY SCHOOL,FRESNO,DISTRICT 23 - FRESNO,No Risk,High Risk,Low Risk,No Risk,226,Potentially At-Risk,1,$0 
CA1000199,FOWLER CARE CENTER,FRESNO,DISTRICT 23 - FRESNO,Medium Risk,High Risk,Medium Risk,Low Risk,46,At-Risk,1,$0 
CA1000200,RUBYS VALLEY CARE HOME,FRESNO,DISTRICT 23 - FRESNO,No Risk,High Risk,Medium Risk,Medium Risk,79,At-Risk,1,$0 
CA1000201,SUN EMPIRE SCHOOL,FRESNO,DISTRICT 23 - FRESNO,No Risk,High Risk,Low Risk,No Risk,650,Potentially At-Risk,1,$0 
CA1000204,AMERICAN UNION SCHOOL,FRESNO,DISTRICT 23 - FRESNO,High Risk,High Risk,Low Risk,Low Risk,250,Failing,1,"$2,863,532 "
CA1000206,HOUGHTON-KEARNEY SCHOOL,FRESNO,DISTRICT 23 - FRESNO,High Risk,High Risk,Low Risk,No Risk,252,Failing,1,"$722,000 "
CA1000208,ROOSEVELT ELEMENTARY SCHOOL,FRESNO,DISTRICT 23 - FRESNO,Medium Risk,High Risk,No Risk,No Risk,580,At-Risk,1,$0 
CA1000213,HARRIS FARMS/HORSE BARN,FRESNO,DISTRICT 23 - FRESNO,Low Risk,High Risk,Low Risk,Low Risk,98,Potentially At-Risk,1,$0 
CA1000217,CENTRAL HIGH SCHOOL WEST,FRESNO,DISTRICT 23 - FRESNO,Medium Risk,Medium Risk,Medium Risk,No Risk,758,At-Risk,1,$0 
CA1000221,EASTON AUTHORITY JPA,FRESNO,DISTRICT 12 - VISALIA,No Risk,Medium Risk,No Risk,Low Risk,"1,000",Not At-Risk,1,$0 
CA1000229,GREEN ACRES MOBILE HOME ESTATE,FRESNO,DISTRICT 23 - FRESNO,No Risk,High Risk,Medium Risk,No Risk,350,Potentially At-Risk,1,$0 
CA1000238,CAMDEN TRAILER PARK,FRESNO,DISTRICT 23 - FRESNO,Medium Risk,High Risk,No Risk,No Risk,75,At-Risk,1,$0 
CA1000244,"COMUNIDAD NUEVO LAGO, INC",FRESNO,DISTRICT 23 - FRESNO,No Risk,High Risk,High Risk,Low Risk,160,At-Risk,1,$0 
CA1000247,SHERWOOD FOREST MHP,FRESNO,DISTRICT 23 - FRESNO,No Risk,High Risk,No Risk,Medium Risk,60,Potentially At-Risk,1,$0 
CA1000257,MT ARARAT MOBILE HOME PARK,FRESNO,DISTRICT 23 - FRESNO,No Risk,Low Risk,No Risk,No Risk,42,Not At-Risk,1,$0 
CA1000259,NEW HORIZONS MOBILE/RV PARK,FRESNO,DISTRICT 23 - FRESNO,No Risk,High Risk,Medium Risk,Medium Risk,82,At-Risk,1,"$1,957,940 "
CA1000260,SANDY CREEK VILLAGE MHP,FRESNO,DISTRICT 23 - FRESNO,Low Risk,Low Risk,No Risk,No Risk,89,Not At-Risk,1,$0 
CA1000265,MARY LOU MOBILE HOME PARK,FRESNO,DISTRICT 23 - FRESNO,High Risk,Low Risk,No Risk,No Risk,68,Potentially At-Risk,1,$0 
CA1000267,KINGS CANYON MOBILE HOME PARK,FRESNO,DISTRICT 23 - FRESNO,High Risk,Low Risk,No Risk,Low Risk,120,Potentially At-Risk,1,$0 
CA1000277,ELM COURT,FRESNO,DISTRICT 23 - FRESNO,No Risk,High Risk,Low Risk,High Risk,64,At-Risk,1,$0 
CA1000280,SIERRA HIGH SCHOOL,FRESNO,DISTRICT 23 - FRESNO,Low Risk,Low Risk,No Risk,No Risk,720,Not At-Risk,1,$0 
CA1000295,KINGS PARK APARTMENTS,FRESNO,DISTRICT 23 - FRESNO,No Risk,High Risk,Low Risk,Medium Risk,160,At-Risk,1,$0 
CA1000298,WOODWARD BLUFFS MHP,FRESNO,DISTRICT 23 - FRESNO,No Risk,High Risk,No Risk,Low Risk,300,Potentially At-Risk,1,$0 
CA1000299,THREE PALMS MOBILEHOME PARK,FRESNO,DISTRICT 23 - FRESNO,High Risk,High Risk,Medium Risk,No Risk,347,Failing,1,"$392,461 "
CA1000315,CLAY JOINT ELEMENTARY SCHOOL,FRESNO,DISTRICT 23 - FRESNO,No Risk,High Risk,No Risk,No Risk,271,Not At-Risk,1,$0 
CA1000316,KINGS CANYON HIGH SCHOOL,FRESNO,DISTRICT 23 - FRESNO,High Risk,High Risk,Medium Risk,No Risk,119,Failing,1,"$33,664 "
CA1000324,MANNING GARDENS CARE CENTER INC,FRESNO,DISTRICT 23 - FRESNO,No Risk,High Risk,Medium Risk,Medium Risk,170,At-Risk,1,$0 
CA1000345,PANOCHE WATER DISTRICT,FRESNO,DISTRICT 23 - FRESNO,Low Risk,High Risk,Low Risk,Low Risk,220,Failing,1,$0 
CA1000359,FCSA 32 - CANTUA CREEK,FRESNO,DISTRICT 23 - FRESNO,Low Risk,High Risk,High Risk,Low Risk,462,Failing,1,"$6,197,942 "
CA1000366,SUNNYSIDE CONVALESCENT HOSP,FRESNO,DISTRICT 23 - FRESNO,Medium Risk,High Risk,Medium Risk,Medium Risk,275,At-Risk,1,$0 
CA1000367,SELMA HIGH SCHOOL,FRESNO,DISTRICT 23 - FRESNO,No Risk,Low Risk,Low Risk,No Risk,"2,225",Not At-Risk,1,$0 
CA1000369,ZONNEVELD DAIRY - CEDAR,FRESNO,DISTRICT 23 - FRESNO,High Risk,High Risk,Low Risk,Medium Risk,100,At-Risk,1,$0 
CA1000378,SUNSET WEST COMMUNITY LLC,FRESNO,DISTRICT 23 - FRESNO,Low Risk,High Risk,Medium Risk,Medium Risk,350,At-Risk,1,$0 
CA1000405,KINGS RIVER POINT,FRESNO,DISTRICT 23 - FRESNO,Low Risk,High Risk,Low Risk,Low Risk,36,At-Risk,1,$0 
CA1000416,EASTON PRESBYTERIAN CHURCH,FRESNO,DISTRICT 12 - VISALIA,Not Assessed,Not Assessed,Not Assessed,Not Assessed,304,Not Assessed,1,$0 
CA1000426,RIVERBEND MOBILE HOME & RV PARK,FRESNO,DISTRICT 23 - FRESNO,No Risk,Medium Risk,No Risk,Low Risk,137,Not At-Risk,1,$0 
CA1000430,COUNTRYSIDE CARE CENTER,FRESNO,DISTRICT 23 - FRESNO,No Risk,High Risk,Medium Risk,Low Risk,"1,274",At-Risk,1,$0 
CA1000454,VIKING RV PARK,FRESNO,DISTRICT 12 - VISALIA,No Risk,High Risk,No Risk,High Risk,55,Failing,1,$0 
CA1000471,FCSA 39 - A AND B,FRESNO,DISTRICT 23 - FRESNO,No Risk,High Risk,Medium Risk,Medium Risk,395,At-Risk,1,$0 
CA1000472,PG&E HELMS SUPPORT FACILITY,FRESNO,DISTRICT 23 - FRESNO,Medium Risk,High Risk,No Risk,Low Risk,40,At-Risk,1,$0 
CA1000476,FOOTHILL ELEMENTARY SCHOOL,FRESNO,DISTRICT 23 - FRESNO,No Risk,High Risk,No Risk,No Risk,750,Not At-Risk,1,$0 
CA1000484,FCSA 34 - MILLERTON NEW TOWN,FRESNO,DISTRICT 23 - FRESNO,High Risk,Low Risk,No Risk,Low Risk,"1,117",Potentially At-Risk,1,$0 
CA1000546,FCSA 49 - FIVE POINTS,FRESNO,DISTRICT 23 - FRESNO,Low Risk,High Risk,High Risk,Medium Risk,440,Failing,1,$0 
CA1000550,FCSA 44D - MONTE VERDI,FRESNO,DISTRICT 23 - FRESNO,No Risk,Medium Risk,No Risk,Low Risk,350,Not At-Risk,1,$0 
CA1000551,FCSA 43 - RAISIN CITY,FRESNO,DISTRICT 23 - FRESNO,Low Risk,High Risk,Medium Risk,Medium Risk,182,At-Risk,1,$0 
CA1000554,FCSA 10A - MANSIONETTE ESTATES,FRESNO,DISTRICT 23 - FRESNO,High Risk,High Risk,No Risk,Low Risk,81,Failing,1,$0 
CA1000555,FCSA 44C - RIVERVIEW ESTATES,FRESNO,DISTRICT 23 - FRESNO,No Risk,Medium Risk,No Risk,Medium Risk,34,Not At-Risk,1,$0 
CA1000570,JUVENILE JUSTICE CAMPUS,FRESNO,DISTRICT 23 - FRESNO,No Risk,Medium Risk,Low Risk,Low Risk,565,Not At-Risk,1,$0 
CA1000574,FCSA 34B - VENTANA HILLS,FRESNO,DISTRICT 23 - FRESNO,High Risk,Low Risk,No Risk,No Risk,48,Potentially At-Risk,1,$0 
CA1000583,SEQUOIA BIBLE FELLOWSHIP,FRESNO,DISTRICT 23 - FRESNO,High Risk,High Risk,No Risk,No Risk,39,At-Risk,1,$0 
CA1000585,MURRIETA/HERNANDEZ FARMS,FRESNO,DISTRICT 23 - FRESNO,Low Risk,High Risk,Low Risk,High Risk,25,Failing,1,$0 
CA1000627,ZONNEVELD DAIRY - CERINI,FRESNO,DISTRICT 23 - FRESNO,High Risk,High Risk,Medium Risk,Low Risk,62,At-Risk,1,$0 
CA1009020,FIVE POINTS RANCH,FRESNO,DISTRICT 23 - FRESNO,No Risk,High Risk,Low Risk,Low Risk,98,Potentially At-Risk,1,$0 
CA1009023,BRITZ/COLUSA,FRESNO,DISTRICT 23 - FRESNO,No Risk,High Risk,Medium Risk,Low Risk,85,Potentially At-Risk,1,$0 
CA1009027,HARRIS FARMS HEADQUARTERS,FRESNO,DISTRICT 23 - FRESNO,No Risk,High Risk,Low Risk,Low Risk,140,Potentially At-Risk,1,$0 
CA1009028,HARRIS FARMS SOUTH 101-144,FRESNO,DISTRICT 23 - FRESNO,No Risk,High Risk,Medium Risk,Low Risk,182,Potentially At-Risk,1,$0 
CA1009039,PAPPAS & CO (MENDOTA),FRESNO,DISTRICT 23 - FRESNO,Low Risk,High Risk,No Risk,Low Risk,36,Failing,1,$0 
CA1009051,"CANTUA CREEK VINEYARDS, IV, LLC.",FRESNO,DISTRICT 23 - FRESNO,High Risk,High Risk,Low Risk,Low Risk,52,Failing,1,"$6,197,942 "
CA1009078,HARRIS FEEDING COMPANY,FRESNO,DISTRICT 23 - FRESNO,Low Risk,High Risk,Low Risk,Low Risk,203,Failing,1,$0 
CA1009111,SCE/BIG CREEK POWERHOUSE 1,FRESNO,DISTRICT 23 - FRESNO,No Risk,High Risk,No Risk,Low Risk,104,Potentially At-Risk,1,$0 
CA1009120,RAU DAIRY,FRESNO,DISTRICT 23 - FRESNO,Medium Risk,High Risk,Low Risk,Low Risk,105,At-Risk,1,$0 
CA1009179,BRITZ/FIVE POINT SYSTEM,FRESNO,DISTRICT 23 - FRESNO,No Risk,High Risk,Medium Risk,Low Risk,76,Potentially At-Risk,1,$0 
CA1009214,WESTSIDE HARVESTING,FRESNO,DISTRICT 23 - FRESNO,Low Risk,High Risk,Low Risk,Medium Risk,72,Failing,1,$0 
CA1009222,TERRA LINDA FARMS,FRESNO,DISTRICT 23 - FRESNO,Low Risk,High Risk,Medium Risk,Medium Risk,80,At-Risk,1,$0 
CA1009232,"CC FARMS, LLC.",FRESNO,DISTRICT 23 - FRESNO,No Risk,High Risk,Low Risk,Low Risk,82,Potentially At-Risk,1,$0 
CA1010001,BAKMAN WATER COMPANY,FRESNO,DISTRICT 12 - VISALIA,Low Risk,Low Risk,Medium Risk,Low Risk,"17,393",Failing,1,$0 
CA1010003,CITY OF CLOVIS,FRESNO,DISTRICT 12 - VISALIA,Not Assessed,Not Assessed,Not Assessed,Not Assessed,"130,130",Not Assessed,1,$0 
CA1010004,COALINGA-CITY,FRESNO,DISTRICT 23 - FRESNO,No Risk,High Risk,Low Risk,Low Risk,"17,277",Potentially At-Risk,1,$0 
CA1010005,FIREBAUGH CITY,FRESNO,DISTRICT 23 - FRESNO,High Risk,Medium Risk,High Risk,No Risk,"8,096",At-Risk,1,"$2,979,258 "
CA1010006,CITY OF FOWLER,FRESNO,DISTRICT 23 - FRESNO,Low Risk,Medium Risk,High Risk,Low Risk,"7,448",Failing,1,$0 
CA1010007,CITY OF FRESNO,FRESNO,DISTRICT 11 - MERCED,Not Assessed,Not Assessed,Not Assessed,Not Assessed,"545,716",Not Assessed,1,"$83,046,469 "
CA1010013,"HUME LAKE CHRISTIAN CAMPS, INC",FRESNO,DISTRICT 23 - FRESNO,No Risk,Low Risk,Medium Risk,Low Risk,"1,519",Not At-Risk,1,$0 
CA1010017,FCWWD 41/SHAVER LAKE,FRESNO,DISTRICT 23 - FRESNO,No Risk,No Risk,No Risk,Low Risk,"2,722",Not At-Risk,1,$0 
CA1010018,"KERMAN, CITY OF",FRESNO,DISTRICT 23 - FRESNO,High Risk,Medium Risk,Medium Risk,Low Risk,"17,256",Failing,1,$0 
CA1010019,"KINGSBURG, CITY OF",FRESNO,DISTRICT 23 - FRESNO,Low Risk,Medium Risk,No Risk,Low Risk,"13,540",Failing,1,$0 
CA1010020,LATON COMMUNITY SERVICES DISTRICT,FRESNO,DISTRICT 23 - FRESNO,No Risk,Medium Risk,Medium Risk,Low Risk,"1,151",Potentially At-Risk,1,$0 
CA1010021,"MENDOTA, CITY OF",FRESNO,DISTRICT 23 - FRESNO,Medium Risk,Medium Risk,High Risk,Medium Risk,"11,404",At-Risk,1,"$2,625,158 "
CA1010023,CITY OF ORANGE COVE,FRESNO,DISTRICT 23 - FRESNO,High Risk,High Risk,High Risk,No Risk,"9,525",At-Risk,1,$0 
CA1010024,CWS - SELMA,FRESNO,DISTRICT 12 - VISALIA,No Risk,Low Risk,Medium Risk,No Risk,"26,517",Not At-Risk,1,"$1,559,313 "
CA1010025,CITY OF PARLIER,FRESNO,DISTRICT 23 - FRESNO,High Risk,Medium Risk,Medium Risk,No Risk,"14,576",Failing,1,"$16,827,358 "
CA1010026,PINEDALE COUNTY WATER DISTRICT,FRESNO,DISTRICT 12 - VISALIA,Low Risk,Medium Risk,Low Risk,Low Risk,"16,736",Potentially At-Risk,1,"$353,082 "
CA1010027,"REEDLEY, CITY OF",FRESNO,DISTRICT 23 - FRESNO,High Risk,Medium Risk,High Risk,Low Risk,"26,076",At-Risk,1,"$171,124 "
CA1010028,RIVERDALE PUBLIC UTILITY DISTRICT,FRESNO,DISTRICT 23 - FRESNO,High Risk,High Risk,High Risk,No Risk,"2,756",Failing,1,$0 
CA1010029,CITY OF SANGER,FRESNO,DISTRICT 23 - FRESNO,No Risk,Low Risk,Medium Risk,Low Risk,"26,357",Not At-Risk,1,"$11,249,999 "
CA1010030,TRANQUILLITY IRRIGATION DISTRICT,FRESNO,DISTRICT 23 - FRESNO,Medium Risk,High Risk,No Risk,No Risk,807,At-Risk,1,"$1,382,500 "
CA1010034,"SAN JOAQUIN, CITY OF",FRESNO,DISTRICT 23 - FRESNO,No Risk,Medium Risk,Low Risk,Low Risk,"4,060",Not At-Risk,1,"$38,639,620 "
CA1010035,DEL REY COMMUNITY SERV DIST,FRESNO,DISTRICT 23 - FRESNO,High Risk,Medium Risk,Low Risk,No Risk,"1,491",Failing,1,"$9,821,601 "
CA1010039,CARUTHERS COMM SERV DIST,FRESNO,DISTRICT 23 - FRESNO,High Risk,Medium Risk,Low Risk,Low Risk,"2,613",At-Risk,1,"$8,855,146 "
CA1010042,MALAGA COUNTY WATER DISTRICT,FRESNO,DISTRICT 12 - VISALIA,No Risk,Medium Risk,Medium Risk,Low Risk,"5,979",Not At-Risk,1,"$1,354,404 "
CA1010044,"HURON, CITY OF",FRESNO,DISTRICT 23 - FRESNO,Low Risk,High Risk,High Risk,Medium Risk,"9,306",Failing,1,"$16,584,996 "
CA1010049,BIOLA COMMUNITY SERVICES DIST,FRESNO,DISTRICT 23 - FRESNO,Low Risk,Medium Risk,High Risk,No Risk,"1,623",At-Risk,1,"$20,746 "
CA1010051,FCWWD 18/FRIANT,FRESNO,DISTRICT 23 - FRESNO,No Risk,High Risk,Medium Risk,Medium Risk,772,At-Risk,1,$0 
CA1010052,SIERRA CEDARS CSD,FRESNO,DISTRICT 23 - FRESNO,Low Risk,Low Risk,No Risk,Low Risk,850,Not At-Risk,1,$0 
CA1010053,SHAVER LAKE HEIGHTS MWC,FRESNO,DISTRICT 23 - FRESNO,No Risk,Low Risk,No Risk,No Risk,836,Not At-Risk,1,$0 
CA1010055,FCSA 47 - QUAIL LAKE ESTATES,FRESNO,DISTRICT 23 - FRESNO,No Risk,Medium Risk,No Risk,No Risk,"1,988",Not At-Risk,1,$0 
CA1010062,FCWWD 18/MIRA BELLA,FRESNO,DISTRICT 23 - FRESNO,Low Risk,Low Risk,No Risk,High Risk,274,Not At-Risk,1,$0 
CA1010339,CALIFORNIA STATE UNIVERSITY FRESNO,FRESNO,DISTRICT 12 - VISALIA,Low Risk,Low Risk,Medium Risk,Medium Risk,"41,000",Potentially At-Risk,1,$0 
CA1010501,NPS-GRANT GROVE,FRESNO,DISTRICT 23 - FRESNO,No Risk,Low Risk,Low Risk,Medium Risk,"2,950",Not At-Risk,1,$0 
CA1010800,CAL FIRE - MIRAMONTE CONSERVATION CAMP,FRESNO,DISTRICT 23 - FRESNO,No Risk,High Risk,No Risk,Medium Risk,52,At-Risk,1,$0 
CA1100104,WILLOW CREEK CHRISTIAN SCHOOL,GLENN,DISTRICT 21 - VALLEY,Medium Risk,High Risk,No Risk,No Risk,49,Potentially At-Risk,1,$0 
CA1100203,ARTOIS COMMUNITY S.D.,GLENN,DISTRICT 21 - VALLEY,Medium Risk,Low Risk,No Risk,Low Risk,254,Not At-Risk,1,$0 
CA1100237,WILLOWS MOBILE HOME COMMUNITY & RV PARK,GLENN,DISTRICT 21 - VALLEY,Low Risk,High Risk,High Risk,Low Risk,261,At-Risk,1,$0 
CA1100254,SEGURA'S RV PARK LLC,GLENN,DISTRICT 21 - VALLEY,Medium Risk,High Risk,Medium Risk,Low Risk,27,At-Risk,1,$0 
CA1100404,DEL ORO WC - BLACK BUTTE DISTRICT,GLENN,DISTRICT 21 - VALLEY,No Risk,High Risk,Low Risk,Low Risk,277,Not At-Risk,1,$0 
CA1100413,COUNTRY LEISURE MOBILE ESTATES,GLENN,DISTRICT 21 - VALLEY,No Risk,Low Risk,No Risk,Medium Risk,40,Not At-Risk,1,$0 
CA1100436,ORLAND OAKS MHP,GLENN,DISTRICT 21 - VALLEY,Low Risk,High Risk,Low Risk,Low Risk,186,Potentially At-Risk,1,$0 
CA1100440,LAKE ELEMENTARY SCHOOL,GLENN,DISTRICT 21 - VALLEY,No Risk,High Risk,Low Risk,No Risk,205,Not At-Risk,1,$0 
CA1100444,ORLAND ESTATES MOBILE H.P.,GLENN,DISTRICT 21 - VALLEY,No Risk,Low Risk,Low Risk,Low Risk,244,Not At-Risk,1,$0 
CA1100445,ORLAND MOBILE H.P.,GLENN,DISTRICT 21 - VALLEY,No Risk,High Risk,High Risk,No Risk,178,Not At-Risk,1,$0 
CA1100448,PLAZA ELEMENTARY SCHOOL,GLENN,DISTRICT 21 - VALLEY,High Risk,Low Risk,No Risk,No Risk,250,Potentially At-Risk,1,$0 
CA1100452,"PALISADES, THE",GLENN,DISTRICT 21 - VALLEY,No Risk,High Risk,Medium Risk,Medium Risk,62,At-Risk,1,$0 
CA1100527,CAPAY JOINT UNION ELEM. SCHOOL,GLENN,DISTRICT 21 - VALLEY,No Risk,High Risk,Low Risk,No Risk,230,Not At-Risk,1,$0 
CA1100616,ELK CREEK COMMUNITY S.D.,GLENN,DISTRICT 21 - VALLEY,Low Risk,High Risk,Medium Risk,High Risk,212,At-Risk,1,"$4,285,715 "
CA1100711,BUTTE CITY COMMUNITY S.D.,GLENN,DISTRICT 21 - VALLEY,Low Risk,High Risk,No Risk,Low Risk,75,Not At-Risk,1,$0 
CA1100749,RIVER VALLEY CHRISTIAN SCHOOL,GLENN,DISTRICT 21 - VALLEY,No Risk,High Risk,No Risk,No Risk,80,Not At-Risk,1,$0 
CA1110001,CITY OF ORLAND,GLENN,DISTRICT 21 - VALLEY,No Risk,Low Risk,Medium Risk,Low Risk,"8,298",Not At-Risk,1,$0 
CA1110002,CAL-WATER SERVICE CO.-HAMILTON CITY,GLENN,DISTRICT 21 - VALLEY,No Risk,Low Risk,Medium Risk,Low Risk,"1,799",Not At-Risk,1,$0 
CA1110003,CAL-WATER SERVICE CO.-WILLOWS,GLENN,DISTRICT 21 - VALLEY,Medium Risk,Low Risk,Low Risk,Low Risk,"7,240",Potentially At-Risk,1,$0 
CA1200501,ALDERPOINT COUNTY WATER,HUMBOLDT,DISTRICT 01 - KLAMATH,No Risk,High Risk,High Risk,Low Risk,185,At-Risk,1,$0 
CA1200518,RIVERSIDE CSD,HUMBOLDT,DISTRICT 01 - KLAMATH,No Risk,Low Risk,Low Risk,Low Risk,333,Not At-Risk,1,"$110,000 "
CA1200522,WHITETHORN ELEMENTARY SCHOOL,HUMBOLDT,DISTRICT 01 - KLAMATH,No Risk,High Risk,Low Risk,No Risk,42,Not At-Risk,1,$0 
CA1200538,MYERS FLAT M.W.S. INC.,HUMBOLDT,DISTRICT 01 - KLAMATH,Low Risk,Low Risk,High Risk,Low Risk,330,Potentially At-Risk,1,"$2,906,205 "
CA1200541,PHILLIPSVILLE C.S.D.,HUMBOLDT,DISTRICT 01 - KLAMATH,Low Risk,Low Risk,High Risk,Medium Risk,300,At-Risk,1,"$5,500,000 "
CA1200544,REDCREST WATER WORKS,HUMBOLDT,DISTRICT 01 - KLAMATH,No Risk,High Risk,Low Risk,No Risk,116,Not At-Risk,1,$0 
CA1200546,CASTERLIN SCHOOL,HUMBOLDT,DISTRICT 01 - KLAMATH,No Risk,High Risk,Medium Risk,Medium Risk,50,Potentially At-Risk,1,$0 
CA1200547,MILL CREEK M.W.C.,HUMBOLDT,DISTRICT 01 - KLAMATH,No Risk,High Risk,No Risk,No Risk,85,Not At-Risk,1,$0 
CA1200553,WEOTT C.S.D.,HUMBOLDT,DISTRICT 01 - KLAMATH,Low Risk,High Risk,Medium Risk,Low Risk,448,Failing,1,$0 
CA1200566,ORLEANS MUTUAL WATER COMPANY,HUMBOLDT,DISTRICT 01 - KLAMATH,Low Risk,High Risk,No Risk,Low Risk,85,Potentially At-Risk,1,"$232,285 "
CA1200587,BRICELAND C.S.D.,HUMBOLDT,DISTRICT 01 - KLAMATH,No Risk,High Risk,Low Risk,No Risk,75,Not At-Risk,1,$0 
CA1200588,SEAWOOD ESTATES MUTUAL WATER COMPANY,HUMBOLDT,DISTRICT 01 - KLAMATH,No Risk,Low Risk,High Risk,Low Risk,63,Not At-Risk,1,$0 
CA1200590,MOONSTONE HEIGHTS MWA,HUMBOLDT,DISTRICT 01 - KLAMATH,Low Risk,High Risk,High Risk,No Risk,33,At-Risk,1,$0 
CA1200591,BIG LAGOON PARK WATER CO.,HUMBOLDT,DISTRICT 01 - KLAMATH,No Risk,Low Risk,Medium Risk,Low Risk,70,Not At-Risk,1,$0 
CA1200592,BIG LAGOON CSD,HUMBOLDT,DISTRICT 01 - KLAMATH,Low Risk,Low Risk,High Risk,Low Risk,112,Potentially At-Risk,1,$0 
CA1200643,BEACH CREEK MOBILE HOME PARK,HUMBOLDT,DISTRICT 01 - KLAMATH,Low Risk,High Risk,Medium Risk,No Risk,67,Potentially At-Risk,1,$0 
CA1200671,BENBOW-DEL ORO W.C.,HUMBOLDT,DISTRICT 01 - KLAMATH,No Risk,High Risk,High Risk,No Risk,370,Potentially At-Risk,1,$0 
CA1200681,CUDDEBACK GRAMMAR SCHOOL,HUMBOLDT,DISTRICT 01 - KLAMATH,No Risk,High Risk,No Risk,No Risk,165,Not At-Risk,1,$0 
CA1200684,MATTOLE ELEMENTARY SCHOOL,HUMBOLDT,DISTRICT 01 - KLAMATH,No Risk,High Risk,Low Risk,No Risk,50,Not At-Risk,1,$0 
CA1200687,RIVERBEND MOBILE HOME PARK,HUMBOLDT,DISTRICT 01 - KLAMATH,No Risk,High Risk,Low Risk,Low Risk,60,Not At-Risk,1,$0 
CA1200701,ORICK C.S.D.,HUMBOLDT,DISTRICT 01 - KLAMATH,No Risk,Low Risk,High Risk,Low Risk,396,Potentially At-Risk,1,"$2,492,676 "
CA1200706,TRINIDAD EXTENDED STAY RV,HUMBOLDT,DISTRICT 01 - KLAMATH,Low Risk,High Risk,Medium Risk,Low Risk,130,At-Risk,1,$0 
CA1200707,MIRANDA C.S.D.,HUMBOLDT,DISTRICT 01 - KLAMATH,No Risk,Low Risk,Medium Risk,Low Risk,492,Not At-Risk,1,"$225,000 "
CA1200715,GREEN DIAMOND RESOURCE COMPANY - KORBEL,HUMBOLDT,DISTRICT 01 - KLAMATH,No Risk,Low Risk,Low Risk,Low Risk,250,Not At-Risk,1,$0 
CA1200718,WADDINGTON W.W.,HUMBOLDT,DISTRICT 01 - KLAMATH,No Risk,High Risk,No Risk,Low Risk,75,Not At-Risk,1,$0 
CA1200729,ORLEANS C.S.D.,HUMBOLDT,DISTRICT 01 - KLAMATH,Low Risk,High Risk,No Risk,No Risk,636,Failing,1,"$965,916 "
CA1200778,BRIDGEVILLE ELEM. SCHOOL,HUMBOLDT,DISTRICT 01 - KLAMATH,No Risk,High Risk,Low Risk,No Risk,50,Not At-Risk,1,$0 
CA1200817,KNEELAND SCHOOL,HUMBOLDT,DISTRICT 01 - KLAMATH,No Risk,High Risk,Low Risk,No Risk,40,Not At-Risk,1,$0 
CA1206002,PALOMINO ESTATES WATER COMPANY,HUMBOLDT,DISTRICT 01 - KLAMATH,Low Risk,High Risk,High Risk,High Risk,64,At-Risk,1,$0 
CA1206004,PALMER CREEK CSD,HUMBOLDT,DISTRICT 01 - KLAMATH,Low Risk,High Risk,High Risk,No Risk,320,Potentially At-Risk,1,$0 
CA1210001,"ARCATA, CITY OF",HUMBOLDT,DISTRICT 01 - KLAMATH,No Risk,No Risk,High Risk,Low Risk,"20,875",Not At-Risk,1,$0 
CA1210002,"BLUE LAKE, CITY OF",HUMBOLDT,DISTRICT 01 - KLAMATH,No Risk,Medium Risk,No Risk,Low Risk,"1,172",Not At-Risk,1,$0 
CA1210004,"EUREKA, CITY OF",HUMBOLDT,DISTRICT 01 - KLAMATH,No Risk,No Risk,Medium Risk,Low Risk,"27,078",Not At-Risk,1,$0 
CA1210006,"FORTUNA, CITY OF",HUMBOLDT,DISTRICT 01 - KLAMATH,No Risk,Low Risk,Low Risk,Low Risk,"12,133",Not At-Risk,1,$0 
CA1210007,DEL ORO WATER CO-FERNDALE,HUMBOLDT,DISTRICT 01 - KLAMATH,Low Risk,Low Risk,High Risk,Low Risk,"1,662",Not At-Risk,1,$0 
CA1210008,GARBERVILLE SANITARY DISTRICT,HUMBOLDT,DISTRICT 01 - KLAMATH,No Risk,Low Risk,High Risk,No Risk,"2,041",Not At-Risk,1,"$671,835 "
CA1210009,HUMBOLDT C.S.D.,HUMBOLDT,DISTRICT 01 - KLAMATH,No Risk,No Risk,Medium Risk,No Risk,"19,807",Not At-Risk,1,$0 
CA1210010,SCOTIA CSD,HUMBOLDT,DISTRICT 01 - KLAMATH,No Risk,High Risk,High Risk,No Risk,906,Potentially At-Risk,1,"$1,133,000 "
CA1210011,REDWAY C.S.D.,HUMBOLDT,DISTRICT 01 - KLAMATH,No Risk,Low Risk,Low Risk,No Risk,"1,207",Not At-Risk,1,$0 
CA1210012,"RIO DELL, CITY OF",HUMBOLDT,DISTRICT 01 - KLAMATH,Low Risk,Low Risk,High Risk,Low Risk,"3,300",Not At-Risk,1,"$13,276,289 "
CA1210013,HUMBOLDT BAY MWD,HUMBOLDT,DISTRICT 01 - KLAMATH,Not Assessed,Not Assessed,Not Assessed,Not Assessed,680,Not Assessed,1,$0 
CA1210015,WILLOW CREEK C.S.D.,HUMBOLDT,DISTRICT 01 - KLAMATH,No Risk,Low Risk,High Risk,Low Risk,"1,298",Not At-Risk,1,"$2,112,750 "
CA1210016,MCKINLEYVILLE C.S.D.,HUMBOLDT,DISTRICT 01 - KLAMATH,No Risk,Medium Risk,Low Risk,Low Risk,"16,900",Not At-Risk,1,$0 
CA1210017,MANILA COMMUNITY SERVICES DIST.,HUMBOLDT,DISTRICT 01 - KLAMATH,No Risk,Medium Risk,Low Risk,No Risk,750,Not At-Risk,1,"$4,277,277 "
CA1210018,"TRINIDAD, CITY OF",HUMBOLDT,DISTRICT 01 - KLAMATH,Medium Risk,High Risk,High Risk,Medium Risk,"1,072",At-Risk,1,$0 
CA1210019,HYDESVILLE CO. W.D.,HUMBOLDT,DISTRICT 01 - KLAMATH,No Risk,Low Risk,No Risk,Low Risk,"1,366",Not At-Risk,1,"$679,677 "
CA1210020,FIELDBROOK GLENDALE C.S.D.,HUMBOLDT,DISTRICT 01 - KLAMATH,No Risk,Medium Risk,No Risk,No Risk,"1,845",Not At-Risk,1,$0 
CA1210021,JACOBY CREEK CWD,HUMBOLDT,DISTRICT 01 - KLAMATH,No Risk,Medium Risk,Medium Risk,Low Risk,924,Not At-Risk,1,$0 
CA1210022,RESORT IMPROVEMENT DISTRICT #1,HUMBOLDT,DISTRICT 01 - KLAMATH,No Risk,No Risk,High Risk,Low Risk,803,Potentially At-Risk,1,"$4,834,163 "
CA1210023,LOLETA C.S.D.,HUMBOLDT,DISTRICT 01 - KLAMATH,Low Risk,High Risk,Medium Risk,Low Risk,828,Potentially At-Risk,1,"$6,667,960 "
CA1210024,WESTHAVEN C.S.D.,HUMBOLDT,DISTRICT 01 - KLAMATH,No Risk,Low Risk,High Risk,No Risk,490,Not At-Risk,1,"$22,141,600 "
CA1300009,WINTERHAVEN COUNTY WATER DISTRICT,IMPERIAL,LPA43 - IMPERIAL COUNTY,Medium Risk,Low Risk,High Risk,No Risk,394,Failing,1,"$1,295,804 "
CA1300018,GATEWAY,IMPERIAL,LPA43 - IMPERIAL COUNTY,Medium Risk,High Risk,No Risk,Low Risk,"1,800",At-Risk,1,$0 
CA1300513,OCOTILLO MUTUAL WATER CO,IMPERIAL,LPA43 - IMPERIAL COUNTY,No Risk,High Risk,High Risk,Low Risk,150,At-Risk,1,$0 
CA1300514,COYOTE VALLEY MUTUAL WATER CO,IMPERIAL,LPA43 - IMPERIAL COUNTY,No Risk,Low Risk,High Risk,No Risk,125,Not At-Risk,1,$0 
CA1300546,GOLD ROCK RANCH,IMPERIAL,LPA43 - IMPERIAL COUNTY,Low Risk,Low Risk,Low Risk,High Risk,40,Potentially At-Risk,1,$0 
CA1300550,COUNTRY LIFE MH & RV PARK,IMPERIAL,LPA43 - IMPERIAL COUNTY,No Risk,High Risk,High Risk,Low Risk,600,Potentially At-Risk,1,$0 
CA1300553,MAGNOLIA UNION SCHOOL,IMPERIAL,LPA43 - IMPERIAL COUNTY,Medium Risk,High Risk,Low Risk,Low Risk,142,At-Risk,1,$0 
CA1300554,MEADOWS UNION ELEMENTARY SCHOOL,IMPERIAL,LPA43 - IMPERIAL COUNTY,High Risk,High Risk,Low Risk,No Risk,550,Failing,1,$0 
CA1300555,MITCHELLS CAMP FAMILY ASSOC.,IMPERIAL,LPA43 - IMPERIAL COUNTY,High Risk,High Risk,Low Risk,No Risk,175,Failing,1,$0 
CA1300556,MULBERRY UNION SCHOOL,IMPERIAL,LPA43 - IMPERIAL COUNTY,Medium Risk,High Risk,Low Risk,Low Risk,85,At-Risk,1,$0 
CA1300560,PINE UNION SCHOOL,IMPERIAL,LPA43 - IMPERIAL COUNTY,Medium Risk,High Risk,Medium Risk,No Risk,217,At-Risk,1,$0 
CA1300572,VALLEY MOBILE HOME PARK,IMPERIAL,LPA43 - IMPERIAL COUNTY,No Risk,High Risk,High Risk,Medium Risk,70,At-Risk,1,$0 
CA1300575,DATE GARDENS MOBILE HOME PARK,IMPERIAL,LPA43 - IMPERIAL COUNTY,No Risk,High Risk,High Risk,Medium Risk,202,At-Risk,1,$0 
CA1300579,MCCABE UNION SCHOOL,IMPERIAL,LPA43 - IMPERIAL COUNTY,Medium Risk,Low Risk,No Risk,No Risk,"1,250",Not At-Risk,1,$0 
CA1300588,IID VILLAGE,IMPERIAL,LPA43 - IMPERIAL COUNTY,High Risk,Low Risk,Low Risk,Medium Risk,37,Failing,1,$0 
CA1300616,PALO VERDE COUNTY WATER DIST.,IMPERIAL,LPA43 - IMPERIAL COUNTY,Low Risk,Low Risk,High Risk,High Risk,410,At-Risk,1,"$1,400,368 "
CA1300620,RIO BEND RV GOLF RESORT & STORM CROSSING,IMPERIAL,LPA43 - IMPERIAL COUNTY,No Risk,High Risk,No Risk,Low Risk,130,Not At-Risk,1,$0 
CA1300622,SPORTSMANS PARADISE,IMPERIAL,LPA43 - IMPERIAL COUNTY,Low Risk,Low Risk,Low Risk,No Risk,138,Failing,1,$0 
CA1300626,SUNBEAM LAKE RV RESORT,IMPERIAL,LPA43 - IMPERIAL COUNTY,Low Risk,Medium Risk,Low Risk,Low Risk,650,Potentially At-Risk,1,$0 
CA1300628,IMPERIAL LAKES INC.,IMPERIAL,LPA43 - IMPERIAL COUNTY,Low Risk,High Risk,Medium Risk,Medium Risk,40,At-Risk,1,$0 
CA1300629,JACKSON HIDE-A-WAY,IMPERIAL,LPA43 - IMPERIAL COUNTY,No Risk,Low Risk,Medium Risk,Low Risk,25,Not At-Risk,1,$0 
CA1300664,RIVERFRONT MUTUAL WATER COMPANY,IMPERIAL,LPA43 - IMPERIAL COUNTY,No Risk,Low Risk,High Risk,Low Risk,25,Not At-Risk,1,$0 
CA1310001,"BRAWLEY, CITY OF",IMPERIAL,DISTRICT 26 - IMPERIAL,Medium Risk,Medium Risk,Medium Risk,No Risk,"26,862",Potentially At-Risk,1,$0 
CA1310002,"CALEXICO, CITY OF",IMPERIAL,DISTRICT 26 - IMPERIAL,Medium Risk,Medium Risk,High Risk,Low Risk,"40,357",At-Risk,1,$0 
CA1310003,GSWC - CALIPATRIA,IMPERIAL,DISTRICT 26 - IMPERIAL,Medium Risk,Medium Risk,Medium Risk,No Risk,"7,363",At-Risk,1,$0 
CA1310004,"EL CENTRO, CITY OF",IMPERIAL,DISTRICT 26 - IMPERIAL,Medium Risk,No Risk,Low Risk,Low Risk,"43,772",Not At-Risk,1,$0 
CA1310005,"HOLTVILLE, CITY OF",IMPERIAL,DISTRICT 26 - IMPERIAL,High Risk,Medium Risk,No Risk,Low Risk,"6,355",At-Risk,1,"$4,432,267 "
CA1310006,"IMPERIAL, CITY OF",IMPERIAL,DISTRICT 26 - IMPERIAL,Medium Risk,Medium Risk,Low Risk,No Risk,"21,591",Potentially At-Risk,1,$0 
CA1310007,HEBER PUBLIC UTILITY DISTRICT,IMPERIAL,DISTRICT 26 - IMPERIAL,Medium Risk,No Risk,Medium Risk,No Risk,"6,979",Not At-Risk,1,$0 
CA1310008,"WESTMORLAND, CITY OF",IMPERIAL,DISTRICT 26 - IMPERIAL,High Risk,Medium Risk,High Risk,No Risk,"2,202",Failing,1,"$10,519,823 "
CA1310013,SEELEY CWD,IMPERIAL,DISTRICT 26 - IMPERIAL,Medium Risk,Medium Risk,Low Risk,Medium Risk,"1,729",At-Risk,1,$0 
CA1310700,NAF EL CENTRO,IMPERIAL,DISTRICT 26 - IMPERIAL,No Risk,Medium Risk,Low Risk,No Risk,637,Not At-Risk,1,$0 
CA1310800,CALIPATRIA STATE PRISON,IMPERIAL,DISTRICT 26 - IMPERIAL,No Risk,Medium Risk,Low Risk,Medium Risk,"4,800",Not At-Risk,1,$0 
CA1310801,CENTINELA STATE PRISON,IMPERIAL,DISTRICT 26 - IMPERIAL,No Risk,Medium Risk,Medium Risk,Medium Risk,"4,100",Potentially At-Risk,1,$0 
CA1400002,STARLITE COMMUNITY SERVICE DISTRICT,INYO,DISTRICT 27 - MOJAVE,No Risk,Low Risk,No Risk,No Risk,241,Not At-Risk,1,$0 
CA1400004,CHARLES BROWN WATER COMPANY,INYO,DISTRICT 13 - SAN BERNARDINO,High Risk,High Risk,Low Risk,High Risk,242,At-Risk,1,$0 
CA1400005,"OWENS VALLEY WATER RESOURCES, INC.",INYO,DISTRICT 13 - SAN BERNARDINO,No Risk,Low Risk,High Risk,Low Risk,311,Not At-Risk,1,$0 
CA1400006,PINE CREEK VILLAGE,INYO,DISTRICT 13 - SAN BERNARDINO,Low Risk,Low Risk,No Risk,Medium Risk,240,Not At-Risk,1,$0 
CA1400007,SIERRA HIGHLAND CSD,INYO,DISTRICT 13 - SAN BERNARDINO,No Risk,Low Risk,No Risk,No Risk,600,Not At-Risk,1,$0 
CA1400010,"ROLLING GREEN UTILITIES, INC.",INYO,DISTRICT 27 - MOJAVE,No Risk,Low Risk,No Risk,High Risk,"1,225",Not At-Risk,1,$0 
CA1400019,ROUND VALLEY SCHOOL,INYO,DISTRICT 13 - SAN BERNARDINO,No Risk,High Risk,No Risk,No Risk,80,Not At-Risk,1,$0 
CA1400020,ABERDEEN WATER SYSTEM,INYO,DISTRICT 27 - MOJAVE,No Risk,High Risk,No Risk,Low Risk,48,Not At-Risk,1,$0 
CA1400025,VALLEY VISTA MUTUAL WATER COMPANY,INYO,DISTRICT 13 - SAN BERNARDINO,No Risk,High Risk,Low Risk,Low Risk,70,Not At-Risk,1,$0 
CA1400026,RAWSON CREEK MUTUAL WATER COMPANY,INYO,DISTRICT 27 - MOJAVE,No Risk,Low Risk,Low Risk,Low Risk,90,Not At-Risk,1,$0 
CA1400027,CARTAGO MUTUAL WATER COMPANY,INYO,DISTRICT 13 - SAN BERNARDINO,No Risk,Low Risk,No Risk,Low Risk,132,Not At-Risk,1,$0 
CA1400030,GLENWOOD MOBILE ESTATES,INYO,DISTRICT 13 - SAN BERNARDINO,Low Risk,Low Risk,Medium Risk,Low Risk,468,Not At-Risk,1,$0 
CA1400031,RANCH ROAD ESTATES MUTUAL WATER COMPANY,INYO,DISTRICT 13 - SAN BERNARDINO,No Risk,Low Risk,No Risk,No Risk,65,Not At-Risk,1,$0 
CA1400034,KEOUGH'S HOT SPRINGS,INYO,DISTRICT 27 - MOJAVE,No Risk,Low Risk,Low Risk,No Risk,175,Not At-Risk,1,$0 
CA1400036,KEELER COMMUNITY SERVICE DISTRICT,INYO,DISTRICT 27 - MOJAVE,High Risk,High Risk,No Risk,High Risk,66,Failing,1,$0 
CA1400037,FOOTHILL MOBILE HOME PARK,INYO,DISTRICT 27 - MOJAVE,High Risk,Low Risk,No Risk,Medium Risk,49,Failing,1,$0 
CA1400045,PRIMROSE LANE APARTMENTS,INYO,DISTRICT 13 - SAN BERNARDINO,Low Risk,Low Risk,No Risk,Low Risk,73,Failing,1,$0 
CA1400056,BROOKSIDE ESTATES MUTUAL WATER COMPANY,INYO,DISTRICT 27 - MOJAVE,Low Risk,Low Risk,No Risk,No Risk,59,Not At-Risk,1,$0 
CA1400059,BROOKSIDE MOBILE HOME PARK,INYO,DISTRICT 27 - MOJAVE,No Risk,Low Risk,No Risk,Low Risk,126,Not At-Risk,1,$0 
CA1400064,BERNASCONI EDUCATION CENTER,INYO,DISTRICT 13 - SAN BERNARDINO,Not Assessed,Not Assessed,Not Assessed,Not Assessed,178,Not Assessed,1,$0 
CA1400066,ASPENDELL MUTUAL WATER COMPANY,INYO,DISTRICT 13 - SAN BERNARDINO,Medium Risk,Low Risk,No Risk,No Risk,60,Not At-Risk,1,$0 
CA1400070,SIERRA GRANDE ESTATES MUTUAL WATER CO.,INYO,DISTRICT 27 - MOJAVE,No Risk,High Risk,Low Risk,Low Risk,138,Not At-Risk,1,$0 
CA1400072,NORTH LONE PINE MUTUAL WATER COMPANY,INYO,DISTRICT 13 - SAN BERNARDINO,No Risk,High Risk,No Risk,No Risk,70,At-Risk,1,$0 
CA1400078,SCE BISHOP CREEK PLANT 4,INYO,DISTRICT 13 - SAN BERNARDINO,Medium Risk,High Risk,Low Risk,Medium Risk,38,At-Risk,1,$0 
CA1400098,DARWIN COMMUNITY SERVICE DISTRICT,INYO,DISTRICT 13 - SAN BERNARDINO,Low Risk,High Risk,No Risk,Low Risk,40,At-Risk,1,"$550,080 "
CA1400099,MOUNTAIN VIEW TRAILER COURT,INYO,DISTRICT 13 - SAN BERNARDINO,No Risk,High Risk,No Risk,Low Risk,320,Potentially At-Risk,1,$0 
CA1400109,SIERRA NORTH COMMUNITY SERVICE DISTRICT,INYO,DISTRICT 27 - MOJAVE,High Risk,High Risk,High Risk,Low Risk,42,Failing,1,$0 
CA1400110,PARK WEST MUTUAL WATER COMPANY,INYO,DISTRICT 13 - SAN BERNARDINO,Low Risk,Low Risk,No Risk,No Risk,188,Not At-Risk,1,$0 
CA1400111,MEADOWCREEK MUTUAL WATER COMPANY,INYO,DISTRICT 13 - SAN BERNARDINO,No Risk,Low Risk,Medium Risk,No Risk,764,Not At-Risk,1,$0 
CA1400135,WILSON CIRCLE MUTUAL WATER COMPANY,INYO,DISTRICT 13 - SAN BERNARDINO,Low Risk,Low Risk,High Risk,Low Risk,158,Potentially At-Risk,1,$0 
CA1400144,SUNLAND VILLAGE MOBILE HOME PARK,INYO,DISTRICT 13 - SAN BERNARDINO,No Risk,High Risk,No Risk,Low Risk,73,Not At-Risk,1,$0 
CA1400155,CONTROL GORGE POWER PLANT LADWP,INYO,DISTRICT 13 - SAN BERNARDINO,Medium Risk,High Risk,No Risk,Low Risk,32,At-Risk,1,$0 
CA1400511,MEADOW LAKE APARTMENTS,INYO,DISTRICT 13 - SAN BERNARDINO,No Risk,High Risk,No Risk,Low Risk,22,Not At-Risk,1,$0 
CA1400518,VAN LOON WATER ASSOCIATION,INYO,DISTRICT 13 - SAN BERNARDINO,No Risk,Low Risk,Medium Risk,No Risk,25,Not At-Risk,1,$0 
CA1400522,PALISADE GLACIER HIGH SCHOOL,INYO,DISTRICT 27 - MOJAVE,No Risk,No Risk,No Risk,No Risk,37,Not At-Risk,1,$0 
CA1410001,"BISHOP, CITY OF",INYO,DISTRICT 27 - MOJAVE,No Risk,Low Risk,No Risk,No Risk,"3,819",Not At-Risk,1,$0 
CA1410002,LADWP - INDEPENDENCE,INYO,DISTRICT 13 - SAN BERNARDINO,Not Assessed,Not Assessed,Not Assessed,Not Assessed,0,Not Assessed,1,$0 
CA1410003,LADWP - LONE PINE,INYO,DISTRICT 13 - SAN BERNARDINO,Not Assessed,Not Assessed,Not Assessed,Not Assessed,0,Not Assessed,1,$0 
CA1410004,LADWP - BIG PINE,INYO,DISTRICT 13 - SAN BERNARDINO,Not Assessed,Not Assessed,Not Assessed,Not Assessed,0,Not Assessed,1,$0 
CA1410005,INDIAN CREEK CSD,INYO,DISTRICT 13 - SAN BERNARDINO,No Risk,Low Risk,No Risk,No Risk,"1,030",Not At-Risk,1,$0 
CA1410006,BIG PINE CSD,INYO,DISTRICT 27 - MOJAVE,No Risk,No Risk,No Risk,No Risk,792,Not At-Risk,1,$0 
CA1410007,HIGHLAND MOBILE HOME PARK,INYO,DISTRICT 13 - SAN BERNARDINO,No Risk,Low Risk,Medium Risk,Medium Risk,"1,400",Not At-Risk,1,$0 
CA1410008,INYO COUNTY PWD - INDEPENDENCE,INYO,DISTRICT 27 - MOJAVE,Low Risk,Medium Risk,No Risk,Low Risk,"1,108",At-Risk,1,$0 
CA1410009,INYO COUNTY PWD - LONE PINE,INYO,DISTRICT 27 - MOJAVE,Low Risk,No Risk,Medium Risk,Low Risk,"1,835",Failing,1,$0 
CA1410502,"NPS - DEATH VALLEY, STOVEPIPE WELLS",INYO,DISTRICT 13 - SAN BERNARDINO,No Risk,High Risk,High Risk,High Risk,175,At-Risk,1,$0 
CA1410503,"NPS - DEATH VALLEY, COW CREEK/NEVARES",INYO,DISTRICT 13 - SAN BERNARDINO,Medium Risk,High Risk,Low Risk,Low Risk,88,At-Risk,1,$0 
CA1410505,"NPS - DEATH VALLEY, FURNACE CREEK",INYO,DISTRICT 13 - SAN BERNARDINO,No Risk,Low Risk,High Risk,Low Risk,150,Not At-Risk,1,$0 
CA1410510,LADWP - MANZANAR,INYO,DISTRICT 13 - SAN BERNARDINO,Not Assessed,Not Assessed,Not Assessed,Not Assessed,0,Not Assessed,1,$0 
CA1410800,CDF - OWENS VALLEY CONSERVATION CAMP,INYO,DISTRICT 13 - SAN BERNARDINO,No Risk,Low Risk,No Risk,Medium Risk,94,Not At-Risk,1,$0 
CA1500096,OLD RIVER MUTUAL WATER COMPANY,KERN,DISTRICT 19 - TEHACHAPI,High Risk,High Risk,Medium Risk,Low Risk,130,Failing,1,$0 
CA1500152,MIRASOL COMPANY WATER SYSTEM,KERN,DISTRICT 12 - VISALIA,No Risk,High Risk,Low Risk,Low Risk,26,Potentially At-Risk,1,$0 
CA1500209,ALTA SIERRA MUTUAL WATER CO.,KERN,DISTRICT 19 - TEHACHAPI,No Risk,Low Risk,High Risk,No Risk,143,Not At-Risk,1,$0 
CA1500211,STOCKDALE ANNEX MUTUAL WATER,KERN,DISTRICT 12 - VISALIA,Low Risk,Medium Risk,Low Risk,No Risk,433,Not At-Risk,1,$0 
CA1500231,VICTORY MUTUAL WATER COMPANY,KERN,DISTRICT 12 - VISALIA,High Risk,High Risk,High Risk,Low Risk,849,Failing,1,"$3,095,961 "
CA1500251,RIVERKERN MUTUAL WATER COMPANY,KERN,DISTRICT 19 - TEHACHAPI,Medium Risk,Low Risk,High Risk,Low Risk,272,At-Risk,1,$0 
CA1500252,KERN VALLEY MUTUAL WATER COMPANY,KERN,DISTRICT 19 - TEHACHAPI,Low Risk,High Risk,High Risk,Low Risk,132,Failing,1,$0 
CA1500289,ATHAL MUTUAL WATER SYSTEM,KERN,DISTRICT 19 - TEHACHAPI,High Risk,High Risk,High Risk,Low Risk,150,Failing,1,$0 
CA1500290,NORTH MUROC MUTUAL WATER COMPANY,KERN,DISTRICT 19 - TEHACHAPI,No Risk,No Risk,High Risk,Low Risk,270,Not At-Risk,1,$0 
CA1500296,FULLER ACRES MUTUAL WATER COMPANY,KERN,DISTRICT 19 - TEHACHAPI,High Risk,Medium Risk,High Risk,Low Risk,545,Failing,1,$0 
CA1500314,DEL ORO WC - COUNTRY ESTATES DIST,KERN,DISTRICT 12 - VISALIA,High Risk,High Risk,High Risk,No Risk,297,Failing,1,"$3,095,961 "
CA1500324,WONDER ACRES WATER SYSTEM,KERN,DISTRICT 19 - TEHACHAPI,No Risk,Medium Risk,High Risk,No Risk,92,Not At-Risk,1,$0 
CA1500327,RANCHO SECO INC. WATER SYSTEM,KERN,DISTRICT 19 - TEHACHAPI,Low Risk,High Risk,High Risk,Low Risk,33,Failing,1,$0 
CA1500333,CWS - FREMONT VALLEY,KERN,DISTRICT 19 - TEHACHAPI,Low Risk,Low Risk,High Risk,No Risk,167,Potentially At-Risk,1,$0 
CA1500336,BURLANDO HEIGHTS MUTUAL WATER CO.,KERN,DISTRICT 19 - TEHACHAPI,Low Risk,Low Risk,Low Risk,No Risk,44,Not At-Risk,1,$0 
CA1500340,WEST TEHACHAPI MUTUAL,KERN,DISTRICT 19 - TEHACHAPI,No Risk,High Risk,No Risk,No Risk,150,Not At-Risk,1,$0 
CA1500341,SIERRA BELLA MUTUAL WATER COMPANY,KERN,DISTRICT 19 - TEHACHAPI,No Risk,Low Risk,High Risk,No Risk,60,Not At-Risk,1,$0 
CA1500344,SOUTH KERN MUTUAL WATER COMPANY,KERN,DISTRICT 19 - TEHACHAPI,High Risk,High Risk,No Risk,High Risk,32,Failing,1,$0 
CA1500349,STOCKDALE MUTUAL WATER CO.,KERN,DISTRICT 12 - VISALIA,Low Risk,Medium Risk,No Risk,Low Risk,200,Potentially At-Risk,1,$0 
CA1500364,KERNVALE MUTUAL WATER CO,KERN,DISTRICT 19 - TEHACHAPI,No Risk,High Risk,High Risk,Low Risk,75,Failing,1,$0 
CA1500371,UNION PACIFIC RAILROAD CO.-KEENE WATER,KERN,DISTRICT 19 - TEHACHAPI,Low Risk,High Risk,No Risk,Low Risk,208,Failing,1,$0 
CA1500374,CWS-GRAND OAKS WATER SYSTEM,KERN,DISTRICT 19 - TEHACHAPI,No Risk,Low Risk,No Risk,Low Risk,122,Not At-Risk,1,$0 
CA1500378,MAHER MUTUAL WATER COMPANY,KERN,DISTRICT 12 - VISALIA,High Risk,Low Risk,High Risk,No Risk,140,At-Risk,1,$0 
CA1500393,RAINBIRD VALLEY MWC,KERN,DISTRICT 19 - TEHACHAPI,High Risk,Low Risk,High Risk,No Risk,238,Failing,1,$0 
CA1500398,FRONTIER TRAILS HOMEOWNERS ASSOC INC.,KERN,DISTRICT 19 - TEHACHAPI,No Risk,Low Risk,High Risk,Low Risk,32,Not At-Risk,1,$0 
CA1500401,METTLER COUNTY WATER DISTRICT,KERN,DISTRICT 19 - TEHACHAPI,High Risk,Medium Risk,No Risk,No Risk,90,Failing,1,"$3,822,000 "
CA1500404,PINEBROOK COMMUNITY WATER WELL,KERN,DISTRICT 19 - TEHACHAPI,Low Risk,Low Risk,High Risk,No Risk,68,Potentially At-Risk,1,$0 
CA1500405,"AERIAL ACRES WATER COMPANY, INC.",KERN,DISTRICT 19 - TEHACHAPI,High Risk,Low Risk,High Risk,High Risk,87,Failing,1,$0 
CA1500406,TRADEWIND WATER ASSOC.,KERN,DISTRICT 19 - TEHACHAPI,High Risk,Low Risk,High Risk,No Risk,632,Failing,1,$0 
CA1500407,CWS-SPLIT MOUNTAIN WATER SYSTEM,KERN,DISTRICT 19 - TEHACHAPI,Low Risk,Low Risk,High Risk,Low Risk,226,Potentially At-Risk,1,$0 
CA1500409,BROCK MUTUAL WATER COMPANY,KERN,DISTRICT 12 - VISALIA,High Risk,Medium Risk,Low Risk,Low Risk,462,Failing,1,$0 
CA1500413,TEJON RANCH MAIN HEADQUARTERS,KERN,DISTRICT 19 - TEHACHAPI,Medium Risk,High Risk,No Risk,Low Risk,132,At-Risk,1,$0 
CA1500424,LANDS OF PROMISE MWC,KERN,DISTRICT 19 - TEHACHAPI,High Risk,Low Risk,Low Risk,Low Risk,174,Failing,1,$0 
CA1500426,ROSE VILLA APARTMENTS,KERN,DISTRICT 19 - TEHACHAPI,High Risk,High Risk,Low Risk,Medium Risk,65,Failing,1,"$1,970,581 "
CA1500436,HUNGRY GULCH MWC,KERN,DISTRICT 19 - TEHACHAPI,High Risk,Low Risk,High Risk,No Risk,74,Failing,1,$0 
CA1500443,CANYON MEADOWS MUTUAL WATER,KERN,DISTRICT 19 - TEHACHAPI,High Risk,Low Risk,High Risk,No Risk,465,At-Risk,1,$0 
CA1500447,SIERRA BREEZE MUTUAL WATER COMPANY,KERN,DISTRICT 19 - TEHACHAPI,High Risk,Medium Risk,High Risk,No Risk,150,At-Risk,1,$0 
CA1500448,HILLVIEW ACRES MUTUAL WATER COMPANY,KERN,DISTRICT 19 - TEHACHAPI,No Risk,High Risk,High Risk,No Risk,36,Potentially At-Risk,1,"$220,250 "
CA1500449,FOURTH STREET WATER SYSTEM,KERN,DISTRICT 19 - TEHACHAPI,High Risk,Medium Risk,High Risk,No Risk,56,At-Risk,1,$0 
CA1500452,RIVERDALE VILLAGE,KERN,DISTRICT 12 - VISALIA,Low Risk,Low Risk,Medium Risk,Medium Risk,750,Potentially At-Risk,1,$0 
CA1500455,WILLIAM FISHER MEMORIAL WATER COMPANY,KERN,DISTRICT 19 - TEHACHAPI,High Risk,High Risk,Medium Risk,Medium Risk,56,Failing,1,$0 
CA1500458,R.S. MUTUAL WATER COMPANY,KERN,DISTRICT 19 - TEHACHAPI,High Risk,High Risk,High Risk,No Risk,67,Failing,1,$0 
CA1500459,LAKE OF THE WOODS MOBILE VILLAGE,KERN,DISTRICT 19 - TEHACHAPI,Medium Risk,High Risk,Medium Risk,Low Risk,82,At-Risk,1,"$202,978 "
CA1500465,OAK KNOLLS MUTUAL WATER COMPANY,KERN,DISTRICT 19 - TEHACHAPI,High Risk,Low Risk,Low Risk,Low Risk,123,Failing,1,$0 
CA1500466,A.F.P. MUTUAL WATER COMPANY,KERN,DISTRICT 19 - TEHACHAPI,Low Risk,Low Risk,Medium Risk,Low Risk,710,Potentially At-Risk,1,$0 
CA1500475,KRISTA MUTUAL WATER COMPANY,KERN,DISTRICT 19 - TEHACHAPI,High Risk,High Risk,High Risk,Low Risk,504,Failing,1,"$4,103,436 "
CA1500478,"VALLEY ESTATES POA, INC.",KERN,DISTRICT 19 - TEHACHAPI,No Risk,Low Risk,High Risk,No Risk,386,Not At-Risk,1,$0 
CA1500481,RIVERNOOK CAMPGROUND,KERN,DISTRICT 19 - TEHACHAPI,No Risk,Low Risk,Medium Risk,No Risk,877,Not At-Risk,1,$0 
CA1500483,ALLEN ROAD MUTUAL WATER SYSTEM,KERN,DISTRICT 12 - VISALIA,No Risk,Medium Risk,High Risk,Low Risk,195,Potentially At-Risk,1,$0 
CA1500485,ANTELOPE VALLEY MOBILE ESTATES,KERN,DISTRICT 19 - TEHACHAPI,Medium Risk,Low Risk,Medium Risk,No Risk,60,Potentially At-Risk,1,"$1,970,581 "
CA1500489,BRITE LAKE MUTUAL WATER COMPANY,KERN,DISTRICT 19 - TEHACHAPI,No Risk,Low Risk,Low Risk,No Risk,89,Not At-Risk,1,$0 
CA1500493,"EL ADOBE POA, INC.",KERN,DISTRICT 19 - TEHACHAPI,High Risk,Medium Risk,High Risk,Low Risk,200,Failing,1,"$15,325,001 "
CA1500494,WILSON ROAD WATER COMMUNITY,KERN,DISTRICT 12 - VISALIA,High Risk,High Risk,High Risk,Low Risk,66,Failing,1,"$3,095,961 "
CA1500507,ST. CLAIR RANCHOS MUTUAL WATER CO.,KERN,DISTRICT 12 - VISALIA,No Risk,High Risk,High Risk,Low Risk,105,At-Risk,1,$0 
CA1500516,TUT BROTHERS FARM #96,KERN,DISTRICT 19 - TEHACHAPI,Low Risk,Low Risk,No Risk,Low Risk,32,Not At-Risk,1,$0 
CA1500518,AGBAYANI VILLAGE WATER SYSTEM,KERN,DISTRICT 12 - VISALIA,Low Risk,High Risk,Medium Risk,Low Risk,38,At-Risk,1,$0 
CA1500525,LAKEVIEW RANCHOS MUTUAL WATER COMPANY,KERN,DISTRICT 19 - TEHACHAPI,High Risk,Low Risk,High Risk,Medium Risk,120,Failing,1,"$3,749,557 "
CA1500535,MANON MANOR MUTUAL WATER COMPANY,KERN,DISTRICT 12 - VISALIA,Medium Risk,Low Risk,High Risk,Low Risk,200,At-Risk,1,$0 
CA1500540,PINON VALLEY WATER COMPANY,KERN,DISTRICT 19 - TEHACHAPI,High Risk,High Risk,High Risk,Low Risk,112,At-Risk,1,$0 
CA1500542,WILLOW SPRINGS MOBILE HOME PARK,KERN,DISTRICT 19 - TEHACHAPI,No Risk,High Risk,No Risk,Low Risk,275,Not At-Risk,1,$0 
CA1500543,AGAPE MUTUAL WATER SYSTEM,KERN,DISTRICT 12 - VISALIA,No Risk,Low Risk,High Risk,No Risk,50,Not At-Risk,1,$0 
CA1500544,ENOS LANE PUBLIC UTILITY DISTRICT,KERN,DISTRICT 12 - VISALIA,No Risk,Medium Risk,High Risk,Low Risk,365,Potentially At-Risk,1,$0 
CA1500546,HARVEST MOON MUTUAL WATER CO,KERN,DISTRICT 12 - VISALIA,High Risk,Low Risk,High Risk,Low Risk,138,Failing,1,$0 
CA1500550,WEST VALLEY MUTUAL WATER COMPANY,KERN,DISTRICT 19 - TEHACHAPI,Low Risk,Medium Risk,High Risk,High Risk,70,At-Risk,1,$0 
CA1500553,RANCHOS DEL RIO,KERN,DISTRICT 19 - TEHACHAPI,Low Risk,Medium Risk,No Risk,Low Risk,62,Not At-Risk,1,$0 
CA1500554,EAST INYOKERN MUTUAL WATER,KERN,DISTRICT 19 - TEHACHAPI,Low Risk,Medium Risk,Low Risk,No Risk,87,Not At-Risk,1,$0 
CA1500555,MUSTANG MUTUAL WATER SYSTEM,KERN,DISTRICT 12 - VISALIA,High Risk,High Risk,No Risk,No Risk,200,Failing,1,$0 
CA1500556,HART FLAT BEAR MUTUAL WATER,KERN,DISTRICT 19 - TEHACHAPI,Low Risk,Low Risk,No Risk,No Risk,56,Not At-Risk,1,$0 
CA1500557,STOCKDALE RANCHOS MUTUAL WATER CO,KERN,DISTRICT 12 - VISALIA,No Risk,High Risk,No Risk,Low Risk,393,Not At-Risk,1,$0 
CA1500560,KRANENBURG WATER SYSTEM,KERN,DISTRICT 12 - VISALIA,Medium Risk,High Risk,No Risk,No Risk,42,At-Risk,1,$0 
CA1500561,ROUND MOUNTAIN WATER COMPANY,KERN,DISTRICT 12 - VISALIA,High Risk,Medium Risk,High Risk,No Risk,50,At-Risk,1,$0 
CA1500563,CHINA LAKE ACRES MUTUAL WATER COMPANY,KERN,DISTRICT 19 - TEHACHAPI,Low Risk,Medium Risk,Low Risk,Low Risk,198,Not At-Risk,1,$0 
CA1500564,HOMETOWN WATER ASSOCIATION,KERN,DISTRICT 19 - TEHACHAPI,Low Risk,High Risk,High Risk,Medium Risk,25,Failing,1,"$148,536 "
CA1500566,SPRING MOUNTAIN MUTUAL WATER COMPANY,KERN,DISTRICT 19 - TEHACHAPI,Low Risk,High Risk,Low Risk,Medium Risk,26,Failing,1,$0 
CA1500569,VALLEY VIEW ESTATES MUTUAL WATER CO,KERN,DISTRICT 19 - TEHACHAPI,Low Risk,Low Risk,No Risk,No Risk,97,Not At-Risk,1,$0 
CA1500571,KERN MOBILE ESTATES LLC,KERN,DISTRICT 19 - TEHACHAPI,High Risk,High Risk,Medium Risk,No Risk,73,Failing,1,"$1,970,581 "
CA1500575,SAN JOAQUIN ESTATES MUTUAL WATER COMPANY,KERN,DISTRICT 12 - VISALIA,High Risk,High Risk,High Risk,Low Risk,165,Failing,1,"$3,095,961 "
CA1500578,LONG CANYON WATER COMPANY CORP.,KERN,DISTRICT 19 - TEHACHAPI,Low Risk,Low Risk,High Risk,Low Risk,122,Potentially At-Risk,1,$0 
CA1500579,LIFE WATER CO-OP,KERN,DISTRICT 19 - TEHACHAPI,Low Risk,High Risk,Low Risk,Medium Risk,35,At-Risk,1,$0 
CA1500584,GOOSELAKE WATER COMPANY,KERN,DISTRICT 12 - VISALIA,High Risk,Low Risk,Low Risk,Low Risk,90,Failing,1,$0 
CA1500585,OASIS PROPERTY OWNERS ASSOCIATION,KERN,DISTRICT 12 - VISALIA,High Risk,Medium Risk,Medium Risk,Low Risk,100,Failing,1,"$3,095,961 "
CA1500588,SON SHINE PROPERTIES,KERN,DISTRICT 19 - TEHACHAPI,High Risk,Medium Risk,Medium Risk,Medium Risk,438,Failing,1,$0 
CA1500591,SWEET WATER CO-OP,KERN,DISTRICT 19 - TEHACHAPI,No Risk,High Risk,Medium Risk,Low Risk,47,At-Risk,1,$0 
CA1500593,UPLANDS OF THE KERN MUTUAL WATER COMPANY,KERN,DISTRICT 12 - VISALIA,No Risk,Medium Risk,High Risk,Low Risk,80,Potentially At-Risk,1,$0 
CA1500599,CHOCTAW VALLEY MUTUAL WATER CO.,KERN,DISTRICT 12 - VISALIA,No Risk,High Risk,No Risk,Low Risk,44,Potentially At-Risk,1,$0 
CA1502056,CLARK STREET COMMUNITY WELL,KERN,DISTRICT 19 - TEHACHAPI,Low Risk,High Risk,High Risk,Low Risk,90,Failing,1,$0 
CA1502068,DI GIORGIO SCHOOL WATER SYSTEM,KERN,DISTRICT 19 - TEHACHAPI,High Risk,High Risk,Medium Risk,No Risk,268,Failing,1,$0 
CA1502074,EL TEJON MIDDLE SCHOOL,KERN,DISTRICT 19 - TEHACHAPI,No Risk,High Risk,No Risk,No Risk,550,Not At-Risk,1,$0 
CA1502154,LAKESIDE SCHOOL,KERN,DISTRICT 12 - VISALIA,High Risk,High Risk,Medium Risk,No Risk,897,Failing,1,$0 
CA1502164,LLANAS CAMP FOUR WATER SYSTEM,KERN,DISTRICT 19 - TEHACHAPI,High Risk,High Risk,Low Risk,Low Risk,54,Failing,1,$0 
CA1502221,POND SCHOOL WATER SYSTEM,KERN,DISTRICT 12 - VISALIA,High Risk,High Risk,No Risk,No Risk,250,At-Risk,1,$0 
CA1502229,RIO BRAVO GREELEY SCHOOL WATER SYSTEM,KERN,DISTRICT 12 - VISALIA,High Risk,High Risk,Low Risk,No Risk,"1,219",At-Risk,1,$0 
CA1502231,ROSAMOND SCHOOL WATER SYSTEM,KERN,DISTRICT 19 - TEHACHAPI,High Risk,No Risk,No Risk,No Risk,940,Failing,1,"$1,970,581 "
CA1502232,ROSAMOND MOBILEHOME PARK,KERN,DISTRICT 19 - TEHACHAPI,High Risk,High Risk,Low Risk,Low Risk,175,Failing,1,"$1,970,581 "
CA1502247,DESERT BREEZE MOBILE HOME ESTATES,KERN,DISTRICT 19 - TEHACHAPI,High Risk,High Risk,Low Risk,Low Risk,82,Failing,1,"$1,970,581 "
CA1502260,SOUTH FORK ELEMENTARY SCHOOL WATER SYS,KERN,DISTRICT 19 - TEHACHAPI,No Risk,High Risk,Medium Risk,No Risk,154,Not At-Risk,1,$0 
CA1502315,CAMP OWEN WATER SYSTEM,KERN,DISTRICT 19 - TEHACHAPI,Low Risk,Low Risk,Medium Risk,Medium Risk,110,Failing,1,$0 
CA1502320,LERDO SHERIFF S FACILITY,KERN,DISTRICT 12 - VISALIA,Low Risk,Medium Risk,Medium Risk,Low Risk,"2,800",Potentially At-Risk,1,$0 
CA1502383,NORD ROAD WATER ASSOCIATION,KERN,DISTRICT 12 - VISALIA,Medium Risk,High Risk,High Risk,No Risk,32,At-Risk,1,$0 
CA1502449,CYPRESS CANYON WATER SYSTEM,KERN,DISTRICT 19 - TEHACHAPI,Medium Risk,Low Risk,High Risk,Low Risk,44,At-Risk,1,$0 
CA1502465,PANAMA ROAD PROPERTY OWNERS ASSOC,KERN,DISTRICT 12 - VISALIA,Low Risk,High Risk,High Risk,Medium Risk,45,At-Risk,1,$0 
CA1502545,SCHWEIKART WATER SYSTEM,KERN,DISTRICT 12 - VISALIA,No Risk,High Risk,No Risk,Low Risk,27,Potentially At-Risk,1,$0 
CA1502564,SIERRA MEADOWS,KERN,DISTRICT 19 - TEHACHAPI,Medium Risk,High Risk,Low Risk,No Risk,68,Potentially At-Risk,1,$0 
CA1502569,FIRST MUTUAL WATER SYSTEM,KERN,DISTRICT 19 - TEHACHAPI,High Risk,High Risk,Low Risk,No Risk,35,Failing,1,"$1,970,581 "
CA1502600,WEGIS MUTUAL WATER COMPANY,KERN,DISTRICT 12 - VISALIA,No Risk,High Risk,High Risk,No Risk,64,At-Risk,1,$0 
CA1502607,PIUTE MOUNTAIN SCHOOL WATER,KERN,DISTRICT 19 - TEHACHAPI,High Risk,High Risk,No Risk,No Risk,75,At-Risk,1,"$1,644,943 "
CA1502608,OWENS PEAK WEST,KERN,DISTRICT 19 - TEHACHAPI,No Risk,High Risk,High Risk,No Risk,79,Potentially At-Risk,1,$0 
CA1502619,SOUTH DESERT MUTUAL WATER COMPANY,KERN,DISTRICT 19 - TEHACHAPI,No Risk,High Risk,Low Risk,Low Risk,28,Potentially At-Risk,1,$0 
CA1502620,POND MUTUAL WATER COMPANY,KERN,DISTRICT 12 - VISALIA,No Risk,High Risk,High Risk,Low Risk,48,At-Risk,1,$0 
CA1502622,GOSFORD ROAD WATER COMPANY,KERN,DISTRICT 19 - TEHACHAPI,No Risk,Medium Risk,High Risk,Low Risk,50,At-Risk,1,$0 
CA1502629,HEATH BRIMHALL P.O.A.,KERN,DISTRICT 12 - VISALIA,No Risk,High Risk,Low Risk,Low Risk,39,Potentially At-Risk,1,$0 
CA1502645,MEADOWS OF THE KERN MUTUAL WATER COMPANY,KERN,DISTRICT 12 - VISALIA,No Risk,Medium Risk,No Risk,Low Risk,32,Not At-Risk,1,$0 
CA1502653,BELLA VISTA MUTUAL WATER COMPANY,KERN,DISTRICT 19 - TEHACHAPI,Low Risk,Low Risk,High Risk,No Risk,150,Potentially At-Risk,1,$0 
CA1502659,OWENS PEAK SOUTH,KERN,DISTRICT 19 - TEHACHAPI,Low Risk,High Risk,Low Risk,No Risk,45,At-Risk,1,$0 
CA1502663,TOWN & COUNTRY WATER COMPANY,KERN,DISTRICT 12 - VISALIA,High Risk,Medium Risk,High Risk,No Risk,73,At-Risk,1,$0 
CA1502670,CHANAC CREEK MUTUAL WATER COMPANY,KERN,DISTRICT 19 - TEHACHAPI,High Risk,High Risk,Medium Risk,Low Risk,240,At-Risk,1,$0 
CA1502690,"DUNE 3 MUTUAL WATER COMPANY, LLC",KERN,DISTRICT 19 - TEHACHAPI,No Risk,Medium Risk,Low Risk,Low Risk,119,Not At-Risk,1,"$2,299,462 "
CA1502699,EAST WILSON ROAD WATER COMPANY,KERN,DISTRICT 12 - VISALIA,High Risk,High Risk,High Risk,Medium Risk,35,Failing,1,"$3,095,961 "
CA1502744,60TH STREET ASSOC. WATER SYSTEM,KERN,DISTRICT 19 - TEHACHAPI,High Risk,High Risk,Low Risk,No Risk,39,Failing,1,"$1,970,581 "
CA1502750,RIVERVIEW HOMEOWNERS ASSOCIATION,KERN,DISTRICT 12 - VISALIA,No Risk,High Risk,No Risk,No Risk,40,Not At-Risk,1,$0 
CA1503140,FRAZIER MOUNTAIN HIGH SCHOOL,KERN,DISTRICT 19 - TEHACHAPI,High Risk,High Risk,Medium Risk,No Risk,516,Failing,1,"$2,992,907 "
CA1503226,QVWD-WEST & EAST COMBINED WATER SYSTEM,KERN,DISTRICT 19 - TEHACHAPI,No Risk,Low Risk,High Risk,Medium Risk,221,Potentially At-Risk,1,$0 
CA1503270,LAKE ISABELLA COMMUNITY SERVICES DIST,KERN,DISTRICT 19 - TEHACHAPI,No Risk,Medium Risk,High Risk,Low Risk,500,Potentially At-Risk,1,$0 
CA1503329,HART CREEK ESTATES MUTUAL WATER CO.,KERN,DISTRICT 19 - TEHACHAPI,Low Risk,Low Risk,High Risk,No Risk,148,Not At-Risk,1,$0 
CA1503341,TEJON CASTAC WD - I5 & LAVAL RD,KERN,DISTRICT 19 - TEHACHAPI,Low Risk,Low Risk,No Risk,No Risk,"38,125",Not At-Risk,1,$0 
CA1503368,SOUTH FORK MIDDLE SCHOOL,KERN,DISTRICT 19 - TEHACHAPI,High Risk,High Risk,Medium Risk,No Risk,204,At-Risk,1,$0 
CA1503475,WESTERN ACRES MUTUAL WATER COMPANY,KERN,DISTRICT 12 - VISALIA,Low Risk,Medium Risk,High Risk,Low Risk,380,Failing,1,$0 
CA1503509,THE ANNE SIPPI CLINIC-RIVERSIDE RANCH,KERN,DISTRICT 12 - VISALIA,High Risk,High Risk,No Risk,Low Risk,51,At-Risk,1,$0 
CA1503526,WINI MUTUAL WATER COMPANY,KERN,DISTRICT 12 - VISALIA,High Risk,High Risk,High Risk,No Risk,29,Failing,1,$0 
CA1503536,GLENNVILLE MUTUAL WATER COMPANY,KERN,DISTRICT 19 - TEHACHAPI,No Risk,High Risk,High Risk,Low Risk,100,At-Risk,1,$0 
CA1503669,NORTH KRANENBURG WS,KERN,DISTRICT 12 - VISALIA,High Risk,High Risk,No Risk,Low Risk,28,Failing,1,$0 
CA1503683,PEAK TO PEAK MOUNTAIN CHARTER SCHOOL WS,KERN,DISTRICT 19 - TEHACHAPI,Low Risk,High Risk,Medium Risk,Low Risk,100,At-Risk,1,$0 
CA1503684,148 EAST WATER SYSTEM,KERN,DISTRICT 19 - TEHACHAPI,Low Risk,High Risk,High Risk,No Risk,36,At-Risk,1,$0 
CA1510001,ARVIN COMMUNITY SERVICES DIST,KERN,DISTRICT 19 - TEHACHAPI,Low Risk,Medium Risk,Medium Risk,No Risk,"19,669",Not At-Risk,1,"$15,092,977 "
CA1510002,BORON CSD,KERN,DISTRICT 19 - TEHACHAPI,No Risk,No Risk,High Risk,Low Risk,"2,086",Not At-Risk,1,$0 
CA1510003,CWS - BAKERSFIELD,KERN,DISTRICT 19 - TEHACHAPI,Not Assessed,Not Assessed,Not Assessed,Not Assessed,"267,881",Not Assessed,1,$0 
CA1510004,"CASA LOMA WATER CO, INC.",KERN,DISTRICT 12 - VISALIA,No Risk,Low Risk,High Risk,High Risk,900,At-Risk,1,$0 
CA1510005,"DELANO, CITY OF",KERN,DISTRICT 12 - VISALIA,High Risk,Low Risk,Medium Risk,Low Risk,"51,428",At-Risk,1,$0 
CA1510006,EAST NILES CSD,KERN,DISTRICT 12 - VISALIA,High Risk,Low Risk,Medium Risk,Low Risk,"32,517",At-Risk,1,"$3,095,961 "
CA1510007,FRAZIER PARK PUD,KERN,DISTRICT 19 - TEHACHAPI,High Risk,Low Risk,High Risk,Low Risk,"2,592",At-Risk,1,"$3,419,501 "
CA1510009,ERSKINE CREEK WC,KERN,DISTRICT 19 - TEHACHAPI,Low Risk,Low Risk,High Risk,Low Risk,"2,500",Potentially At-Risk,1,$0 
CA1510011,BUTTONWILLOW CWD,KERN,DISTRICT 12 - VISALIA,Low Risk,Medium Risk,High Risk,No Risk,"1,508",Not At-Risk,1,$0 
CA1510012,LAMONT PUBLIC UTILITY DIST,KERN,DISTRICT 19 - TEHACHAPI,High Risk,Medium Risk,High Risk,No Risk,"19,057",Failing,1,"$16,135,001 "
CA1510013,"MCFARLAND, CITY OF",KERN,DISTRICT 12 - VISALIA,High Risk,Medium Risk,Medium Risk,Low Risk,"14,161",Failing,1,"$8,995,542 "
CA1510014,MOJAVE PUD,KERN,DISTRICT 19 - TEHACHAPI,No Risk,No Risk,High Risk,No Risk,"4,699",Not At-Risk,1,"$11,486,130 "
CA1510015,OILDALE MWC,KERN,DISTRICT 19 - TEHACHAPI,Low Risk,Low Risk,Medium Risk,Low Risk,"44,899",Potentially At-Risk,1,$0 
CA1510016,RAND COMMUNITIES WATER DISTRICT,KERN,DISTRICT 19 - TEHACHAPI,High Risk,Low Risk,High Risk,Low Risk,303,Failing,1,$0 
CA1510017,INDIAN WELLS VALLEY W.D.,KERN,DISTRICT 19 - TEHACHAPI,Medium Risk,Low Risk,No Risk,Low Risk,"41,580",Potentially At-Risk,1,"$2,447,998 "
CA1510018,ROSAMOND CSD,KERN,DISTRICT 19 - TEHACHAPI,Medium Risk,No Risk,No Risk,No Risk,"17,711",Not At-Risk,1,"$1,970,581 "
CA1510019,"SHAFTER, CITY OF",KERN,DISTRICT 19 - TEHACHAPI,High Risk,Medium Risk,Medium Risk,Low Risk,"21,915",At-Risk,1,$0 
CA1510020,"TEHACHAPI, CITY OF",KERN,DISTRICT 19 - TEHACHAPI,High Risk,No Risk,No Risk,Low Risk,"9,094",At-Risk,1,$0 
CA1510021,"WASCO, CITY OF",KERN,DISTRICT 12 - VISALIA,High Risk,Medium Risk,High Risk,No Risk,"22,757",Failing,1,"$37,945,924 "
CA1510022,WEST KERN WATER DISTRICT,KERN,DISTRICT 19 - TEHACHAPI,Low Risk,Low Risk,Low Risk,Low Risk,"20,500",Not At-Risk,1,$0 
CA1510023,LAKE OF THE WOODS MWC,KERN,DISTRICT 19 - TEHACHAPI,High Risk,Low Risk,High Risk,No Risk,779,At-Risk,1,"$5,203,978 "
CA1510024,GREENFIELD COUNTY WD,KERN,DISTRICT 19 - TEHACHAPI,No Risk,Medium Risk,Medium Risk,No Risk,"11,590",Not At-Risk,1,$0 
CA1510025,STALLION SPRINGS CSD,KERN,DISTRICT 19 - TEHACHAPI,Low Risk,Low Risk,No Risk,Low Risk,"4,910",Failing,1,$0 
CA1510026,CWS - UPPER BODFISH WATER SYSTEM,KERN,DISTRICT 19 - TEHACHAPI,High Risk,Low Risk,High Risk,Low Risk,307,At-Risk,1,$0 
CA1510027,DESERT LAKE COMM SERV DIST,KERN,DISTRICT 19 - TEHACHAPI,Low Risk,No Risk,Low Risk,Low Risk,968,Not At-Risk,1,$0 
CA1510028,MIL POTRERO MWC,KERN,DISTRICT 19 - TEHACHAPI,No Risk,Low Risk,Medium Risk,No Risk,"2,200",Not At-Risk,1,$0 
CA1510029,VAUGHN WC INC,KERN,DISTRICT 19 - TEHACHAPI,Low Risk,Low Risk,No Risk,Low Risk,"37,189",Not At-Risk,1,$0 
CA1510031,"BAKERSFIELD, CITY OF",KERN,DISTRICT 19 - TEHACHAPI,Not Assessed,Not Assessed,Not Assessed,Not Assessed,"160,144",Not Assessed,1,$0 
CA1510032,"CALIFORNIA CITY, CITY OF",KERN,DISTRICT 19 - TEHACHAPI,No Risk,No Risk,High Risk,No Risk,"14,198",Not At-Risk,1,$0 
CA1510033,CWS - KERNVILLE,KERN,DISTRICT 19 - TEHACHAPI,Low Risk,Low Risk,High Risk,Low Risk,"2,572",At-Risk,1,$0 
CA1510036,INYOKERN CSD,KERN,DISTRICT 19 - TEHACHAPI,Low Risk,High Risk,Low Risk,Low Risk,878,Failing,1,$0 
CA1510038,BEAR VALLEY CSD,KERN,DISTRICT 19 - TEHACHAPI,No Risk,Low Risk,Low Risk,Low Risk,"5,592",Not At-Risk,1,$0 
CA1510039,CWS SOUTHLAKE SYSTEM,KERN,DISTRICT 19 - TEHACHAPI,No Risk,No Risk,High Risk,Low Risk,"1,112",Not At-Risk,1,$0 
CA1510040,KERN COUNTY WATER AGENCY,KERN,DISTRICT 19 - TEHACHAPI,Not Assessed,Not Assessed,Not Assessed,Not Assessed,0,Not Assessed,1,$0 
CA1510042,MOUNTAIN MESA WC,KERN,DISTRICT 19 - TEHACHAPI,High Risk,No Risk,High Risk,Low Risk,777,At-Risk,1,$0 
CA1510043,CWS-ONYX WATER SYSTEM,KERN,DISTRICT 19 - TEHACHAPI,Medium Risk,Low Risk,High Risk,Low Risk,284,At-Risk,1,$0 
CA1510045,GOLDEN HILLS CSD,KERN,DISTRICT 19 - TEHACHAPI,Medium Risk,No Risk,No Risk,No Risk,"9,857",Not At-Risk,1,$0 
CA1510046,LOST HILLS UTILITY DISTRICT,KERN,DISTRICT 12 - VISALIA,High Risk,Medium Risk,High Risk,Low Risk,"2,370",At-Risk,1,$0 
CA1510049,CWS - LAKELAND,KERN,DISTRICT 19 - TEHACHAPI,High Risk,Low Risk,High Risk,Low Risk,294,At-Risk,1,$0 
CA1510051,LEBEC COUNTY WATER DISTRICT,KERN,DISTRICT 19 - TEHACHAPI,High Risk,Low Risk,High Risk,Low Risk,"1,379",Failing,1,"$2,992,907 "
CA1510052,NORTH EDWARDS WD,KERN,DISTRICT 19 - TEHACHAPI,Low Risk,No Risk,High Risk,High Risk,"1,105",At-Risk,1,$0 
CA1510053,ANTELOPE VALLEY E KERN WTR AGY-ROSAMOND,KERN,DISTRICT 19 - TEHACHAPI,Not Assessed,Not Assessed,Not Assessed,Not Assessed,0,Not Assessed,1,$0 
CA1510054,PINON PINES MWC,KERN,DISTRICT 19 - TEHACHAPI,High Risk,Low Risk,High Risk,No Risk,908,Failing,1,"$5,078,061 "
CA1510055,CWS - NORTH GARDEN,KERN,DISTRICT 12 - VISALIA,High Risk,Low Risk,No Risk,Low Risk,"22,762",At-Risk,1,$0 
CA1510056,CWS - LOWER BODFISH WATER SYSTEM,KERN,DISTRICT 19 - TEHACHAPI,High Risk,Low Risk,High Risk,Low Risk,736,At-Risk,1,$0 
CA1510701,EDWARDS AFB - MAIN BASE,KERN,DISTRICT 19 - TEHACHAPI,High Risk,No Risk,Medium Risk,No Risk,"11,316",Potentially At-Risk,1,$0 
CA1510703,CHINA LAKE NAVAL AIR WEAPONS STATION,KERN,DISTRICT 19 - TEHACHAPI,No Risk,Low Risk,Medium Risk,No Risk,"6,600",Not At-Risk,1,$0 
CA1510800,CCI - TEHACHAPI,KERN,DISTRICT 19 - TEHACHAPI,No Risk,Low Risk,Medium Risk,Medium Risk,"2,993",Not At-Risk,1,$0 
CA1510801,WASCO ST. PRISON RECEPTION CTR,KERN,DISTRICT 12 - VISALIA,High Risk,Medium Risk,No Risk,Medium Risk,"5,124",At-Risk,1,$0 
CA1510802,KERN VALLEY STATE PRISON,KERN,DISTRICT 19 - TEHACHAPI,High Risk,Medium Risk,Medium Risk,Medium Risk,"5,000",At-Risk,1,$0 
CA1600002,SUNSET VISTA ESTATES MHP,KINGS,LPA46 - KINGS COUNTY,Low Risk,High Risk,No Risk,Low Risk,400,Potentially At-Risk,1,$0 
CA1600009,HANFORD CHRISTIAN SCHOOL,KINGS,LPA46 - KINGS COUNTY,Medium Risk,High Risk,No Risk,No Risk,175,At-Risk,1,$0 
CA1600011,PIONEER ELEMENTARY SCHOOL,KINGS,LPA46 - KINGS COUNTY,High Risk,Medium Risk,No Risk,No Risk,750,Potentially At-Risk,1,$0 
CA1600013,LAKESIDE ELEMENTARY SCHOOL,KINGS,LPA46 - KINGS COUNTY,No Risk,High Risk,No Risk,No Risk,388,Not At-Risk,1,$0 
CA1600015,KINGS RIVER HARDWICK SCHOOL,KINGS,LPA46 - KINGS COUNTY,No Risk,High Risk,No Risk,No Risk,908,Not At-Risk,1,$0 
CA1600017,ISLAND UNION SCHOOL,KINGS,LPA46 - KINGS COUNTY,No Risk,High Risk,Low Risk,No Risk,416,Potentially At-Risk,1,$0 
CA1600023,AZCAL MANAGEMENT CO,KINGS,DISTRICT 12 - VISALIA,Low Risk,High Risk,Low Risk,Medium Risk,73,Potentially At-Risk,1,$0 
CA1600293,15TH AVENUE,KINGS,LPA46 - KINGS COUNTY,High Risk,High Risk,Low Risk,Medium Risk,50,At-Risk,1,$0 
CA1600507,HARDWICK WATER COMPANY,KINGS,LPA46 - KINGS COUNTY,No Risk,High Risk,No Risk,No Risk,69,Not At-Risk,1,"$1,087,902 "
CA1610001,ARMONA COMMUNITY SERVICES DIST,KINGS,DISTRICT 12 - VISALIA,Low Risk,Medium Risk,High Risk,Low Risk,"4,143",Potentially At-Risk,1,"$3,624,500 "
CA1610002,"AVENAL, CITY OF",KINGS,DISTRICT 12 - VISALIA,Low Risk,High Risk,Low Risk,No Risk,"13,696",Failing,1,"$9,300,000 "
CA1610003,"HANFORD, CITY OF",KINGS,DISTRICT 12 - VISALIA,Low Risk,Low Risk,High Risk,No Risk,"62,127",Potentially At-Risk,1,$0 
CA1610004,"CORCORAN, CITY OF",KINGS,DISTRICT 12 - VISALIA,High Risk,Low Risk,Medium Risk,Low Risk,"22,808",At-Risk,1,"$4,654,826 "
CA1610005,"LEMOORE, CITY OF",KINGS,DISTRICT 12 - VISALIA,Low Risk,Low Risk,No Risk,No Risk,"27,185",Failing,1,$0 
CA1610006,STRATFORD PUD,KINGS,DISTRICT 12 - VISALIA,Low Risk,Medium Risk,Low Risk,Low Risk,"1,277",Not At-Risk,1,"$996,993 "
CA1610007,HOME GARDEN CSD,KINGS,DISTRICT 12 - VISALIA,High Risk,Medium Risk,High Risk,Low Risk,"1,750",At-Risk,1,$0 
CA1610009,KETTLEMAN CITY CSD,KINGS,DISTRICT 12 - VISALIA,High Risk,Medium Risk,High Risk,Low Risk,"1,242",Failing,1,"$4,000,000 "
CA1610700,LEMOORE NAVAL AIR STATION,KINGS,DISTRICT 12 - VISALIA,Medium Risk,High Risk,Medium Risk,Medium Risk,"15,000",At-Risk,1,$0 
CA1700502,ANDERSON SPRINGS CSD,LAKE,DISTRICT 03 - MENDOCINO,No Risk,High Risk,High Risk,Low Risk,373,At-Risk,1,$0 
CA1700508,GLENHAVEN MUTUAL WATER COMPANY,LAKE,DISTRICT 03 - MENDOCINO,Low Risk,Low Risk,High Risk,Low Risk,300,Not At-Risk,1,$0 
CA1700518,LOCH LOMOND MUTUAL WATER CO,LAKE,DISTRICT 03 - MENDOCINO,No Risk,Low Risk,High Risk,Low Risk,693,Potentially At-Risk,1,$0 
CA1700519,GOLDEN STATE WATER COMPANY - SOUTH SHORE,LAKE,DISTRICT 03 - MENDOCINO,Low Risk,High Risk,High Risk,No Risk,30,Failing,1,$0 
CA1700527,MOUNTAIN OF ATTENTION WATER,LAKE,DISTRICT 03 - MENDOCINO,Low Risk,High Risk,Medium Risk,No Risk,26,Potentially At-Risk,1,$0 
CA1700536,SUNRISE SHORE MUTUAL WATER COMPANY,LAKE,DISTRICT 03 - MENDOCINO,High Risk,High Risk,Medium Risk,No Risk,83,At-Risk,1,"$2,609,000 "
CA1700546,CLEAR WATER MUTUAL WATER COMPANY,LAKE,DISTRICT 03 - MENDOCINO,Low Risk,High Risk,High Risk,No Risk,252,Potentially At-Risk,1,"$3,031,747 "
CA1700549,CORINTHIAN BAY MUTUAL WATER COMPANY,LAKE,DISTRICT 03 - MENDOCINO,Low Risk,Low Risk,Low Risk,Low Risk,150,Not At-Risk,1,$0 
CA1700554,LAKE COUNTY CSA 13 - KONO TAYEE,LAKE,DISTRICT 03 - MENDOCINO,No Risk,High Risk,Medium Risk,Low Risk,449,At-Risk,1,$0 
CA1700561,BLUE LAKES IMPROVEMENT CLUB,LAKE,DISTRICT 03 - MENDOCINO,No Risk,High Risk,High Risk,No Risk,90,Potentially At-Risk,1,$0 
CA1700568,HARBOR VIEW MUTUAL WATER COMPANY,LAKE,DISTRICT 03 - MENDOCINO,No Risk,High Risk,High Risk,Low Risk,550,Potentially At-Risk,1,$0 
CA1700579,VILLA BLUE ESTATES WATER DISTRICT,LAKE,DISTRICT 03 - MENDOCINO,Low Risk,High Risk,Low Risk,Medium Risk,60,At-Risk,1,$0 
CA1700580,TWIN CREEKS MOBILE AND RV VILLAGE,LAKE,DISTRICT 03 - MENDOCINO,Low Risk,High Risk,Medium Risk,Medium Risk,50,At-Risk,1,$0 
CA1700584,WESTWIND MOBILE HOME PARK,LAKE,DISTRICT 03 - MENDOCINO,Low Risk,High Risk,No Risk,Medium Risk,104,Potentially At-Risk,1,$0 
CA1700589,BLUE LAKES MOBILE HOME PARK,LAKE,DISTRICT 03 - MENDOCINO,No Risk,High Risk,Low Risk,No Risk,32,Not At-Risk,1,$0 
CA1700592,KONOCTI SHORES,LAKE,DISTRICT 03 - MENDOCINO,High Risk,Low Risk,No Risk,Low Risk,277,At-Risk,1,$0 
CA1700595,CAL 20 VILLAGE AND MEADOW POINTE PARK,LAKE,DISTRICT 03 - MENDOCINO,Low Risk,Low Risk,Low Risk,No Risk,255,Not At-Risk,1,$0 
CA1700596,BLUE LAKES VILLAGE,LAKE,DISTRICT 03 - MENDOCINO,No Risk,High Risk,No Risk,Medium Risk,65,Potentially At-Risk,1,$0 
CA1700606,BAYCLIFF WATER,LAKE,DISTRICT 03 - MENDOCINO,Low Risk,High Risk,No Risk,No Risk,70,Not At-Risk,1,$0 
CA1700609,LAZY S MOBILE RANCH,LAKE,DISTRICT 03 - MENDOCINO,Low Risk,High Risk,No Risk,Medium Risk,73,Failing,1,$0 
CA1700610,BELLA LAGO MOBILE HOME PARK,LAKE,DISTRICT 03 - MENDOCINO,Low Risk,High Risk,No Risk,Low Risk,152,Potentially At-Risk,1,$0 
CA1700630,PIER 1900 HOMEOWNER'S ASSOCIATION,LAKE,DISTRICT 03 - MENDOCINO,Low Risk,High Risk,Low Risk,Medium Risk,152,Potentially At-Risk,1,$0 
CA1700657,WINDFLOWER POINT MUTUAL WATER COMPANY,LAKE,DISTRICT 03 - MENDOCINO,Low Risk,High Risk,High Risk,No Risk,25,At-Risk,1,$0 
CA1700674,WALNUT COVE MOBILE ESTATES,LAKE,DISTRICT 03 - MENDOCINO,Medium Risk,High Risk,No Risk,Low Risk,200,At-Risk,1,$0 
CA1700702,INNISFREE WATER COMPANY,LAKE,DISTRICT 03 - MENDOCINO,Medium Risk,High Risk,No Risk,High Risk,56,At-Risk,1,$0 
CA1710001,CLEARLAKE OAKS COUNTY WATER DISTRICT,LAKE,DISTRICT 03 - MENDOCINO,Low Risk,High Risk,High Risk,Low Risk,"2,359",Failing,1,$0 
CA1710002,GOLDEN STATE WATER CO.-CLEARLAKE SYSTEM,LAKE,DISTRICT 03 - MENDOCINO,No Risk,No Risk,High Risk,No Risk,"4,644",Not At-Risk,1,$0 
CA1710003,HIGHLANDS MUTUAL WATER COMPANY,LAKE,DISTRICT 03 - MENDOCINO,Low Risk,No Risk,High Risk,No Risk,"7,772",Not At-Risk,1,$0 
CA1710004,"LAKEPORT, CITY OF",LAKE,DISTRICT 03 - MENDOCINO,No Risk,Low Risk,No Risk,Low Risk,"4,762",Not At-Risk,1,$0 
CA1710005,LUCERNE WATER CO. - CAL WATER SERVICE,LAKE,DISTRICT 03 - MENDOCINO,No Risk,High Risk,Medium Risk,No Risk,"2,129",Not At-Risk,1,$0 
CA1710006,KONOCTI COUNTY WATER DISTRICT,LAKE,DISTRICT 03 - MENDOCINO,No Risk,No Risk,Low Risk,Medium Risk,"5,928",Not At-Risk,1,"$21,461,264 "
CA1710007,KELSEYVILLE CO WATERWORKS DISTRICT 3,LAKE,DISTRICT 03 - MENDOCINO,No Risk,Low Risk,Low Risk,Low Risk,"4,102",Not At-Risk,1,$0 
CA1710008,NICE MUTUAL WATER COMPANY,LAKE,DISTRICT 03 - MENDOCINO,Low Risk,High Risk,No Risk,No Risk,"2,929",Not At-Risk,1,"$442,422 "
CA1710009,UPPER LAKE COUNTY WATER DISTRICT,LAKE,DISTRICT 03 - MENDOCINO,No Risk,Low Risk,Low Risk,Medium Risk,989,Not At-Risk,1,$0 
CA1710010,LOWER LAKE COUNTY WATER DISTRICT,LAKE,DISTRICT 03 - MENDOCINO,Low Risk,Low Risk,High Risk,High Risk,"1,326",Failing,1,$0 
CA1710011,BUCKINGHAM PARK WATER DISTRICT,LAKE,DISTRICT 03 - MENDOCINO,Low Risk,High Risk,Medium Risk,Low Risk,"1,521",Potentially At-Risk,1,$0 
CA1710012,COBB AREA COUNTY WATER DISTRICT,LAKE,DISTRICT 03 - MENDOCINO,No Risk,No Risk,Medium Risk,Low Risk,"3,515",Not At-Risk,1,"$8,213,145 "
CA1710013,CALLAYOMI COUNTY WATER DISTRICT,LAKE,DISTRICT 03 - MENDOCINO,Low Risk,Low Risk,No Risk,Low Risk,"1,598",Not At-Risk,1,"$3,127,965 "
CA1710014,MT. KONOCTI MUTUAL WATER COMPANY,LAKE,DISTRICT 03 - MENDOCINO,Low Risk,High Risk,No Risk,Low Risk,"4,360",Not At-Risk,1,$0 
CA1710015,HIDDEN VALLEY LAKE CSD,LAKE,DISTRICT 03 - MENDOCINO,Medium Risk,Low Risk,High Risk,Low Risk,"6,235",At-Risk,1,$0 
CA1710018,LAKE COUNTY CSA 2 - SPRING VALLEY,LAKE,DISTRICT 03 - MENDOCINO,No Risk,High Risk,Medium Risk,Low Risk,"1,531",Potentially At-Risk,1,"$387,003 "
CA1710021,LAKE COUNTY CSA 21 - NORTH LAKEPORT,LAKE,DISTRICT 03 - MENDOCINO,No Risk,No Risk,Low Risk,Low Risk,"4,046",Not At-Risk,1,$0 
CA1710022,LAKE COUNTY CSA 20 - SODA BAY,LAKE,DISTRICT 03 - MENDOCINO,Low Risk,High Risk,No Risk,Low Risk,"2,003",Not At-Risk,1,"$124,762 "
CA1710800,CDF-KONOCTI CONSERVATION CAMP NO. 27,LAKE,DISTRICT 03 - MENDOCINO,High Risk,High Risk,No Risk,Medium Risk,100,At-Risk,1,$0 
CA1800503,SUSAN RIVER PARK WATER CO.,LASSEN,DISTRICT 02 - LASSEN,Low Risk,Low Risk,High Risk,Medium Risk,140,Potentially At-Risk,1,$0 
CA1800511,LAKE FOREST MUTUAL W.C.,LASSEN,DISTRICT 02 - LASSEN,No Risk,Low Risk,No Risk,No Risk,565,Not At-Risk,1,$0 
CA1800512,CLEAR CREEK CSD-WESTWOOD,LASSEN,DISTRICT 02 - LASSEN,No Risk,High Risk,Medium Risk,Low Risk,400,Not At-Risk,1,"$7,521,494 "
CA1800516,LITTLE VALLEY CSD,LASSEN,DISTRICT 02 - LASSEN,No Risk,High Risk,No Risk,High Risk,70,At-Risk,1,$0 
CA1800522,HONEY LAKE CAMPGROUND,LASSEN,DISTRICT 02 - LASSEN,No Risk,Low Risk,Low Risk,Low Risk,25,Not At-Risk,1,$0 
CA1800523,PINEVIEW MOBILE HOME PARK,LASSEN,DISTRICT 02 - LASSEN,No Risk,High Risk,No Risk,High Risk,80,Potentially At-Risk,1,$0 
CA1800524,LASSEN MOBILE HOME PARK,LASSEN,DISTRICT 02 - LASSEN,No Risk,High Risk,Low Risk,Low Risk,62,Not At-Risk,1,$0 
CA1800529,SUSAN HILLS ESTATES WC,LASSEN,DISTRICT 02 - LASSEN,No Risk,Low Risk,No Risk,No Risk,252,Not At-Risk,1,$0 
CA1800534,SPAULDING EAGLE LAKE MWC,LASSEN,DISTRICT 02 - LASSEN,No Risk,Medium Risk,High Risk,Low Risk,317,Potentially At-Risk,1,$0 
CA1800573,RICHMOND ELEMENTARY SCHOOL,LASSEN,DISTRICT 02 - LASSEN,Medium Risk,High Risk,No Risk,No Risk,221,Potentially At-Risk,1,$0 
CA1800574,JOHNSTONVILLE ELEMENTARY SCHOOL,LASSEN,DISTRICT 02 - LASSEN,No Risk,High Risk,Low Risk,No Risk,230,At-Risk,1,$0 
CA1800575,SHAFFER ELEMENTARY SCHOOL,LASSEN,DISTRICT 02 - LASSEN,No Risk,Low Risk,No Risk,No Risk,250,Not At-Risk,1,"$855,642 "
CA1800576,LONG VALLEY CHARTER SCHOOL,LASSEN,DISTRICT 02 - LASSEN,Medium Risk,High Risk,Low Risk,No Risk,196,Potentially At-Risk,1,$0 
CA1800577,JANESVILLE ELEMENTARY SCHOOL,LASSEN,DISTRICT 02 - LASSEN,No Risk,High Risk,No Risk,No Risk,400,Not At-Risk,1,$0 
CA1805004,CDCR-HIGH DESERT STATE PRISON,LASSEN,DISTRICT 02 - LASSEN,Medium Risk,Low Risk,No Risk,Low Risk,"3,857",Potentially At-Risk,1,$0 
CA1805007,HERLONG PUBLIC UTILITY DISTRICT,LASSEN,DISTRICT 02 - LASSEN,No Risk,Low Risk,High Risk,No Risk,"2,114",Not At-Risk,1,"$5,360,698 "
CA1810001,CITY OF SUSANVILLE,LASSEN,DISTRICT 02 - LASSEN,No Risk,Low Risk,Low Risk,Low Risk,"7,811",Not At-Risk,1,$0 
CA1810002,WESTWOOD C.S.D.,LASSEN,DISTRICT 02 - LASSEN,No Risk,High Risk,High Risk,No Risk,"1,662",Potentially At-Risk,1,$0 
CA1810003,LASSEN COUNTY WATER DISTRICT #1,LASSEN,DISTRICT 02 - LASSEN,High Risk,Low Risk,High Risk,Low Risk,450,At-Risk,1,$0 
CA1810004,LEAVITT LAKE CSD,LASSEN,DISTRICT 02 - LASSEN,No Risk,Low Risk,Low Risk,Low Risk,950,Not At-Risk,1,$0 
CA1900007,CALIFORNIA CONSERVATION CAMP #14,LOS ANGELES,DISTRICT 16 - CENTRAL,No Risk,Low Risk,Low Risk,Medium Risk,107,Not At-Risk,1,$0 
CA1900038,LANCASTER PARK MOBILE HOME PARK,LOS ANGELES,DISTRICT 22 - ANGELES,High Risk,High Risk,Low Risk,Low Risk,60,Failing,1,$0 
CA1900046,PETER PITCHESS HONOR RANCHO DETN. CTR,LOS ANGELES,DISTRICT 22 - ANGELES,Low Risk,No Risk,No Risk,Low Risk,"7,000",Not At-Risk,1,$0 
CA1900055,BLUE SKIES TRAILOR PARK,LOS ANGELES,DISTRICT 07 - HOLLYWOOD,No Risk,High Risk,Medium Risk,No Risk,56,Not At-Risk,1,$0 
CA1900062,LOS ANGELES RESIDENTIAL COMMUNITY FOUNDA,LOS ANGELES,DISTRICT 22 - ANGELES,No Risk,High Risk,No Risk,Medium Risk,184,At-Risk,1,"$2,742,601 "
CA1900074,THE PAINTED TURTLE CAMP,LOS ANGELES,DISTRICT 07 - HOLLYWOOD,No Risk,High Risk,No Risk,Medium Risk,57,Not At-Risk,1,$0 
CA1900075,BLEICH FLATS MUTUAL,LOS ANGELES,DISTRICT 07 - HOLLYWOOD,No Risk,Low Risk,Low Risk,No Risk,42,Not At-Risk,1,$0 
CA1900100,METTLER VALLEY MUTUAL,LOS ANGELES,DISTRICT 15 - METROPOLITAN,High Risk,High Risk,High Risk,Low Risk,160,Failing,1,"$495,000 "
CA1900102,WESTSIDE PARK MUTUAL WATER,LOS ANGELES,DISTRICT 07 - HOLLYWOOD,No Risk,No Risk,Low Risk,Low Risk,495,Not At-Risk,1,$0 
CA1900130,DEL RIO MUTUAL,LOS ANGELES,DISTRICT 22 - ANGELES,Medium Risk,High Risk,High Risk,Low Risk,700,At-Risk,1,$0 
CA1900145,REESEDALE MUTUAL,LOS ANGELES,DISTRICT 15 - METROPOLITAN,No Risk,Low Risk,High Risk,Medium Risk,76,Potentially At-Risk,1,$0 
CA1900146,SUNNYSIDE FARMS MUTUAL WATER COMPANY,LOS ANGELES,DISTRICT 07 - HOLLYWOOD,Low Risk,No Risk,No Risk,No Risk,436,Not At-Risk,1,$0 
CA1900154,TIERRA BONITA MUTUAL WATER,LOS ANGELES,DISTRICT 16 - CENTRAL,High Risk,High Risk,High Risk,Low Risk,75,At-Risk,1,$0 
CA1900155,WILSONA GARDENS MUTUAL,LOS ANGELES,DISTRICT 22 - ANGELES,No Risk,No Risk,High Risk,Low Risk,129,Not At-Risk,1,$0 
CA1900158,LITTLE BALDY WATER,LOS ANGELES,DISTRICT 15 - METROPOLITAN,No Risk,Low Risk,High Risk,High Risk,55,At-Risk,1,"$1,999,999 "
CA1900301,SHADOW ACRES MUTUAL WATER COMPANY,LOS ANGELES,DISTRICT 07 - HOLLYWOOD,No Risk,No Risk,No Risk,Low Risk,450,Not At-Risk,1,$0 
CA1900303,LLANO MUTUAL WATER COMPANY,LOS ANGELES,DISTRICT 15 - METROPOLITAN,No Risk,Medium Risk,High Risk,Low Risk,245,Potentially At-Risk,1,$0 
CA1900304,DEL SUR GARDENS TRAILER PARK,LOS ANGELES,DISTRICT 22 - ANGELES,Not Assessed,Not Assessed,Not Assessed,Not Assessed,25,Not Assessed,1,$0 
CA1900520,THE VILLAGE MOBILE HOME PARK,LOS ANGELES,DISTRICT 07 - HOLLYWOOD,High Risk,High Risk,Low Risk,Medium Risk,71,Failing,1,"$1,215,700 "
CA1900523,WHITE FENCE FARMS MWC NO.3,LOS ANGELES,DISTRICT 22 - ANGELES,High Risk,No Risk,No Risk,High Risk,749,At-Risk,1,$0 
CA1900529,CAMP WILLIAMS-RESORT WATER,LOS ANGELES,DISTRICT 16 - CENTRAL,No Risk,Low Risk,Low Risk,Low Risk,80,Not At-Risk,1,$0 
CA1900537,OAK GROVE MOBILE HOME PARK,LOS ANGELES,DISTRICT 15 - METROPOLITAN,High Risk,High Risk,No Risk,Low Risk,109,At-Risk,1,$0 
CA1900541,WESTERN SKIES MOBILE HOME PARK,LOS ANGELES,DISTRICT 16 - CENTRAL,Medium Risk,High Risk,High Risk,No Risk,198,At-Risk,1,$0 
CA1900542,"LOS ANGELES, CITY OF - POWER PLANT #2",LOS ANGELES,DISTRICT 15 - METROPOLITAN,Medium Risk,High Risk,Low Risk,Low Risk,44,At-Risk,1,$0 
CA1900555,"LOS ANGELES, CITY OF - POWER PLANT #1",LOS ANGELES,DISTRICT 15 - METROPOLITAN,Medium Risk,High Risk,Low Risk,Low Risk,29,At-Risk,1,$0 
CA1900563,"SUNDALE MUTUAL WATER COMPANY A, B",LOS ANGELES,DISTRICT 07 - HOLLYWOOD,No Risk,Low Risk,Low Risk,No Risk,"1,050",Not At-Risk,1,$0 
CA1900599,VALHALLA WATER ASSOCIATION,LOS ANGELES,DISTRICT 22 - ANGELES,No Risk,High Risk,No Risk,Low Risk,25,Potentially At-Risk,1,$0 
CA1900616,THE RIVER COMMUNITY,LOS ANGELES,DISTRICT 16 - CENTRAL,No Risk,High Risk,Low Risk,Low Risk,35,Potentially At-Risk,1,$0 
CA1900636,EL RANCHO MOBILE HOME PARK,LOS ANGELES,DISTRICT 16 - CENTRAL,Low Risk,High Risk,High Risk,Low Risk,215,At-Risk,1,$0 
CA1900649,GOLDEN SANDS MOBILE HOME PARK,LOS ANGELES,DISTRICT 07 - HOLLYWOOD,Low Risk,High Risk,Medium Risk,Low Risk,450,At-Risk,1,$0 
CA1900693,DESERT PALMS MOBILE HOME PARK,LOS ANGELES,DISTRICT 16 - CENTRAL,No Risk,High Risk,High Risk,Low Risk,140,At-Risk,1,"$328,726 "
CA1900707,ILEAD AGUA DULCE CHARTER SCHOOL,LOS ANGELES,DISTRICT 15 - METROPOLITAN,Medium Risk,High Risk,No Risk,No Risk,450,Potentially At-Risk,1,$0 
CA1900717,CASA DULCE ESTATES,LOS ANGELES,DISTRICT 15 - METROPOLITAN,Low Risk,High Risk,No Risk,No Risk,24,Not At-Risk,1,$0 
CA1900721,TERRA NOVA MOBILE HOME PARK,LOS ANGELES,DISTRICT 16 - CENTRAL,Medium Risk,High Risk,Medium Risk,Low Risk,140,At-Risk,1,$0 
CA1900750,DEL SUR SCHOOL/WESTSIDE UNION DISTRICT,LOS ANGELES,DISTRICT 22 - ANGELES,Low Risk,High Risk,Low Risk,No Risk,825,Not At-Risk,1,$0 
CA1900751,EASTSIDE UNION SCHOOL DISTRICT,LOS ANGELES,DISTRICT 22 - ANGELES,No Risk,High Risk,Low Risk,No Risk,650,At-Risk,1,$0 
CA1900767,GOLDEN VALLEY MUNICIPAL WATER DISTRICT,LOS ANGELES,DISTRICT 22 - ANGELES,No Risk,High Risk,High Risk,Low Risk,70,Potentially At-Risk,1,$0 
CA1900785,MITCHELL'S AVENUE E MOBILE HOME PARK,LOS ANGELES,DISTRICT 16 - CENTRAL,High Risk,High Risk,High Risk,Low Risk,24,Failing,1,"$1,588,390 "
CA1900794,ANTELOPE PARK MUTUAL WATER COMPANY,LOS ANGELES,DISTRICT 22 - ANGELES,Low Risk,Low Risk,High Risk,Low Risk,445,At-Risk,1,$0 
CA1900801,COLORADO MUTUAL WATER COMPANY,LOS ANGELES,DISTRICT 16 - CENTRAL,No Risk,Low Risk,Low Risk,Low Risk,39,Not At-Risk,1,$0 
CA1900803,EL DORADO MUTUAL WATER CO.,LOS ANGELES,DISTRICT 15 - METROPOLITAN,No Risk,No Risk,Low Risk,No Risk,660,Not At-Risk,1,$0 
CA1900804,EVERGREEN MUTUAL WATER COMPANY,LOS ANGELES,DISTRICT 16 - CENTRAL,No Risk,High Risk,Low Risk,No Risk,98,At-Risk,1,$0 
CA1900808,LANCASTER WATER COMPANY,LOS ANGELES,DISTRICT 07 - HOLLYWOOD,High Risk,Low Risk,High Risk,Low Risk,80,At-Risk,1,$0 
CA1900809,LANDALE MUTUAL WATER COMPANY,LOS ANGELES,DISTRICT 15 - METROPOLITAN,No Risk,No Risk,Medium Risk,No Risk,550,Not At-Risk,1,$0 
CA1900817,CLEAR SKIES MOBILE HOME PARK,LOS ANGELES,DISTRICT 16 - CENTRAL,Medium Risk,High Risk,Medium Risk,Low Risk,131,At-Risk,1,$0 
CA1900843,CALIFORNIAN MOBILE HOME PARK,LOS ANGELES,DISTRICT 07 - HOLLYWOOD,Medium Risk,High Risk,Medium Risk,Medium Risk,372,At-Risk,1,$0 
CA1900849,LLANO DEL RIO WATER COMPANY,LOS ANGELES,DISTRICT 15 - METROPOLITAN,No Risk,Low Risk,Medium Risk,Low Risk,545,Not At-Risk,1,$0 
CA1900868,RIVERS END TRAILER PARK,LOS ANGELES,DISTRICT 22 - ANGELES,No Risk,High Risk,Low Risk,Medium Risk,35,At-Risk,1,$0 
CA1900886,HUGHES-ELIZABETH LAKE UNIFIED SCHOOL DIS,LOS ANGELES,DISTRICT 07 - HOLLYWOOD,No Risk,Low Risk,No Risk,No Risk,550,Not At-Risk,1,$0 
CA1900901,FIRE SUPPRESSION CAMP #19,LOS ANGELES,DISTRICT 16 - CENTRAL,No Risk,Low Risk,Low Risk,Medium Risk,125,Not At-Risk,1,$0 
CA1900903,SLEEPY VALLEY WATER COMPANY,LOS ANGELES,DISTRICT 22 - ANGELES,High Risk,Low Risk,High Risk,No Risk,160,At-Risk,1,$0 
CA1900907,SHERWOOD MOBILE HOME PARK,LOS ANGELES,DISTRICT 16 - CENTRAL,Low Risk,Low Risk,Medium Risk,No Risk,540,Not At-Risk,1,$0 
CA1900913,LILY OF THE VALLEY MOBILE VILLAGE,LOS ANGELES,DISTRICT 22 - ANGELES,No Risk,High Risk,No Risk,No Risk,657,Not At-Risk,1,"$2,742,601 "
CA1900936,AQUA J. MUTUAL WATER COMPANY,LOS ANGELES,DISTRICT 15 - METROPOLITAN,No Risk,High Risk,Low Risk,Low Risk,158,Not At-Risk,1,$0 
CA1900942,ALPINE SPRINGS MOBILE HOME PARK,LOS ANGELES,DISTRICT 07 - HOLLYWOOD,Low Risk,High Risk,No Risk,Low Risk,175,Failing,1,"$128,125 "
CA1900961,WINTERHAVEN MOBILE ESTATES,LOS ANGELES,DISTRICT 15 - METROPOLITAN,High Risk,High Risk,Low Risk,Medium Risk,56,Failing,1,$0 
CA1900975,CALI LAKE RV RESORT,LOS ANGELES,DISTRICT 22 - ANGELES,Low Risk,High Risk,No Risk,Medium Risk,99,At-Risk,1,$0 
CA1907014,NORTH TRAILS MUTUAL WATER COMPANY,LOS ANGELES,DISTRICT 15 - METROPOLITAN,High Risk,High Risk,No Risk,No Risk,100,Failing,1,$0 
CA1907028,SPV WATER COMPANY,LOS ANGELES,DISTRICT 15 - METROPOLITAN,Low Risk,High Risk,High Risk,No Risk,211,At-Risk,1,$0 
CA1909006,WEST VALLEY COUNTY WATER DISTRICT,LOS ANGELES,DISTRICT 22 - ANGELES,Medium Risk,Low Risk,High Risk,Low Risk,798,At-Risk,1,$0 
CA1910001,CITY OF ALHAMBRA,LOS ANGELES,DISTRICT 16 - CENTRAL,High Risk,No Risk,Low Risk,Low Risk,"79,776",At-Risk,1,$0 
CA1910002,AMARILLO MUTUAL WATER COMPANY,LOS ANGELES,DISTRICT 07 - HOLLYWOOD,High Risk,No Risk,Medium Risk,Low Risk,"3,134",At-Risk,1,$0 
CA1910003,CITY OF ARCADIA,LOS ANGELES,DISTRICT 22 - ANGELES,Medium Risk,No Risk,No Risk,Low Risk,"51,361",Not At-Risk,1,$0 
CA1910004,GSWC - ARTESIA,LOS ANGELES,DISTRICT 15 - METROPOLITAN,No Risk,No Risk,Low Risk,No Risk,"50,375",Not At-Risk,1,$0 
CA1910005,"LOS ANGELES CWWD 40, REG. 38-LAKE LA",LOS ANGELES,DISTRICT 16 - CENTRAL,Low Risk,No Risk,Low Risk,Low Risk,"12,568",Not At-Risk,1,$0 
CA1910006,SO. CAL. EDISON CO.-SANTA CATALINA,LOS ANGELES,DISTRICT 16 - CENTRAL,No Risk,No Risk,High Risk,Low Risk,"3,822",Potentially At-Risk,1,$0 
CA1910007,AZUSA LIGHT AND WATER,LOS ANGELES,DISTRICT 16 - CENTRAL,Not Assessed,Not Assessed,Not Assessed,Not Assessed,"110,044",Not Assessed,1,$0 
CA1910009,VALLEY COUNTY WATER DIST.,LOS ANGELES,DISTRICT 15 - METROPOLITAN,High Risk,No Risk,Low Risk,Low Risk,"68,871",At-Risk,1,$0 
CA1910010,CALIFORNIA WATER SERVICE CO.-LANCASTER,LOS ANGELES,DISTRICT 22 - ANGELES,Medium Risk,No Risk,No Risk,No Risk,"1,387",Not At-Risk,1,$0 
CA1910011,"GSWC - BELL, BELL GARDENS",LOS ANGELES,DISTRICT 15 - METROPOLITAN,Medium Risk,No Risk,Medium Risk,No Risk,"54,877",Not At-Risk,1,$0 
CA1910012,BELLFLOWER HOME GARDEN WATER COMPANY,LOS ANGELES,DISTRICT 16 - CENTRAL,No Risk,Medium Risk,Medium Risk,No Risk,"1,129",Not At-Risk,1,$0 
CA1910013,BELLFLOWER - SOMERSET MWC,LOS ANGELES,DISTRICT 07 - HOLLYWOOD,Medium Risk,No Risk,Medium Risk,No Risk,"46,300",Not At-Risk,1,$0 
CA1910018,BELLFLOWER MUNICIPAL WATER SYSTEM,LOS ANGELES,DISTRICT 16 - CENTRAL,No Risk,No Risk,No Risk,No Risk,"5,999",Not At-Risk,1,$0 
CA1910019,"CERRITOS - CITY, WATER DEPT.",LOS ANGELES,DISTRICT 16 - CENTRAL,Low Risk,No Risk,No Risk,Low Risk,"47,475",Not At-Risk,1,$0 
CA1910020,CAL-AM WATER COMPANY - EAST PASADENA,LOS ANGELES,DISTRICT 22 - ANGELES,Medium Risk,Medium Risk,Low Risk,No Risk,"9,949",Failing,1,$0 
CA1910021,LIBERTY UTILITIES - COMPTON,LOS ANGELES,DISTRICT 22 - ANGELES,No Risk,No Risk,Low Risk,Medium Risk,"26,371",Not At-Risk,1,$0 
CA1910022,CALIF STATE POLYTECHNICAL UNIV - POMONA,LOS ANGELES,DISTRICT 22 - ANGELES,High Risk,No Risk,No Risk,Low Risk,"29,854",At-Risk,1,$0 
CA1910023,AVERYDALE MWC,LOS ANGELES,DISTRICT 16 - CENTRAL,High Risk,Low Risk,High Risk,No Risk,"1,023",At-Risk,1,$0 
CA1910024,GSWC - CLAREMONT,LOS ANGELES,DISTRICT 07 - HOLLYWOOD,Medium Risk,No Risk,No Risk,No Risk,"39,730",Not At-Risk,1,$0 
CA1910025,"LOS ANGELES CWWD 40, REG. 39-ROCK CREEK",LOS ANGELES,DISTRICT 16 - CENTRAL,No Risk,No Risk,Low Risk,No Risk,994,Not At-Risk,1,$0 
CA1910026,"COMPTON-CITY, WATER DEPT.",LOS ANGELES,DISTRICT 22 - ANGELES,No Risk,No Risk,Medium Risk,Low Risk,"74,877",Not At-Risk,1,$0 
CA1910027,"LOS ANGELES CWWD 40, REG. 35-N.E. L.A.",LOS ANGELES,DISTRICT 16 - CENTRAL,Medium Risk,No Risk,Low Risk,No Risk,612,Not At-Risk,1,$0 
CA1910028,CRESCENTA VALLEY CWD,LOS ANGELES,DISTRICT 15 - METROPOLITAN,High Risk,No Risk,No Risk,No Risk,"35,841",Potentially At-Risk,1,$0 
CA1910029,CITY OF INDUSTRY WATERWORKS SYSTEMS,LOS ANGELES,DISTRICT 07 - HOLLYWOOD,No Risk,No Risk,No Risk,Low Risk,"6,158",Not At-Risk,1,$0 
CA1910030,GSWC - CULVER CITY,LOS ANGELES,DISTRICT 15 - METROPOLITAN,No Risk,No Risk,No Risk,No Risk,"38,213",Not At-Risk,1,$0 
CA1910032,FOOTHILL MUNICIPAL WATER DIST.,LOS ANGELES,DISTRICT 07 - HOLLYWOOD,Not Assessed,Not Assessed,Not Assessed,Not Assessed,0,Not Assessed,1,$0 
CA1910033,CALIFORNIA WATER SERVICE CO. - DOMINGUEZ,LOS ANGELES,DISTRICT 22 - ANGELES,Not Assessed,Not Assessed,Not Assessed,Not Assessed,"143,996",Not Assessed,1,$0 
CA1910034,"DOWNEY - CITY, WATER DEPT.",LOS ANGELES,DISTRICT 16 - CENTRAL,Not Assessed,Not Assessed,Not Assessed,Not Assessed,"108,816",Not Assessed,1,$0 
CA1910035,KINNELOA IRRIGATION DIST.,LOS ANGELES,DISTRICT 07 - HOLLYWOOD,Medium Risk,No Risk,No Risk,High Risk,"1,960",Potentially At-Risk,1,$0 
CA1910036,CALIFORNIA WATER SERVICE CO. - ELA,LOS ANGELES,DISTRICT 22 - ANGELES,Not Assessed,Not Assessed,Not Assessed,Not Assessed,"152,474",Not Assessed,1,$0 
CA1910038,"EL MONTE-CITY, WATER DEPT.",LOS ANGELES,DISTRICT 16 - CENTRAL,High Risk,No Risk,Medium Risk,No Risk,"22,968",At-Risk,1,$0 
CA1910039,SAN GABRIEL VALLEY WATER CO.-EL MONTE,LOS ANGELES,DISTRICT 22 - ANGELES,Not Assessed,Not Assessed,Not Assessed,Not Assessed,"248,000",Not Assessed,1,$0 
CA1910040,"EL SEGUNDO-CITY, WATER DEPT.",LOS ANGELES,DISTRICT 15 - METROPOLITAN,No Risk,Medium Risk,No Risk,Low Risk,"16,445",At-Risk,1,$0 
CA1910041,THREE VALLEYS MWD,LOS ANGELES,DISTRICT 07 - HOLLYWOOD,Not Assessed,Not Assessed,Not Assessed,Not Assessed,0,Not Assessed,1,$0 
CA1910042,"PICO RIVERA - CITY, WATER DEPT.",LOS ANGELES,DISTRICT 07 - HOLLYWOOD,Medium Risk,Low Risk,Low Risk,Low Risk,"40,600",Potentially At-Risk,1,$0 
CA1910043,"GLENDALE-CITY, WATER DEPT.",LOS ANGELES,DISTRICT 15 - METROPOLITAN,Not Assessed,Not Assessed,Not Assessed,Not Assessed,"188,784",Not Assessed,1,$0 
CA1910044,"GLENDORA-CITY, WATER DEPT.",LOS ANGELES,DISTRICT 07 - HOLLYWOOD,Low Risk,No Risk,No Risk,No Risk,"49,934",Not At-Risk,1,$0 
CA1910045,ANTELOPE VALLEY EAST KERN WATER AGENCY,LOS ANGELES,DISTRICT 16 - CENTRAL,Not Assessed,Not Assessed,Not Assessed,Not Assessed,0,Not Assessed,1,$0 
CA1910046,SUBURBAN WATER SYSTEMS-GLENDORA,LOS ANGELES,DISTRICT 07 - HOLLYWOOD,No Risk,No Risk,Low Risk,No Risk,"5,249",Not At-Risk,1,$0 
CA1910047,HAWTHORNE-CITY WATER DEPT.,LOS ANGELES,DISTRICT 22 - ANGELES,No Risk,No Risk,Medium Risk,No Risk,"44,718",Not At-Risk,1,$0 
CA1910049,"HUNTINGTON PARK-CITY, WATER DEPT.",LOS ANGELES,DISTRICT 22 - ANGELES,No Risk,No Risk,Medium Risk,Low Risk,"15,437",Not At-Risk,1,$0 
CA1910050,"COMMERCE-CITY, WATER DEPT.",LOS ANGELES,DISTRICT 22 - ANGELES,Medium Risk,No Risk,Low Risk,No Risk,"4,205",Not At-Risk,1,$0 
CA1910051,"INGLEWOOD- CITY, WATER DEPT.",LOS ANGELES,DISTRICT 07 - HOLLYWOOD,No Risk,No Risk,Medium Risk,No Risk,"80,824",Not At-Risk,1,$0 
CA1910052,CAL/AM WATER COMPANY - BALDWIN HILLS,LOS ANGELES,DISTRICT 07 - HOLLYWOOD,Low Risk,No Risk,No Risk,No Risk,"20,724",Not At-Risk,1,$0 
CA1910053,HEMLOCK MUTUAL WATER CO.,LOS ANGELES,DISTRICT 22 - ANGELES,High Risk,Low Risk,No Risk,No Risk,686,Potentially At-Risk,1,$0 
CA1910054,LA CANADA IRRIGATION DIST.,LOS ANGELES,DISTRICT 16 - CENTRAL,No Risk,No Risk,No Risk,Low Risk,"9,300",Not At-Risk,1,$0 
CA1910056,LAKE ELIZABETH MUTUAL WATER CO.,LOS ANGELES,DISTRICT 07 - HOLLYWOOD,Low Risk,No Risk,No Risk,No Risk,"1,790",Not At-Risk,1,$0 
CA1910059,SUBURBAN WATER SYSTEMS-LA MIRADA,LOS ANGELES,DISTRICT 07 - HOLLYWOOD,No Risk,No Risk,No Risk,Low Risk,"56,793",Not At-Risk,1,$0 
CA1910060,LA PUENTE VALLEY CWD,LOS ANGELES,DISTRICT 16 - CENTRAL,Low Risk,No Risk,No Risk,Low Risk,"8,243",Not At-Risk,1,$0 
CA1910061,LAS FLORES WATER CO.,LOS ANGELES,DISTRICT 16 - CENTRAL,No Risk,Medium Risk,No Risk,No Risk,"4,847",At-Risk,1,$0 
CA1910062,"LA VERNE, CITY WD",LOS ANGELES,DISTRICT 15 - METROPOLITAN,Low Risk,No Risk,No Risk,Low Risk,"31,334",Not At-Risk,1,$0 
CA1910063,LINCOLN AVENUE WATER CO.,LOS ANGELES,DISTRICT 16 - CENTRAL,High Risk,Medium Risk,No Risk,No Risk,"16,088",At-Risk,1,$0 
CA1910064,LITTLEROCK CREEK IRRIGATION DIST.,LOS ANGELES,DISTRICT 07 - HOLLYWOOD,Low Risk,No Risk,High Risk,Low Risk,"3,040",Not At-Risk,1,$0 
CA1910065,LONG BEACH UTILITIES DEPARTMENT,LOS ANGELES,DISTRICT 07 - HOLLYWOOD,Not Assessed,Not Assessed,Not Assessed,Not Assessed,"466,772",Not Assessed,1,$0 
CA1910066,LEISURE LAKE MOBILE ESTATES,LOS ANGELES,DISTRICT 22 - ANGELES,Medium Risk,Low Risk,Low Risk,Low Risk,325,Potentially At-Risk,1,$0 
CA1910067,"LOS ANGELES-CITY, DEPT. OF WATER & POWER",LOS ANGELES,DISTRICT 15 - METROPOLITAN,Not Assessed,Not Assessed,Not Assessed,Not Assessed,"3,875,566",Not Assessed,1,"$411,584,493 "
CA1910070,LOS ANGELES CWWD 40 REG 4 & 34 LANCASTER,LOS ANGELES,DISTRICT 16 - CENTRAL,Not Assessed,Not Assessed,Not Assessed,Not Assessed,"208,129",Not Assessed,1,"$328,726 "
CA1910072,GSWC - WILLOWBROOK,LOS ANGELES,DISTRICT 15 - METROPOLITAN,No Risk,No Risk,Medium Risk,No Risk,"10,747",Not At-Risk,1,$0 
CA1910073,"LOMITA-CITY, WATER DEPT.",LOS ANGELES,DISTRICT 07 - HOLLYWOOD,No Risk,No Risk,No Risk,No Risk,"20,256",Not At-Risk,1,"$300,000 "
CA1910075,LOS ANGELES CWWD 21-KAGEL CANYON,LOS ANGELES,DISTRICT 16 - CENTRAL,No Risk,High Risk,Low Risk,No Risk,708,At-Risk,1,$0 
CA1910077,GSWC - FLORENCE/GRAHAM,LOS ANGELES,DISTRICT 15 - METROPOLITAN,High Risk,No Risk,Medium Risk,No Risk,"63,500",At-Risk,1,$0 
CA1910079,"LYNWOOD-CITY, WATER DEPT.",LOS ANGELES,DISTRICT 22 - ANGELES,Medium Risk,No Risk,Medium Risk,No Risk,"66,967",Not At-Risk,1,$0 
CA1910081,LYNWOOD PARK MUTUAL WATER CO.,LOS ANGELES,DISTRICT 16 - CENTRAL,High Risk,Low Risk,High Risk,Low Risk,"1,500",At-Risk,1,$0 
CA1910083,"MANHATTAN BEACH-CITY, WATER DEPT.",LOS ANGELES,DISTRICT 16 - CENTRAL,No Risk,No Risk,High Risk,Low Risk,"32,697",Not At-Risk,1,"$3,500,000 "
CA1910084,MAYWOOD MUTUAL WATER CO. #1,LOS ANGELES,DISTRICT 16 - CENTRAL,Medium Risk,No Risk,Medium Risk,Low Risk,"5,500",Potentially At-Risk,1,$0 
CA1910085,MAYWOOD MUTUAL WATER CO. #2,LOS ANGELES,DISTRICT 16 - CENTRAL,No Risk,No Risk,Medium Risk,No Risk,"6,349",Not At-Risk,1,"$2,709,645 "
CA1910086,MAYWOOD MUTUAL WATER CO. #3,LOS ANGELES,DISTRICT 16 - CENTRAL,Low Risk,No Risk,Medium Risk,Low Risk,"6,059",Not At-Risk,1,$0 
CA1910087,METROPOLITAN WATER DIST. OF SO. CAL.,LOS ANGELES,DISTRICT 16 - CENTRAL,Not Assessed,Not Assessed,Not Assessed,Not Assessed,0,Not Assessed,1,$0 
CA1910090,"MONROVIA-CITY, WATER DEPT.",LOS ANGELES,DISTRICT 22 - ANGELES,High Risk,No Risk,No Risk,No Risk,"37,931",Potentially At-Risk,1,$0 
CA1910091,MONTEBELLO LAND & WATER CO.,LOS ANGELES,DISTRICT 16 - CENTRAL,Medium Risk,No Risk,Medium Risk,No Risk,"26,554",Not At-Risk,1,$0 
CA1910092,"MONTEREY PARK-CITY, WATER DEPT.",LOS ANGELES,DISTRICT 07 - HOLLYWOOD,High Risk,No Risk,Low Risk,No Risk,"62,183",At-Risk,1,$0 
CA1910098,GSWC - NORWALK,LOS ANGELES,DISTRICT 15 - METROPOLITAN,Medium Risk,No Risk,Low Risk,No Risk,"43,176",Not At-Risk,1,$0 
CA1910099,PARADISE RANCH MHP,LOS ANGELES,DISTRICT 15 - METROPOLITAN,Medium Risk,High Risk,High Risk,Medium Risk,360,At-Risk,1,$0 
CA1910101,ORCHARD DALE WATER DISTRICT,LOS ANGELES,DISTRICT 07 - HOLLYWOOD,No Risk,No Risk,Low Risk,Low Risk,"25,000",Not At-Risk,1,$0 
CA1910102,PALMDALE WATER DIST.,LOS ANGELES,DISTRICT 07 - HOLLYWOOD,Not Assessed,Not Assessed,Not Assessed,Not Assessed,"126,804",Not Assessed,1,"$128,125 "
CA1910103,PALM RANCH IRRIGATION DIST.,LOS ANGELES,DISTRICT 16 - CENTRAL,Low Risk,No Risk,No Risk,Low Risk,"5,507",Not At-Risk,1,$0 
CA1910104,CALIFORNIA WATER SERVICE CO. - PALOS VER,LOS ANGELES,DISTRICT 22 - ANGELES,No Risk,No Risk,No Risk,No Risk,"71,452",Not At-Risk,1,$0 
CA1910105,"PARAMOUNT - CITY, WATER DEPT.",LOS ANGELES,DISTRICT 07 - HOLLYWOOD,High Risk,No Risk,Medium Risk,Medium Risk,"55,200",At-Risk,1,$0 
CA1910108,CITY OF BELL GARDENS,LOS ANGELES,DISTRICT 15 - METROPOLITAN,Medium Risk,No Risk,Medium Risk,Medium Risk,"11,437",Potentially At-Risk,1,"$1,700,000 "
CA1910117,SAN GABRIEL VALLEY WATER CO-MONTEBELLO 2,LOS ANGELES,DISTRICT 22 - ANGELES,No Risk,No Risk,Low Risk,Low Risk,"7,330",Not At-Risk,1,$0 
CA1910124,PASADENA WATER AND POWER,LOS ANGELES,DISTRICT 15 - METROPOLITAN,Not Assessed,Not Assessed,Not Assessed,Not Assessed,"164,344",Not Assessed,1,$0 
CA1910125,PICO WD,LOS ANGELES,DISTRICT 07 - HOLLYWOOD,Medium Risk,No Risk,Low Risk,No Risk,"22,051",Not At-Risk,1,$0 
CA1910126,"POMONA - CITY, WATER DEPT.",LOS ANGELES,DISTRICT 15 - METROPOLITAN,Not Assessed,Not Assessed,Not Assessed,Not Assessed,"151,713",Not Assessed,1,$0 
CA1910127,"COVINA-CITY, WATER DEPT.",LOS ANGELES,DISTRICT 07 - HOLLYWOOD,No Risk,No Risk,Low Risk,No Risk,"33,300",Not At-Risk,1,$0 
CA1910128,COVINA IRRIGATING CO.,LOS ANGELES,DISTRICT 15 - METROPOLITAN,Not Assessed,Not Assessed,Not Assessed,Not Assessed,0,Not Assessed,1,$0 
CA1910130,QUARTZ HILL WATER DIST.,LOS ANGELES,DISTRICT 16 - CENTRAL,Low Risk,No Risk,No Risk,Low Risk,"19,100",Not At-Risk,1,$0 
CA1910134,CALIFORNIA WATER SERVICE CO. - HERM/REDO,LOS ANGELES,DISTRICT 22 - ANGELES,No Risk,No Risk,No Risk,No Risk,"96,853",Not At-Risk,1,$0 
CA1910139,CAL/AM WATER COMPANY - SAN MARINO,LOS ANGELES,DISTRICT 07 - HOLLYWOOD,High Risk,No Risk,No Risk,No Risk,"47,995",Not At-Risk,1,$0 
CA1910140,RUBIO CANON LAND & WATER ASSOCIATION,LOS ANGELES,DISTRICT 16 - CENTRAL,No Risk,Medium Risk,No Risk,Low Risk,"9,215",At-Risk,1,$0 
CA1910142,GSWC-SAN DIMAS,LOS ANGELES,DISTRICT 07 - HOLLYWOOD,Low Risk,No Risk,No Risk,No Risk,"56,538",Not At-Risk,1,$0 
CA1910143,"SAN FERNANDO-CITY, WATER DEPT.",LOS ANGELES,DISTRICT 16 - CENTRAL,Low Risk,No Risk,Medium Risk,Low Risk,"23,946",Potentially At-Risk,1,"$7,000,000 "
CA1910144,SAN GABRIEL COUNTY WD,LOS ANGELES,DISTRICT 07 - HOLLYWOOD,No Risk,No Risk,Low Risk,Low Risk,"39,345",Not At-Risk,1,$0 
CA1910146,"SANTA MONICA-CITY, WATER DIVISION",LOS ANGELES,DISTRICT 16 - CENTRAL,Low Risk,No Risk,Low Risk,Low Risk,"89,947",Not At-Risk,1,$0 
CA1910147,SUBURBAN WATER SYSTEMS - SATIVA,LOS ANGELES,DISTRICT 22 - ANGELES,Medium Risk,No Risk,Medium Risk,Low Risk,"4,363",Potentially At-Risk,1,"$1,835,178 "
CA1910148,"SIERRA MADRE-CITY, WATER DEPT.",LOS ANGELES,DISTRICT 07 - HOLLYWOOD,No Risk,No Risk,No Risk,Low Risk,"11,000",Not At-Risk,1,$0 
CA1910149,"SIGNAL HILL - CITY, WATER DEPT.",LOS ANGELES,DISTRICT 07 - HOLLYWOOD,Medium Risk,No Risk,Medium Risk,No Risk,"11,848",Failing,1,$0 
CA1910152,"SOUTH GATE-CITY, WATER DEPT.",LOS ANGELES,DISTRICT 22 - ANGELES,Medium Risk,No Risk,Medium Risk,Low Risk,"76,443",Potentially At-Risk,1,$0 
CA1910153,SOUTH MONTEBELLO IRRIGATION DIST.,LOS ANGELES,DISTRICT 22 - ANGELES,High Risk,No Risk,Medium Risk,Low Risk,"15,021",At-Risk,1,$0 
CA1910154,CITY OF SOUTH PASADENA,LOS ANGELES,DISTRICT 16 - CENTRAL,High Risk,No Risk,No Risk,No Risk,"25,329",Not At-Risk,1,"$11,937,930 "
CA1910155,GSWC - SOUTHWEST,LOS ANGELES,DISTRICT 15 - METROPOLITAN,Not Assessed,Not Assessed,Not Assessed,Not Assessed,"277,740",Not Assessed,1,$0 
CA1910156,"BEVERLY HILLS-CITY, WATER DEPT.",LOS ANGELES,DISTRICT 22 - ANGELES,No Risk,No Risk,No Risk,Medium Risk,"40,121",Not At-Risk,1,$0 
CA1910157,SUNNY SLOPE WATER CO.,LOS ANGELES,DISTRICT 15 - METROPOLITAN,High Risk,Low Risk,Low Risk,No Risk,"25,252",Potentially At-Risk,1,$0 
CA1910158,STERLING MUTUAL WATER COMPANY,LOS ANGELES,DISTRICT 22 - ANGELES,Medium Risk,Low Risk,High Risk,Low Risk,198,At-Risk,1,$0 
CA1910159,TRACT 180 MUTUAL WATER CO.,LOS ANGELES,DISTRICT 07 - HOLLYWOOD,Medium Risk,No Risk,Medium Risk,No Risk,"14,000",Not At-Risk,1,$0 
CA1910160,TRACT 349 MUTUAL WATER CO.,LOS ANGELES,DISTRICT 07 - HOLLYWOOD,High Risk,No Risk,Medium Risk,Low Risk,"8,700",Failing,1,"$3,399,231 "
CA1910161,LIBERTY UTILITIES - LYNWOOD,LOS ANGELES,DISTRICT 22 - ANGELES,No Risk,Medium Risk,Medium Risk,Medium Risk,"24,701",At-Risk,1,$0 
CA1910163,VALENCIA HEIGHTS WATER CO.,LOS ANGELES,DISTRICT 16 - CENTRAL,Low Risk,No Risk,No Risk,No Risk,"7,775",Not At-Risk,1,"$1,939,868 "
CA1910165,VALLEY VIEW MUTUAL WATER CO.,LOS ANGELES,DISTRICT 07 - HOLLYWOOD,No Risk,No Risk,Low Risk,Low Risk,"4,613",Not At-Risk,1,$0 
CA1910166,VALLEY WATER CO.,LOS ANGELES,DISTRICT 15 - METROPOLITAN,High Risk,No Risk,No Risk,Low Risk,"10,070",Potentially At-Risk,1,$0 
CA1910167,"VERNON-CITY, WATER DEPT.",LOS ANGELES,DISTRICT 15 - METROPOLITAN,No Risk,No Risk,Low Risk,No Risk,"28,112",Not At-Risk,1,$0 
CA1910169,WALNUT PARK MUTUAL WATER CO.,LOS ANGELES,DISTRICT 07 - HOLLYWOOD,No Risk,No Risk,High Risk,Low Risk,"16,180",Not At-Risk,1,"$3,263,449 "
CA1910173,"WHITTIER-CITY, WATER DEPT.",LOS ANGELES,DISTRICT 07 - HOLLYWOOD,Medium Risk,No Risk,Low Risk,No Risk,"49,954",Not At-Risk,1,$0 
CA1910174,SUBURBAN WATER SYSTEMS-WHITTIER,LOS ANGELES,DISTRICT 07 - HOLLYWOOD,Medium Risk,No Risk,No Risk,Low Risk,"66,045",Not At-Risk,1,$0 
CA1910179,"BURBANK-CITY, WATER DEPT.",LOS ANGELES,DISTRICT 07 - HOLLYWOOD,Not Assessed,Not Assessed,Not Assessed,Not Assessed,"105,603",Not Assessed,1,$0 
CA1910185,LOS ANGELES CWWD 36-VAL VERDE,LOS ANGELES,DISTRICT 16 - CENTRAL,No Risk,No Risk,No Risk,No Risk,"6,376",Not At-Risk,1,"$3,750,000 "
CA1910186,CAL-AM WATER COMPANY - DUARTE,LOS ANGELES,DISTRICT 07 - HOLLYWOOD,Low Risk,No Risk,No Risk,No Risk,"24,773",Not At-Risk,1,$0 
CA1910189,SAN GABRIEL VALLEY WATER CO-MONTEBELLO 1,LOS ANGELES,DISTRICT 22 - ANGELES,No Risk,No Risk,No Risk,Low Risk,"9,630",Not At-Risk,1,$0 
CA1910191,"NORWALK - CITY, WATER DEPT.",LOS ANGELES,DISTRICT 15 - METROPOLITAN,No Risk,No Risk,Low Risk,No Risk,"20,283",Not At-Risk,1,$0 
CA1910194,ROWLAND WATER DISTRICT,LOS ANGELES,DISTRICT 22 - ANGELES,No Risk,No Risk,No Risk,No Risk,"54,660",Not At-Risk,1,$0 
CA1910195,GSWC - HOLLYDALE,LOS ANGELES,DISTRICT 15 - METROPOLITAN,No Risk,No Risk,Low Risk,No Risk,"8,099",Not At-Risk,1,$0 
CA1910199,CALIFORNIA DOMESTIC WATER COMPANY,LOS ANGELES,DISTRICT 15 - METROPOLITAN,Not Assessed,Not Assessed,Not Assessed,Not Assessed,0,Not Assessed,1,$0 
CA1910200,SUBURBAN WATER SYSTEMS-COVINA KNOLLS,LOS ANGELES,DISTRICT 07 - HOLLYWOOD,No Risk,No Risk,No Risk,No Risk,"1,437",Not At-Risk,1,$0 
CA1910203,"LOS ANGELES CWWD 40, R 24,27,33-PEARBLSM",LOS ANGELES,DISTRICT 16 - CENTRAL,No Risk,No Risk,Medium Risk,Low Risk,"11,509",Not At-Risk,1,$0 
CA1910204,LOS ANGELES CWWD 29 & 80-MALIBU,LOS ANGELES,DISTRICT 16 - CENTRAL,No Risk,No Risk,No Risk,Low Risk,"32,348",Not At-Risk,1,$0 
CA1910205,SUBURBAN WATER SYSTEMS-SAN JOSE,LOS ANGELES,DISTRICT 07 - HOLLYWOOD,Not Assessed,Not Assessed,Not Assessed,Not Assessed,"168,843",Not Assessed,1,$0 
CA1910211,LIBERTY UTILITIES - BELLFLOWER-NORWALK,LOS ANGELES,DISTRICT 22 - ANGELES,Medium Risk,No Risk,Low Risk,Medium Risk,"72,624",Potentially At-Risk,1,$0 
CA1910212,GSWC-SOUTH ARCADIA,LOS ANGELES,DISTRICT 07 - HOLLYWOOD,Low Risk,No Risk,Low Risk,No Risk,"27,072",Not At-Risk,1,$0 
CA1910213,"TORRANCE-CITY, WATER DEPT.",LOS ANGELES,DISTRICT 15 - METROPOLITAN,Not Assessed,Not Assessed,Not Assessed,Not Assessed,"106,183",Not Assessed,1,"$14,338,835 "
CA1910218,LA HABRA HEIGHTS CWD,LOS ANGELES,DISTRICT 07 - HOLLYWOOD,Medium Risk,No Risk,Low Risk,No Risk,"5,325",Not At-Risk,1,$0 
CA1910223,GSWC-SOUTH SAN GABRIEL,LOS ANGELES,DISTRICT 07 - HOLLYWOOD,High Risk,No Risk,Medium Risk,No Risk,"26,240",At-Risk,1,$0 
CA1910225,LAS VIRGENES MWD,LOS ANGELES,DISTRICT 07 - HOLLYWOOD,No Risk,No Risk,No Risk,No Risk,"72,602",Not At-Risk,1,$0 
CA1910234,WALNUT VALLEY WATER DISTRICT,LOS ANGELES,DISTRICT 16 - CENTRAL,Not Assessed,Not Assessed,Not Assessed,Not Assessed,"100,941",Not Assessed,1,$0 
CA1910239,"LAKEWOOD - CITY, WATER DEPT.",LOS ANGELES,DISTRICT 15 - METROPOLITAN,Medium Risk,No Risk,No Risk,Low Risk,"66,135",Not At-Risk,1,$0 
CA1910240,SANTA CLARITA VALLEY WATER AGENCY,LOS ANGELES,DISTRICT 22 - ANGELES,Not Assessed,Not Assessed,Not Assessed,Not Assessed,"294,090",Not Assessed,1,$0 
CA1910241,LIBERTY UTILITIES - MESA CREST,LOS ANGELES,DISTRICT 16 - CENTRAL,No Risk,High Risk,No Risk,Medium Risk,"1,619",At-Risk,1,$0 
CA1910242,CALIFORNIA WATER SERVICE CO-LAKE HUGHES,LOS ANGELES,DISTRICT 22 - ANGELES,High Risk,Low Risk,No Risk,No Risk,929,Potentially At-Risk,1,$0 
CA1910243,CALIFORNIA WATER SERVICE CO-LEONA VALLEY,LOS ANGELES,DISTRICT 22 - ANGELES,High Risk,No Risk,No Risk,No Risk,878,At-Risk,1,$0 
CA1910244,GREEN VALLEY CWD,LOS ANGELES,DISTRICT 15 - METROPOLITAN,High Risk,Low Risk,Low Risk,No Risk,"1,275",Potentially At-Risk,1,$0 
CA1910245,"SANTA FE SPRINGS - CITY, WATER DEPT.",LOS ANGELES,DISTRICT 22 - ANGELES,No Risk,No Risk,Low Risk,Low Risk,"19,219",Not At-Risk,1,$0 
CA1910246,LAND PROJECTS MUTUAL WATER CO.,LOS ANGELES,DISTRICT 07 - HOLLYWOOD,High Risk,Low Risk,No Risk,Low Risk,"2,800",Failing,1,$0 
CA1910248,LOS ANGELES CWWD 37-ACTON,LOS ANGELES,DISTRICT 16 - CENTRAL,Low Risk,No Risk,Low Risk,Low Risk,"4,805",Not At-Risk,1,$0 
CA1910249,WHITE FENCE FARMS MWC NO. 1,LOS ANGELES,DISTRICT 22 - ANGELES,Low Risk,No Risk,No Risk,No Risk,"1,518",Not At-Risk,1,$0 
CA1910801,FENNER CANYON YOUTH CONSERVATION CAMP,LOS ANGELES,DISTRICT 15 - METROPOLITAN,No Risk,High Risk,Low Risk,Medium Risk,65,At-Risk,1,$0 
CA2000202,YOSEMITE LAKES COMMUNITY CHURCH,MADERA,LPA50 - MADERA COUNTY,Not Assessed,Not Assessed,Not Assessed,Not Assessed,551,Not Assessed,1,$0 
CA2000206,ETAA FACILITIES LLC,MADERA,LPA50 - MADERA COUNTY,No Risk,High Risk,Low Risk,No Risk,736,Potentially At-Risk,1,$0 
CA2000293,MD 46 AHWAHNEE RESORTS,MADERA,LPA50 - MADERA COUNTY,Medium Risk,Low Risk,High Risk,Low Risk,300,At-Risk,1,"$338,408 "
CA2000501,BASS LAKE ANNEX 3,MADERA,LPA50 - MADERA COUNTY,High Risk,Low Risk,Low Risk,Medium Risk,42,Failing,1,$0 
CA2000502,BASS LAKE HEIGHTS MUTUAL WATER,MADERA,LPA50 - MADERA COUNTY,High Risk,Low Risk,No Risk,Low Risk,250,Potentially At-Risk,1,$0 
CA2000506,SIERRA LINDA MUTUAL WATER CO,MADERA,LPA50 - MADERA COUNTY,High Risk,Low Risk,Low Risk,No Risk,200,Failing,1,$0 
CA2000509,CASCADEL MUTUAL WATER SYSTEM,MADERA,LPA50 - MADERA COUNTY,No Risk,Low Risk,High Risk,Low Risk,137,Not At-Risk,1,$0 
CA2000511,MD 85 VALETA,MADERA,LPA50 - MADERA COUNTY,No Risk,High Risk,High Risk,No Risk,45,At-Risk,1,"$400,000 "
CA2000512,EAST ACRES MUTUAL WATER COMPANY,MADERA,LPA50 - MADERA COUNTY,High Risk,High Risk,High Risk,Low Risk,250,Failing,1,$0 
CA2000521,BROADVIEW TERRACE MUTUAL WATER COMPANY,MADERA,DISTRICT 11 - MERCED,No Risk,No Risk,No Risk,No Risk,498,Not At-Risk,1,$0 
CA2000524,SKY ACRES MUTUAL WATER CORP,MADERA,LPA50 - MADERA COUNTY,High Risk,Low Risk,No Risk,No Risk,175,Failing,1,$0 
CA2000526,PIKE RANCH MUTUAL WATER CO,MADERA,LPA50 - MADERA COUNTY,High Risk,High Risk,High Risk,Low Risk,74,Failing,1,$0 
CA2000527,YOSEMITE FORKS EST MUTUAL,MADERA,LPA50 - MADERA COUNTY,Low Risk,Low Risk,No Risk,Medium Risk,110,Failing,1,"$990,000 "
CA2000529,BONADELLE RANCHOS NO. 2  MUTUAL WATER CO,MADERA,LPA50 - MADERA COUNTY,Low Risk,High Risk,No Risk,Low Risk,142,At-Risk,1,$0 
CA2000530,CRASS MUTUAL WATER COMPANY,MADERA,LPA50 - MADERA COUNTY,No Risk,High Risk,Medium Risk,No Risk,80,Not At-Risk,1,$0 
CA2000533,SUGAR PINE HOMEOWNERS ASSOC,MADERA,LPA50 - MADERA COUNTY,No Risk,Low Risk,Medium Risk,No Risk,120,Not At-Risk,1,$0 
CA2000534,LEISURE ACRES MUTUAL WATER COMPANY,MADERA,LPA50 - MADERA COUNTY,High Risk,Low Risk,Medium Risk,No Risk,45,Failing,1,"$381,414 "
CA2000538,CEDAR VALLEY MUTUAL WATER CO,MADERA,LPA50 - MADERA COUNTY,High Risk,High Risk,No Risk,No Risk,137,Failing,1,$0 
CA2000544,MADERA CO MD1-HIDDEN LAKE ESTATES,MADERA,DISTRICT 11 - MERCED,High Risk,High Risk,No Risk,Low Risk,162,Failing,1,"$275,619 "
CA2000549,MD 05 MOUNTAIN RANCHES,MADERA,LPA50 - MADERA COUNTY,High Risk,Low Risk,High Risk,Low Risk,239,At-Risk,1,$0 
CA2000551,MD 07 MARINA VIEW HEIGHTS,MADERA,LPA50 - MADERA COUNTY,High Risk,Low Risk,Medium Risk,Low Risk,200,At-Risk,1,$0 
CA2000552,MD 24 TEAFORD MEADOW LAKES,MADERA,LPA50 - MADERA COUNTY,High Risk,Low Risk,Low Risk,Low Risk,150,Failing,1,"$500,000 "
CA2000553,MD 28 RIPPERDAN SELF HELP,MADERA,LPA50 - MADERA COUNTY,High Risk,High Risk,No Risk,Low Risk,48,Failing,1,"$400,000 "
CA2000554,MD 33 FAIRMEAD,MADERA,LPA50 - MADERA COUNTY,No Risk,Medium Risk,High Risk,Low Risk,568,Potentially At-Risk,1,"$1,404,792 "
CA2000557,MD 43 MIAMI CREEK KNOLLS,MADERA,LPA50 - MADERA COUNTY,High Risk,No Risk,Medium Risk,Low Risk,100,At-Risk,1,$0 
CA2000561,MD 08 NORTH FORK WATER SYSTEM,MADERA,LPA50 - MADERA COUNTY,High Risk,High Risk,No Risk,Low Risk,264,Failing,1,"$59,394 "
CA2000573,THE VILLAGE,MADERA,LPA50 - MADERA COUNTY,Low Risk,Low Risk,No Risk,Medium Risk,40,Failing,1,$0 
CA2000589,MAMMOTH POOL MOBILE HOME PARK,MADERA,LPA50 - MADERA COUNTY,Low Risk,High Risk,Low Risk,Low Risk,30,At-Risk,1,$0 
CA2000592,TWO TWENTY FOUR MOBILE HOME PK,MADERA,LPA50 - MADERA COUNTY,High Risk,High Risk,No Risk,Medium Risk,35,Failing,1,$0 
CA2000593,OAKHURST MOBILE HOME ESTATES,MADERA,LPA50 - MADERA COUNTY,High Risk,No Risk,Low Risk,Low Risk,138,Potentially At-Risk,1,$0 
CA2000595,MADERA MH & RV PARK,MADERA,LPA50 - MADERA COUNTY,Low Risk,High Risk,High Risk,No Risk,450,At-Risk,1,$0 
CA2000597,DAIRYLAND SCHOOL,MADERA,LPA50 - MADERA COUNTY,No Risk,High Risk,Low Risk,No Risk,253,Potentially At-Risk,1,"$100,000 "
CA2000598,ALVIEW SCHOOL,MADERA,LPA50 - MADERA COUNTY,No Risk,Medium Risk,Low Risk,No Risk,211,Not At-Risk,1,$0 
CA2000600,HOWARD ELEMENTARY SCHOOL,MADERA,LPA50 - MADERA COUNTY,Medium Risk,High Risk,Medium Risk,No Risk,618,At-Risk,1,$0 
CA2000601,LA VINA SCHOOL,MADERA,LPA50 - MADERA COUNTY,No Risk,High Risk,Low Risk,No Risk,507,Not At-Risk,1,$0 
CA2000602,RIPPERDAN COMMUNITY DAY SCHOOL,MADERA,LPA50 - MADERA COUNTY,High Risk,High Risk,No Risk,Low Risk,66,Failing,1,$0 
CA2000605,WHISPERING PINES MHP,MADERA,LPA50 - MADERA COUNTY,No Risk,Low Risk,No Risk,No Risk,38,Not At-Risk,1,$0 
CA2000607,SPRING VALLEY SCHOOL,MADERA,LPA50 - MADERA COUNTY,No Risk,High Risk,No Risk,No Risk,150,Not At-Risk,1,$0 
CA2000608,WILDWOOD MOBILE HOME PK INC,MADERA,LPA50 - MADERA COUNTY,No Risk,High Risk,No Risk,Low Risk,106,Not At-Risk,1,$0 
CA2000611,COARSEGOLD SCHOOL,MADERA,LPA50 - MADERA COUNTY,High Risk,Low Risk,No Risk,No Risk,441,Potentially At-Risk,1,"$2,320,000 "
CA2000612,NORTH FORK ELEMENTARY SCHOOL,MADERA,LPA50 - MADERA COUNTY,High Risk,High Risk,Low Risk,No Risk,500,Failing,1,"$59,394 "
CA2000616,WASUMA SCHOOL,MADERA,LPA50 - MADERA COUNTY,No Risk,High Risk,No Risk,No Risk,354,Not At-Risk,1,$0 
CA2000647,JOHN HOVANNISIAN WATER SYSTEM,MADERA,LPA50 - MADERA COUNTY,Low Risk,High Risk,Low Risk,High Risk,80,Failing,1,"$59,394 "
CA2000688,ECCO,MADERA,LPA50 - MADERA COUNTY,High Risk,Low Risk,No Risk,Low Risk,100,Failing,1,$0 
CA2000690,MD 73 QUARTZ MOUNTAIN,MADERA,LPA50 - MADERA COUNTY,Low Risk,Low Risk,No Risk,Low Risk,375,Failing,1,$0 
CA2000692,MD 95 RANCHOS WEST,MADERA,LPA50 - MADERA COUNTY,No Risk,High Risk,High Risk,Low Risk,150,At-Risk,1,$0 
CA2000724,SA 14 CHUK CHANSE SUBDIVISION,MADERA,LPA50 - MADERA COUNTY,High Risk,High Risk,Low Risk,Medium Risk,100,At-Risk,1,$0 
CA2000727,MD 36 EASTIN ARCOLA,MADERA,LPA50 - MADERA COUNTY,Medium Risk,Medium Risk,Low Risk,Low Risk,84,Potentially At-Risk,1,"$400,000 "
CA2000728,MD 37 LA VINA,MADERA,LPA50 - MADERA COUNTY,No Risk,Medium Risk,Low Risk,Medium Risk,350,Not At-Risk,1,"$365,554 "
CA2000729,MADERA CO SA16 SUMNER HILL,MADERA,DISTRICT 11 - MERCED,High Risk,High Risk,High Risk,Low Risk,135,Failing,1,$0 
CA2000737,MD 42 STILL MEADOW,MADERA,LPA50 - MADERA COUNTY,High Risk,Low Risk,High Risk,Low Risk,100,Failing,1,$0 
CA2000757,MD 63 MEADOW SPRINGS RANCH,MADERA,LPA50 - MADERA COUNTY,Low Risk,Low Risk,High Risk,Low Risk,300,Not At-Risk,1,$0 
CA2000760,DIXIELAND ELEMENTARY SCHOOL,MADERA,LPA50 - MADERA COUNTY,No Risk,High Risk,Low Risk,No Risk,316,Potentially At-Risk,1,$0 
CA2000775,OAK CREEK MOBILE HOME PARK,MADERA,LPA50 - MADERA COUNTY,Low Risk,Low Risk,Low Risk,No Risk,370,Not At-Risk,1,$0 
CA2000800,MARQUEZ RENTAL,MADERA,LPA50 - MADERA COUNTY,High Risk,High Risk,Low Risk,Medium Risk,50,Failing,1,$0 
CA2000828,SHADY OAKS MOBILE HOME PARK LLC,MADERA,LPA50 - MADERA COUNTY,High Risk,Low Risk,No Risk,Low Risk,23,Failing,1,"$660,089 "
CA2000832,SKP PARK OF THE SIERRAS INC,MADERA,DISTRICT 11 - MERCED,Low Risk,Low Risk,No Risk,Medium Risk,450,Not At-Risk,1,$0 
CA2000840,KIDZ CAN 2,MADERA,LPA50 - MADERA COUNTY,Not Assessed,Not Assessed,Not Assessed,Not Assessed,48,Not Assessed,1,$0 
CA2000844,RIVERGOLD ELEMENTARY SCHOOL,MADERA,LPA50 - MADERA COUNTY,No Risk,High Risk,No Risk,No Risk,485,Not At-Risk,1,$0 
CA2000846,SIERRA VIEW SCHOOL,MADERA,LPA50 - MADERA COUNTY,Low Risk,High Risk,No Risk,No Risk,250,Potentially At-Risk,1,$0 
CA2000848,BLACKHAWK CENTER WATER SYSTEM,MADERA,LPA50 - MADERA COUNTY,Not Assessed,Not Assessed,Not Assessed,Not Assessed,143,Not Assessed,1,$0 
CA2000849,MD 60 DILLON ESTATES,MADERA,LPA50 - MADERA COUNTY,No Risk,No Risk,Medium Risk,Low Risk,150,Not At-Risk,1,$0 
CA2000851,MD 40 SUNSET RIDGE ESTATES,MADERA,LPA50 - MADERA COUNTY,Low Risk,Low Risk,High Risk,Low Risk,150,Failing,1,$0 
CA2000865,MD 58 SIERRA HIGHLANDS,MADERA,LPA50 - MADERA COUNTY,Low Risk,High Risk,Medium Risk,High Risk,75,Failing,1,$0 
CA2000947,MINARETS HIGH SCHOOL,MADERA,LPA50 - MADERA COUNTY,No Risk,Low Risk,No Risk,No Risk,450,Not At-Risk,1,$0 
CA2000957,WESTERN SIERRA CHARTER SCHOOLS,MADERA,LPA50 - MADERA COUNTY,Not Assessed,Not Assessed,Not Assessed,Not Assessed,113,Not Assessed,1,$0 
CA2010001,CHOWCHILLA CITY WATER DEPT,MADERA,DISTRICT 11 - MERCED,No Risk,Medium Risk,Low Risk,Low Risk,"13,916",Not At-Risk,1,$0 
CA2010002,CITY OF MADERA,MADERA,DISTRICT 11 - MERCED,No Risk,Low Risk,High Risk,No Risk,"66,560",Potentially At-Risk,1,"$2,956,262 "
CA2010003,CAL AM - BASS LAKE,MADERA,DISTRICT 11 - MERCED,No Risk,High Risk,No Risk,Low Risk,"4,527",Not At-Risk,1,"$12,730,882 "
CA2010004,MADERA CO CMD19-PARKWOOD,MADERA,DISTRICT 11 - MERCED,No Risk,High Risk,High Risk,Low Risk,"1,637",At-Risk,1,"$3,408,100 "
CA2010005,YOSEMITE SPRING PARK UTIL CO,MADERA,DISTRICT 11 - MERCED,Low Risk,No Risk,No Risk,No Risk,"5,300",Not At-Risk,1,$0 
CA2010006,MADERA CO SA3-PARKSDALE,MADERA,DISTRICT 11 - MERCED,Low Risk,Medium Risk,Medium Risk,Low Risk,"1,789",Potentially At-Risk,1,$0 
CA2010007,CAL AM - OAKHURST,MADERA,DISTRICT 11 - MERCED,Low Risk,No Risk,No Risk,No Risk,"3,693",Not At-Risk,1,"$1,343,940 "
CA2010008,MADERA CO MD10A-MADERA RANCHOS,MADERA,DISTRICT 11 - MERCED,Low Risk,Medium Risk,High Risk,Low Risk,"3,172",Failing,1,"$10,033,738 "
CA2010009,BAKMAN WATER-ROLLING HILLS,MADERA,DISTRICT 11 - MERCED,Low Risk,Medium Risk,No Risk,Low Risk,"1,107",Not At-Risk,1,$0 
CA2010010,MADERA VALLEY WATER COMPANY,MADERA,DISTRICT 11 - MERCED,No Risk,Medium Risk,High Risk,Low Risk,"6,494",Not At-Risk,1,"$1,150,623 "
CA2010011,MADERA CO SA1-INDIAN LAKES,MADERA,DISTRICT 11 - MERCED,Low Risk,Low Risk,No Risk,Low Risk,"1,562",Not At-Risk,1,$0 
CA2010012,CAL AM - RAYMOND,MADERA,DISTRICT 11 - MERCED,High Risk,Low Risk,Medium Risk,No Risk,343,At-Risk,1,$0 
CA2010013,CAL AM - COARSEGOLD,MADERA,DISTRICT 11 - MERCED,Low Risk,Low Risk,No Risk,No Risk,83,Not At-Risk,1,$0 
CA2010014,CAL AM - GOLDSIDE,MADERA,DISTRICT 11 - MERCED,Low Risk,Low Risk,Low Risk,No Risk,"1,043",Failing,1,$0 
CA2010016,RIVERSTONE/ROOTCREEK WATER DISTRICT,MADERA,DISTRICT 11 - MERCED,Low Risk,Medium Risk,No Risk,Low Risk,"5,507",Not At-Risk,1,$0 
CA2010017,"TESORO VIEJO MASTER MWC, INC.",MADERA,DISTRICT 11 - MERCED,Low Risk,Low Risk,No Risk,Low Risk,"3,885",Not At-Risk,1,$0 
CA2010018,PRESERVE AT MILLERTON LAKE WATER SYSTEM,MADERA,DISTRICT 11 - MERCED,Low Risk,Medium Risk,No Risk,No Risk,600,Not At-Risk,1,$0 
CA2010800,CENTRAL CA WOMENS FACILITY,MADERA,DISTRICT 11 - MERCED,High Risk,High Risk,Medium Risk,Medium Risk,"2,183",At-Risk,1,$0 
CA2010801,VALLEY STATE PRISON,MADERA,DISTRICT 11 - MERCED,High Risk,Medium Risk,Medium Risk,Low Risk,"3,173",At-Risk,1,$0 
CA2100508,MUIR BEACH COMMUNITY,MARIN,DISTRICT 25 - MARIN,Low Risk,Low Risk,No Risk,No Risk,336,Not At-Risk,1,$0 
CA2100519,ESTERO MUTUAL,MARIN,DISTRICT 25 - MARIN,Low Risk,Low Risk,Low Risk,Low Risk,206,Not At-Risk,1,$0 
CA2100538,TOMALES HIGH SCHOOL,MARIN,DISTRICT 25 - MARIN,No Risk,Low Risk,Low Risk,No Risk,427,Not At-Risk,1,$0 
CA2100545,WALKER CREEK RANCH EDUCATIONAL CENTER,MARIN,DISTRICT 25 - MARIN,Not Assessed,Not Assessed,Not Assessed,Not Assessed,212,Not Assessed,1,$0 
CA2100549,BLUE MOUNTAIN CENTER,MARIN,DISTRICT 25 - MARIN,No Risk,High Risk,Low Risk,Low Risk,35,Not At-Risk,1,$0 
CA2100560,TOMALES ELEM & MIDDLE SCHOOL,MARIN,DISTRICT 25 - MARIN,No Risk,High Risk,Low Risk,No Risk,225,Not At-Risk,1,$0 
CA2100565,GREEN GULCH FARM,MARIN,DISTRICT 25 - MARIN,Low Risk,Low Risk,No Risk,Medium Risk,75,Not At-Risk,1,$0 
CA2100579,NICASIO VALLEY RANCH MUTUAL,MARIN,DISTRICT 25 - MARIN,High Risk,Low Risk,No Risk,No Risk,36,Potentially At-Risk,1,$0 
CA2100582,NICASIO SCHOOL,MARIN,DISTRICT 25 - MARIN,No Risk,High Risk,No Risk,No Risk,48,Not At-Risk,1,"$225,000 "
CA2110001,INVERNESS PUBLIC UTILITY DIST,MARIN,DISTRICT 25 - MARIN,No Risk,Low Risk,Low Risk,Low Risk,"1,445",Not At-Risk,1,"$622,293 "
CA2110002,MARIN MUNICIPAL WATER DISTRICT,MARIN,DISTRICT 25 - MARIN,Not Assessed,Not Assessed,Not Assessed,Not Assessed,"186,895",Not Assessed,1,"$1,000,000 "
CA2110003,NORTH MARIN WATER DISTRICT,MARIN,DISTRICT 25 - MARIN,No Risk,No Risk,No Risk,Low Risk,"61,691",Not At-Risk,1,$0 
CA2110004,STINSON BEACH COUNTY WTR DIST,MARIN,DISTRICT 25 - MARIN,No Risk,No Risk,High Risk,No Risk,583,Not At-Risk,1,$0 
CA2110005,BOLINAS COMMUNITY PUD,MARIN,DISTRICT 25 - MARIN,Low Risk,High Risk,High Risk,No Risk,"2,483",At-Risk,1,$0 
CA2110006,NORTH MARIN WD - PT. REYES,MARIN,DISTRICT 25 - MARIN,Low Risk,Low Risk,Low Risk,Low Risk,"1,841",Not At-Risk,1,$0 
CA2110007,COAST SPRINGS - CAL. WATER SERVICE (PUC),MARIN,DISTRICT 25 - MARIN,Low Risk,Medium Risk,Low Risk,No Risk,388,Not At-Risk,1,$0 
CA2110008,LAWSON S LANDING,MARIN,DISTRICT 25 - MARIN,No Risk,Low Risk,Low Risk,No Risk,946,Not At-Risk,1,$0 
CA2110350,NPS GGNRA,MARIN,DISTRICT 25 - MARIN,No Risk,Medium Risk,No Risk,Low Risk,"18,447",Not At-Risk,1,$0 
CA2110502,NPS PRNS - BEACHES,MARIN,DISTRICT 25 - MARIN,No Risk,High Risk,High Risk,Low Risk,"1,560",At-Risk,1,$0 
CA2203059,GREEN MEADOWS OUTDOOR SCHOOL,MARIPOSA,DISTRICT 11 - MERCED,Not Assessed,Not Assessed,Not Assessed,Not Assessed,113,Not Assessed,1,$0 
CA2210001,MARIPOSA PUBLIC UTILITY DIST,MARIPOSA,DISTRICT 11 - MERCED,Low Risk,Low Risk,Medium Risk,Low Risk,"2,000",Potentially At-Risk,1,$0 
CA2210002,PONDEROSA BASIN MUTUAL WTR CO,MARIPOSA,DISTRICT 11 - MERCED,No Risk,Low Risk,Medium Risk,No Risk,798,Not At-Risk,1,$0 
CA2210503,YOSEMITE NPS-YOSEMITE VALLEY,MARIPOSA,DISTRICT 28 - YOSEMITE,No Risk,Low Risk,High Risk,Medium Risk,"1,000",At-Risk,1,$0 
CA2210510,YOSEMITE NPS-WAWONA,MARIPOSA,DISTRICT 28 - YOSEMITE,No Risk,High Risk,No Risk,Medium Risk,150,Not At-Risk,1,$0 
CA2210515,YOSEMITE NPS-EL PORTAL,MARIPOSA,DISTRICT 28 - YOSEMITE,No Risk,Low Risk,High Risk,Low Risk,635,Potentially At-Risk,1,$0 
CA2210851,CDF  & FP - MT. BULLION,MARIPOSA,DISTRICT 11 - MERCED,No Risk,Low Risk,Medium Risk,Medium Risk,60,Not At-Risk,1,$0 
CA2210900,CEDAR LODGE RESORT,MARIPOSA,DISTRICT 11 - MERCED,No Risk,Low Risk,No Risk,Medium Risk,656,Not At-Risk,1,$0 
CA2210901,MPWD-COULTERVILLE CSA 1,MARIPOSA,DISTRICT 11 - MERCED,Medium Risk,High Risk,High Risk,Medium Risk,193,At-Risk,1,$0 
CA2210905,"MCCLURE BOAT CLUB, INC.",MARIPOSA,DISTRICT 11 - MERCED,No Risk,High Risk,Low Risk,No Risk,286,Not At-Risk,1,$0 
CA2210906,MARIPOSA PINES MUTUAL,MARIPOSA,DISTRICT 11 - MERCED,Low Risk,Low Risk,Medium Risk,Low Risk,284,Not At-Risk,1,$0 
CA2210907,MUSD - SIERRA FOOTHILL CHARTER SCHOOL,MARIPOSA,DISTRICT 11 - MERCED,No Risk,High Risk,Medium Risk,No Risk,157,At-Risk,1,"$1,078,519 "
CA2210908,MUSD -COULTERVILLE - GREELEY HILL SCHOOL,MARIPOSA,DISTRICT 11 - MERCED,Low Risk,High Risk,Medium Risk,No Risk,55,Not At-Risk,1,$0 
CA2210909,MUSD - MARIPOSA JUNIOR HIGH SCHOOL,MARIPOSA,DISTRICT 11 - MERCED,High Risk,Low Risk,No Risk,No Risk,134,Not At-Risk,1,$0 
CA2210910,MUSD - WOODLAND ELEMENTARY SCHOOL,MARIPOSA,DISTRICT 11 - MERCED,No Risk,Low Risk,No Risk,No Risk,466,Not At-Risk,1,$0 
CA2210924,YOSEMITE WEST WATER SYSTEM,MARIPOSA,DISTRICT 11 - MERCED,No Risk,High Risk,Medium Risk,Low Risk,420,At-Risk,1,$0 
CA2210925,YOSEMITE TERRACE ESTATES,MARIPOSA,DISTRICT 11 - MERCED,Low Risk,High Risk,Medium Risk,Low Risk,130,Failing,1,$0 
CA2300502,ALBION MUTUAL WATER COMPANY,MENDOCINO,DISTRICT 03 - MENDOCINO,Low Risk,Low Risk,High Risk,Low Risk,56,Potentially At-Risk,1,$0 
CA2300506,MEADOW ESTATES MUTUAL,MENDOCINO,DISTRICT 03 - MENDOCINO,Low Risk,Low Risk,Medium Risk,Low Risk,100,Potentially At-Risk,1,$0 
CA2300507,CALPELLA COUNTY WATER DISTRICT,MENDOCINO,DISTRICT 03 - MENDOCINO,No Risk,No Risk,No Risk,Low Risk,548,Not At-Risk,1,$0 
CA2300514,ELK COUNTY WATER DISTRICT,MENDOCINO,DISTRICT 03 - MENDOCINO,Low Risk,Low Risk,High Risk,No Risk,380,Not At-Risk,1,$0 
CA2300545,SHORELANDS ROAD & WATER COMPANY,MENDOCINO,DISTRICT 03 - MENDOCINO,No Risk,Low Risk,High Risk,No Risk,78,Not At-Risk,1,$0 
CA2300584,MENDOCINO SCHOOL DISTRICT- MENDOCINO,MENDOCINO,DISTRICT 03 - MENDOCINO,No Risk,Low Risk,No Risk,No Risk,579,Not At-Risk,1,"$6,504,852 "
CA2300590,SURFWOOD MUTUAL WATER CORPORATION,MENDOCINO,DISTRICT 03 - MENDOCINO,Low Risk,High Risk,High Risk,Low Risk,160,At-Risk,1,$0 
CA2300591,PINE MOUNTAIN MUTUAL WATER CO.,MENDOCINO,DISTRICT 03 - MENDOCINO,Low Risk,Low Risk,High Risk,Low Risk,310,Potentially At-Risk,1,$0 
CA2300596,BIG RIVER VISTA MUTUAL WATER COMPANY,MENDOCINO,DISTRICT 03 - MENDOCINO,No Risk,High Risk,No Risk,Low Risk,36,Not At-Risk,1,$0 
CA2300604,POINT OF VIEW MUTUAL WATER CO,MENDOCINO,DISTRICT 03 - MENDOCINO,Low Risk,Low Risk,Medium Risk,No Risk,56,Not At-Risk,1,$0 
CA2300605,RIVER ESTATES MUTUAL WATER COMPANY,MENDOCINO,DISTRICT 03 - MENDOCINO,Low Risk,Low Risk,High Risk,No Risk,250,Not At-Risk,1,$0 
CA2300606,LAKE VIEW MUTUAL WATER CO.,MENDOCINO,DISTRICT 03 - MENDOCINO,Low Risk,Low Risk,High Risk,High Risk,90,Failing,1,$0 
CA2300609,SEAFAIR ROAD AND WATER COMPANY,MENDOCINO,DISTRICT 03 - MENDOCINO,No Risk,Low Risk,High Risk,No Risk,50,Not At-Risk,1,$0 
CA2300610,CASPAR SOUTH SERVICE COMPANY,MENDOCINO,DISTRICT 03 - MENDOCINO,No Risk,Low Risk,High Risk,No Risk,188,Not At-Risk,1,$0 
CA2300634,OCEAN'S EDGE ESTATES,MENDOCINO,DISTRICT 03 - MENDOCINO,Low Risk,High Risk,High Risk,Low Risk,250,Failing,1,$0 
CA2300644,WOODSIDE RV PARK,MENDOCINO,DISTRICT 03 - MENDOCINO,Low Risk,Medium Risk,Low Risk,Low Risk,280,Not At-Risk,1,$0 
CA2300646,BELLA SHORES MOBILE HOME PARK,MENDOCINO,DISTRICT 03 - MENDOCINO,Medium Risk,Low Risk,Low Risk,No Risk,80,Potentially At-Risk,1,$0 
CA2300663,BRANSCOMB MOBILE HOME PARK,MENDOCINO,DISTRICT 03 - MENDOCINO,Low Risk,High Risk,Medium Risk,Low Risk,42,Failing,1,$0 
CA2300667,"WOODS, THE (MENDOCINO)",MENDOCINO,DISTRICT 03 - MENDOCINO,Low Risk,High Risk,Low Risk,No Risk,157,Potentially At-Risk,1,$0 
CA2300668,POINT CABRILLO HIGHLANDS,MENDOCINO,DISTRICT 03 - MENDOCINO,No Risk,High Risk,Low Risk,No Risk,42,Not At-Risk,1,$0 
CA2300705,LITTLE LAKE MOBILE HOME PARK,MENDOCINO,DISTRICT 03 - MENDOCINO,Low Risk,High Risk,Medium Risk,Low Risk,38,Failing,1,$0 
CA2300708,RIDGEWOOD WATER SYSTEM,MENDOCINO,DISTRICT 03 - MENDOCINO,Low Risk,Low Risk,Medium Risk,Low Risk,265,Not At-Risk,1,$0 
CA2300717,CREEKSIDE CABINS & RV RESORT,MENDOCINO,DISTRICT 03 - MENDOCINO,No Risk,High Risk,No Risk,Low Risk,124,Potentially At-Risk,1,$0 
CA2300730,WESTPORT COUNTY WATER DISTRICT,MENDOCINO,DISTRICT 03 - MENDOCINO,Low Risk,Low Risk,High Risk,Low Risk,369,Potentially At-Risk,1,$0 
CA2300731,"CITY OF 10,000 BUDDHAS",MENDOCINO,DISTRICT 03 - MENDOCINO,No Risk,High Risk,High Risk,Low Risk,400,Potentially At-Risk,1,$0 
CA2300735,HOLLY RANCH VILLAGE,MENDOCINO,DISTRICT 03 - MENDOCINO,No Risk,Low Risk,Medium Risk,No Risk,50,Not At-Risk,1,$0 
CA2300743,DOLPHIN ISLE MARINA,MENDOCINO,DISTRICT 03 - MENDOCINO,No Risk,High Risk,Medium Risk,Low Risk,560,At-Risk,1,$0 
CA2300755,POTTER VALLEY SCHOOL DISTRICT,MENDOCINO,DISTRICT 03 - MENDOCINO,Low Risk,High Risk,Low Risk,No Risk,309,Failing,1,$0 
CA2300764,ANDERSON VALLEY HIGH SCHOOL,MENDOCINO,DISTRICT 03 - MENDOCINO,No Risk,Low Risk,No Risk,No Risk,300,Not At-Risk,1,$0 
CA2300770,ANDERSON VALLEY ELEMENTARY SCHOOL,MENDOCINO,DISTRICT 03 - MENDOCINO,No Risk,High Risk,No Risk,No Risk,350,Not At-Risk,1,$0 
CA2300785,LEGGETT VALLEY SCHOOL,MENDOCINO,DISTRICT 03 - MENDOCINO,Low Risk,Low Risk,Medium Risk,No Risk,100,Not At-Risk,1,$0 
CA2300826,MANCHESTER UNION ELEMENTARY SCHOOL,MENDOCINO,DISTRICT 03 - MENDOCINO,No Risk,High Risk,No Risk,No Risk,75,Not At-Risk,1,$0 
CA2300829,ROUND VALLEY HIGH SCHOOL,MENDOCINO,DISTRICT 03 - MENDOCINO,No Risk,High Risk,Low Risk,No Risk,186,Not At-Risk,1,$0 
CA2300830,ROUND VALLEY ELEMENTARY SCHOOL,MENDOCINO,DISTRICT 03 - MENDOCINO,No Risk,High Risk,Low Risk,No Risk,289,Not At-Risk,1,$0 
CA2300832,HILLS RANCH MUTUAL WATER COMPANY,MENDOCINO,DISTRICT 03 - MENDOCINO,Low Risk,Low Risk,No Risk,No Risk,79,Not At-Risk,1,$0 
CA2300837,YOKAYO TRIBE OF INDIANS,MENDOCINO,DISTRICT 03 - MENDOCINO,No Risk,High Risk,No Risk,Medium Risk,75,Not At-Risk,1,$0 
CA2300846,MENDOCINO SCHOOL DISTRICT-ALBION SCHOOL,MENDOCINO,DISTRICT 03 - MENDOCINO,No Risk,High Risk,Low Risk,No Risk,25,Not At-Risk,1,$0 
CA2300847,WHALE GULCH SCHOOL,MENDOCINO,DISTRICT 03 - MENDOCINO,No Risk,High Risk,Medium Risk,No Risk,60,Not At-Risk,1,$0 
CA2300863,EEL RIVER CHARTER SCHOOL,MENDOCINO,DISTRICT 03 - MENDOCINO,No Risk,High Risk,Low Risk,No Risk,75,Not At-Risk,1,$0 
CA2300874,MONTESSORI DEL MAR LEARNING CENTER,MENDOCINO,DISTRICT 03 - MENDOCINO,Not Assessed,Not Assessed,Not Assessed,Not Assessed,50,Not Assessed,1,$0 
CA2300892,COVELO MOBILE HOME PARK,MENDOCINO,DISTRICT 03 - MENDOCINO,No Risk,Low Risk,High Risk,Low Risk,30,Not At-Risk,1,$0 
CA2301010,MENDOCINO PRESBYTERIAN CHURCH,MENDOCINO,DISTRICT 03 - MENDOCINO,Not Assessed,Not Assessed,Not Assessed,Not Assessed,90,Not Assessed,1,$0 
CA2310001,"FORT BRAGG, CITY OF",MENDOCINO,DISTRICT 03 - MENDOCINO,Low Risk,Low Risk,High Risk,No Risk,"6,919",Not At-Risk,1,"$12,908,276 "
CA2310002,ROGINA WATER COMPANY INC.,MENDOCINO,DISTRICT 03 - MENDOCINO,No Risk,Low Risk,No Risk,Low Risk,"2,554",Not At-Risk,1,$0 
CA2310003,"UKIAH, CITY OF",MENDOCINO,DISTRICT 03 - MENDOCINO,No Risk,No Risk,Medium Risk,No Risk,"16,607",Not At-Risk,1,$0 
CA2310004,"WILLITS, CITY OF",MENDOCINO,DISTRICT 03 - MENDOCINO,Medium Risk,Low Risk,High Risk,Low Risk,"6,175",At-Risk,1,$0 
CA2310005,WILLOW COUNTY WATER DISTRICT,MENDOCINO,DISTRICT 03 - MENDOCINO,No Risk,No Risk,Low Risk,Low Risk,"3,797",Not At-Risk,1,$0 
CA2310006,MILLVIEW COUNTY WATER DISTRICT,MENDOCINO,DISTRICT 03 - MENDOCINO,No Risk,No Risk,Low Risk,Low Risk,"5,500",Not At-Risk,1,$0 
CA2310007,NORTH GUALALA WATER COMPANY,MENDOCINO,DISTRICT 03 - MENDOCINO,No Risk,Low Risk,High Risk,Low Risk,"2,593",Not At-Risk,1,"$3,476,779 "
CA2310008,REDWOOD VALLEY COUNTY WATER DISTRICT,MENDOCINO,DISTRICT 03 - MENDOCINO,Low Risk,Medium Risk,High Risk,Low Risk,"5,200",At-Risk,1,$0 
CA2310009,BROOKTRAILS TOWNSHIP CSD,MENDOCINO,DISTRICT 03 - MENDOCINO,Low Risk,High Risk,No Risk,No Risk,"3,632",Not At-Risk,1,$0 
CA2310010,HOPLAND PUBLIC UTILITY DISTRICT,MENDOCINO,DISTRICT 03 - MENDOCINO,No Risk,Low Risk,No Risk,Low Risk,"1,076",Not At-Risk,1,$0 
CA2310011,LAYTONVILLE COUNTY WATER DISTRICT,MENDOCINO,DISTRICT 03 - MENDOCINO,Medium Risk,Low Risk,High Risk,Low Risk,"1,152",At-Risk,1,$0 
CA2310012,IRISH BEACH WATER DISTRICT,MENDOCINO,DISTRICT 03 - MENDOCINO,No Risk,Low Risk,High Risk,Low Risk,254,Not At-Risk,1,$0 
CA2310013,POINT ARENA WATER WORKS,MENDOCINO,DISTRICT 03 - MENDOCINO,Low Risk,Medium Risk,High Risk,Low Risk,459,At-Risk,1,$0 
CA2400046,BLACK RASCAL WATER COMPANY,MERCED,DISTRICT 11 - MERCED,No Risk,Medium Risk,No Risk,Low Risk,367,Not At-Risk,1,$0 
CA2400053,EL NIDO MOBILE HOME PARK,MERCED,DISTRICT 11 - MERCED,High Risk,Medium Risk,Low Risk,Medium Risk,137,At-Risk,1,$0 
CA2400062,SNELLING MERCED FALLS SCHOOL,MERCED,DISTRICT 11 - MERCED,No Risk,High Risk,Low Risk,No Risk,64,Not At-Risk,1,$0 
CA2400064,MERQUIN ELEMENTARY SCHOOL,MERCED,DISTRICT 11 - MERCED,No Risk,High Risk,Medium Risk,No Risk,284,Potentially At-Risk,1,$0 
CA2400065,PLAINSBURG ELEMENTARY SCHOOL,MERCED,DISTRICT 11 - MERCED,High Risk,High Risk,Low Risk,No Risk,122,At-Risk,1,$0 
CA2400066,PLANADA ELEMENTARYSCHOOL,MERCED,DISTRICT 11 - MERCED,No Risk,High Risk,Medium Risk,No Risk,567,Not At-Risk,1,$0 
CA2400071,WASHINGTON SCHOOL,MERCED,DISTRICT 11 - MERCED,Low Risk,High Risk,Low Risk,No Risk,338,At-Risk,1,$0 
CA2400075,EL NIDO ELEMENTARY SCHOOL,MERCED,DISTRICT 11 - MERCED,High Risk,High Risk,Low Risk,No Risk,220,At-Risk,1,$0 
CA2400076,HOPETON SCHOOL,MERCED,DISTRICT 11 - MERCED,No Risk,High Risk,Low Risk,No Risk,42,Not At-Risk,1,$0 
CA2400079,MCSWAIN ELEMENTARY SCHOOL,MERCED,DISTRICT 11 - MERCED,High Risk,Medium Risk,No Risk,No Risk,"1,046",Failing,1,$0 
CA2400084,EVERGREEN MOBILE HOME PARK,MERCED,DISTRICT 11 - MERCED,High Risk,High Risk,Low Risk,Medium Risk,36,Failing,1,$0 
CA2400091,CHARLESTON SCHOOL,MERCED,DISTRICT 11 - MERCED,No Risk,Medium Risk,No Risk,No Risk,325,Not At-Risk,1,$0 
CA2400097,CRESSEY SCHOOL,MERCED,DISTRICT 11 - MERCED,High Risk,High Risk,Low Risk,No Risk,155,Failing,1,"$867,214 "
CA2400099,GRACE MENNONITE SCHOOL,MERCED,DISTRICT 11 - MERCED,High Risk,High Risk,No Risk,No Risk,100,At-Risk,1,$0 
CA2400113,SCHELBY SCHOOL,MERCED,DISTRICT 11 - MERCED,High Risk,High Risk,No Risk,No Risk,290,Failing,1,$0 
CA2400122,LONGVIEW MENNONITE SCHOOL,MERCED,DISTRICT 11 - MERCED,High Risk,High Risk,No Risk,No Risk,120,At-Risk,1,$0 
CA2400128,COUNTRY CLUB COUNTY WD,MERCED,DISTRICT 11 - MERCED,Low Risk,Low Risk,No Risk,Low Risk,64,Not At-Risk,1,$0 
CA2400134,BUHACH PRESCHOOL (KINDERCARE),MERCED,DISTRICT 11 - MERCED,No Risk,High Risk,Medium Risk,No Risk,118,Potentially At-Risk,1,$0 
CA2400148,MERCED ADVENTIST CHURCH WATER SYS.,MERCED,DISTRICT 11 - MERCED,No Risk,High Risk,Low Risk,No Risk,153,Not At-Risk,1,$0 
CA2400167,BALLICO CSD,MERCED,DISTRICT 11 - MERCED,High Risk,High Risk,Low Risk,No Risk,238,Failing,1,"$805,000 "
CA2400172,JOHN LATORACCA CORRECTIONAL FACILITY,MERCED,DISTRICT 11 - MERCED,High Risk,Medium Risk,Low Risk,Medium Risk,800,At-Risk,1,$0 
CA2400201,VOLTA COMMUNITY SD,MERCED,DISTRICT 11 - MERCED,Medium Risk,High Risk,Medium Risk,Low Risk,406,At-Risk,1,"$10,776,088 "
CA2400209,SAN LUIS HILLS,MERCED,DISTRICT 11 - MERCED,Low Risk,High Risk,High Risk,Low Risk,779,At-Risk,1,$0 
CA2400211,RYEL FAMILY TRUST,MERCED,DISTRICT 11 - MERCED,Not Assessed,Not Assessed,Not Assessed,Not Assessed,58,Not Assessed,1,$0 
CA2400219,MERCED NEW LIFE SCHOOL,MERCED,DISTRICT 11 - MERCED,No Risk,High Risk,Medium Risk,No Risk,36,Potentially At-Risk,1,$0 
CA2410001,CITY OF ATWATER,MERCED,DISTRICT 11 - MERCED,High Risk,Medium Risk,High Risk,Low Risk,"29,479",At-Risk,1,$0 
CA2410002,CITY OF DOS PALOS,MERCED,DISTRICT 11 - MERCED,Low Risk,High Risk,High Risk,Low Risk,"7,452",Failing,1,"$45,153,192 "
CA2410003,CITY OF GUSTINE,MERCED,DISTRICT 11 - MERCED,High Risk,Medium Risk,Low Risk,Medium Risk,"6,110",At-Risk,1,$0 
CA2410004,CITY OF LIVINGSTON,MERCED,DISTRICT 11 - MERCED,High Risk,Medium Risk,High Risk,No Risk,"14,894",Failing,1,"$3,551,158 "
CA2410005,CITY OF LOS BANOS,MERCED,DISTRICT 11 - MERCED,Medium Risk,Low Risk,Low Risk,No Risk,"47,419",Potentially At-Risk,1,$0 
CA2410006,DELHI CWD,MERCED,DISTRICT 11 - MERCED,High Risk,Low Risk,High Risk,No Risk,"7,784",At-Risk,1,$0 
CA2410007,PLANADA CSD,MERCED,DISTRICT 11 - MERCED,No Risk,Medium Risk,High Risk,Low Risk,"4,164",At-Risk,1,"$675,000 "
CA2410008,CAL AM - MEADOWBROOK,MERCED,DISTRICT 11 - MERCED,Low Risk,Medium Risk,Medium Risk,No Risk,"5,656",Potentially At-Risk,1,$0 
CA2410009,CITY OF MERCED,MERCED,DISTRICT 11 - MERCED,No Risk,Low Risk,Medium Risk,No Risk,"93,692",Not At-Risk,1,$0 
CA2410010,WINTON WATER & SANITARY DIST,MERCED,DISTRICT 11 - MERCED,High Risk,Medium Risk,High Risk,No Risk,"9,745",Failing,1,$0 
CA2410011,LE GRAND COMM SERVICES DIST,MERCED,DISTRICT 11 - MERCED,High Risk,Medium Risk,High Risk,No Risk,"1,739",Failing,1,$0 
CA2410012,HILMAR COUNTY WATER DISTRICT,MERCED,DISTRICT 11 - MERCED,High Risk,Low Risk,Low Risk,Low Risk,"5,504",At-Risk,1,$0 
CA2410018,SANTA NELLA COUNTY WATER DISTRICT,MERCED,DISTRICT 11 - MERCED,Medium Risk,Medium Risk,Low Risk,Low Risk,"2,211",At-Risk,1,"$14,679,389 "
CA2410700,CASTLE AIRPORT,MERCED,DISTRICT 11 - MERCED,No Risk,Medium Risk,High Risk,Medium Risk,"1,650",Potentially At-Risk,1,$0 
CA2500503,CALIFORNIA PINES C.S.D.,MODOC,DISTRICT 02 - LASSEN,No Risk,Low Risk,No Risk,Low Risk,862,Not At-Risk,1,$0 
CA2500513,MODOC VINEYARD  ACADEMY,MODOC,DISTRICT 02 - LASSEN,No Risk,High Risk,Low Risk,No Risk,53,Not At-Risk,1,$0 
CA2500801,NEWELL COUNTY WATER DISTRICT,MODOC,DISTRICT 02 - LASSEN,High Risk,Low Risk,High Risk,Medium Risk,629,At-Risk,1,$0 
CA2500911,ISOT COMMUNITY WATER SYSTEM,MODOC,DISTRICT 02 - LASSEN,Low Risk,Low Risk,Low Risk,Medium Risk,116,Not At-Risk,1,$0 
CA2510001,CITY OF ALTURAS,MODOC,DISTRICT 02 - LASSEN,No Risk,Low Risk,Low Risk,Medium Risk,"2,715",Not At-Risk,1,$0 
CA2510002,CEDARVILLE COUNTY WATER DIST.,MODOC,DISTRICT 02 - LASSEN,No Risk,Low Risk,Low Risk,No Risk,600,Not At-Risk,1,$0 
CA2600501,BIRCHIM COMMUNITY SERVICE DISTRICT,MONO,LPA56 - MONO COUNTY,No Risk,Low Risk,No Risk,Low Risk,150,Not At-Risk,1,$0 
CA2600532,LUNDY MUTUAL WATER COMPANY,MONO,LPA56 - MONO COUNTY,No Risk,High Risk,No Risk,No Risk,70,Not At-Risk,1,$0 
CA2600538,LOWER ROCK CREEK MUTUAL WATER CO.,MONO,LPA56 - MONO COUNTY,Low Risk,Low Risk,No Risk,Low Risk,310,Not At-Risk,1,$0 
CA2600546,CROWLEY LAKE MUTUAL WATER COMPANY,MONO,LPA56 - MONO COUNTY,No Risk,High Risk,High Risk,No Risk,175,Potentially At-Risk,1,$0 
CA2600547,CROWLEY LAKE TRAILER PARK,MONO,LPA56 - MONO COUNTY,No Risk,Low Risk,Low Risk,Low Risk,230,Not At-Risk,1,$0 
CA2600568,EDNA BEAMAN ELEMENTARY SCHOOL,MONO,LPA56 - MONO COUNTY,High Risk,High Risk,Medium Risk,No Risk,26,At-Risk,1,$0 
CA2600570,COLEVILLE HIGH SCHOOL,MONO,LPA56 - MONO COUNTY,High Risk,Low Risk,Low Risk,No Risk,216,Potentially At-Risk,1,$0 
CA2600620,MOUNTAIN MEADOWS MWC,MONO,LPA56 - MONO COUNTY,No Risk,Low Risk,Low Risk,No Risk,505,Not At-Risk,1,$0 
CA2600621,WHITE MOUNTAIN MUTUAL WATER COMPANY,MONO,LPA56 - MONO COUNTY,No Risk,High Risk,High Risk,Low Risk,142,Potentially At-Risk,1,$0 
CA2600622,SIERRA EAST HOA,MONO,LPA56 - MONO COUNTY,High Risk,Low Risk,Low Risk,No Risk,84,Failing,1,"$1,874,175 "
CA2600699,CHALFANT VALLEY WEST M.W.C.,MONO,LPA56 - MONO COUNTY,No Risk,Low Risk,High Risk,Low Risk,45,Potentially At-Risk,1,$0 
CA2600714,WHEELER CREST CSD,MONO,LPA56 - MONO COUNTY,No Risk,Low Risk,No Risk,No Risk,86,Not At-Risk,1,$0 
CA2600733,COLD WATER CANYON MWC,MONO,LPA56 - MONO COUNTY,No Risk,Low Risk,High Risk,No Risk,65,Not At-Risk,1,$0 
CA2610001,MAMMOTH CWD,MONO,DISTRICT 13 - SAN BERNARDINO,High Risk,No Risk,No Risk,Low Risk,"8,234",Potentially At-Risk,1,$0 
CA2610002,JUNE LAKE PUD VILLAGE,MONO,DISTRICT 13 - SAN BERNARDINO,High Risk,Low Risk,High Risk,Low Risk,"2,763",At-Risk,1,$0 
CA2610003,BRIDGEPORT PUD,MONO,DISTRICT 27 - MOJAVE,High Risk,Low Risk,Medium Risk,High Risk,524,At-Risk,1,"$3,940,616 "
CA2610004,JUNE LAKE PUD - DOWN CANYON,MONO,DISTRICT 13 - SAN BERNARDINO,Low Risk,Low Risk,High Risk,Low Risk,"2,810",Failing,1,$0 
CA2610005,LEE VINING PUBLIC UTILITY DISTRICT,MONO,LPA56 - MONO COUNTY,No Risk,High Risk,No Risk,No Risk,672,Not At-Risk,1,$0 
CA2610700,USMC/MTN WARFARE TRNG CTR - BRIDGEPORT,MONO,DISTRICT 27 - MOJAVE,No Risk,Low Risk,Low Risk,Medium Risk,"1,200",Not At-Risk,1,$0 
CA2610701,USMC - HOUSING COLEVILLE,MONO,DISTRICT 27 - MOJAVE,Medium Risk,Low Risk,Low Risk,High Risk,424,At-Risk,1,$0 
CA2700503,ASSISI MWC,MONTEREY,LPA57 - MONTEREY COUNTY,No Risk,High Risk,No Risk,No Risk,126,Not At-Risk,1,$0 
CA2700509,OAK MANOR WS,MONTEREY,LPA57 - MONTEREY COUNTY,Medium Risk,Low Risk,No Risk,Low Risk,92,Potentially At-Risk,1,$0 
CA2700511,PSMCSD - NORMCO,MONTEREY,DISTRICT 05 - MONTEREY,No Risk,Low Risk,Low Risk,No Risk,928,Not At-Risk,1,$0 
CA2700522,CABANA HOLIDAY WS,MONTEREY,LPA57 - MONTEREY COUNTY,No Risk,Low Risk,Low Risk,No Risk,506,Not At-Risk,1,$0 
CA2700523,CALERA CANYON HEIGHTS HOA,MONTEREY,LPA57 - MONTEREY COUNTY,Low Risk,Low Risk,Low Risk,No Risk,40,Not At-Risk,1,$0 
CA2700534,COLONIAL OAK WC INC,MONTEREY,LPA57 - MONTEREY COUNTY,High Risk,Low Risk,No Risk,No Risk,198,Failing,1,$0 
CA2700535,JOST POST WA,MONTEREY,LPA57 - MONTEREY COUNTY,Low Risk,High Risk,No Risk,No Risk,56,Not At-Risk,1,$0 
CA2700541,DEL MONTE FARMS RD WS #03,MONTEREY,LPA57 - MONTEREY COUNTY,Medium Risk,High Risk,Low Risk,Low Risk,55,At-Risk,1,$0 
CA2700547,DESMOND RD WS #03,MONTEREY,LPA57 - MONTEREY COUNTY,Medium Risk,High Risk,No Risk,No Risk,56,At-Risk,1,$0 
CA2700548,DOLAN RD MWC,MONTEREY,LPA57 - MONTEREY COUNTY,Medium Risk,High Risk,Low Risk,No Risk,120,At-Risk,1,$0 
CA2700552,ECHO VALLEY SCHOOL WS,MONTEREY,LPA57 - MONTEREY COUNTY,High Risk,High Risk,Low Risk,No Risk,579,Failing,1,$0 
CA2700577,ELKHORN SCHOOL WS,MONTEREY,LPA57 - MONTEREY COUNTY,Medium Risk,High Risk,No Risk,No Risk,694,At-Risk,1,$0 
CA2700579,ELKHORN RD WS #04,MONTEREY,LPA57 - MONTEREY COUNTY,High Risk,Medium Risk,High Risk,Medium Risk,60,At-Risk,1,$0 
CA2700586,GABILAN WC,MONTEREY,LPA57 - MONTEREY COUNTY,No Risk,Low Risk,No Risk,Low Risk,535,Not At-Risk,1,$0 
CA2700589,GLENN AVE WS #01,MONTEREY,LPA57 - MONTEREY COUNTY,Medium Risk,High Risk,Low Risk,Low Risk,73,At-Risk,1,$0 
CA2700594,HIDDEN VALLEY WA,MONTEREY,LPA57 - MONTEREY COUNTY,High Risk,Medium Risk,No Risk,Low Risk,87,At-Risk,1,$0 
CA2700606,HIDDEN VIEWS MHP WS,MONTEREY,LPA57 - MONTEREY COUNTY,Medium Risk,Low Risk,Low Risk,No Risk,65,Not At-Risk,1,$0 
CA2700612,LAGUNA SECA WC,MONTEREY,LPA57 - MONTEREY COUNTY,High Risk,Low Risk,Low Risk,No Risk,162,Failing,1,$0 
CA2700622,OUTLOOK WA,MONTEREY,LPA57 - MONTEREY COUNTY,No Risk,Low Risk,No Risk,No Risk,35,Not At-Risk,1,$0 
CA2700624,LEAFWOOD COMMUNITY WA,MONTEREY,LPA57 - MONTEREY COUNTY,Medium Risk,High Risk,No Risk,Low Risk,64,At-Risk,1,$0 
CA2700629,MANZANITA HILLS WA,MONTEREY,LPA57 - MONTEREY COUNTY,Medium Risk,Medium Risk,No Risk,Low Risk,75,Potentially At-Risk,1,$0 
CA2700634,CHETMOORE ACRES WA,MONTEREY,LPA57 - MONTEREY COUNTY,Low Risk,High Risk,High Risk,No Risk,59,Potentially At-Risk,1,$0 
CA2700638,MAHER RD WS #05,MONTEREY,LPA57 - MONTEREY COUNTY,No Risk,High Risk,Low Risk,No Risk,48,Not At-Risk,1,$0 
CA2700656,MORO COJO MWA,MONTEREY,LPA57 - MONTEREY COUNTY,Low Risk,Low Risk,No Risk,No Risk,67,Not At-Risk,1,$0 
CA2700662,MURPHY HILL WS #01,MONTEREY,LPA57 - MONTEREY COUNTY,No Risk,High Risk,No Risk,Low Risk,65,At-Risk,1,$0 
CA2700663,MURPHY HILL WS #02,MONTEREY,LPA57 - MONTEREY COUNTY,No Risk,High Risk,Low Risk,No Risk,66,Not At-Risk,1,$0 
CA2700665,OAK HEIGHTS W & R CO INC,MONTEREY,LPA57 - MONTEREY COUNTY,High Risk,Low Risk,High Risk,No Risk,105,Failing,1,$0 
CA2700669,ORCHARD LN WS #02,MONTEREY,LPA57 - MONTEREY COUNTY,No Risk,High Risk,No Risk,No Risk,32,Not At-Risk,1,$0 
CA2700674,PARADISE LAKE MUTUAL WATER CO.,MONTEREY,LPA57 - MONTEREY COUNTY,Medium Risk,Medium Risk,Low Risk,No Risk,213,Potentially At-Risk,1,$0 
CA2700678,PARADISE RD WS #05,MONTEREY,LPA57 - MONTEREY COUNTY,Medium Risk,High Risk,No Risk,Low Risk,42,At-Risk,1,$0 
CA2700682,PARADISE RD WS #09,MONTEREY,LPA57 - MONTEREY COUNTY,No Risk,High Risk,No Risk,No Risk,206,Not At-Risk,1,$0 
CA2700686,GARLEN COURT WS,MONTEREY,LPA57 - MONTEREY COUNTY,Medium Risk,High Risk,High Risk,No Risk,65,At-Risk,1,$0 
CA2700687,PESANTE RD WS #02,MONTEREY,LPA57 - MONTEREY COUNTY,No Risk,High Risk,Low Risk,Low Risk,120,Not At-Risk,1,$0 
CA2700691,PESANTE RD WS #06,MONTEREY,LPA57 - MONTEREY COUNTY,Low Risk,High Risk,No Risk,Low Risk,50,Potentially At-Risk,1,$0 
CA2700702,PRUNEDALE MWC,MONTEREY,LPA57 - MONTEREY COUNTY,High Risk,Low Risk,High Risk,No Risk,277,At-Risk,1,$0 
CA2700705,PRUNEDALE SCHOOL WS,MONTEREY,LPA57 - MONTEREY COUNTY,No Risk,High Risk,No Risk,No Risk,655,Not At-Risk,1,$0 
CA2700709,RANCHO BORROMEO MWC,MONTEREY,LPA57 - MONTEREY COUNTY,No Risk,High Risk,Medium Risk,No Risk,100,Not At-Risk,1,$0 
CA2700713,ROLLING HILLS RANCHO WA,MONTEREY,LPA57 - MONTEREY COUNTY,High Risk,Low Risk,Low Risk,No Risk,185,Potentially At-Risk,1,$0 
CA2700727,SAN ANTONIO SCHOOL DISTRICT WS,MONTEREY,LPA57 - MONTEREY COUNTY,High Risk,High Risk,Low Risk,No Risk,300,At-Risk,1,$0 
CA2700728,SAN ARDO WD,MONTEREY,LPA57 - MONTEREY COUNTY,No Risk,High Risk,High Risk,No Risk,575,At-Risk,1,$0 
CA2700731,Z RANCH MWC,MONTEREY,LPA57 - MONTEREY COUNTY,No Risk,Low Risk,Low Risk,No Risk,62,Not At-Risk,1,$0 
CA2700733,SAN JUAN RD WS #01,MONTEREY,LPA57 - MONTEREY COUNTY,Low Risk,High Risk,No Risk,No Risk,49,Potentially At-Risk,1,$0 
CA2700738,SAN MIGUEL WS #01,MONTEREY,LPA57 - MONTEREY COUNTY,High Risk,Low Risk,Low Risk,Low Risk,100,At-Risk,1,$0 
CA2700740,SAN MIGUEL WS #03,MONTEREY,LPA57 - MONTEREY COUNTY,No Risk,Medium Risk,High Risk,Low Risk,45,Potentially At-Risk,1,$0 
CA2700766,STRAWBERRY RD WS #06,MONTEREY,LPA57 - MONTEREY COUNTY,Medium Risk,High Risk,Low Risk,Low Risk,78,At-Risk,1,$0 
CA2700771,PSMCSD - SPRINGFIELD WS,MONTEREY,LPA57 - MONTEREY COUNTY,High Risk,High Risk,Medium Risk,Low Risk,200,Failing,1,"$7,500,000 "
CA2700772,STRUVE RD WS #02,MONTEREY,LPA57 - MONTEREY COUNTY,High Risk,High Risk,Medium Risk,Low Risk,166,Failing,1,"$7,500,000 "
CA2700773,PSMCSD - SUNNY MESA,MONTEREY,DISTRICT 05 - MONTEREY,Medium Risk,High Risk,Medium Risk,Low Risk,880,At-Risk,1,$0 
CA2700775,TIERRA VERDE MWC,MONTEREY,LPA57 - MONTEREY COUNTY,High Risk,Low Risk,No Risk,Low Risk,48,Potentially At-Risk,1,$0 
CA2700787,PSMCSD - VEGA RD WS #01,MONTEREY,LPA57 - MONTEREY COUNTY,No Risk,Medium Risk,Low Risk,No Risk,438,Not At-Risk,1,$0 
CA2700792,SUMMERHILL MHP WS,MONTEREY,LPA57 - MONTEREY COUNTY,Low Risk,High Risk,No Risk,No Risk,95,Potentially At-Risk,1,$0 
CA2700799,VISTA DEL TORO WS,MONTEREY,LPA57 - MONTEREY COUNTY,Medium Risk,Low Risk,No Risk,No Risk,92,Not At-Risk,1,$0 
CA2700837,BLACKIE RD WS #05,MONTEREY,LPA57 - MONTEREY COUNTY,No Risk,High Risk,Medium Risk,No Risk,78,Not At-Risk,1,$0 
CA2700838,SPRING CANYON WA,MONTEREY,LPA57 - MONTEREY COUNTY,High Risk,Low Risk,No Risk,Low Risk,90,Failing,1,$0 
CA2700842,BAUMANN RD WS #01,MONTEREY,LPA57 - MONTEREY COUNTY,No Risk,High Risk,No Risk,No Risk,48,Not At-Risk,1,$0 
CA2700964,BRADLEY UNION SCHOOL WS,MONTEREY,LPA57 - MONTEREY COUNTY,Low Risk,High Risk,Low Risk,No Risk,100,Not At-Risk,1,$0 
CA2700970,ROYAL SIERRA ESTATES WS,MONTEREY,LPA57 - MONTEREY COUNTY,No Risk,Low Risk,Medium Risk,High Risk,36,Not At-Risk,1,$0 
CA2701034,APPLE AVE WS #02,MONTEREY,LPA57 - MONTEREY COUNTY,No Risk,High Risk,High Risk,High Risk,75,At-Risk,1,$0 
CA2701040,MCCOY RD  WS #05,MONTEREY,LPA57 - MONTEREY COUNTY,High Risk,High Risk,Medium Risk,Low Risk,92,Failing,1,$0 
CA2701046,CAMPHORA APARTMENTS,MONTEREY,LPA57 - MONTEREY COUNTY,No Risk,High Risk,Medium Risk,Low Risk,126,Potentially At-Risk,1,$0 
CA2701063,RIVER RD WS #25,MONTEREY,LPA57 - MONTEREY COUNTY,High Risk,High Risk,Low Risk,Medium Risk,65,Failing,1,"$37,429 "
CA2701068,IVERSON & JACKS APTS WS,MONTEREY,LPA57 - MONTEREY COUNTY,High Risk,Low Risk,Medium Risk,No Risk,86,At-Risk,1,$0 
CA2701202,CAL AM WATER COMPANY - CHUALAR,MONTEREY,DISTRICT 05 - MONTEREY,No Risk,Medium Risk,Medium Risk,No Risk,"1,139",Not At-Risk,1,$0 
CA2701221,WASHINGTON  SCHOOL WS,MONTEREY,LPA57 - MONTEREY COUNTY,High Risk,High Risk,No Risk,No Risk,250,At-Risk,1,$0 
CA2701241,ENCINAL RD WS #01,MONTEREY,LPA57 - MONTEREY COUNTY,High Risk,High Risk,High Risk,Low Risk,91,Failing,1,$0 
CA2701254,CARMEL RIVIERA MWC,MONTEREY,LPA57 - MONTEREY COUNTY,No Risk,No Risk,High Risk,Low Risk,584,Not At-Risk,1,$0 
CA2701257,CAL AM WATER COMPANY - GARRAPATA,MONTEREY,LPA57 - MONTEREY COUNTY,Low Risk,Low Risk,Low Risk,No Risk,30,Not At-Risk,1,$0 
CA2701263,PARTINGTON MWC,MONTEREY,LPA57 - MONTEREY COUNTY,No Risk,High Risk,High Risk,No Risk,35,Potentially At-Risk,1,$0 
CA2701278,RANCHO CHAPARRAL MWC,MONTEREY,LPA57 - MONTEREY COUNTY,Low Risk,High Risk,High Risk,No Risk,58,At-Risk,1,$0 
CA2701279,COASTLANDS MWS (POST CREEK),MONTEREY,LPA57 - MONTEREY COUNTY,No Risk,High Risk,High Risk,No Risk,129,Potentially At-Risk,1,$0 
CA2701280,NEPENTHE WS,MONTEREY,LPA57 - MONTEREY COUNTY,Low Risk,Low Risk,Low Risk,Medium Risk,618,Not At-Risk,1,$0 
CA2701295,ESALEN INSTITUTE WS,MONTEREY,LPA57 - MONTEREY COUNTY,No Risk,Low Risk,Low Risk,Medium Risk,246,Not At-Risk,1,$0 
CA2701355,PRINCES CAMP RESORT WS,MONTEREY,LPA57 - MONTEREY COUNTY,Medium Risk,High Risk,No Risk,No Risk,126,At-Risk,1,$0 
CA2701364,PEDRAZZI MWC,MONTEREY,LPA57 - MONTEREY COUNTY,No Risk,High Risk,Low Risk,No Risk,273,Not At-Risk,1,$0 
CA2701367,TIERRA MEADOWS HOA WS,MONTEREY,LPA57 - MONTEREY COUNTY,Medium Risk,Low Risk,No Risk,No Risk,58,Not At-Risk,1,$0 
CA2701403,PINE ST WS #01,MONTEREY,LPA57 - MONTEREY COUNTY,No Risk,High Risk,Low Risk,No Risk,36,Not At-Risk,1,$0 
CA2701423,ECHO VALLEY RD WS #05,MONTEREY,LPA57 - MONTEREY COUNTY,Low Risk,Low Risk,High Risk,No Risk,45,Not At-Risk,1,$0 
CA2701452,MONTEREY DUNES MWA,MONTEREY,LPA57 - MONTEREY COUNTY,No Risk,Medium Risk,High Risk,Low Risk,243,Potentially At-Risk,1,$0 
CA2701498,HARBOR VIEW WA,MONTEREY,LPA57 - MONTEREY COUNTY,Medium Risk,High Risk,No Risk,No Risk,75,At-Risk,1,$0 
CA2701503,MESA DEL TORO MWC,MONTEREY,LPA57 - MONTEREY COUNTY,Medium Risk,Medium Risk,No Risk,No Risk,90,Potentially At-Risk,1,$0 
CA2701515,PSMCSD - MOSS LANDING HARBOR WS,MONTEREY,LPA57 - MONTEREY COUNTY,No Risk,Medium Risk,Low Risk,No Risk,520,Not At-Risk,1,$0 
CA2701553,POND-DEROSA OAKS WC,MONTEREY,LPA57 - MONTEREY COUNTY,No Risk,High Risk,No Risk,Low Risk,216,Not At-Risk,1,$0 
CA2701570,LOS CARNEROS MWA,MONTEREY,LPA57 - MONTEREY COUNTY,Medium Risk,High Risk,No Risk,No Risk,70,At-Risk,1,$0 
CA2701589,SUNNY ACRES MWS,MONTEREY,LPA57 - MONTEREY COUNTY,No Risk,High Risk,High Risk,Low Risk,45,At-Risk,1,$0 
CA2701633,PARADISE RD WS #21,MONTEREY,LPA57 - MONTEREY COUNTY,Medium Risk,High Risk,No Risk,No Risk,48,At-Risk,1,$0 
CA2701647,GREEN ACRES WA,MONTEREY,LPA57 - MONTEREY COUNTY,Medium Risk,High Risk,Low Risk,Low Risk,56,At-Risk,1,$0 
CA2701658,ARROYO CENTER WC,MONTEREY,LPA57 - MONTEREY COUNTY,No Risk,Low Risk,No Risk,No Risk,130,Not At-Risk,1,$0 
CA2701670,PSMCSD - LANGLEY/VALLE PACIFICO WS,MONTEREY,LPA57 - MONTEREY COUNTY,Medium Risk,High Risk,High Risk,Low Risk,81,At-Risk,1,$0 
CA2701676,SAN LUCAS COUNTY WATER DISTRICT,MONTEREY,DISTRICT 05 - MONTEREY,Medium Risk,High Risk,High Risk,High Risk,315,Failing,1,$0 
CA2701687,VALLEY OAKS MHP WS,MONTEREY,LPA57 - MONTEREY COUNTY,No Risk,High Risk,Low Risk,Low Risk,108,Not At-Risk,1,$0 
CA2701701,BRADLEY-LOCKWOOD RD WS,MONTEREY,LPA57 - MONTEREY COUNTY,No Risk,Low Risk,No Risk,Low Risk,25,Not At-Risk,1,$0 
CA2701705,TASSAJARA SPRINGS WS,MONTEREY,LPA57 - MONTEREY COUNTY,No Risk,Low Risk,No Risk,Low Risk,150,Not At-Risk,1,$0 
CA2701731,BRANDON CREEK MWS,MONTEREY,LPA57 - MONTEREY COUNTY,No Risk,Low Risk,Low Risk,No Risk,41,Not At-Risk,1,$0 
CA2701740,BLUFFS WS,MONTEREY,LPA57 - MONTEREY COUNTY,No Risk,High Risk,Low Risk,Low Risk,120,Not At-Risk,1,$0 
CA2701742,CALIFORNIA ORCHARD WS,MONTEREY,LPA57 - MONTEREY COUNTY,Low Risk,Low Risk,No Risk,Low Risk,150,Not At-Risk,1,$0 
CA2701789,HOLLY HILLS MWC,MONTEREY,LPA57 - MONTEREY COUNTY,No Risk,No Risk,High Risk,Medium Risk,108,Not At-Risk,1,$0 
CA2701800,TULARCITOS MWC,MONTEREY,LPA57 - MONTEREY COUNTY,Low Risk,Low Risk,High Risk,No Risk,90,Not At-Risk,1,$0 
CA2701820,CORDA RD WS,MONTEREY,LPA57 - MONTEREY COUNTY,High Risk,High Risk,Low Risk,Low Risk,54,Failing,1,$0 
CA2701822,ROBLEY PROPERTY MWS,MONTEREY,LPA57 - MONTEREY COUNTY,No Risk,Low Risk,Low Risk,No Risk,92,Not At-Risk,1,$0 
CA2701888,CACHAGUA MUTUAL WS (#4),MONTEREY,LPA57 - MONTEREY COUNTY,Low Risk,Low Risk,High Risk,Low Risk,55,Not At-Risk,1,$0 
CA2701897,BERRY DR WS #02,MONTEREY,LPA57 - MONTEREY COUNTY,No Risk,High Risk,No Risk,No Risk,40,Not At-Risk,1,$0 
CA2701898,CLEAR RIDGE WA,MONTEREY,LPA57 - MONTEREY COUNTY,No Risk,High Risk,High Risk,Low Risk,123,Potentially At-Risk,1,$0 
CA2701904,SAN JERARDO COOP WS,MONTEREY,LPA57 - MONTEREY COUNTY,No Risk,High Risk,Low Risk,Low Risk,249,Potentially At-Risk,1,$0 
CA2701906,LAKE SAN ANTONIO MHP WS,MONTEREY,LPA57 - MONTEREY COUNTY,Low Risk,High Risk,No Risk,Low Risk,84,Not At-Risk,1,$0 
CA2701918,LOMAS DEL SOL MWS,MONTEREY,LPA57 - MONTEREY COUNTY,No Risk,Medium Risk,No Risk,No Risk,93,Not At-Risk,1,$0 
CA2701926,MORO RD WS #09,MONTEREY,LPA57 - MONTEREY COUNTY,High Risk,Low Risk,High Risk,Low Risk,210,Failing,1,$0 
CA2701935,MOUNT TORO RANCHOS MWA,MONTEREY,LPA57 - MONTEREY COUNTY,Low Risk,Low Risk,Low Risk,No Risk,45,Not At-Risk,1,$0 
CA2701956,PIONEER PLACE MWS,MONTEREY,LPA57 - MONTEREY COUNTY,Low Risk,Medium Risk,Low Risk,No Risk,64,Not At-Risk,1,$0 
CA2701959,TIERRA VISTA MWC,MONTEREY,LPA57 - MONTEREY COUNTY,Medium Risk,High Risk,Low Risk,No Risk,54,Potentially At-Risk,1,$0 
CA2702003,VIERRA MEADOWS MWC,MONTEREY,LPA57 - MONTEREY COUNTY,High Risk,Low Risk,Low Risk,No Risk,65,Failing,1,$0 
CA2702004,CAL AM WATER COMPANY - RALPH LANE,MONTEREY,LPA57 - MONTEREY COUNTY,No Risk,High Risk,No Risk,No Risk,96,Not At-Risk,1,$0 
CA2702007,PSMCSD - VIERRA ESTATES WS,MONTEREY,LPA57 - MONTEREY COUNTY,High Risk,High Risk,Low Risk,Low Risk,164,Failing,1,$0 
CA2702026,APRICOT LN WS,MONTEREY,LPA57 - MONTEREY COUNTY,Medium Risk,High Risk,High Risk,No Risk,53,At-Risk,1,$0 
CA2702055,VIERRA KNOLLS MWC,MONTEREY,LPA57 - MONTEREY COUNTY,No Risk,High Risk,High Risk,No Risk,66,Not At-Risk,1,$0 
CA2702073,SAN MIGUEL WS #22,MONTEREY,LPA57 - MONTEREY COUNTY,No Risk,Low Risk,No Risk,Low Risk,93,Not At-Risk,1,$0 
CA2702094,PSMCSD - BLACKIE RD WS,MONTEREY,LPA57 - MONTEREY COUNTY,No Risk,High Risk,High Risk,No Risk,60,At-Risk,1,$0 
CA2702110,DELANY WC,MONTEREY,LPA57 - MONTEREY COUNTY,Medium Risk,High Risk,No Risk,No Risk,60,At-Risk,1,$0 
CA2702135,FOOTHILL WA,MONTEREY,LPA57 - MONTEREY COUNTY,No Risk,High Risk,No Risk,Low Risk,46,Potentially At-Risk,1,$0 
CA2702140,WOODSIDE WA,MONTEREY,LPA57 - MONTEREY COUNTY,Low Risk,Low Risk,No Risk,High Risk,73,Not At-Risk,1,$0 
CA2702148,ASOLEADO MWC,MONTEREY,LPA57 - MONTEREY COUNTY,No Risk,Low Risk,No Risk,No Risk,101,Not At-Risk,1,$0 
CA2702180,GRAVES SCHOOL WS,MONTEREY,LPA57 - MONTEREY COUNTY,No Risk,High Risk,Low Risk,No Risk,56,At-Risk,1,$0 
CA2702198,FOOTHILL ESTATES WS,MONTEREY,LPA57 - MONTEREY COUNTY,No Risk,Low Risk,Low Risk,Low Risk,183,Not At-Risk,1,$0 
CA2702254,PACIFIC VALLEY SCHOOL WS,MONTEREY,LPA57 - MONTEREY COUNTY,No Risk,High Risk,No Risk,No Risk,25,Not At-Risk,1,$0 
CA2702256,NORTH SHORE ESTATES  WS,MONTEREY,LPA57 - MONTEREY COUNTY,No Risk,Low Risk,No Risk,Low Risk,60,Not At-Risk,1,$0 
CA2702268,NEW CAMALDOLI HERMITAGE WS,MONTEREY,LPA57 - MONTEREY COUNTY,No Risk,High Risk,Low Risk,Medium Risk,44,At-Risk,1,$0 
CA2702299,POST RANCH INN WS,MONTEREY,LPA57 - MONTEREY COUNTY,No Risk,Low Risk,Low Risk,Low Risk,416,Not At-Risk,1,$0 
CA2702317,MISSION SCHOOL WS,MONTEREY,LPA57 - MONTEREY COUNTY,High Risk,High Risk,Medium Risk,No Risk,100,At-Risk,1,"$1,281,273 "
CA2702320,HITCHCOCK RD WS #01,MONTEREY,LPA57 - MONTEREY COUNTY,Low Risk,Medium Risk,Low Risk,Medium Risk,360,Potentially At-Risk,1,$0 
CA2702322,CAPTAIN COOPER SCHOOL WS,MONTEREY,LPA57 - MONTEREY COUNTY,No Risk,High Risk,Low Risk,No Risk,95,At-Risk,1,$0 
CA2702325,FERNWOOD WS,MONTEREY,LPA57 - MONTEREY COUNTY,No Risk,High Risk,Low Risk,Medium Risk,184,Potentially At-Risk,1,$0 
CA2702328,VENTANA BIG SUR INN WS,MONTEREY,LPA57 - MONTEREY COUNTY,No Risk,Low Risk,Low Risk,Low Risk,193,Not At-Risk,1,$0 
CA2702374,COUNTRYSIDE ESTATES MWC,MONTEREY,LPA57 - MONTEREY COUNTY,No Risk,High Risk,High Risk,No Risk,243,Potentially At-Risk,1,$0 
CA2702388,ROYAL OAK PLACE WS,MONTEREY,LPA57 - MONTEREY COUNTY,High Risk,Low Risk,Low Risk,No Risk,60,Potentially At-Risk,1,$0 
CA2702405,VALLEY CREEK MHP WS,MONTEREY,LPA57 - MONTEREY COUNTY,High Risk,High Risk,No Risk,Low Risk,129,At-Risk,1,$0 
CA2702409,EL CAMINO WC INC,MONTEREY,LPA57 - MONTEREY COUNTY,High Risk,Medium Risk,Low Risk,No Risk,133,At-Risk,1,$0 
CA2702439,WOODLAND HEIGHTS MWC,MONTEREY,LPA57 - MONTEREY COUNTY,Medium Risk,Low Risk,High Risk,No Risk,57,Potentially At-Risk,1,$0 
CA2702466,SAN VICENTE MWC,MONTEREY,LPA57 - MONTEREY COUNTY,High Risk,Low Risk,High Risk,No Risk,69,At-Risk,1,$0 
CA2702490,CENTRAL BAY HIGH SCHOOL WS,MONTEREY,LPA57 - MONTEREY COUNTY,No Risk,High Risk,No Risk,No Risk,70,Not At-Risk,1,$0 
CA2702520,ARROYO SECO ESTATES MWS,MONTEREY,LPA57 - MONTEREY COUNTY,No Risk,Low Risk,High Risk,Low Risk,70,Potentially At-Risk,1,$0 
CA2702521,SANTA LUCIA PRESERVE WS,MONTEREY,DISTRICT 05 - MONTEREY,Low Risk,No Risk,No Risk,Low Risk,966,Not At-Risk,1,$0 
CA2702550,GRANGE HALL WS,MONTEREY,LPA57 - MONTEREY COUNTY,Not Assessed,Not Assessed,Not Assessed,Not Assessed,25,Not Assessed,1,$0 
CA2702554,HIDDEN CANYON RANCH MWC,MONTEREY,LPA57 - MONTEREY COUNTY,Low Risk,Low Risk,No Risk,No Risk,116,Not At-Risk,1,$0 
CA2702572,ALBA WS,MONTEREY,LPA57 - MONTEREY COUNTY,Not Assessed,Not Assessed,Not Assessed,Not Assessed,40,Not Assessed,1,$0 
CA2702588,CANADA WOODS WC,MONTEREY,DISTRICT 05 - MONTEREY,Low Risk,Low Risk,High Risk,Low Risk,356,Not At-Risk,1,$0 
CA2702608,THIMIO MWC,MONTEREY,LPA57 - MONTEREY COUNTY,High Risk,High Risk,No Risk,No Risk,59,Failing,1,$0 
CA2702816,MERRILL GARDENS IRIS CANYON WS,MONTEREY,LPA57 - MONTEREY COUNTY,Low Risk,Low Risk,No Risk,Medium Risk,161,Not At-Risk,1,$0 
CA2704520,WILLIAMS - RC FARMS WS,MONTEREY,LPA57 - MONTEREY COUNTY,No Risk,Low Risk,Low Risk,Low Risk,35,Not At-Risk,1,$0 
CA2710001,ALCO WATER SERVICE,MONTEREY,DISTRICT 05 - MONTEREY,No Risk,Low Risk,Medium Risk,Low Risk,"56,253",Not At-Risk,1,$0 
CA2710004,CAL AM WATER COMPANY - MONTEREY,MONTEREY,DISTRICT 05 - MONTEREY,Not Assessed,Not Assessed,Not Assessed,Not Assessed,"92,450",Not Assessed,1,$0 
CA2710005,CASTROVILLE COMMUNITY SERVICES DISTRICT,MONTEREY,DISTRICT 05 - MONTEREY,No Risk,Medium Risk,Low Risk,No Risk,"7,515",Not At-Risk,1,$0 
CA2710006,CAL AM WATER COMPANY - AMBLER PARK,MONTEREY,DISTRICT 05 - MONTEREY,High Risk,Low Risk,No Risk,No Risk,980,Not At-Risk,1,$0 
CA2710007,"GONZALES, CITY OF",MONTEREY,DISTRICT 05 - MONTEREY,No Risk,Medium Risk,Low Risk,Low Risk,"8,327",Not At-Risk,1,"$37,429 "
CA2710008,"GREENFIELD, CITY OF",MONTEREY,DISTRICT 05 - MONTEREY,No Risk,Low Risk,Medium Risk,Low Risk,"18,967",Not At-Risk,1,$0 
CA2710009,CWSC KING CITY,MONTEREY,DISTRICT 05 - MONTEREY,No Risk,Low Risk,Medium Risk,No Risk,"16,334",Not At-Risk,1,$0 
CA2710010,CWSC SALINAS,MONTEREY,DISTRICT 05 - MONTEREY,Not Assessed,Not Assessed,Not Assessed,Not Assessed,"123,679",Not Assessed,1,$0 
CA2710011,"SOLEDAD, CITY OF",MONTEREY,DISTRICT 05 - MONTEREY,No Risk,Low Risk,No Risk,Low Risk,"19,455",Not At-Risk,1,$0 
CA2710012,CWSC SALINAS HILLS,MONTEREY,DISTRICT 05 - MONTEREY,No Risk,Medium Risk,No Risk,No Risk,"5,293",Not At-Risk,1,$0 
CA2710013,CWSC LAS LOMAS,MONTEREY,DISTRICT 05 - MONTEREY,Medium Risk,Medium Risk,Low Risk,No Risk,"2,084",Potentially At-Risk,1,$0 
CA2710016,LITTLE BEAR WATER COMPANY,MONTEREY,DISTRICT 05 - MONTEREY,Medium Risk,Low Risk,No Risk,Medium Risk,"2,327",Failing,1,$0 
CA2710017,MARINA COAST WATER DISTRICT,MONTEREY,DISTRICT 05 - MONTEREY,No Risk,No Risk,Medium Risk,No Risk,"38,377",Not At-Risk,1,$0 
CA2710018,SEASIDE MUNICIPAL WATER SYSTEM,MONTEREY,DISTRICT 05 - MONTEREY,No Risk,No Risk,High Risk,No Risk,"2,800",Not At-Risk,1,$0 
CA2710019,CWSC OAK HILLS,MONTEREY,DISTRICT 05 - MONTEREY,High Risk,Medium Risk,No Risk,No Risk,"3,161",At-Risk,1,$0 
CA2710020,PSMCSD - PAJARO,MONTEREY,DISTRICT 05 - MONTEREY,No Risk,Medium Risk,Medium Risk,No Risk,"6,500",Not At-Risk,1,$0 
CA2710021,CAL AM WATER COMPANY - TORO,MONTEREY,DISTRICT 05 - MONTEREY,High Risk,No Risk,No Risk,No Risk,"1,065",Not At-Risk,1,$0 
CA2710022,CAL AM WATER COMPANY - HIDDEN HILLS,MONTEREY,DISTRICT 05 - MONTEREY,No Risk,No Risk,No Risk,No Risk,"1,106",Not At-Risk,1,$0 
CA2710023,TASCO SPRECKELS WATER COMPANY,MONTEREY,DISTRICT 05 - MONTEREY,Low Risk,Medium Risk,Medium Risk,No Risk,"1,772",Not At-Risk,1,$0 
CA2710300,CSP-PFEIFFER BIG SUR,MONTEREY,DISTRICT 05 - MONTEREY,No Risk,Low Risk,Low Risk,High Risk,585,Not At-Risk,1,$0 
CA2710702,FORT HUNTER LIGGETT,MONTEREY,DISTRICT 05 - MONTEREY,Low Risk,Medium Risk,No Risk,Medium Risk,"2,753",Not At-Risk,1,$0 
CA2710850,CORRECTIONAL TRAINING FACILITY - SOLEDAD,MONTEREY,DISTRICT 05 - MONTEREY,High Risk,Low Risk,Medium Risk,Low Risk,"4,269",At-Risk,1,$0 
CA2710851,SALINAS VALLEY STATE PRISON,MONTEREY,DISTRICT 05 - MONTEREY,High Risk,Low Risk,Medium Risk,Medium Risk,"2,930",At-Risk,1,$0 
CA2800035,RIVER RANCH FARM WORKER CENTER,NAPA,LPA58 - NAPA COUNTY,No Risk,High Risk,Low Risk,Low Risk,66,Not At-Risk,1,$0 
CA2800039,CALISTOGA FARM WORKER CENTER,NAPA,LPA58 - NAPA COUNTY,Medium Risk,High Risk,No Risk,Low Risk,65,At-Risk,1,$0 
CA2800040,MONDAVI FARM WORKER CENTER,NAPA,LPA58 - NAPA COUNTY,Low Risk,High Risk,No Risk,Low Risk,66,Not At-Risk,1,$0 
CA2800516,TUCKER ACRES MUTUAL WATER CO.,NAPA,LPA58 - NAPA COUNTY,High Risk,Low Risk,No Risk,Low Risk,200,Potentially At-Risk,1,$0 
CA2800521,CIRCLE OAKS WATER DISTRICT,NAPA,LPA58 - NAPA COUNTY,Low Risk,Low Risk,No Risk,Low Risk,500,Not At-Risk,1,$0 
CA2800525,LA TIERRA HEIGHTS MUTUAL,NAPA,LPA58 - NAPA COUNTY,No Risk,Low Risk,No Risk,Low Risk,67,Not At-Risk,1,$0 
CA2800526,BERRYESSA ESTATES (LBRID),NAPA,DISTRICT 03 - MENDOCINO,Low Risk,High Risk,High Risk,Low Risk,474,At-Risk,1,"$1,753,858 "
CA2800527,LINDA FALLS TERRACE MUTUAL,NAPA,LPA58 - NAPA COUNTY,No Risk,No Risk,High Risk,Low Risk,35,Not At-Risk,1,$0 
CA2800528,LINDA VISTA MUTUAL WATER CO,NAPA,LPA58 - NAPA COUNTY,No Risk,No Risk,High Risk,No Risk,90,Not At-Risk,1,$0 
CA2800530,MEYERS WATER CO.,NAPA,LPA58 - NAPA COUNTY,Low Risk,High Risk,No Risk,Low Risk,250,Not At-Risk,1,$0 
CA2800531,NAPA RIVER RANCH,NAPA,LPA58 - NAPA COUNTY,Low Risk,High Risk,No Risk,High Risk,70,At-Risk,1,$0 
CA2800532,VAILIMA ESTATES MUTUAL WATER,NAPA,LPA58 - NAPA COUNTY,Low Risk,Low Risk,High Risk,No Risk,25,Not At-Risk,1,$0 
CA2800543,CAPELL VALLEY ESTATES,NAPA,LPA58 - NAPA COUNTY,Low Risk,High Risk,High Risk,No Risk,208,At-Risk,1,$0 
CA2800593,R RANCH AT THE LAKE,NAPA,LPA58 - NAPA COUNTY,Low Risk,Low Risk,No Risk,High Risk,28,Not At-Risk,1,$0 
CA2800625,ADVENTIST HEALTH - ST. HELENA HOSPITAL,NAPA,DISTRICT 03 - MENDOCINO,No Risk,No Risk,No Risk,No Risk,817,Not At-Risk,1,$0 
CA2800840,NAPA COUNTY SCHOOLS: POPE VALLEY,NAPA,LPA58 - NAPA COUNTY,Low Risk,High Risk,Medium Risk,No Risk,100,Failing,1,$0 
CA2800848,NVUSD: STONEBRIDGE SCHOOL,NAPA,LPA58 - NAPA COUNTY,No Risk,High Risk,No Risk,No Risk,100,Not At-Risk,1,$0 
CA2800970,HOWELL MOUNTAIN SCHOOL,NAPA,LPA58 - NAPA COUNTY,No Risk,Low Risk,No Risk,No Risk,100,Not At-Risk,1,$0 
CA2801016,HESS WINERY,NAPA,LPA58 - NAPA COUNTY,No Risk,Low Risk,No Risk,Medium Risk,250,Not At-Risk,1,$0 
CA2801080,MILTON ROAD WATER COMPANY,NAPA,LPA58 - NAPA COUNTY,High Risk,High Risk,No Risk,Low Risk,44,Failing,1,$0 
CA2810001,HOWELL MOUNTAIN MUTUAL WATER COMPANY,NAPA,DISTRICT 03 - MENDOCINO,Low Risk,Low Risk,Low Risk,No Risk,"1,240",Not At-Risk,1,$0 
CA2810002,"CALISTOGA, CITY OF",NAPA,DISTRICT 03 - MENDOCINO,Low Risk,No Risk,No Risk,Low Risk,"5,610",Not At-Risk,1,$0 
CA2810003,"NAPA, CITY OF",NAPA,DISTRICT 03 - MENDOCINO,Low Risk,No Risk,No Risk,No Risk,"84,804",Failing,1,$0 
CA2810004,"ST. HELENA, CITY OF",NAPA,DISTRICT 03 - MENDOCINO,Low Risk,No Risk,Low Risk,Low Risk,"5,386",Failing,1,$0 
CA2810005,"AMERICAN CANYON, CITY OF",NAPA,DISTRICT 03 - MENDOCINO,Medium Risk,High Risk,No Risk,No Risk,"21,437",Potentially At-Risk,1,$0 
CA2810007,TOWN OF YOUNTVILLE,NAPA,DISTRICT 03 - MENDOCINO,Low Risk,No Risk,High Risk,Low Risk,"2,787",Not At-Risk,1,$0 
CA2810008,VETERANS HOME OF CALIFORNIA,NAPA,DISTRICT 03 - MENDOCINO,Not Assessed,Not Assessed,Not Assessed,Not Assessed,"1,000",Not Assessed,1,$0 
CA2810009,BERRYESSA PINES WATER SYSTEM,NAPA,LPA58 - NAPA COUNTY,No Risk,High Risk,High Risk,Low Risk,261,At-Risk,1,$0 
CA2810012,PACIFIC UNION COLLEGE,NAPA,DISTRICT 03 - MENDOCINO,No Risk,Low Risk,No Risk,Low Risk,"1,958",Not At-Risk,1,$0 
CA2810013,BERRYESSA HIGHLANDS,NAPA,DISTRICT 03 - MENDOCINO,No Risk,High Risk,High Risk,Low Risk,715,At-Risk,1,$0 
CA2810014,SPANISH FLAT WATER DISTRICT,NAPA,LPA58 - NAPA COUNTY,Medium Risk,High Risk,High Risk,Low Risk,230,At-Risk,1,$0 
CA2900502,FLORISTON WATER SYSTEM,NEVADA,LPA59 - NEVADA COUNTY,Low Risk,High Risk,High Risk,No Risk,110,Failing,1,"$7,133,624 "
CA2900511,SHADY LAKE WATER ASSOCIATION,NEVADA,LPA59 - NEVADA COUNTY,No Risk,High Risk,Low Risk,No Risk,90,Not At-Risk,1,$0 
CA2900523,WASHINGTON WATER DISTRICT,NEVADA,LPA59 - NEVADA COUNTY,No Risk,High Risk,High Risk,Medium Risk,330,At-Risk,1,$0 
CA2900529,GOLD COUNTRY HOME PARK - WATER SYSTEM,NEVADA,LPA59 - NEVADA COUNTY,Medium Risk,Low Risk,Low Risk,Low Risk,60,Not At-Risk,1,$0 
CA2900530,ROUGH & READY VILLAGE,NEVADA,LPA59 - NEVADA COUNTY,Low Risk,Low Risk,Medium Risk,Low Risk,268,Potentially At-Risk,1,$0 
CA2900531,CREEKSIDE VILLAGE,NEVADA,LPA59 - NEVADA COUNTY,High Risk,High Risk,Medium Risk,Low Risk,300,At-Risk,1,$0 
CA2900535,PLEASANT RIDGE SCHOOL,NEVADA,LPA59 - NEVADA COUNTY,No Risk,High Risk,Medium Risk,No Risk,250,Not At-Risk,1,$0 
CA2900536,CLEAR CREEK SCHOOL,NEVADA,LPA59 - NEVADA COUNTY,Medium Risk,High Risk,Medium Risk,No Risk,160,At-Risk,1,$0 
CA2900541,CHRISTIAN ENCOUNTER MINISTRIES,NEVADA,LPA59 - NEVADA COUNTY,No Risk,High Risk,Low Risk,Medium Risk,35,At-Risk,1,$0 
CA2900546,YULICA,NEVADA,LPA59 - NEVADA COUNTY,No Risk,Low Risk,Low Risk,Low Risk,25,Not At-Risk,1,$0 
CA2900548,SIERRA ESTATES MUTUAL WATER COMPANY,NEVADA,LPA59 - NEVADA COUNTY,Low Risk,High Risk,Low Risk,Low Risk,100,Potentially At-Risk,1,$0 
CA2900562,ANANDA VILLAGE,NEVADA,LPA59 - NEVADA COUNTY,Medium Risk,Low Risk,Medium Risk,No Risk,222,Potentially At-Risk,1,$0 
CA2900578,TWIN RIDGES GRIZZLY HILL SCHOOL,NEVADA,LPA59 - NEVADA COUNTY,Low Risk,High Risk,Medium Risk,No Risk,125,Potentially At-Risk,1,$0 
CA2900587,MOUNTAIN VALLEY CHILD AND FAMILY SERVICE,NEVADA,LPA59 - NEVADA COUNTY,Not Assessed,Not Assessed,Not Assessed,Not Assessed,50,Not Assessed,1,$0 
CA2900593,TWIN RIDGES OAK TREE SCHOOL,NEVADA,LPA59 - NEVADA COUNTY,No Risk,Low Risk,Medium Risk,No Risk,120,Not At-Risk,1,$0 
CA2900601,"NCSOS, MCCOURTNEY RD.",NEVADA,LPA59 - NEVADA COUNTY,No Risk,High Risk,No Risk,No Risk,25,Not At-Risk,1,$0 
CA2901208,DONNER TRAIL ELEMENTARY SCHOOL,NEVADA,LPA59 - NEVADA COUNTY,No Risk,High Risk,No Risk,No Risk,60,Not At-Risk,1,$0 
CA2901994,SHADY CREEK OUTDOOR SCHOOL,NEVADA,LPA59 - NEVADA COUNTY,Not Assessed,Not Assessed,Not Assessed,Not Assessed,315,Not Assessed,1,$0 
CA2904011,FOTTW,NEVADA,LPA59 - NEVADA COUNTY,No Risk,High Risk,No Risk,Low Risk,44,Not At-Risk,1,$0 
CA2910001,CITY OF GRASS VALLEY,NEVADA,DISTRICT 09 - SACRAMENTO,No Risk,High Risk,Medium Risk,Low Risk,"4,947",Not At-Risk,1,$0 
CA2910002,CITY OF NEVADA CITY,NEVADA,DISTRICT 09 - SACRAMENTO,Low Risk,High Risk,Medium Risk,Low Risk,"3,148",At-Risk,1,$0 
CA2910003,"TRUCKEE-DONNER PUD, MAIN",NEVADA,DISTRICT 09 - SACRAMENTO,No Risk,No Risk,No Risk,Low Risk,"36,730",Not At-Risk,1,$0 
CA2910004,"NEVADA ID - E. GEORGE, BANNER MOUNTAIN",NEVADA,DISTRICT 09 - SACRAMENTO,No Risk,No Risk,High Risk,Low Risk,"17,154",Not At-Risk,1,$0 
CA2910006,NEVADA ID - LOMA RICA,NEVADA,DISTRICT 09 - SACRAMENTO,No Risk,High Risk,High Risk,Low Risk,"14,072",Potentially At-Risk,1,$0 
CA2910010,TRUCKEE-DONNER PUD - HIRSCHDALE,NEVADA,DISTRICT 09 - SACRAMENTO,High Risk,No Risk,No Risk,Low Risk,85,Potentially At-Risk,1,$0 
CA2910011,PLAVADA COMMUNITY ASSOCIATION,NEVADA,DISTRICT 09 - SACRAMENTO,Medium Risk,Low Risk,Low Risk,No Risk,384,Not At-Risk,1,$0 
CA2910013,WASHINGTON RIDGE C.C.,NEVADA,DISTRICT 09 - SACRAMENTO,No Risk,Low Risk,Medium Risk,Medium Risk,62,Not At-Risk,1,$0 
CA2910014,NEVADA ID - LAKE OF PINES,NEVADA,DISTRICT 09 - SACRAMENTO,No Risk,High Risk,High Risk,Low Risk,"6,870",Potentially At-Risk,1,$0 
CA2910016,DONNER SUMMIT PUBLIC UTILITY DISTRICT,NEVADA,DISTRICT 09 - SACRAMENTO,Low Risk,High Risk,High Risk,Low Risk,310,At-Risk,1,$0 
CA2910023,NEVADA ID - LAKE WILDWOOD,NEVADA,DISTRICT 09 - SACRAMENTO,No Risk,High Risk,High Risk,Low Risk,"9,108",At-Risk,1,$0 
CA3000519,HYNES ESTATES MUTUAL WATER CO.,ORANGE,DISTRICT 08 - SANTA ANA,Medium Risk,Medium Risk,High Risk,No Risk,168,At-Risk,1,$0 
CA3000585,PAGE AVENUE MUTUAL WATER COMPANY,ORANGE,DISTRICT 08 - SANTA ANA,High Risk,No Risk,High Risk,Low Risk,119,At-Risk,1,$0 
CA3000618,LIBERTY PARK WATER ASSOCIATION,ORANGE,DISTRICT 08 - SANTA ANA,High Risk,High Risk,Low Risk,No Risk,85,At-Risk,1,$0 
CA3000825,SOUTH MIDWAY CITY MUTUAL WATER CO.,ORANGE,DISTRICT 08 - SANTA ANA,Medium Risk,No Risk,Medium Risk,Low Risk,891,Not At-Risk,1,$0 
CA3010001,CITY OF ANAHEIM,ORANGE,DISTRICT 08 - SANTA ANA,Not Assessed,Not Assessed,Not Assessed,Not Assessed,"348,593",Not Assessed,1,$0 
CA3010002,CITY OF BREA,ORANGE,DISTRICT 08 - SANTA ANA,No Risk,No Risk,No Risk,Low Risk,"48,479",Not At-Risk,1,$0 
CA3010003,CITY OF BUENA PARK,ORANGE,DISTRICT 08 - SANTA ANA,No Risk,No Risk,High Risk,Low Risk,"81,998",Not At-Risk,1,$0 
CA3010004,MESA  WATER DISTRICT,ORANGE,DISTRICT 08 - SANTA ANA,Not Assessed,Not Assessed,Not Assessed,Not Assessed,"110,000",Not Assessed,1,$0 
CA3010008,EASTSIDE WATER ASSOCIATION,ORANGE,DISTRICT 08 - SANTA ANA,No Risk,No Risk,Medium Risk,Low Risk,"2,000",Not At-Risk,1,$0 
CA3010010,CITY OF FULLERTON,ORANGE,DISTRICT 08 - SANTA ANA,Not Assessed,Not Assessed,Not Assessed,Not Assessed,"139,461",Not Assessed,1,"$3,628,384 "
CA3010017,LAGUNA BEACH COUNTY WD,ORANGE,DISTRICT 08 - SANTA ANA,No Risk,No Risk,No Risk,Low Risk,"18,404",Not At-Risk,1,$0 
CA3010018,CITY OF LA HABRA,ORANGE,DISTRICT 08 - SANTA ANA,No Risk,No Risk,Low Risk,Low Risk,"63,118",Not At-Risk,1,$0 
CA3010022,GOLDEN STATE WC - WEST ORANGE COUNTY,ORANGE,DISTRICT 08 - SANTA ANA,Not Assessed,Not Assessed,Not Assessed,Not Assessed,"114,379",Not Assessed,1,$0 
CA3010023,CITY OF NEWPORT BEACH,ORANGE,DISTRICT 08 - SANTA ANA,Medium Risk,No Risk,No Risk,No Risk,"68,572",Not At-Risk,1,$0 
CA3010027,CITY OF ORANGE,ORANGE,DISTRICT 08 - SANTA ANA,Not Assessed,Not Assessed,Not Assessed,Not Assessed,"120,770",Not Assessed,1,"$5,000,000 "
CA3010030,SANTA MARGARITA WATER DISTRICT-ID9,ORANGE,DISTRICT 08 - SANTA ANA,No Risk,No Risk,No Risk,Low Risk,"39,684",Not At-Risk,1,$0 
CA3010035,GOLDEN STATE WC - PLACENTIA/YORBA LINDA,ORANGE,DISTRICT 08 - SANTA ANA,No Risk,No Risk,No Risk,No Risk,"50,381",Not At-Risk,1,$0 
CA3010036,CITY OF SAN CLEMENTE,ORANGE,DISTRICT 08 - SANTA ANA,No Risk,No Risk,No Risk,High Risk,"51,545",Not At-Risk,1,$0 
CA3010037,YORBA LINDA WATER DISTRICT,ORANGE,DISTRICT 08 - SANTA ANA,Medium Risk,No Risk,No Risk,No Risk,"84,292",Not At-Risk,1,$0 
CA3010038,CITY OF SANTA ANA,ORANGE,DISTRICT 08 - SANTA ANA,Not Assessed,Not Assessed,Not Assessed,Not Assessed,"310,539",Not Assessed,1,"$28,879,077 "
CA3010041,CITY OF SEAL BEACH,ORANGE,DISTRICT 08 - SANTA ANA,No Risk,No Risk,Medium Risk,No Risk,"24,937",Not At-Risk,1,$0 
CA3010042,SOUTH COAST WATER DISTRICT,ORANGE,DISTRICT 08 - SANTA ANA,No Risk,No Risk,No Risk,No Risk,"41,118",Not At-Risk,1,$0 
CA3010046,CITY OF TUSTIN,ORANGE,DISTRICT 08 - SANTA ANA,Medium Risk,No Risk,No Risk,Low Risk,"66,600",Not At-Risk,1,"$10,000,000 "
CA3010047,GOLDEN STATE WC - COWAN HEIGHTS,ORANGE,DISTRICT 08 - SANTA ANA,No Risk,No Risk,No Risk,No Risk,"6,997",Not At-Risk,1,$0 
CA3010053,CITY OF HUNTINGTON BEACH,ORANGE,DISTRICT 08 - SANTA ANA,Not Assessed,Not Assessed,Not Assessed,Not Assessed,"201,000",Not Assessed,1,"$327,947 "
CA3010062,CITY OF GARDEN GROVE,ORANGE,DISTRICT 08 - SANTA ANA,Not Assessed,Not Assessed,Not Assessed,Not Assessed,"174,226",Not Assessed,1,$0 
CA3010064,CITY OF WESTMINSTER,ORANGE,DISTRICT 08 - SANTA ANA,No Risk,No Risk,Medium Risk,No Risk,"90,911",Not At-Risk,1,$0 
CA3010068,EAST ORANGE COUNTY WD - RZ,ORANGE,DISTRICT 08 - SANTA ANA,Medium Risk,No Risk,No Risk,Low Risk,"3,464",Not At-Risk,1,"$2,102,775 "
CA3010069,CITY OF FOUNTAIN VALLEY,ORANGE,DISTRICT 08 - SANTA ANA,Medium Risk,No Risk,No Risk,No Risk,"56,747",Not At-Risk,1,$0 
CA3010071,JOINT REGIONAL WATER SUPPLY SYSTEM,ORANGE,DISTRICT 08 - SANTA ANA,Not Assessed,Not Assessed,Not Assessed,Not Assessed,"3,947",Not Assessed,1,$0 
CA3010073,MOULTON NIGUEL WATER DISTRICT,ORANGE,DISTRICT 08 - SANTA ANA,Not Assessed,Not Assessed,Not Assessed,Not Assessed,"170,236",Not Assessed,1,$0 
CA3010079,EL TORO WATER DISTRICT,ORANGE,DISTRICT 08 - SANTA ANA,No Risk,No Risk,High Risk,Low Risk,"51,800",Not At-Risk,1,$0 
CA3010082,SERRANO WATER DISTRICT,ORANGE,DISTRICT 08 - SANTA ANA,Medium Risk,No Risk,Low Risk,No Risk,"5,659",Not At-Risk,1,$0 
CA3010092,IRVINE RANCH WATER DISTRICT,ORANGE,DISTRICT 08 - SANTA ANA,Not Assessed,Not Assessed,Not Assessed,Not Assessed,"444,800",Not Assessed,1,"$2,767,415 "
CA3010093,EAST ORANGE COUNTY WD - WZ,ORANGE,DISTRICT 08 - SANTA ANA,Not Assessed,Not Assessed,Not Assessed,Not Assessed,0,Not Assessed,1,$0 
CA3010094,TRABUCO CANYON WATER DISTRICT,ORANGE,DISTRICT 08 - SANTA ANA,No Risk,No Risk,No Risk,Low Risk,"13,659",Not At-Risk,1,$0 
CA3010097,MIDWAY CITY MUTUAL WC,ORANGE,DISTRICT 08 - SANTA ANA,No Risk,No Risk,Medium Risk,No Risk,"1,305",Not At-Risk,1,$0 
CA3010100,CITY OF LA PALMA,ORANGE,DISTRICT 08 - SANTA ANA,No Risk,No Risk,No Risk,Medium Risk,"15,948",Not At-Risk,1,$0 
CA3010101,SANTA MARGARITA WATER DISTRICT,ORANGE,DISTRICT 08 - SANTA ANA,Not Assessed,Not Assessed,Not Assessed,Not Assessed,"168,289",Not Assessed,1,$0 
CA3010120,SAN JUAN BASIN AUTHORITY,ORANGE,DISTRICT 08 - SANTA ANA,Not Assessed,Not Assessed,Not Assessed,Not Assessed,0,Not Assessed,1,$0 
CA3100011,AUBURN VALLEY COMMUNITY SERVICE DIS,PLACER,LPA61 - PLACER COUNTY,No Risk,Low Risk,No Risk,Low Risk,290,Not At-Risk,1,$0 
CA3100014,BAKER RANCH WATER CORP,PLACER,LPA61 - PLACER COUNTY,Low Risk,Low Risk,Medium Risk,No Risk,150,Not At-Risk,1,$0 
CA3100029,TAHOE CITY PUD - TIMBERLAND,PLACER,LPA61 - PLACER COUNTY,No Risk,Low Risk,Low Risk,No Risk,200,Not At-Risk,1,$0 
CA3100038,HEATHER GLEN COMMUNITY SERVICE DIST,PLACER,LPA61 - PLACER COUNTY,High Risk,High Risk,Medium Risk,No Risk,250,At-Risk,1,"$597,000 "
CA3100041,ALPINE MEADOWS PROPERTY OWNERS ASSO,PLACER,LPA61 - PLACER COUNTY,Low Risk,High Risk,High Risk,Low Risk,250,Potentially At-Risk,1,$0 
CA3100043,GOLD HILL MOBILEHOME PARK,PLACER,LPA61 - PLACER COUNTY,No Risk,High Risk,No Risk,Low Risk,75,Potentially At-Risk,1,$0 
CA3100069,AUBURN RIDGE WOODS,PLACER,LPA61 - PLACER COUNTY,No Risk,High Risk,Low Risk,Low Risk,75,Potentially At-Risk,1,$0 
CA3100072,LIVE OAK WALDORF SCHOOL,PLACER,LPA61 - PLACER COUNTY,No Risk,High Risk,No Risk,Medium Risk,200,Not At-Risk,1,$0 
CA3100079,SIERRA REACH MINISTRIES,PLACER,LPA61 - PLACER COUNTY,Not Assessed,Not Assessed,Not Assessed,Not Assessed,80,Not Assessed,1,$0 
CA3100083,OPHIR ELEMENTARY SCHOOL WATER SYSTEM,PLACER,LPA61 - PLACER COUNTY,No Risk,High Risk,No Risk,No Risk,260,Not At-Risk,1,$0 
CA3100105,CLIPPER GAP HEAD START,PLACER,LPA61 - PLACER COUNTY,Not Assessed,Not Assessed,Not Assessed,Not Assessed,25,Not Assessed,1,$0 
CA3100528,GOLDEN HILLS MUTUAL WATER CO,PLACER,LPA61 - PLACER COUNTY,No Risk,Medium Risk,No Risk,Low Risk,84,Not At-Risk,1,$0 
CA3100538,ROSECREST MUTUAL,PLACER,LPA61 - PLACER COUNTY,Medium Risk,High Risk,No Risk,No Risk,31,Potentially At-Risk,1,$0 
CA3103310,EMIGRANT GAP MUTUAL WATER CO.,PLACER,LPA61 - PLACER COUNTY,No Risk,Low Risk,No Risk,No Risk,125,Not At-Risk,1,$0 
CA3103835,LAKEVIEW HILLS COMMUNITY ASSOC,PLACER,LPA61 - PLACER COUNTY,No Risk,Medium Risk,No Risk,No Risk,499,Not At-Risk,1,$0 
CA3103836,HIDDEN VALLEY COMMUNITY ASSOCIATION,PLACER,LPA61 - PLACER COUNTY,No Risk,Medium Risk,No Risk,Low Risk,499,Not At-Risk,1,$0 
CA3107339,FOLSOM LAKE MUTUAL WATER CO,PLACER,LPA61 - PLACER COUNTY,No Risk,Medium Risk,Low Risk,Low Risk,333,Not At-Risk,1,$0 
CA3107342,LINCOLN HIGH SCHOOL FARM,PLACER,LPA61 - PLACER COUNTY,No Risk,High Risk,Low Risk,No Risk,50,Not At-Risk,1,$0 
CA3110001,NORTH TAHOE PUD - MAIN,PLACER,DISTRICT 09 - SACRAMENTO,Low Risk,Low Risk,Medium Risk,No Risk,"6,321",Not At-Risk,1,$0 
CA3110003,FORESTHILL PUBLIC UTILITY DIST,PLACER,DISTRICT 09 - SACRAMENTO,Low Risk,Low Risk,Low Risk,Low Risk,"6,782",Not At-Risk,1,$0 
CA3110004,CITY OF LINCOLN,PLACER,DISTRICT 09 - SACRAMENTO,No Risk,No Risk,No Risk,Low Risk,"54,538",Not At-Risk,1,$0 
CA3110005,PLACER CWA - AUBURN/BOWMAN,PLACER,DISTRICT 09 - SACRAMENTO,No Risk,Low Risk,Low Risk,No Risk,"27,294",Not At-Risk,1,"$7,256,109 "
CA3110006,PLACER CWA - COLFAX,PLACER,DISTRICT 09 - SACRAMENTO,No Risk,High Risk,Low Risk,No Risk,"3,149",Not At-Risk,1,"$12,510,000 "
CA3110008,CITY OF ROSEVILLE,PLACER,DISTRICT 09 - SACRAMENTO,Not Assessed,Not Assessed,Not Assessed,Not Assessed,"155,612",Not Assessed,1,$0 
CA3110009,MEADOW VISTA CWD,PLACER,DISTRICT 09 - SACRAMENTO,No Risk,High Risk,No Risk,No Risk,"4,183",Not At-Risk,1,$0 
CA3110010,TAHOE CITY PUD - MAIN,PLACER,DISTRICT 09 - SACRAMENTO,No Risk,Low Risk,Low Risk,Low Risk,"5,661",Not At-Risk,1,$0 
CA3110011,TAHOE CITY PUD - MCKINNEY/QUAIL,PLACER,DISTRICT 09 - SACRAMENTO,No Risk,Low Risk,High Risk,Low Risk,844,Not At-Risk,1,"$19,677,000 "
CA3110012,AGATE BAY WATER COMPANY,PLACER,DISTRICT 09 - SACRAMENTO,No Risk,Low Risk,No Risk,Low Risk,"2,500",Not At-Risk,1,$0 
CA3110013,TAHOE CITY PUD - TAHOE CEDARS,PLACER,DISTRICT 09 - SACRAMENTO,No Risk,No Risk,High Risk,Low Risk,793,Not At-Risk,1,$0 
CA3110015,FULTON WATER COMPANY,PLACER,DISTRICT 09 - SACRAMENTO,No Risk,Low Risk,No Risk,No Risk,"2,593",Not At-Risk,1,$0 
CA3110017,SIERRA LAKES COUNTY WATER DIST,PLACER,DISTRICT 09 - SACRAMENTO,No Risk,Low Risk,No Risk,No Risk,824,Not At-Risk,1,$0 
CA3110018,TAHOE PARK WATER COMPANY,PLACER,DISTRICT 09 - SACRAMENTO,No Risk,High Risk,No Risk,No Risk,750,Not At-Risk,1,$0 
CA3110019,OLYMPIC VALLEY MWC,PLACER,DISTRICT 09 - SACRAMENTO,Low Risk,Low Risk,Low Risk,Low Risk,756,Not At-Risk,1,$0 
CA3110020,OLYMPIC VALLEY PSD,PLACER,DISTRICT 09 - SACRAMENTO,No Risk,Low Risk,Low Risk,Low Risk,"1,165",Not At-Risk,1,$0 
CA3110022,MCKINNEY WATER DISTRICT,PLACER,DISTRICT 09 - SACRAMENTO,No Risk,Low Risk,No Risk,No Risk,853,Not At-Risk,1,$0 
CA3110023,NORTH TAHOE PUD - CARNELIAN WOODS,PLACER,DISTRICT 09 - SACRAMENTO,No Risk,No Risk,No Risk,Low Risk,524,Not At-Risk,1,$0 
CA3110024,PLACER CWA - ALTA,PLACER,DISTRICT 09 - SACRAMENTO,No Risk,High Risk,No Risk,No Risk,748,Not At-Risk,1,$0 
CA3110025,PLACER CWA - FOOTHILL,PLACER,DISTRICT 09 - SACRAMENTO,No Risk,No Risk,No Risk,No Risk,"89,544",Not At-Risk,1,$0 
CA3110026,NEVADA ID - NORTH AUBURN,PLACER,DISTRICT 09 - SACRAMENTO,No Risk,Low Risk,High Risk,Low Risk,"6,870",Not At-Risk,1,$0 
CA3110028,NORTHSTAR C.S.D.,PLACER,DISTRICT 09 - SACRAMENTO,No Risk,No Risk,No Risk,Low Risk,"15,452",Not At-Risk,1,$0 
CA3110029,ALPINE SPRINGS COUNTY WATER DISTRICT,PLACER,DISTRICT 09 - SACRAMENTO,No Risk,Low Risk,High Risk,No Risk,"2,200",Not At-Risk,1,$0 
CA3110031,WARD WELL WATER COMPANY,PLACER,DISTRICT 09 - SACRAMENTO,No Risk,Low Risk,No Risk,Low Risk,425,Not At-Risk,1,$0 
CA3110034,CHRISTIAN VALLEY PARK CSD,PLACER,DISTRICT 09 - SACRAMENTO,No Risk,High Risk,No Risk,No Risk,"1,800",Not At-Risk,1,$0 
CA3110035,PCWA - WEIMAR,PLACER,DISTRICT 09 - SACRAMENTO,No Risk,High Risk,Low Risk,No Risk,"1,689",Not At-Risk,1,$0 
CA3110036,NORTH TAHOE PUD - DOLLAR COVE,PLACER,DISTRICT 09 - SACRAMENTO,No Risk,Medium Risk,No Risk,No Risk,507,Not At-Risk,1,$0 
CA3110040,PLACER CWA - BIANCHI ESTATES,PLACER,DISTRICT 09 - SACRAMENTO,No Risk,Medium Risk,No Risk,No Risk,110,Not At-Risk,1,$0 
CA3110041,MIDWAY HEIGHTS C. W. D.,PLACER,DISTRICT 09 - SACRAMENTO,No Risk,Medium Risk,No Risk,No Risk,"1,491",Not At-Risk,1,$0 
CA3110042,TAHOE CITY PUD - TAHOE SWISS VILLAGE,PLACER,DISTRICT 09 - SACRAMENTO,No Risk,Low Risk,No Risk,Low Risk,"3,363",Not At-Risk,1,$0 
CA3110043,TAHOE CITY PUD - MADDEN CREEK,PLACER,DISTRICT 09 - SACRAMENTO,No Risk,No Risk,Low Risk,Low Risk,300,Not At-Risk,1,$0 
CA3110044,TAHOE CITY PUD - ALPINE PEAKS,PLACER,DISTRICT 09 - SACRAMENTO,No Risk,High Risk,Low Risk,No Risk,201,Not At-Risk,1,$0 
CA3110047,TALMONT RESORT IMPROVEMENT DISTRICT,PLACER,DISTRICT 09 - SACRAMENTO,No Risk,Low Risk,No Risk,Low Risk,300,Not At-Risk,1,$0 
CA3110048,PLACER CSA - SHERIDAN,PLACER,DISTRICT 09 - SACRAMENTO,No Risk,Low Risk,No Risk,Low Risk,653,Not At-Risk,1,$0 
CA3110049,TAHOE PARK WATER CO - SKYLAND/NIELSEN,PLACER,DISTRICT 09 - SACRAMENTO,No Risk,Low Risk,No Risk,No Risk,50,Not At-Risk,1,$0 
CA3110050,PLACER CWA - APPLEGATE,PLACER,DISTRICT 09 - SACRAMENTO,No Risk,High Risk,No Risk,No Risk,190,Not At-Risk,1,$0 
CA3110051,NORTHSTAR CSD - MARTIS VALLEY,PLACER,DISTRICT 09 - SACRAMENTO,No Risk,No Risk,No Risk,Low Risk,"4,493",Not At-Risk,1,$0 
CA3110124,PLACER CWA - MONTE VISTA,PLACER,DISTRICT 09 - SACRAMENTO,No Risk,High Risk,No Risk,No Risk,46,Not At-Risk,1,$0 
CA3110150,CAL AM - WEST PLACER,PLACER,DISTRICT 09 - SACRAMENTO,No Risk,No Risk,No Risk,No Risk,"8,861",Not At-Risk,1,$0 
CA3200078,FRCCSD OLD MILL RANCH,PLUMAS,LPA62 - PLUMAS COUNTY,No Risk,High Risk,High Risk,Low Risk,32,At-Risk,1,"$2,160,000 "
CA3200102,WHITEHAWK RANCH MWC,PLUMAS,DISTRICT 02 - LASSEN,No Risk,High Risk,Medium Risk,No Risk,765,Not At-Risk,1,$0 
CA3200104,GRIZZLY LAKE CSD-DELLEKER,PLUMAS,DISTRICT 02 - LASSEN,High Risk,Low Risk,Medium Risk,Low Risk,"1,314",Failing,1,"$284,919 "
CA3200107,GRIZZLY LAKE CSD-CROCKER/WELCH,PLUMAS,DISTRICT 02 - LASSEN,No Risk,No Risk,Medium Risk,Medium Risk,215,Not At-Risk,1,$0 
CA3200114,EVERGREEN MOTEL & MHP,PLUMAS,LPA62 - PLUMAS COUNTY,Low Risk,High Risk,No Risk,Low Risk,28,Not At-Risk,1,$0 
CA3200127,ARLINGTON HEIGHTS MHP,PLUMAS,LPA62 - PLUMAS COUNTY,No Risk,High Risk,Medium Risk,No Risk,33,Not At-Risk,1,$0 
CA3200134,BLAIRSDEN WATER USERS ASSN,PLUMAS,LPA62 - PLUMAS COUNTY,Low Risk,High Risk,No Risk,Low Risk,200,Failing,1,$0 
CA3200138,MEADOW EDGE MHP,PLUMAS,LPA62 - PLUMAS COUNTY,No Risk,Low Risk,No Risk,Low Risk,53,Not At-Risk,1,$0 
CA3200148,FEATHER RIVER RV & MHP,PLUMAS,LPA62 - PLUMAS COUNTY,No Risk,Low Risk,No Risk,Medium Risk,741,Not At-Risk,1,$0 
CA3200155,FRCCSD HOT SPRINGS,PLUMAS,LPA62 - PLUMAS COUNTY,No Risk,High Risk,High Risk,Low Risk,25,At-Risk,1,$0 
CA3200188,GREENHORN CREEK CSD,PLUMAS,LPA62 - PLUMAS COUNTY,No Risk,Low Risk,High Risk,Medium Risk,280,Potentially At-Risk,1,$0 
CA3200189,VALIVU ESTATES MHP,PLUMAS,LPA62 - PLUMAS COUNTY,No Risk,High Risk,No Risk,Low Risk,54,Not At-Risk,1,$0 
CA3200195,GREENHAVEN HOA,PLUMAS,LPA62 - PLUMAS COUNTY,No Risk,High Risk,No Risk,No Risk,38,Not At-Risk,1,$0 
CA3200509,CLIO PUBLIC UTILITY DISTRICT,PLUMAS,LPA62 - PLUMAS COUNTY,No Risk,High Risk,High Risk,No Risk,79,Not At-Risk,1,$0 
CA3200510,IVCSD CRESCENT MILLS,PLUMAS,DISTRICT 02 - LASSEN,Low Risk,Low Risk,High Risk,Low Risk,258,Potentially At-Risk,1,"$124,000 "
CA3205001,WALKER RANCH CSD,PLUMAS,LPA62 - PLUMAS COUNTY,No Risk,High Risk,Low Risk,No Risk,150,Not At-Risk,1,$0 
CA3205003,GOLD MOUNTAIN CSD,PLUMAS,LPA62 - PLUMAS COUNTY,No Risk,Low Risk,High Risk,Low Risk,135,Not At-Risk,1,$0 
CA3205006,GRIZZLY RANCH CSD,PLUMAS,LPA62 - PLUMAS COUNTY,Low Risk,Low Risk,High Risk,No Risk,102,Not At-Risk,1,$0 
CA3210001,IVCSD-GREENVILLE,PLUMAS,DISTRICT 02 - LASSEN,No Risk,High Risk,High Risk,Low Risk,630,At-Risk,1,"$280,000 "
CA3210003,CITY OF PORTOLA,PLUMAS,DISTRICT 02 - LASSEN,No Risk,No Risk,High Risk,No Risk,"2,100",Not At-Risk,1,$0 
CA3210004,AMERICAN VALLEY CSD,PLUMAS,DISTRICT 02 - LASSEN,No Risk,No Risk,No Risk,No Risk,"3,778",Not At-Risk,1,"$493,000 "
CA3210005,GRAEAGLE WATER COMPANY,PLUMAS,DISTRICT 02 - LASSEN,No Risk,High Risk,No Risk,Low Risk,737,Potentially At-Risk,1,$0 
CA3210006,LAKE ALMANOR COUNTRY CLUB MWC,PLUMAS,DISTRICT 02 - LASSEN,Medium Risk,Low Risk,High Risk,No Risk,"6,000",Potentially At-Risk,1,$0 
CA3210007,WEST ALMANOR M.W.C.,PLUMAS,DISTRICT 02 - LASSEN,Low Risk,Low Risk,High Risk,Low Risk,"1,394",Not At-Risk,1,$0 
CA3210009,CHESTER PUBLIC U.D.,PLUMAS,DISTRICT 02 - LASSEN,Medium Risk,Low Risk,No Risk,Low Risk,"2,187",Not At-Risk,1,$0 
CA3210010,HAMILTON BRANCH CSD,PLUMAS,DISTRICT 02 - LASSEN,No Risk,High Risk,No Risk,Low Risk,"1,874",Not At-Risk,1,"$387,500 "
CA3210011,PLUMAS EUREKA CSD,PLUMAS,DISTRICT 02 - LASSEN,No Risk,Low Risk,High Risk,No Risk,"1,534",Not At-Risk,1,"$350,000 "
CA3301011,STONE CREEK WATER COMPANY,RIVERSIDE,LPA63 - RIVERSIDE COUNTY,No Risk,Low Risk,High Risk,High Risk,152,At-Risk,1,$0 
CA3301018,ANZA PINES MOBILE HOME PARK,RIVERSIDE,LPA63 - RIVERSIDE COUNTY,Low Risk,High Risk,Medium Risk,Low Risk,90,At-Risk,1,$0 
CA3301028,BALDY MOUNTAIN RANCH,RIVERSIDE,LPA63 - RIVERSIDE COUNTY,Low Risk,High Risk,No Risk,High Risk,80,At-Risk,1,$0 
CA3301031,BANNING HTS. MUTUAL WATER CO.,RIVERSIDE,DISTRICT 20 - RIVERSIDE,No Risk,No Risk,Medium Risk,Low Risk,567,Not At-Risk,1,$0 
CA3301040,RIVERDALE ESTATES,RIVERSIDE,LPA63 - RIVERSIDE COUNTY,No Risk,High Risk,Low Risk,Low Risk,300,Not At-Risk,1,$0 
CA3301045,BLYTHE MOBILE HOME ESTATES,RIVERSIDE,LPA63 - RIVERSIDE COUNTY,Low Risk,High Risk,Medium Risk,Medium Risk,35,Failing,1,$0 
CA3301055,HARMONY HAVEN,RIVERSIDE,LPA63 - RIVERSIDE COUNTY,Medium Risk,Low Risk,No Risk,Low Risk,54,Potentially At-Risk,1,$0 
CA3301107,CARVER TRACT MUTUAL WATER COMP,RIVERSIDE,LPA63 - RIVERSIDE COUNTY,Medium Risk,High Risk,Medium Risk,High Risk,600,At-Risk,1,$0 
CA3301113,ANZA BAPTIST CHURCH,RIVERSIDE,LPA63 - RIVERSIDE COUNTY,Not Assessed,Not Assessed,Not Assessed,Not Assessed,80,Not Assessed,1,$0 
CA3301114,CHERRY VALLEY WATER COMPANY,RIVERSIDE,LPA63 - RIVERSIDE COUNTY,No Risk,No Risk,No Risk,No Risk,210,Not At-Risk,1,$0 
CA3301115,CHIRIACO SUMMIT WATER DIST.,RIVERSIDE,DISTRICT 20 - RIVERSIDE,No Risk,Medium Risk,High Risk,Low Risk,544,At-Risk,1,"$7,903,632 "
CA3301145,MOUNTAIN CENTER CAFE,RIVERSIDE,LPA63 - RIVERSIDE COUNTY,Low Risk,Low Risk,Medium Risk,Low Risk,77,Not At-Risk,1,$0 
CA3301169,MURRIETA PALMS MOBILE HOME PARK,RIVERSIDE,LPA63 - RIVERSIDE COUNTY,No Risk,High Risk,No Risk,No Risk,237,Not At-Risk,1,$0 
CA3301171,BRADFORD RUN RV,RIVERSIDE,LPA63 - RIVERSIDE COUNTY,High Risk,High Risk,Medium Risk,Medium Risk,52,At-Risk,1,$0 
CA3301180,ANZA MUTUAL WATER COMPANY,RIVERSIDE,LPA63 - RIVERSIDE COUNTY,Low Risk,Low Risk,High Risk,Low Risk,224,Potentially At-Risk,1,$0 
CA3301209,DESERT VIEW TRAILER PARK,RIVERSIDE,LPA63 - RIVERSIDE COUNTY,No Risk,High Risk,Low Risk,Low Risk,60,Not At-Risk,1,"$1,188,484 "
CA3301226,MWD - EAGLE MOUNTAIN,RIVERSIDE,DISTRICT 20 - RIVERSIDE,No Risk,High Risk,Low Risk,Medium Risk,15,Potentially At-Risk,1,$0 
CA3301267,FISHERMAN'S RETREAT,RIVERSIDE,LPA63 - RIVERSIDE COUNTY,Low Risk,High Risk,No Risk,No Risk,352,Failing,1,$0 
CA3301280,GOLDEN ERA PRODUCTIONS,RIVERSIDE,LPA63 - RIVERSIDE COUNTY,Low Risk,Low Risk,Low Risk,Medium Risk,500,Not At-Risk,1,$0 
CA3301283,GLEN EDEN SUN CLUB,RIVERSIDE,DISTRICT 20 - RIVERSIDE,Low Risk,No Risk,No Risk,No Risk,566,Not At-Risk,1,$0 
CA3301294,GLEN IVY HOT SPRINGS,RIVERSIDE,LPA63 - RIVERSIDE COUNTY,No Risk,No Risk,No Risk,Low Risk,"1,087",Not At-Risk,1,$0 
CA3301308,COTTONWOOD SCHOOL,RIVERSIDE,LPA63 - RIVERSIDE COUNTY,No Risk,Low Risk,Medium Risk,No Risk,202,Not At-Risk,1,$0 
CA3301309,HAMILTON SCHOOL,RIVERSIDE,LPA63 - RIVERSIDE COUNTY,No Risk,Low Risk,No Risk,No Risk,705,Not At-Risk,1,$0 
CA3301330,INDIAN OAKS TRAILER PARK,RIVERSIDE,LPA63 - RIVERSIDE COUNTY,High Risk,High Risk,No Risk,Low Risk,70,At-Risk,1,$0 
CA3301355,ANZA RV RESORT,RIVERSIDE,LPA63 - RIVERSIDE COUNTY,No Risk,Low Risk,Medium Risk,Low Risk,323,Not At-Risk,1,$0 
CA3301381,CSA 51,RIVERSIDE,LPA63 - RIVERSIDE COUNTY,High Risk,High Risk,High Risk,Low Risk,350,At-Risk,1,$0 
CA3301428,BLYTHE - MESA RANCH,RIVERSIDE,DISTRICT 20 - RIVERSIDE,No Risk,Low Risk,No Risk,Low Risk,558,Not At-Risk,1,$0 
CA3301482,ORTEGA OAKS RV PARK&CAMPGROUND,RIVERSIDE,LPA63 - RIVERSIDE COUNTY,High Risk,Low Risk,No Risk,Low Risk,180,At-Risk,1,$0 
CA3301491,ALPINE VILLAGE,RIVERSIDE,LPA63 - RIVERSIDE COUNTY,Low Risk,High Risk,High Risk,Low Risk,198,Failing,1,$0 
CA3301502,PARADISE VALLEY MWC,RIVERSIDE,LPA63 - RIVERSIDE COUNTY,High Risk,Low Risk,No Risk,No Risk,30,Not At-Risk,1,$0 
CA3301511,PINYON CREST HOA,RIVERSIDE,LPA63 - RIVERSIDE COUNTY,Low Risk,Low Risk,No Risk,No Risk,104,Not At-Risk,1,$0 
CA3301512,PINYON PINES COUNTY WATER DIST,RIVERSIDE,LPA63 - RIVERSIDE COUNTY,Low Risk,High Risk,Low Risk,Low Risk,232,Failing,1,$0 
CA3301528,OAK HAVEN ASSOCIATION,RIVERSIDE,LPA63 - RIVERSIDE COUNTY,No Risk,Low Risk,No Risk,No Risk,120,Not At-Risk,1,$0 
CA3301529,RAMONA WATER COMPANY,RIVERSIDE,LPA63 - RIVERSIDE COUNTY,Medium Risk,High Risk,High Risk,Medium Risk,250,Failing,1,"$1,243,925 "
CA3301534,RANCHO CALIMESA MOBILE HOME PARK,RIVERSIDE,DISTRICT 20 - RIVERSIDE,Medium Risk,Low Risk,No Risk,No Risk,296,Not At-Risk,1,$0 
CA3301535,RANCHO CARRILLO MWC,RIVERSIDE,LPA63 - RIVERSIDE COUNTY,Low Risk,Low Risk,No Risk,Low Risk,210,Not At-Risk,1,$0 
CA3301541,RECHE CANYON MUTUAL WATER CO.,RIVERSIDE,LPA63 - RIVERSIDE COUNTY,Low Risk,Low Risk,Low Risk,Low Risk,150,Not At-Risk,1,$0 
CA3301577,CSA 62,RIVERSIDE,LPA63 - RIVERSIDE COUNTY,High Risk,High Risk,High Risk,Low Risk,614,Failing,1,$0 
CA3301588,ROYAL CARRIZO HOA,RIVERSIDE,LPA63 - RIVERSIDE COUNTY,Medium Risk,Medium Risk,Medium Risk,No Risk,25,At-Risk,1,$0 
CA3301630,BLYTHE - HIDDEN BEACHES,RIVERSIDE,DISTRICT 20 - RIVERSIDE,Low Risk,High Risk,Low Risk,Low Risk,393,Failing,1,$0 
CA3301676,THOMAS MOUNTAIN WATER COMPANY,RIVERSIDE,LPA63 - RIVERSIDE COUNTY,Low Risk,High Risk,No Risk,No Risk,157,Not At-Risk,1,$0 
CA3301682,TRAILS END MUTUAL WATER COMPANY,RIVERSIDE,LPA63 - RIVERSIDE COUNTY,No Risk,High Risk,No Risk,Low Risk,52,Potentially At-Risk,1,$0 
CA3301717,VALLEY VIEW TRAILER PARK,RIVERSIDE,LPA63 - RIVERSIDE COUNTY,High Risk,High Risk,Low Risk,Low Risk,135,At-Risk,1,"$1,438,484 "
CA3301775,HIGH VALLEYS WATER DISTRICT,RIVERSIDE,DISTRICT 20 - RIVERSIDE,No Risk,Medium Risk,High Risk,No Risk,733,Not At-Risk,1,$0 
CA3301800,STONEWOOD CANYON ESTATES,RIVERSIDE,LPA63 - RIVERSIDE COUNTY,High Risk,High Risk,Low Risk,Low Risk,40,At-Risk,1,$0 
CA3301863,OLIVET UNIVERSITY,RIVERSIDE,LPA63 - RIVERSIDE COUNTY,Low Risk,Low Risk,No Risk,Low Risk,212,Not At-Risk,1,$0 
CA3301879,SHARONDALE MESA HOA,RIVERSIDE,DISTRICT 20 - RIVERSIDE,Low Risk,No Risk,No Risk,Low Risk,340,Not At-Risk,1,$0 
CA3301943,PLANTATION ON THE LAKE PARK,RIVERSIDE,DISTRICT 20 - RIVERSIDE,No Risk,No Risk,No Risk,Low Risk,897,Not At-Risk,1,$0 
CA3301947,CHAPEL IN THE PINES,RIVERSIDE,LPA63 - RIVERSIDE COUNTY,Not Assessed,Not Assessed,Not Assessed,Not Assessed,80,Not Assessed,1,$0 
CA3301990,AMEZCUA - GARCIA WATER,RIVERSIDE,LPA63 - RIVERSIDE COUNTY,High Risk,High Risk,High Risk,High Risk,316,Failing,1,"$899,525 "
CA3303003,GALINDO HOUSING FACILITY,RIVERSIDE,LPA63 - RIVERSIDE COUNTY,Medium Risk,High Risk,No Risk,Low Risk,50,At-Risk,1,$0 
CA3303035,THERMAL PARK,RIVERSIDE,LPA63 - RIVERSIDE COUNTY,No Risk,High Risk,Medium Risk,Low Risk,73,Potentially At-Risk,1,$0 
CA3310001,COACHELLA VWD: COVE COMMUNITY,RIVERSIDE,DISTRICT 20 - RIVERSIDE,Not Assessed,Not Assessed,Not Assessed,Not Assessed,"270,000",Not Assessed,1,"$20,324,401 "
CA3310002,BEAUMONT CHERRY VALLEY WD,RIVERSIDE,DISTRICT 20 - RIVERSIDE,No Risk,No Risk,No Risk,No Risk,"66,841",Not At-Risk,1,$0 
CA3310003,BLYTHE - CITY OF,RIVERSIDE,DISTRICT 20 - RIVERSIDE,Low Risk,Low Risk,Medium Risk,High Risk,"9,798",Failing,1,"$500,000 "
CA3310004,BOX SPRINGS MUTUAL WC,RIVERSIDE,DISTRICT 20 - RIVERSIDE,High Risk,No Risk,High Risk,Low Risk,"3,382",At-Risk,1,$0 
CA3310005,DESERT WATER AGENCY,RIVERSIDE,DISTRICT 20 - RIVERSIDE,No Risk,No Risk,Low Risk,No Risk,"74,807",Not At-Risk,1,$0 
CA3310006,"BANNING, CITY OF",RIVERSIDE,DISTRICT 20 - RIVERSIDE,Low Risk,No Risk,Low Risk,Low Risk,"31,680",Not At-Risk,1,$0 
CA3310007,COACHELLA WATER AUTHORITY,RIVERSIDE,DISTRICT 20 - RIVERSIDE,Medium Risk,Low Risk,Medium Risk,Low Risk,"43,590",Potentially At-Risk,1,"$1,687,075 "
CA3310008,MISSION SPRINGS WD,RIVERSIDE,DISTRICT 20 - RIVERSIDE,Medium Risk,No Risk,Medium Risk,Low Risk,"43,484",Potentially At-Risk,1,$0 
CA3310009,EASTERN MUNICIPAL WD,RIVERSIDE,DISTRICT 20 - RIVERSIDE,Not Assessed,Not Assessed,Not Assessed,Not Assessed,"666,581",Not Assessed,1,$0 
CA3310012,ELSINORE VALLEY MWD,RIVERSIDE,DISTRICT 20 - RIVERSIDE,Not Assessed,Not Assessed,Not Assessed,Not Assessed,"169,455",Not Assessed,1,$0 
CA3310016,"HEMET, CITY OF",RIVERSIDE,DISTRICT 20 - RIVERSIDE,No Risk,No Risk,Medium Risk,No Risk,"33,828",Not At-Risk,1,$0 
CA3310017,SOUTH MESA WC,RIVERSIDE,DISTRICT 20 - RIVERSIDE,No Risk,No Risk,No Risk,High Risk,"10,108",Not At-Risk,1,"$5,118,457 "
CA3310018,HOME GARDENS COUNTY WD,RIVERSIDE,DISTRICT 20 - RIVERSIDE,No Risk,No Risk,Medium Risk,Low Risk,"3,095",Not At-Risk,1,$0 
CA3310019,IDYLLWILD WATER DISTRICT,RIVERSIDE,DISTRICT 20 - RIVERSIDE,Low Risk,No Risk,Medium Risk,Low Risk,"3,762",Not At-Risk,1,$0 
CA3310020,INDIO WATER AUTHORITY,RIVERSIDE,DISTRICT 20 - RIVERSIDE,Medium Risk,No Risk,No Risk,No Risk,"84,757",Not At-Risk,1,"$1,870,683 "
CA3310021,JURUPA COMMUNITY SD,RIVERSIDE,DISTRICT 20 - RIVERSIDE,Not Assessed,Not Assessed,Not Assessed,Not Assessed,"135,093",Not Assessed,1,"$66,180,000 "
CA3310022,LAKE HEMET MWD,RIVERSIDE,DISTRICT 20 - RIVERSIDE,No Risk,No Risk,Medium Risk,No Risk,"52,913",Not At-Risk,1,$0 
CA3310025,"NORCO, CITY OF",RIVERSIDE,DISTRICT 20 - RIVERSIDE,No Risk,No Risk,No Risk,Medium Risk,"25,068",Not At-Risk,1,$0 
CA3310026,NUEVO WATER COMPANY,RIVERSIDE,DISTRICT 20 - RIVERSIDE,Low Risk,No Risk,Medium Risk,No Risk,"6,733",Not At-Risk,1,$0 
CA3310028,RIVERSIDE CSA #122-MESA VERDE,RIVERSIDE,DISTRICT 20 - RIVERSIDE,Low Risk,High Risk,Low Risk,Medium Risk,766,Potentially At-Risk,1,$0 
CA3310030,PINE COVE WATER DISTRICT,RIVERSIDE,DISTRICT 20 - RIVERSIDE,Low Risk,No Risk,Medium Risk,Low Risk,"1,540",Not At-Risk,1,$0 
CA3310031,"RIVERSIDE, CITY OF",RIVERSIDE,DISTRICT 20 - RIVERSIDE,Not Assessed,Not Assessed,Not Assessed,Not Assessed,"298,398",Not Assessed,1,$0 
CA3310032,"SAN JACINTO, CITY OF",RIVERSIDE,DISTRICT 20 - RIVERSIDE,No Risk,No Risk,Medium Risk,No Risk,"18,950",Not At-Risk,1,$0 
CA3310033,SANTA ANA RIVER WATER COMPANY,RIVERSIDE,DISTRICT 20 - RIVERSIDE,Medium Risk,No Risk,Medium Risk,Low Risk,"5,848",Potentially At-Risk,1,$0 
CA3310036,WESTERN MWD - MURRIETA DIVISION,RIVERSIDE,DISTRICT 20 - RIVERSIDE,No Risk,No Risk,No Risk,Low Risk,"17,453",Not At-Risk,1,$0 
CA3310037,"CORONA, CITY OF",RIVERSIDE,DISTRICT 20 - RIVERSIDE,Not Assessed,Not Assessed,Not Assessed,Not Assessed,"168,575",Not Assessed,1,$0 
CA3310038,RANCHO CALIFORNIA WATER DISTRICT,RIVERSIDE,DISTRICT 20 - RIVERSIDE,Not Assessed,Not Assessed,Not Assessed,Not Assessed,"146,147",Not Assessed,1,$0 
CA3310040,FERN VALLEY WD,RIVERSIDE,DISTRICT 20 - RIVERSIDE,No Risk,No Risk,High Risk,Medium Risk,900,Potentially At-Risk,1,$0 
CA3310044,RUBIDOUX COMMUNITY SD,RIVERSIDE,DISTRICT 20 - RIVERSIDE,High Risk,No Risk,No Risk,High Risk,"36,827",At-Risk,1,$0 
CA3310046,FARM MUTUAL W.C. (THE),RIVERSIDE,DISTRICT 20 - RIVERSIDE,High Risk,No Risk,No Risk,No Risk,"4,026",Not At-Risk,1,$0 
CA3310047,CABAZON WATER DISTRICT,RIVERSIDE,DISTRICT 20 - RIVERSIDE,No Risk,Low Risk,No Risk,Low Risk,"2,010",Not At-Risk,1,"$499,000 "
CA3310048,COACHELLA VWD: I.D. NO. 8,RIVERSIDE,DISTRICT 20 - RIVERSIDE,Medium Risk,No Risk,High Risk,Low Risk,"4,600",Potentially At-Risk,1,$0 
CA3310049,WESTERN MWD,RIVERSIDE,DISTRICT 20 - RIVERSIDE,No Risk,No Risk,No Risk,Medium Risk,"86,062",Not At-Risk,1,$0 
CA3310051,MYOMA DUNES MUTUAL WATER COMPANY,RIVERSIDE,DISTRICT 20 - RIVERSIDE,Medium Risk,Low Risk,High Risk,Medium Risk,"9,445",At-Risk,1,$0 
CA3310052,LAKE HEMET-GARNER VALLEY,RIVERSIDE,DISTRICT 20 - RIVERSIDE,No Risk,Low Risk,No Risk,No Risk,709,Not At-Risk,1,$0 
CA3310074,TEMESCAL VALLEY WATER DISTRICT,RIVERSIDE,DISTRICT 20 - RIVERSIDE,No Risk,No Risk,Low Risk,No Risk,"21,971",Not At-Risk,1,$0 
CA3310075,WESTERN MWD (ARLINGTON),RIVERSIDE,DISTRICT 20 - RIVERSIDE,Not Assessed,Not Assessed,Not Assessed,Not Assessed,0,Not Assessed,1,$0 
CA3310076,WESTERN MWD (ID A - RAINBOW),RIVERSIDE,DISTRICT 20 - RIVERSIDE,No Risk,Medium Risk,High Risk,No Risk,192,Not At-Risk,1,$0 
CA3310078,WEST PALM SPRINGS VILLAGE,RIVERSIDE,DISTRICT 20 - RIVERSIDE,Medium Risk,Low Risk,Medium Risk,Medium Risk,517,At-Risk,1,$0 
CA3310080,LAKE HEMET MWD-CAMP GROUND,RIVERSIDE,DISTRICT 20 - RIVERSIDE,No Risk,High Risk,No Risk,Low Risk,600,Not At-Risk,1,$0 
CA3310081,PALM SPRINGS CREST,RIVERSIDE,DISTRICT 20 - RIVERSIDE,No Risk,Low Risk,Medium Risk,Medium Risk,399,Not At-Risk,1,$0 
CA3310083,CHINO BASIN DESALTER AUTH. - DESALTER 2,RIVERSIDE,DISTRICT 20 - RIVERSIDE,Not Assessed,Not Assessed,Not Assessed,Not Assessed,0,Not Assessed,1,$0 
CA3310800,CALIFORNIA REHABILITATION CENTER - NORCO,RIVERSIDE,DISTRICT 20 - RIVERSIDE,No Risk,Medium Risk,No Risk,Medium Risk,"4,300",At-Risk,1,$0 
CA3310801,BAUTISTA CC NO. 36,RIVERSIDE,DISTRICT 20 - RIVERSIDE,Low Risk,High Risk,No Risk,High Risk,73,Potentially At-Risk,1,$0 
CA3310802,CHUCKAWALLA VALLEY STATE PRISON,RIVERSIDE,DISTRICT 20 - RIVERSIDE,High Risk,Low Risk,Low Risk,High Risk,"4,090",At-Risk,1,$0 
CA3400101,HOOD WATER MAINTENCE DIST [SWS],SACRAMENTO,LPA64 - SACRAMENTO COUNTY,Low Risk,Low Risk,Medium Risk,Low Risk,271,Not At-Risk,1,$0 
CA3400103,B & W RESORT MARINA,SACRAMENTO,LPA64 - SACRAMENTO COUNTY,Medium Risk,Medium Risk,Medium Risk,Low Risk,100,At-Risk,1,$0 
CA3400106,EAST WALNUT GROVE [SWS],SACRAMENTO,LPA64 - SACRAMENTO COUNTY,Medium Risk,Low Risk,Low Risk,Low Risk,300,Potentially At-Risk,1,"$638,260 "
CA3400107,RIVER'S EDGE MARINA & RESORT,SACRAMENTO,LPA64 - SACRAMENTO COUNTY,Medium Risk,High Risk,Medium Risk,Medium Risk,210,At-Risk,1,$0 
CA3400121,EL DORADO MOBILE HOME PARK,SACRAMENTO,LPA64 - SACRAMENTO COUNTY,Medium Risk,Low Risk,Medium Risk,Low Risk,318,At-Risk,1,$0 
CA3400122,EL DORADO WEST MHP,SACRAMENTO,LPA64 - SACRAMENTO COUNTY,No Risk,High Risk,Medium Risk,Low Risk,203,Not At-Risk,1,$0 
CA3400125,FREEPORT MARINA,SACRAMENTO,LPA64 - SACRAMENTO COUNTY,Low Risk,Low Risk,Medium Risk,High Risk,45,Potentially At-Risk,1,$0 
CA3400128,HAPPY HARBOR (SWS),SACRAMENTO,LPA64 - SACRAMENTO COUNTY,Low Risk,High Risk,Medium Risk,Low Risk,60,Potentially At-Risk,1,$0 
CA3400130,MAGNOLIA MUTUAL WATER,SACRAMENTO,LPA64 - SACRAMENTO COUNTY,High Risk,High Risk,Low Risk,No Risk,90,Failing,1,$0 
CA3400135,KORTHS PIRATES LAIR,SACRAMENTO,LPA64 - SACRAMENTO COUNTY,Medium Risk,High Risk,Medium Risk,Medium Risk,55,At-Risk,1,$0 
CA3400137,LINCOLN CHAN-HOME RANCH,SACRAMENTO,LPA64 - SACRAMENTO COUNTY,Medium Risk,Low Risk,Low Risk,Medium Risk,33,Potentially At-Risk,1,$0 
CA3400138,LOCKE WATER WORKS CO [SWS],SACRAMENTO,LPA64 - SACRAMENTO COUNTY,High Risk,High Risk,Low Risk,Low Risk,80,Failing,1,"$638,260 "
CA3400149,RANCHO MARINA,SACRAMENTO,LPA64 - SACRAMENTO COUNTY,High Risk,High Risk,High Risk,High Risk,250,Failing,1,$0 
CA3400155,SEQUOIA WATER ASSOC,SACRAMENTO,LPA64 - SACRAMENTO COUNTY,No Risk,High Risk,Low Risk,Low Risk,54,At-Risk,1,$0 
CA3400156,SOUTHWEST TRACT W M D [SWS],SACRAMENTO,LPA64 - SACRAMENTO COUNTY,No Risk,Medium Risk,Medium Risk,Low Risk,103,Not At-Risk,1,$0 
CA3400164,"VIEIRA'S RESORT, INC",SACRAMENTO,LPA64 - SACRAMENTO COUNTY,High Risk,Medium Risk,Medium Risk,Low Risk,200,At-Risk,1,$0 
CA3400169,SPINDRIFT MARINA,SACRAMENTO,LPA64 - SACRAMENTO COUNTY,Medium Risk,High Risk,High Risk,Low Risk,100,At-Risk,1,$0 
CA3400172,TOKAY PARK WATER CO,SACRAMENTO,LPA64 - SACRAMENTO COUNTY,High Risk,High Risk,High Risk,Low Risk,653,At-Risk,1,$0 
CA3400179,MC CLELLAN MHP,SACRAMENTO,LPA64 - SACRAMENTO COUNTY,Low Risk,Low Risk,Medium Risk,Low Risk,700,Not At-Risk,1,$0 
CA3400181,LAGUNA DEL SOL INC,SACRAMENTO,LPA64 - SACRAMENTO COUNTY,No Risk,Low Risk,No Risk,Low Risk,445,Not At-Risk,1,$0 
CA3400190,IMPERIAL MANOR MOBILEHOME COMMUNITY,SACRAMENTO,LPA64 - SACRAMENTO COUNTY,Low Risk,High Risk,Medium Risk,No Risk,280,Not At-Risk,1,$0 
CA3400191,ELEVEN OAKS MOBILE HOME COMMUNITY,SACRAMENTO,LPA64 - SACRAMENTO COUNTY,Medium Risk,Low Risk,Medium Risk,No Risk,262,Potentially At-Risk,1,$0 
CA3400192,TUNNEL TRAILER PARK,SACRAMENTO,LPA64 - SACRAMENTO COUNTY,Low Risk,High Risk,No Risk,Low Risk,48,Not At-Risk,1,$0 
CA3400217,HOMETOWN COLONIAL ESTATES LLC,SACRAMENTO,LPA64 - SACRAMENTO COUNTY,Medium Risk,Low Risk,Medium Risk,Low Risk,400,At-Risk,1,$0 
CA3400229,RIO COSUMNES CORRECTIONAL CENTER [SWS],SACRAMENTO,LPA64 - SACRAMENTO COUNTY,High Risk,Medium Risk,Low Risk,Medium Risk,"2,800",At-Risk,1,$0 
CA3400248,FRANKLIN ELEMENTARY SCHOOL,SACRAMENTO,LPA64 - SACRAMENTO COUNTY,High Risk,High Risk,No Risk,No Risk,650,At-Risk,1,$0 
CA3400250,PLEASANT GROVE ELEMENTARY SCHOOL,SACRAMENTO,LPA64 - SACRAMENTO COUNTY,No Risk,High Risk,No Risk,No Risk,185,Not At-Risk,1,$0 
CA3400251,SIERRA ENTERPRISE ELEMENTARY SCHOOL,SACRAMENTO,LPA64 - SACRAMENTO COUNTY,No Risk,High Risk,No Risk,No Risk,430,Not At-Risk,1,$0 
CA3400253,COSUMNES RIVER ELEMENTARY SCHOOL,SACRAMENTO,LPA64 - SACRAMENTO COUNTY,No Risk,High Risk,No Risk,No Risk,560,At-Risk,1,$0 
CA3400254,DILLARD ELEMENTARY SCHOOL,SACRAMENTO,LPA64 - SACRAMENTO COUNTY,No Risk,High Risk,No Risk,No Risk,350,Not At-Risk,1,$0 
CA3400267,BATES ELEMENTARY SCHOOL,SACRAMENTO,LPA64 - SACRAMENTO COUNTY,Medium Risk,Low Risk,Low Risk,No Risk,375,Not At-Risk,1,$0 
CA3400268,WALNUT GROVE ELEMENTARY SCHOOL,SACRAMENTO,LPA64 - SACRAMENTO COUNTY,No Risk,High Risk,Low Risk,No Risk,200,Not At-Risk,1,$0 
CA3400271,ARCOHE ELEM SCHOOL - MAIN CAMPUS,SACRAMENTO,LPA64 - SACRAMENTO COUNTY,No Risk,Medium Risk,No Risk,No Risk,465,Not At-Risk,1,$0 
CA3400273,WILTON BIBLE CHURCH,SACRAMENTO,LPA64 - SACRAMENTO COUNTY,High Risk,High Risk,No Risk,Low Risk,210,At-Risk,1,$0 
CA3400296,SAC CITY MOBILE HOME COMMUNITY LP,SACRAMENTO,LPA64 - SACRAMENTO COUNTY,Low Risk,Low Risk,Medium Risk,Low Risk,350,Potentially At-Risk,1,$0 
CA3400331,WESTERNER MOBILE HOME PARK,SACRAMENTO,LPA64 - SACRAMENTO COUNTY,Low Risk,High Risk,Medium Risk,Medium Risk,65,At-Risk,1,$0 
CA3400335,HOLIDAY MOBILE VILLAGE,SACRAMENTO,LPA64 - SACRAMENTO COUNTY,Medium Risk,Low Risk,Medium Risk,Low Risk,200,Potentially At-Risk,1,$0 
CA3400364,JEAN HARVIE SCHOOL [SWS],SACRAMENTO,LPA64 - SACRAMENTO COUNTY,No Risk,High Risk,Low Risk,No Risk,30,Not At-Risk,1,$0 
CA3400397,LAGUNA VILLAGE RV PARK,SACRAMENTO,LPA64 - SACRAMENTO COUNTY,Low Risk,High Risk,Medium Risk,Low Risk,28,At-Risk,1,$0 
CA3400401,PLANTATION MOBILE HOME PARK,SACRAMENTO,LPA64 - SACRAMENTO COUNTY,Medium Risk,High Risk,Medium Risk,Medium Risk,22,At-Risk,1,$0 
CA3400402,SHELDON ACRES DEV CENTER,SACRAMENTO,LPA64 - SACRAMENTO COUNTY,Not Assessed,Not Assessed,Not Assessed,Not Assessed,100,Not Assessed,1,$0 
CA3400433,EDGEWATER MOBILE HOME PARK,SACRAMENTO,LPA64 - SACRAMENTO COUNTY,Medium Risk,Medium Risk,Medium Risk,Low Risk,40,At-Risk,1,$0 
CA3410001,SACRAMENTO SUBURBAN WATER DISTRICT,SACRAMENTO,DISTRICT 09 - SACRAMENTO,Not Assessed,Not Assessed,Not Assessed,Not Assessed,"194,444",Not Assessed,1,$0 
CA3410002,SCWA - ARDEN PARK VISTA,SACRAMENTO,DISTRICT 09 - SACRAMENTO,No Risk,No Risk,No Risk,Low Risk,"10,101",Not At-Risk,1,$0 
CA3410003,GOLDEN STATE WATER CO - ARDEN WATER SERV,SACRAMENTO,DISTRICT 09 - SACRAMENTO,No Risk,Low Risk,Low Risk,No Risk,"5,658",Not At-Risk,1,$0 
CA3410004,CARMICHAEL WATER DISTRICT,SACRAMENTO,DISTRICT 09 - SACRAMENTO,No Risk,No Risk,Low Risk,Low Risk,"41,193",Not At-Risk,1,$0 
CA3410005,RANCHO MURIETA COMMUNITY SERVI,SACRAMENTO,DISTRICT 09 - SACRAMENTO,No Risk,High Risk,No Risk,Low Risk,"5,728",Not At-Risk,1,$0 
CA3410006,CITRUS HEIGHTS WATER DISTRICT,SACRAMENTO,DISTRICT 09 - SACRAMENTO,No Risk,No Risk,Low Risk,Low Risk,"67,818",Not At-Risk,1,$0 
CA3410007,DEL PASO MANOR COUNTY WATER DI,SACRAMENTO,DISTRICT 09 - SACRAMENTO,Low Risk,Low Risk,Low Risk,Low Risk,"4,854",Not At-Risk,1,$0 
CA3410008,ELK GROVE WATER DISTRICT,SACRAMENTO,DISTRICT 09 - SACRAMENTO,Low Risk,No Risk,No Risk,No Risk,"43,813",Not At-Risk,1,$0 
CA3410009,FAIR OAKS WATER DISTRICT,SACRAMENTO,DISTRICT 09 - SACRAMENTO,No Risk,No Risk,No Risk,No Risk,"36,226",Not At-Risk,1,$0 
CA3410010,CAL AM - SUBURBAN ROSEMONT,SACRAMENTO,DISTRICT 09 - SACRAMENTO,Low Risk,No Risk,Low Risk,No Risk,"54,793",Not At-Risk,1,$0 
CA3410011,"GALT, CITY OF",SACRAMENTO,DISTRICT 09 - SACRAMENTO,Low Risk,Low Risk,Low Risk,No Risk,"26,536",Not At-Risk,1,$0 
CA3410012,CAL AM - ISLETON,SACRAMENTO,DISTRICT 09 - SACRAMENTO,High Risk,Low Risk,No Risk,No Risk,"1,693",Not At-Risk,1,$0 
CA3410013,CAL AM - LINCOLN OAKS,SACRAMENTO,DISTRICT 09 - SACRAMENTO,Low Risk,No Risk,Low Risk,No Risk,"48,094",Not At-Risk,1,$0 
CA3410014,"FOLSOM, CITY OF - MAIN",SACRAMENTO,DISTRICT 09 - SACRAMENTO,Low Risk,No Risk,No Risk,Low Risk,"80,969",Not At-Risk,1,$0 
CA3410015,GOLDEN STATE WATER CO. - CORDOVA,SACRAMENTO,DISTRICT 09 - SACRAMENTO,No Risk,No Risk,No Risk,No Risk,"47,161",Not At-Risk,1,$0 
CA3410016,ORANGE VALE WATER COMPANY,SACRAMENTO,DISTRICT 09 - SACRAMENTO,Medium Risk,No Risk,No Risk,Low Risk,"16,861",Not At-Risk,1,$0 
CA3410017,CAL AM - PARKWAY,SACRAMENTO,DISTRICT 09 - SACRAMENTO,Medium Risk,No Risk,Medium Risk,No Risk,"50,573",Not At-Risk,1,$0 
CA3410018,RIO LINDA/ELVERTA COMMUNITY WATER DIST,SACRAMENTO,DISTRICT 09 - SACRAMENTO,Low Risk,No Risk,No Risk,No Risk,"15,460",Not At-Risk,1,$0 
CA3410020,CITY OF SACRAMENTO MAIN,SACRAMENTO,DISTRICT 09 - SACRAMENTO,Not Assessed,Not Assessed,Not Assessed,Not Assessed,"520,407",Not Assessed,1,"$139,170,107 "
CA3410021,SAN JUAN WATER DISTRICT,SACRAMENTO,DISTRICT 09 - SACRAMENTO,No Risk,High Risk,No Risk,No Risk,"29,598",Not At-Risk,1,"$27,115,621 "
CA3410022,OLYMPIA MOBILODGE,SACRAMENTO,DISTRICT 09 - SACRAMENTO,Low Risk,Low Risk,Medium Risk,Medium Risk,450,Potentially At-Risk,1,$0 
CA3410023,CAL AM - FRUITRIDGE VISTA,SACRAMENTO,DISTRICT 09 - SACRAMENTO,Low Risk,No Risk,Medium Risk,No Risk,"15,652",Not At-Risk,1,$0 
CA3410026,CALIFORNIA STATE FAIR,SACRAMENTO,DISTRICT 09 - SACRAMENTO,Low Risk,Low Risk,Medium Risk,No Risk,"9,280",Not At-Risk,1,$0 
CA3410029,SCWA - LAGUNA/VINEYARD,SACRAMENTO,DISTRICT 09 - SACRAMENTO,Not Assessed,Not Assessed,Not Assessed,Not Assessed,"184,896",Not Assessed,1,$0 
CA3410030,"FOLSOM, CITY OF - ASHLAND",SACRAMENTO,DISTRICT 09 - SACRAMENTO,No Risk,Medium Risk,No Risk,Low Risk,"3,317",Not At-Risk,1,$0 
CA3410031,CAL AM - ANTELOPE,SACRAMENTO,DISTRICT 09 - SACRAMENTO,Low Risk,No Risk,No Risk,No Risk,"35,534",Not At-Risk,1,$0 
CA3410032,FOLSOM STATE PRISON,SACRAMENTO,DISTRICT 09 - SACRAMENTO,No Risk,High Risk,No Risk,Medium Risk,"7,502",Potentially At-Risk,1,$0 
CA3410033,FLORIN COUNTY WATER DISTRICT,SACRAMENTO,DISTRICT 09 - SACRAMENTO,Low Risk,Medium Risk,High Risk,Low Risk,"7,831",At-Risk,1,$0 
CA3410045,CAL AM - ARDEN,SACRAMENTO,DISTRICT 09 - SACRAMENTO,Medium Risk,No Risk,Medium Risk,No Risk,"4,191",Not At-Risk,1,$0 
CA3410047,CAL AM - WALNUT GROVE,SACRAMENTO,DISTRICT 09 - SACRAMENTO,High Risk,Low Risk,Medium Risk,No Risk,667,At-Risk,1,$0 
CA3410704,SCWA MATHER-SUNRISE,SACRAMENTO,DISTRICT 09 - SACRAMENTO,Low Risk,No Risk,No Risk,Low Risk,"30,825",Not At-Risk,1,$0 
CA3500006,CSA NO. 31 STONEGATE WS,SAN BENITO,DISTRICT 05 - MONTEREY,Low Risk,High Risk,High Risk,Low Risk,230,Failing,1,$0 
CA3500505,THOUSAND TRAILS SAN BENITO PRESERVE,SAN BENITO,DISTRICT 05 - MONTEREY,Low Risk,Low Risk,No Risk,High Risk,"1,017",At-Risk,1,$0 
CA3500509,TRES PINOS CWD,SAN BENITO,DISTRICT 05 - MONTEREY,Low Risk,High Risk,No Risk,Low Risk,350,At-Risk,1,$0 
CA3500510,MCMAHON ROAD MUTUAL WATER COMPANY,SAN BENITO,DISTRICT 05 - MONTEREY,No Risk,High Risk,No Risk,Low Risk,102,Not At-Risk,1,$0 
CA3500511,CASA DE FRUTA ORCHARDS,SAN BENITO,DISTRICT 05 - MONTEREY,No Risk,High Risk,Medium Risk,Low Risk,53,Not At-Risk,1,$0 
CA3500521,SOUTHSIDE ELEMENTARY SCHOOL,SAN BENITO,DISTRICT 05 - MONTEREY,No Risk,High Risk,No Risk,No Risk,300,Not At-Risk,1,$0 
CA3500527,VALENZUELA WATER SYSTEM,SAN BENITO,DISTRICT 05 - MONTEREY,High Risk,High Risk,Medium Risk,High Risk,55,Failing,1,$0 
CA3500549,ROSA MORADA MUTUAL WATER COMPANY,SAN BENITO,DISTRICT 05 - MONTEREY,Low Risk,Low Risk,No Risk,No Risk,138,Not At-Risk,1,$0 
CA3500550,SAN JUSTO MUTUAL WATER COMPANY,SAN BENITO,DISTRICT 05 - MONTEREY,Medium Risk,High Risk,Low Risk,Low Risk,160,At-Risk,1,$0 
CA3500552,VENTURE ESTATES MWC,SAN BENITO,DISTRICT 05 - MONTEREY,Medium Risk,High Risk,No Risk,Low Risk,50,At-Risk,1,$0 
CA3500556,MISSION FARM R.V. PARK,SAN BENITO,DISTRICT 05 - MONTEREY,No Risk,No Risk,No Risk,Medium Risk,110,Not At-Risk,1,$0 
CA3500571,SAN BENITO HIGH SCHOOL,SAN BENITO,DISTRICT 05 - MONTEREY,Medium Risk,No Risk,Medium Risk,No Risk,"3,310",Not At-Risk,1,$0 
CA3500575,SPRINGWOOD ESTATES MWC,SAN BENITO,DISTRICT 05 - MONTEREY,No Risk,High Risk,Medium Risk,Low Risk,50,Potentially At-Risk,1,$0 
CA3500576,AROMAS HILLS MUTUAL WATER ASSOCIATION,SAN BENITO,DISTRICT 05 - MONTEREY,No Risk,High Risk,No Risk,No Risk,33,Not At-Risk,1,$0 
CA3500578,LOS MADRONES MWC,SAN BENITO,DISTRICT 05 - MONTEREY,Low Risk,Low Risk,High Risk,Low Risk,36,Potentially At-Risk,1,$0 
CA3500579,VINEYARD ESTATES MWC,SAN BENITO,DISTRICT 05 - MONTEREY,Medium Risk,High Risk,No Risk,Low Risk,90,At-Risk,1,$0 
CA3500581,RANCHO SAN JOAQUIN MWC,SAN BENITO,DISTRICT 05 - MONTEREY,High Risk,High Risk,No Risk,No Risk,914,Failing,1,$0 
CA3500801,WILLOW GROVE UNION ELEMENTARY SCHOOL,SAN BENITO,DISTRICT 05 - MONTEREY,Low Risk,High Risk,No Risk,No Risk,25,At-Risk,1,$0 
CA3500810,WHISPERING PINES INN,SAN BENITO,DISTRICT 05 - MONTEREY,High Risk,High Risk,Medium Risk,High Risk,38,At-Risk,1,$0 
CA3500825,UNION HEIGHTS MWC,SAN BENITO,DISTRICT 05 - MONTEREY,Low Risk,Low Risk,High Risk,No Risk,98,Potentially At-Risk,1,$0 
CA3500830,FALLON ROAD LABOR HOUSING,SAN BENITO,DISTRICT 05 - MONTEREY,High Risk,High Risk,Low Risk,Low Risk,84,At-Risk,1,$0 
CA3500836,BETABEL RV RESORT,SAN BENITO,DISTRICT 05 - MONTEREY,No Risk,High Risk,No Risk,Low Risk,49,Not At-Risk,1,$0 
CA3500900,ASHFORD HIGHLANDS MWC,SAN BENITO,DISTRICT 05 - MONTEREY,Low Risk,Low Risk,High Risk,Low Risk,132,At-Risk,1,$0 
CA3500904,HOLLISTER RANCH ESTATES,SAN BENITO,DISTRICT 05 - MONTEREY,High Risk,High Risk,High Risk,Low Risk,150,Failing,1,$0 
CA3500905,ANZAR HIGH SCHOOL,SAN BENITO,DISTRICT 05 - MONTEREY,Low Risk,No Risk,No Risk,No Risk,268,Not At-Risk,1,$0 
CA3500910,DUNNEVILLE ESTATES CSA #50,SAN BENITO,DISTRICT 05 - MONTEREY,No Risk,Low Risk,High Risk,Low Risk,120,Not At-Risk,1,$0 
CA3500911,CREEKBRIDGE MUTUAL WATER COMPANY,SAN BENITO,DISTRICT 05 - MONTEREY,No Risk,High Risk,High Risk,No Risk,69,Potentially At-Risk,1,$0 
CA3500912,COMSTOCK MUTUAL WATER COMPANY,SAN BENITO,DISTRICT 05 - MONTEREY,No Risk,High Risk,Medium Risk,No Risk,100,Not At-Risk,1,$0 
CA3510001,"HOLLISTER, CITY OF",SAN BENITO,DISTRICT 05 - MONTEREY,High Risk,No Risk,Low Risk,High Risk,"26,017",At-Risk,1,$0 
CA3510002,"SAN JUAN BAUTISTA, CITY OF",SAN BENITO,DISTRICT 05 - MONTEREY,Low Risk,Low Risk,No Risk,Low Risk,"2,335",Not At-Risk,1,$0 
CA3510003,SUNNYSLOPE COUNTY WATER DIST,SAN BENITO,DISTRICT 05 - MONTEREY,Medium Risk,No Risk,No Risk,No Risk,"24,954",Not At-Risk,1,$0 
CA3510004,AROMAS WATER DISTRICT,SAN BENITO,DISTRICT 05 - MONTEREY,Low Risk,Medium Risk,No Risk,No Risk,"2,988",Not At-Risk,1,$0 
CA3510006,MISSION OAKS MOBILE HOME PARK,SAN BENITO,DISTRICT 05 - MONTEREY,Medium Risk,No Risk,No Risk,Medium Risk,550,Potentially At-Risk,1,$0 
CA3510007,SAN BENITO COUNTY WATER DISTRICT,SAN BENITO,DISTRICT 05 - MONTEREY,Not Assessed,Not Assessed,Not Assessed,Not Assessed,25,Not Assessed,1,$0 
CA3510008,GOLDEN STATE WATER CO - SAN JUAN OAKS,SAN BENITO,DISTRICT 05 - MONTEREY,Medium Risk,Low Risk,No Risk,No Risk,159,Not At-Risk,1,$0 
CA3510011,HOLLISTER SDA CHRISTIAN SCHOOL,SAN BENITO,DISTRICT 05 - MONTEREY,Not Assessed,Not Assessed,Not Assessed,Not Assessed,122,Not Assessed,1,$0 
CA3600008,APPLE VALLEY FOOTHILL CWD,SAN BERNARDINO,DISTRICT 13 - SAN BERNARDINO,Low Risk,Low Risk,No Risk,No Risk,811,Not At-Risk,1,$0 
CA3600009,APPLE VALLEY HEIGHTS CWD,SAN BERNARDINO,DISTRICT 13 - SAN BERNARDINO,Medium Risk,Low Risk,No Risk,Low Risk,983,Potentially At-Risk,1,"$372,028 "
CA3600010,LIBERTY-BELLVIEW HEIGHTS,SAN BERNARDINO,LPA66 - SAN BERNARDINO COUNTY,No Risk,No Risk,Low Risk,Medium Risk,155,Not At-Risk,1,$0 
CA3600012,APPLE VALLEY VIEW MWC,SAN BERNARDINO,LPA66 - SAN BERNARDINO COUNTY,High Risk,Low Risk,No Risk,No Risk,303,Failing,1,$0 
CA3600022,BAKER COMMUNITY SERVICES DISTRICT,SAN BERNARDINO,LPA66 - SAN BERNARDINO COUNTY,High Risk,Low Risk,Medium Risk,No Risk,"1,000",At-Risk,1,$0 
CA3600025,BAR-LEN MWC,SAN BERNARDINO,LPA66 - SAN BERNARDINO COUNTY,High Risk,Low Risk,High Risk,Low Risk,126,Failing,1,"$89,978 "
CA3600027,"BAR ""H"" MWC",SAN BERNARDINO,LPA66 - SAN BERNARDINO COUNTY,High Risk,Low Risk,High Risk,Low Risk,260,Failing,1,$0 
CA3600031,BIG PINE TRACT,SAN BERNARDINO,LPA66 - SAN BERNARDINO COUNTY,No Risk,Low Risk,Low Risk,No Risk,300,Not At-Risk,1,$0 
CA3600064,CAMP WATERMAN MWC,SAN BERNARDINO,LPA66 - SAN BERNARDINO COUNTY,No Risk,Low Risk,No Risk,Low Risk,55,Not At-Risk,1,$0 
CA3600070,CENTER WATER CO,SAN BERNARDINO,LPA66 - SAN BERNARDINO COUNTY,No Risk,Low Risk,Medium Risk,No Risk,662,Not At-Risk,1,$0 
CA3600071,CHAMISAL MWC,SAN BERNARDINO,LPA66 - SAN BERNARDINO COUNTY,Low Risk,High Risk,High Risk,High Risk,84,Failing,1,$0 
CA3600086,DAGGETT COMM SVCS DIST,SAN BERNARDINO,LPA66 - SAN BERNARDINO COUNTY,High Risk,High Risk,High Risk,No Risk,795,Failing,1,$0 
CA3600087,DEER LODGE WATER SYSTEM,SAN BERNARDINO,LPA66 - SAN BERNARDINO COUNTY,No Risk,Low Risk,No Risk,Low Risk,845,Not At-Risk,1,$0 
CA3600088,DESERT DAWN MWC,SAN BERNARDINO,LPA66 - SAN BERNARDINO COUNTY,No Risk,Low Risk,Medium Risk,Low Risk,150,Not At-Risk,1,$0 
CA3600089,DESERT SPRINGS MWC,SAN BERNARDINO,LPA66 - SAN BERNARDINO COUNTY,No Risk,Low Risk,High Risk,No Risk,325,Not At-Risk,1,$0 
CA3600094,DOGWOOD BLUE JAY CYN IMP,SAN BERNARDINO,LPA66 - SAN BERNARDINO COUNTY,No Risk,Low Risk,Medium Risk,High Risk,232,Potentially At-Risk,1,$0 
CA3600107,FOREST PARK MWC,SAN BERNARDINO,LPA66 - SAN BERNARDINO COUNTY,High Risk,Low Risk,Low Risk,Low Risk,406,At-Risk,1,$0 
CA3600108,GLEN HELEN WATER SYSTEM,SAN BERNARDINO,LPA66 - SAN BERNARDINO COUNTY,No Risk,No Risk,No Risk,No Risk,"5,900",Not At-Risk,1,$0 
CA3600114,CSA 70 W-3 HACIENDA,SAN BERNARDINO,LPA66 - SAN BERNARDINO COUNTY,High Risk,High Risk,High Risk,Medium Risk,611,Failing,1,$0 
CA3600123,HI DESERT MWC,SAN BERNARDINO,LPA66 - SAN BERNARDINO COUNTY,High Risk,Low Risk,High Risk,Low Risk,112,Failing,1,"$98,565 "
CA3600133,OAK GLEN RETREAT,SAN BERNARDINO,LPA66 - SAN BERNARDINO COUNTY,No Risk,High Risk,No Risk,High Risk,576,Potentially At-Risk,1,$0 
CA3600139,JUBILEE MWC,SAN BERNARDINO,DISTRICT 13 - SAN BERNARDINO,Low Risk,Low Risk,Medium Risk,Low Risk,782,Potentially At-Risk,1,"$7,591,954 "
CA3600152,LOMA LINDA UNIVERSITY,SAN BERNARDINO,LPA66 - SAN BERNARDINO COUNTY,Low Risk,No Risk,Medium Risk,Medium Risk,"15,368",Potentially At-Risk,1,$0 
CA3600155,RIVER RANCH MHP,SAN BERNARDINO,LPA66 - SAN BERNARDINO COUNTY,High Risk,Low Risk,Low Risk,Low Risk,176,Failing,1,"$2,100,000 "
CA3600156,LUCERNE VALLEY MWC,SAN BERNARDINO,LPA66 - SAN BERNARDINO COUNTY,No Risk,Low Risk,High Risk,Low Risk,228,Not At-Risk,1,$0 
CA3600157,LUCERNE VISTA MWC,SAN BERNARDINO,LPA66 - SAN BERNARDINO COUNTY,No Risk,Low Risk,High Risk,High Risk,224,At-Risk,1,$0 
CA3600158,LYTLE SPRINGS WC,SAN BERNARDINO,LPA66 - SAN BERNARDINO COUNTY,No Risk,Low Risk,High Risk,No Risk,475,Not At-Risk,1,$0 
CA3600166,MILL CREEK MSC,SAN BERNARDINO,LPA66 - SAN BERNARDINO COUNTY,No Risk,No Risk,No Risk,No Risk,315,Not At-Risk,1,$0 
CA3600172,MP MINE OPERATIONS LLC,SAN BERNARDINO,LPA66 - SAN BERNARDINO COUNTY,No Risk,Low Risk,High Risk,Low Risk,626,Potentially At-Risk,1,$0 
CA3600180,NAVAJO MWC,SAN BERNARDINO,LPA66 - SAN BERNARDINO COUNTY,No Risk,Low Risk,No Risk,No Risk,264,Not At-Risk,1,$0 
CA3600184,NORTH SHORE MWC,SAN BERNARDINO,LPA66 - SAN BERNARDINO COUNTY,High Risk,Low Risk,Low Risk,Low Risk,7,At-Risk,1,$0 
CA3600185,OAK GLEN DOMESTIC WATER,SAN BERNARDINO,LPA66 - SAN BERNARDINO COUNTY,No Risk,No Risk,No Risk,Low Risk,180,Not At-Risk,1,$0 
CA3600187,OLIVE DELL RANCH,SAN BERNARDINO,LPA66 - SAN BERNARDINO COUNTY,High Risk,Low Risk,Low Risk,Medium Risk,350,At-Risk,1,$0 
CA3600196,CSA 70 W-4 PIONEERTOWN,SAN BERNARDINO,LPA66 - SAN BERNARDINO COUNTY,Medium Risk,Medium Risk,High Risk,Low Risk,470,At-Risk,1,"$2,700,000 "
CA3600200,RANCHERITOS MWC,SAN BERNARDINO,LPA66 - SAN BERNARDINO COUNTY,Low Risk,No Risk,Medium Risk,Low Risk,487,Not At-Risk,1,$0 
CA3600209,ROCKY COMFORT MUTUAL WATER CO,SAN BERNARDINO,LPA66 - SAN BERNARDINO COUNTY,No Risk,High Risk,Medium Risk,Low Risk,71,At-Risk,1,$0 
CA3600215,GILBERT STREET COMPLEX,SAN BERNARDINO,LPA66 - SAN BERNARDINO COUNTY,No Risk,High Risk,Low Risk,Medium Risk,"3,833",Potentially At-Risk,1,$0 
CA3600220,CSA 42 ORO GRANDE,SAN BERNARDINO,LPA66 - SAN BERNARDINO COUNTY,Medium Risk,Low Risk,Low Risk,No Risk,529,Not At-Risk,1,$0 
CA3600222,JUNIPER RIVIERA CWD,SAN BERNARDINO,DISTRICT 27 - MOJAVE,High Risk,Low Risk,No Risk,Medium Risk,858,Failing,1,$0 
CA3600226,CSA 70-F MORONGO,SAN BERNARDINO,LPA66 - SAN BERNARDINO COUNTY,High Risk,High Risk,Medium Risk,Medium Risk,300,Failing,1,$0 
CA3600258,SKY FOREST MWC,SAN BERNARDINO,LPA66 - SAN BERNARDINO COUNTY,High Risk,No Risk,No Risk,Low Risk,492,Potentially At-Risk,1,$0 
CA3600260,SMILEY PARK COUNTRY CLUB,SAN BERNARDINO,LPA66 - SAN BERNARDINO COUNTY,High Risk,No Risk,No Risk,No Risk,370,Not At-Risk,1,$0 
CA3600262,SNOWCREST HEIGHTS IMP ASSOC,SAN BERNARDINO,LPA66 - SAN BERNARDINO COUNTY,Medium Risk,Low Risk,Low Risk,Low Risk,600,Potentially At-Risk,1,$0 
CA3600270,GOLDEN STATE WATER MORONGO DELNORTE,SAN BERNARDINO,LPA66 - SAN BERNARDINO COUNTY,Medium Risk,Low Risk,Low Risk,No Risk,373,Not At-Risk,1,$0 
CA3600279,GOLDEN STATE WATER DESERT VIEW,SAN BERNARDINO,LPA66 - SAN BERNARDINO COUNTY,No Risk,Low Risk,No Risk,No Risk,120,Not At-Risk,1,$0 
CA3600283,DEPARTMENT OF WATER AND POWER,SAN BERNARDINO,LPA66 - SAN BERNARDINO COUNTY,High Risk,Low Risk,Medium Risk,No Risk,239,Potentially At-Risk,1,$0 
CA3600297,GORDON ACRES WATER CO,SAN BERNARDINO,LPA66 - SAN BERNARDINO COUNTY,High Risk,Low Risk,High Risk,Medium Risk,200,Failing,1,"$7,591,954 "
CA3600301,STRAWBERRY LODGE MWC,SAN BERNARDINO,LPA66 - SAN BERNARDINO COUNTY,No Risk,No Risk,Medium Risk,Low Risk,381,Not At-Risk,1,$0 
CA3600306,THUNDERBIRD CWD,SAN BERNARDINO,DISTRICT 27 - MOJAVE,High Risk,Low Risk,No Risk,No Risk,"2,098",Failing,1,"$660,000 "
CA3600345,WEST END MWC,SAN BERNARDINO,LPA66 - SAN BERNARDINO COUNTY,Low Risk,Low Risk,High Risk,Low Risk,90,Potentially At-Risk,1,$0 
CA3600372,PALMS RIVER RESORT,SAN BERNARDINO,LPA66 - SAN BERNARDINO COUNTY,Medium Risk,Low Risk,Low Risk,No Risk,531,Potentially At-Risk,1,$0 
CA3600382,MWD OF SO CAL IRON MOUNTAIN,SAN BERNARDINO,DISTRICT 13 - SAN BERNARDINO,No Risk,High Risk,Low Risk,Medium Risk,36,Potentially At-Risk,1,$0 
CA3600383,MWD OF SO CAL GENE PLANT,SAN BERNARDINO,DISTRICT 13 - SAN BERNARDINO,No Risk,High Risk,Low Risk,Medium Risk,135,Potentially At-Risk,1,$0 
CA3600385,BROOKSIDE MHP,SAN BERNARDINO,LPA66 - SAN BERNARDINO COUNTY,Low Risk,High Risk,Medium Risk,Medium Risk,65,Failing,1,$0 
CA3600386,FOOTHILL ESTATES MHP,SAN BERNARDINO,LPA66 - SAN BERNARDINO COUNTY,Medium Risk,High Risk,No Risk,Low Risk,66,At-Risk,1,$0 
CA3600397,MOSS MOBILE MANOR,SAN BERNARDINO,LPA66 - SAN BERNARDINO COUNTY,No Risk,High Risk,Medium Risk,Low Risk,290,Not At-Risk,1,$0 
CA3600399,PARADISE MOBILE ESTATES,SAN BERNARDINO,LPA66 - SAN BERNARDINO COUNTY,No Risk,High Risk,No Risk,Low Risk,106,Not At-Risk,1,$0 
CA3600400,APPLE VALLEY VILLAGE MHE,SAN BERNARDINO,LPA66 - SAN BERNARDINO COUNTY,No Risk,No Risk,Medium Risk,Low Risk,180,Not At-Risk,1,$0 
CA3600432,LUCERNE VALLEY ELEMENTARY SCHOOL,SAN BERNARDINO,LPA66 - SAN BERNARDINO COUNTY,No Risk,High Risk,Medium Risk,No Risk,724,Not At-Risk,1,$0 
CA3600446,UPPER LITTLE BEAR MOUNTAIN CLUB,SAN BERNARDINO,LPA66 - SAN BERNARDINO COUNTY,Medium Risk,No Risk,Low Risk,No Risk,101,Not At-Risk,1,$0 
CA3600504,KNOLL ENTERPRISES,SAN BERNARDINO,LPA66 - SAN BERNARDINO COUNTY,High Risk,Low Risk,Medium Risk,Low Risk,500,Failing,1,$0 
CA3600785,LAKE JODIE WATER SYSTEM,SAN BERNARDINO,LPA66 - SAN BERNARDINO COUNTY,No Risk,Low Risk,Medium Risk,Low Risk,250,Not At-Risk,1,$0 
CA3600790,NEWBERRY ELEMENTARY SCHOOL,SAN BERNARDINO,LPA66 - SAN BERNARDINO COUNTY,Low Risk,High Risk,Medium Risk,No Risk,255,Potentially At-Risk,1,$0 
CA3601010,CRYSTAL LAKE PROPERTY OWNERS,SAN BERNARDINO,LPA66 - SAN BERNARDINO COUNTY,No Risk,Low Risk,Medium Risk,No Risk,186,Not At-Risk,1,$0 
CA3601015,IRONWOOD CAMP,SAN BERNARDINO,LPA66 - SAN BERNARDINO COUNTY,High Risk,Low Risk,Medium Risk,Medium Risk,210,Failing,1,$0 
CA3601036,CALICO LAKE HOMEOWNERS,SAN BERNARDINO,LPA66 - SAN BERNARDINO COUNTY,No Risk,Low Risk,No Risk,Low Risk,150,Not At-Risk,1,$0 
CA3601045,BEAR VALLEY MHP,SAN BERNARDINO,LPA66 - SAN BERNARDINO COUNTY,No Risk,Low Risk,Medium Risk,Low Risk,150,Not At-Risk,1,$0 
CA3601048,BARTON FLATS WATER SYSTEM,SAN BERNARDINO,DISTRICT 27 - MOJAVE,No Risk,High Risk,High Risk,No Risk,"1,070",Not At-Risk,1,$0 
CA3601057,MOUNTAIN VIEW CONTINUATION SCHOOL,SAN BERNARDINO,LPA66 - SAN BERNARDINO COUNTY,No Risk,High Risk,Medium Risk,No Risk,25,Not At-Risk,1,$0 
CA3601085,RANCHO PINO VERDE,SAN BERNARDINO,LPA66 - SAN BERNARDINO COUNTY,No Risk,High Risk,Medium Risk,Low Risk,66,Failing,1,$0 
CA3601095,LUCERNE VALLEY HIGH SCHOOL,SAN BERNARDINO,LPA66 - SAN BERNARDINO COUNTY,No Risk,High Risk,Medium Risk,No Risk,606,Not At-Risk,1,$0 
CA3601179,EL MIRAGE SCHOOL,SAN BERNARDINO,LPA66 - SAN BERNARDINO COUNTY,No Risk,Low Risk,Medium Risk,No Risk,50,Not At-Risk,1,$0 
CA3601182,HIGH DESERT DETENTION CENTER,SAN BERNARDINO,LPA66 - SAN BERNARDINO COUNTY,Medium Risk,No Risk,Low Risk,Medium Risk,"3,035",Potentially At-Risk,1,$0 
CA3601186,RANCHERITOS #2,SAN BERNARDINO,LPA66 - SAN BERNARDINO COUNTY,No Risk,No Risk,No Risk,No Risk,291,Not At-Risk,1,$0 
CA3610001,"ADELANTO, CITY OF",SAN BERNARDINO,DISTRICT 13 - SAN BERNARDINO,Medium Risk,No Risk,Medium Risk,Low Risk,"39,930",Potentially At-Risk,1,$0 
CA3610002,ALPINE WATER USERS ASSOCIATION,SAN BERNARDINO,DISTRICT 13 - SAN BERNARDINO,High Risk,No Risk,Medium Risk,No Risk,"2,534",Potentially At-Risk,1,$0 
CA3610003,LIBERTY UTILITIES (AV RANCHOS) CORP.,SAN BERNARDINO,DISTRICT 13 - SAN BERNARDINO,No Risk,No Risk,No Risk,Low Risk,"64,469",Not At-Risk,1,$0 
CA3610004,WEST VALLEY WATER DISTRICT,SAN BERNARDINO,DISTRICT 13 - SAN BERNARDINO,Low Risk,No Risk,No Risk,Low Risk,"104,498",Not At-Risk,1,"$46,665,000 "
CA3610005,LAKE ARROWHEAD CSD,SAN BERNARDINO,DISTRICT 27 - MOJAVE,High Risk,No Risk,Low Risk,Low Risk,"7,038",At-Risk,1,$0 
CA3610006,WATER FACILITIES AUTHORITY-JPA,SAN BERNARDINO,DISTRICT 27 - MOJAVE,Not Assessed,Not Assessed,Not Assessed,Not Assessed,0,Not Assessed,1,$0 
CA3610008,BIG BEAR CITY CSD,SAN BERNARDINO,DISTRICT 13 - SAN BERNARDINO,Medium Risk,No Risk,Low Risk,Low Risk,"12,738",Not At-Risk,1,"$2,500,000 "
CA3610009,BIGHORN - DESERT VIEW WATER AGENCY,SAN BERNARDINO,DISTRICT 27 - MOJAVE,No Risk,Low Risk,High Risk,No Risk,"3,916",Not At-Risk,1,"$5,666,531 "
CA3610011,CEDARPINES PARK MWC,SAN BERNARDINO,DISTRICT 27 - MOJAVE,No Risk,No Risk,Low Risk,No Risk,"2,458",Not At-Risk,1,$0 
CA3610012,"CHINO, CITY OF",SAN BERNARDINO,DISTRICT 13 - SAN BERNARDINO,High Risk,No Risk,Low Risk,No Risk,"86,435",At-Risk,1,"$15,119,130 "
CA3610013,"LOMA LINDA, CITY OF",SAN BERNARDINO,DISTRICT 13 - SAN BERNARDINO,Low Risk,No Risk,Medium Risk,Low Risk,"25,129",Not At-Risk,1,$0 
CA3610014,"COLTON, CITY OF",SAN BERNARDINO,DISTRICT 27 - MOJAVE,High Risk,No Risk,Medium Risk,High Risk,"46,525",At-Risk,1,$0 
CA3610015,CRESTLINE VILLAGE CWD - DIVISION 10,SAN BERNARDINO,DISTRICT 13 - SAN BERNARDINO,No Risk,No Risk,No Risk,Low Risk,"11,650",Not At-Risk,1,$0 
CA3610016,GLEN MARTIN MWC,SAN BERNARDINO,DISTRICT 13 - SAN BERNARDINO,No Risk,High Risk,No Risk,No Risk,450,At-Risk,1,$0 
CA3610018,CUCAMONGA VALLEY WATER DISTRICT,SAN BERNARDINO,DISTRICT 13 - SAN BERNARDINO,Not Assessed,Not Assessed,Not Assessed,Not Assessed,"211,069",Not Assessed,1,$0 
CA3610019,SAN BERNARDINO VALLEY WD,SAN BERNARDINO,DISTRICT 13 - SAN BERNARDINO,Not Assessed,Not Assessed,Not Assessed,Not Assessed,"109,608",Not Assessed,1,$0 
CA3610021,FALLSVALE SERVICE COMPANY,SAN BERNARDINO,DISTRICT 27 - MOJAVE,No Risk,Low Risk,Low Risk,High Risk,"1,046",At-Risk,1,$0 
CA3610022,DWP - FAWNSKIN,SAN BERNARDINO,DISTRICT 13 - SAN BERNARDINO,No Risk,Low Risk,Low Risk,No Risk,"1,271",Not At-Risk,1,$0 
CA3610023,GREEN VALLEY MWC,SAN BERNARDINO,DISTRICT 13 - SAN BERNARDINO,Low Risk,No Risk,Medium Risk,Low Risk,"2,993",Failing,1,$0 
CA3610024,HESPERIA WD,SAN BERNARDINO,DISTRICT 27 - MOJAVE,Not Assessed,Not Assessed,Not Assessed,Not Assessed,"100,744",Not Assessed,1,$0 
CA3610025,JOSHUA BASIN WATER DISTRICT,SAN BERNARDINO,DISTRICT 27 - MOJAVE,Medium Risk,Low Risk,High Risk,No Risk,"6,640",At-Risk,1,"$251,700 "
CA3610026,SBDNO COUNTY SERVICE AREA 70 CEDAR GLEN,SAN BERNARDINO,DISTRICT 13 - SAN BERNARDINO,Low Risk,No Risk,High Risk,High Risk,"1,240",Potentially At-Risk,1,$0 
CA3610028,MARYGOLD MWC,SAN BERNARDINO,DISTRICT 27 - MOJAVE,No Risk,No Risk,Medium Risk,No Risk,"3,055",Not At-Risk,1,$0 
CA3610029,MONTE VISTA WD,SAN BERNARDINO,DISTRICT 27 - MOJAVE,High Risk,No Risk,High Risk,Low Risk,"56,017",At-Risk,1,$0 
CA3610030,MARIANA RANCHOS CWD,SAN BERNARDINO,DISTRICT 27 - MOJAVE,No Risk,Low Risk,No Risk,No Risk,"1,502",Not At-Risk,1,$0 
CA3610031,MUSCOY MWC NO. 1,SAN BERNARDINO,DISTRICT 13 - SAN BERNARDINO,No Risk,Low Risk,Medium Risk,High Risk,"13,000",Not At-Risk,1,$0 
CA3610032,"NEEDLES, CITY OF",SAN BERNARDINO,DISTRICT 13 - SAN BERNARDINO,Low Risk,Low Risk,High Risk,Medium Risk,"8,766",Failing,1,"$14,315,640 "
CA3610033,MT BALDY HOMEOWNERS ASSN.,SAN BERNARDINO,DISTRICT 13 - SAN BERNARDINO,No Risk,Low Risk,Low Risk,No Risk,"1,700",Not At-Risk,1,$0 
CA3610034,ONTARIO MUNICIPAL UTILITIES COMPANY,SAN BERNARDINO,DISTRICT 27 - MOJAVE,Not Assessed,Not Assessed,Not Assessed,Not Assessed,"185,010",Not Assessed,1,$0 
CA3610036,"CHINO HILLS, CITY OF",SAN BERNARDINO,DISTRICT 27 - MOJAVE,High Risk,No Risk,No Risk,No Risk,"76,414",Potentially At-Risk,1,$0 
CA3610037,REDLANDS CITY MUD-WATER DIV,SAN BERNARDINO,DISTRICT 13 - SAN BERNARDINO,No Risk,No Risk,No Risk,No Risk,"78,025",Not At-Risk,1,$0 
CA3610038,"RIALTO, CITY OF",SAN BERNARDINO,DISTRICT 13 - SAN BERNARDINO,Low Risk,No Risk,High Risk,Low Risk,"54,453",At-Risk,1,$0 
CA3610039,SAN BERNARDINO CITY,SAN BERNARDINO,DISTRICT 27 - MOJAVE,Not Assessed,Not Assessed,Not Assessed,Not Assessed,"214,665",Not Assessed,1,"$19,807,317 "
CA3610041,SAN GABRIEL VALLEY WC - FONTANA,SAN BERNARDINO,DISTRICT 27 - MOJAVE,Not Assessed,Not Assessed,Not Assessed,Not Assessed,"237,700",Not Assessed,1,$0 
CA3610043,GOLDEN STATE WATER CO - BARSTOW,SAN BERNARDINO,DISTRICT 27 - MOJAVE,High Risk,No Risk,Medium Risk,No Risk,"32,547",Potentially At-Risk,1,$0 
CA3610044,BIG BEAR LAKE DWP - BIG BEAR SYSTEM,SAN BERNARDINO,DISTRICT 13 - SAN BERNARDINO,No Risk,No Risk,Low Risk,No Risk,"26,132",Not At-Risk,1,$0 
CA3610045,LACSD - RIMFOREST,SAN BERNARDINO,DISTRICT 27 - MOJAVE,No Risk,Medium Risk,High Risk,Low Risk,817,Not At-Risk,1,$0 
CA3610046,VALLEY VIEW PARK MWC,SAN BERNARDINO,DISTRICT 27 - MOJAVE,Low Risk,No Risk,No Risk,No Risk,499,Not At-Risk,1,$0 
CA3610047,GOLDEN STATE WATER CO - WRIGHTWOOD,SAN BERNARDINO,DISTRICT 27 - MOJAVE,No Risk,Low Risk,No Risk,Medium Risk,"4,177",Not At-Risk,1,$0 
CA3610048,TERRACE WATER COMPANY,SAN BERNARDINO,DISTRICT 13 - SAN BERNARDINO,Low Risk,High Risk,Medium Risk,No Risk,"2,400",Failing,1,$0 
CA3610049,TWENTYNINE PALMS WATER DISTRICT,SAN BERNARDINO,DISTRICT 27 - MOJAVE,Low Risk,Low Risk,Low Risk,Low Risk,"18,795",Not At-Risk,1,$0 
CA3610050,"UPLAND, CITY OF",SAN BERNARDINO,DISTRICT 27 - MOJAVE,Low Risk,No Risk,No Risk,Low Risk,"78,376",Not At-Risk,1,"$16,446,414 "
CA3610051,VALLEY OF ENCHANTMENT MWC,SAN BERNARDINO,DISTRICT 13 - SAN BERNARDINO,No Risk,No Risk,High Risk,Low Risk,"2,471",Not At-Risk,1,$0 
CA3610052,VICTORVILLE WATER DISTRICT,SAN BERNARDINO,DISTRICT 13 - SAN BERNARDINO,Not Assessed,Not Assessed,Not Assessed,Not Assessed,"135,983",Not Assessed,1,$0 
CA3610053,WESTERN HEIGHTS WATER COMPANY,SAN BERNARDINO,DISTRICT 27 - MOJAVE,Low Risk,Medium Risk,No Risk,No Risk,"7,705",At-Risk,1,$0 
CA3610055,YUCAIPA VALLEY WATER DISTRICT,SAN BERNARDINO,DISTRICT 27 - MOJAVE,Low Risk,No Risk,No Risk,No Risk,"52,010",Failing,1,$0 
CA3610057,RIVERSIDE HIGHLAND WATER COMPANY,SAN BERNARDINO,DISTRICT 27 - MOJAVE,Medium Risk,No Risk,No Risk,Low Risk,"20,188",Not At-Risk,1,$0 
CA3610060,BDVWA - GOAT MOUNTAIN ID,SAN BERNARDINO,DISTRICT 27 - MOJAVE,No Risk,Low Risk,High Risk,Low Risk,"1,118",Not At-Risk,1,"$5,666,531 "
CA3610062,RUNNING SPRINGS WATER DISTRICT,SAN BERNARDINO,DISTRICT 13 - SAN BERNARDINO,No Risk,No Risk,No Risk,Low Risk,"5,268",Not At-Risk,1,$0 
CA3610063,GOLDEN STATE WATER CO - MORONGO DEL SUR,SAN BERNARDINO,DISTRICT 27 - MOJAVE,High Risk,Low Risk,Low Risk,No Risk,"1,717",Potentially At-Risk,1,$0 
CA3610064,EAST VALLEY WATER DISTRICT,SAN BERNARDINO,DISTRICT 13 - SAN BERNARDINO,Not Assessed,Not Assessed,Not Assessed,Not Assessed,"108,629",Not Assessed,1,$0 
CA3610073,HI DESERT WD,SAN BERNARDINO,DISTRICT 13 - SAN BERNARDINO,No Risk,No Risk,High Risk,No Risk,"26,411",Not At-Risk,1,"$2,866,531 "
CA3610075,CHINO BASIN DESALTER AUTH. - DESALTER 1,SAN BERNARDINO,DISTRICT 13 - SAN BERNARDINO,Not Assessed,Not Assessed,Not Assessed,Not Assessed,0,Not Assessed,1,$0 
CA3610082,SAN ANTONIO CANYON MSC,SAN BERNARDINO,DISTRICT 27 - MOJAVE,No Risk,Low Risk,High Risk,No Risk,119,Not At-Risk,1,$0 
CA3610085,SAN ANTONIO WATER COMPANY,SAN BERNARDINO,DISTRICT 27 - MOJAVE,No Risk,No Risk,No Risk,Low Risk,"3,111",Not At-Risk,1,$0 
CA3610086,WEST END CONSOLIDATED WATER COMPANY,SAN BERNARDINO,DISTRICT 27 - MOJAVE,Not Assessed,Not Assessed,Not Assessed,Not Assessed,0,Not Assessed,1,$0 
CA3610093,ARROWHEAD VILLAS MUTUAL SERVICE COMPANY,SAN BERNARDINO,DISTRICT 13 - SAN BERNARDINO,Low Risk,No Risk,High Risk,No Risk,"2,654",Not At-Risk,1,$0 
CA3610105,GOLDEN STATE WATER CO - APPLE VLY NORTH,SAN BERNARDINO,DISTRICT 27 - MOJAVE,No Risk,No Risk,No Risk,No Risk,"2,086",Not At-Risk,1,$0 
CA3610107,GOLDEN STATE WATER CO - APPLE VLY SOUTH,SAN BERNARDINO,DISTRICT 27 - MOJAVE,No Risk,No Risk,Medium Risk,No Risk,"6,208",Not At-Risk,1,$0 
CA3610108,GOLDEN STATE WATER CO - LUCERNE,SAN BERNARDINO,DISTRICT 27 - MOJAVE,No Risk,Low Risk,Medium Risk,No Risk,586,Not At-Risk,1,$0 
CA3610109,SHEEP CREEK WATER COMPANY,SAN BERNARDINO,DISTRICT 13 - SAN BERNARDINO,Low Risk,Medium Risk,Low Risk,Low Risk,"4,002",Failing,1,$0 
CA3610110,ARROWBEAR PARK CWD,SAN BERNARDINO,DISTRICT 27 - MOJAVE,Medium Risk,No Risk,Medium Risk,High Risk,"1,856",At-Risk,1,$0 
CA3610112,HELENDALE COMMUNITY SERVICE DISTRICT,SAN BERNARDINO,DISTRICT 27 - MOJAVE,Medium Risk,Low Risk,Low Risk,Low Risk,"6,347",Potentially At-Risk,1,$0 
CA3610114,CLAWA,SAN BERNARDINO,DISTRICT 27 - MOJAVE,Not Assessed,Not Assessed,Not Assessed,Not Assessed,"2,320",Not Assessed,1,$0 
CA3610117,DEVORE WC,SAN BERNARDINO,DISTRICT 27 - MOJAVE,Low Risk,No Risk,No Risk,High Risk,"1,574",Failing,1,"$493,200 "
CA3610118,LIBERTY -YERMO,SAN BERNARDINO,DISTRICT 13 - SAN BERNARDINO,No Risk,Low Risk,No Risk,Medium Risk,861,Not At-Risk,1,$0 
CA3610120,PHELAN PINON HILLS CSD,SAN BERNARDINO,DISTRICT 13 - SAN BERNARDINO,Medium Risk,No Risk,Low Risk,Low Risk,"24,285",Not At-Risk,1,$0 
CA3610121,SBDNO COUNTY SERVICE AREA 64,SAN BERNARDINO,DISTRICT 13 - SAN BERNARDINO,No Risk,Low Risk,No Risk,No Risk,"14,911",Not At-Risk,1,$0 
CA3610125,SBDNO COUNTY SERVICE AREA 70J,SAN BERNARDINO,DISTRICT 13 - SAN BERNARDINO,Medium Risk,High Risk,Medium Risk,Low Risk,"12,843",At-Risk,1,$0 
CA3610129,MOJAVE WATER AGENCY,SAN BERNARDINO,DISTRICT 13 - SAN BERNARDINO,Not Assessed,Not Assessed,Not Assessed,Not Assessed,0,Not Assessed,1,$0 
CA3610701,USMC NEBO (BARSTOW),SAN BERNARDINO,DISTRICT 27 - MOJAVE,No Risk,Medium Risk,Medium Risk,No Risk,"1,126",Not At-Risk,1,$0 
CA3610703,USMC - 29 PALMS,SAN BERNARDINO,DISTRICT 27 - MOJAVE,Low Risk,No Risk,Low Risk,Medium Risk,"15,248",Potentially At-Risk,1,$0 
CA3610705,US ARMY FORT IRWIN,SAN BERNARDINO,DISTRICT 13 - SAN BERNARDINO,High Risk,Low Risk,No Risk,No Risk,"15,701",Not At-Risk,1,$0 
CA3610800,CDF - OAK GLEN CONSERVATION CAMP,SAN BERNARDINO,DISTRICT 13 - SAN BERNARDINO,No Risk,Low Risk,No Risk,Low Risk,83,Not At-Risk,1,$0 
CA3610801,CDF - PILOT ROCK CONSERVATION CAMP,SAN BERNARDINO,DISTRICT 13 - SAN BERNARDINO,Low Risk,Low Risk,No Risk,High Risk,65,Not At-Risk,1,$0 
CA3610850,CALIFORNIA INSTITUTION FOR MEN,SAN BERNARDINO,DISTRICT 13 - SAN BERNARDINO,High Risk,Low Risk,Medium Risk,Low Risk,"10,667",Failing,1,$0 
CA3610851,CALIFORNIA INSTITUTION FOR WOMEN,SAN BERNARDINO,DISTRICT 13 - SAN BERNARDINO,No Risk,Medium Risk,Medium Risk,Medium Risk,"1,195",Potentially At-Risk,1,$0 
CA3610854,SEARLES VALLEY MINERALS OPERATIONS INC,SAN BERNARDINO,DISTRICT 27 - MOJAVE,Medium Risk,Low Risk,Low Risk,Low Risk,"1,818",Potentially At-Risk,1,$0 
CA3700018,CAMPO ELEMENTARY SCHOOL,SAN DIEGO,DISTRICT 26 - IMPERIAL,High Risk,High Risk,Medium Risk,Low Risk,300,Failing,1,"$902,487 "
CA3700041,BARRETT LAKE MH AND RV LLC,SAN DIEGO,DISTRICT 26 - IMPERIAL,High Risk,Low Risk,No Risk,No Risk,300,Failing,1,$0 
CA3700071,HEAVENLY OAKS,SAN DIEGO,DISTRICT 26 - IMPERIAL,High Risk,Low Risk,No Risk,No Risk,300,Failing,1,$0 
CA3700073,H & J WATER COMPANY,SAN DIEGO,DISTRICT 26 - IMPERIAL,Medium Risk,Low Risk,No Risk,Low Risk,86,Failing,1,$0 
CA3700074,CUYAMACA WATER DISTRICT,SAN DIEGO,DISTRICT 26 - IMPERIAL,Low Risk,Low Risk,No Risk,No Risk,"33,030",Failing,1,$0 
CA3700117,MOUNTAIN EMPIRE HIGH SCHOOL,SAN DIEGO,DISTRICT 26 - IMPERIAL,No Risk,High Risk,Low Risk,No Risk,"1,000",At-Risk,1,$0 
CA3700118,CAMP LOCKETT MIDDLE SCHOOL,SAN DIEGO,DISTRICT 26 - IMPERIAL,Low Risk,High Risk,Medium Risk,No Risk,24,Potentially At-Risk,1,$0 
CA3700277,SUNRISE ESTATES MUTUAL WATER COMPANY,SAN DIEGO,DISTRICT 26 - IMPERIAL,No Risk,Low Risk,No Risk,No Risk,150,Not At-Risk,1,$0 
CA3700291,"OCOTILLO OASIS, LLC",SAN DIEGO,DISTRICT 26 - IMPERIAL,High Risk,Low Risk,High Risk,Medium Risk,96,Failing,1,$0 
CA3700422,LAGUNA MOUNTAIN MUTUAL WATER CO.,SAN DIEGO,DISTRICT 26 - IMPERIAL,No Risk,High Risk,Low Risk,Low Risk,100,Not At-Risk,1,$0 
CA3700859,RANCHO DEL CAMPO WATER SYSTEM,SAN DIEGO,DISTRICT 26 - IMPERIAL,No Risk,No Risk,High Risk,No Risk,290,Not At-Risk,1,$0 
CA3700866,DEL DIOS MUTUAL WATER COMPANY,SAN DIEGO,DISTRICT 14 - SAN DIEGO,No Risk,No Risk,No Risk,Low Risk,330,Not At-Risk,1,$0 
CA3700897,GUATAY MUTUAL BENEFIT CORPORATION,SAN DIEGO,DISTRICT 26 - IMPERIAL,High Risk,Low Risk,No Risk,Low Risk,100,Failing,1,$0 
CA3700900,LAKE HENSHAW RESORT INC.,SAN DIEGO,DISTRICT 14 - SAN DIEGO,Low Risk,Low Risk,Low Risk,High Risk,"9,913",Failing,1,$0 
CA3700905,PINE HILLS MUTUAL WATER COMPANY,SAN DIEGO,DISTRICT 26 - IMPERIAL,Low Risk,Low Risk,No Risk,No Risk,760,Not At-Risk,1,$0 
CA3700906,CAMP STEVENS,SAN DIEGO,DISTRICT 26 - IMPERIAL,Low Risk,Medium Risk,No Risk,Medium Risk,78,Potentially At-Risk,1,$0 
CA3700909,JULIAN COMMUNITY SERVICES DISTRICT,SAN DIEGO,DISTRICT 26 - IMPERIAL,Low Risk,Low Risk,Medium Risk,Low Risk,"1,517",Potentially At-Risk,1,$0 
CA3700912,YMCA CAMP MARSTON/RAINTREE,SAN DIEGO,DISTRICT 26 - IMPERIAL,High Risk,Low Risk,No Risk,No Risk,338,Failing,1,$0 
CA3700918,RANCHO SANTA TERESA MW CO.,SAN DIEGO,DISTRICT 14 - SAN DIEGO,High Risk,Low Risk,Low Risk,High Risk,102,Failing,1,$0 
CA3700919,LAKE WOHLFORD RESORT,SAN DIEGO,DISTRICT 14 - SAN DIEGO,Low Risk,High Risk,No Risk,Low Risk,250,Failing,1,$0 
CA3700922,LIVE OAK SPRINGS WATER SYSTEM,SAN DIEGO,DISTRICT 26 - IMPERIAL,No Risk,Medium Risk,No Risk,No Risk,317,Not At-Risk,1,$0 
CA3700923,LAKE MORENA'S OAK SHORES MWC,SAN DIEGO,DISTRICT 26 - IMPERIAL,High Risk,Low Risk,High Risk,Low Risk,670,At-Risk,1,"$756,500 "
CA3700924,LAKE MORENA VIEWS MWC,SAN DIEGO,DISTRICT 26 - IMPERIAL,High Risk,High Risk,High Risk,Medium Risk,360,Failing,1,"$1,089,206 "
CA3700933,PALOMAR MOUNTAIN MUTUAL WATER CO.,SAN DIEGO,DISTRICT 14 - SAN DIEGO,No Risk,Low Risk,Medium Risk,High Risk,193,At-Risk,1,$0 
CA3700934,PAUMA VALLEY WATER COMPANY,SAN DIEGO,DISTRICT 14 - SAN DIEGO,High Risk,Low Risk,High Risk,Low Risk,185,Failing,1,$0 
CA3700936,RANCHO ESTATES MUTUAL WATER CO.,SAN DIEGO,DISTRICT 14 - SAN DIEGO,No Risk,No Risk,No Risk,Low Risk,200,Not At-Risk,1,$0 
CA3700937,LAZY H MUTUAL WATER COMPANY,SAN DIEGO,DISTRICT 14 - SAN DIEGO,No Risk,No Risk,No Risk,Low Risk,142,Not At-Risk,1,$0 
CA3700938,YUIMA MUNICIPAL WATER DISTRICT IDA,SAN DIEGO,DISTRICT 14 - SAN DIEGO,Low Risk,No Risk,No Risk,Medium Risk,769,Not At-Risk,1,$0 
CA3700958,LOS TULES MUTUAL WATER COMPANY,SAN DIEGO,DISTRICT 26 - IMPERIAL,No Risk,Low Risk,Low Risk,Low Risk,238,Not At-Risk,1,"$1,821,310 "
CA3700962,OAKVALE PARK,SAN DIEGO,DISTRICT 14 - SAN DIEGO,High Risk,High Risk,No Risk,High Risk,260,Failing,1,$0 
CA3700963,POTRERO ELEMENTARY SCHOOL,SAN DIEGO,DISTRICT 26 - IMPERIAL,High Risk,High Risk,Medium Risk,No Risk,300,At-Risk,1,$0 
CA3700968,SAN PASQUAL ACADEMY,SAN DIEGO,DISTRICT 14 - SAN DIEGO,No Risk,Low Risk,No Risk,Low Risk,298,Not At-Risk,1,$0 
CA3701005,SPENCER VALLEY SCHOOL DISTRICT,SAN DIEGO,DISTRICT 26 - IMPERIAL,Low Risk,High Risk,Low Risk,No Risk,40,Potentially At-Risk,1,$0 
CA3701010,WARNER UNIFIED SCHOOL DISTRICT,SAN DIEGO,DISTRICT 26 - IMPERIAL,Low Risk,High Risk,Low Risk,No Risk,250,Failing,1,"$91,000 "
CA3701184,BUTTERFIELD RANCH,SAN DIEGO,DISTRICT 26 - IMPERIAL,High Risk,Low Risk,Low Risk,High Risk,353,Failing,1,$0 
CA3701341,QUIET OAKS MOBILE HOME PARK,SAN DIEGO,DISTRICT 26 - IMPERIAL,High Risk,High Risk,Medium Risk,No Risk,120,At-Risk,1,$0 
CA3701408,YUIMA MUNICIPAL WATER DISTRICT,SAN DIEGO,DISTRICT 14 - SAN DIEGO,No Risk,No Risk,High Risk,Low Risk,360,Not At-Risk,1,$0 
CA3701476,INDIAN HILLS CAMP,SAN DIEGO,DISTRICT 14 - SAN DIEGO,High Risk,High Risk,No Risk,Medium Risk,"13,032",Failing,1,$0 
CA3701747,NORTH PEAK MUTUAL WATER COMPANY,SAN DIEGO,DISTRICT 26 - IMPERIAL,No Risk,Low Risk,No Risk,No Risk,298,Not At-Risk,1,$0 
CA3701780,RICHARDSON BEARDSLEY PARK INC.,SAN DIEGO,DISTRICT 26 - IMPERIAL,Low Risk,Low Risk,No Risk,Low Risk,28,Not At-Risk,1,$0 
CA3701793,TWIN LAKES RESORT,SAN DIEGO,DISTRICT 26 - IMPERIAL,High Risk,Low Risk,Medium Risk,Medium Risk,400,Failing,1,$0 
CA3701837,WYNOLA WATER DISTRICT,SAN DIEGO,DISTRICT 26 - IMPERIAL,High Risk,Low Risk,High Risk,No Risk,140,Failing,1,$0 
CA3701934,PINE VALLEY BIBLE CONFERENCE CENTER,SAN DIEGO,DISTRICT 26 - IMPERIAL,No Risk,High Risk,No Risk,Low Risk,255,Potentially At-Risk,1,$0 
CA3701961,PINE VALLEY TRAILER PARK,SAN DIEGO,DISTRICT 26 - IMPERIAL,Low Risk,Low Risk,No Risk,Low Risk,200,Failing,1,$0 
CA3701982,PALOMAR CHRISTIAN CONFERENCE CENTER,SAN DIEGO,DISTRICT 14 - SAN DIEGO,Medium Risk,Low Risk,Medium Risk,High Risk,"13,050",At-Risk,1,$0 
CA3701988,ALPINE OAKS ESTATES LLC,SAN DIEGO,DISTRICT 14 - SAN DIEGO,High Risk,High Risk,No Risk,Low Risk,185,At-Risk,1,$0 
CA3701995,WILLOWSIDE TERRACE WATER ASSOCIATION,SAN DIEGO,DISTRICT 14 - SAN DIEGO,High Risk,Low Risk,No Risk,Low Risk,100,Failing,1,$0 
CA3702104,MHC TT INC. (DBA PIO PICO),SAN DIEGO,DISTRICT 14 - SAN DIEGO,Low Risk,Low Risk,No Risk,Low Risk,828,Not At-Risk,1,$0 
CA3702236,PALOMAR OBSERVATORY,SAN DIEGO,DISTRICT 14 - SAN DIEGO,No Risk,High Risk,Medium Risk,High Risk,"4,416",At-Risk,1,$0 
CA3702354,WARNER SPRINGS ESTATES,SAN DIEGO,DISTRICT 26 - IMPERIAL,Medium Risk,Medium Risk,Low Risk,Low Risk,448,At-Risk,1,$0 
CA3702364,CLOVER FLAT ELEMENTARY SCHOOL,SAN DIEGO,DISTRICT 26 - IMPERIAL,Low Risk,High Risk,No Risk,No Risk,160,Not At-Risk,1,$0 
CA3705090,WARNER USD–RESOURCE CENTER,SAN DIEGO,NON LPA 67 - SAN DIEGO COUNTY,Not Assessed,Not Assessed,Not Assessed,Not Assessed,340,Not Assessed,1,$0 
CA3710001,CAL-AM WATER CORONADO,SAN DIEGO,DISTRICT 14 - SAN DIEGO,Not Assessed,Not Assessed,Not Assessed,Not Assessed,"106,000",Not Assessed,1,$0 
CA3710002,VALLECITOS WD,SAN DIEGO,DISTRICT 14 - SAN DIEGO,Not Assessed,Not Assessed,Not Assessed,Not Assessed,"113,500",Not Assessed,1,$0 
CA3710004,"DEL MAR, CITY OF",SAN DIEGO,DISTRICT 14 - SAN DIEGO,No Risk,No Risk,No Risk,No Risk,"3,919",Not At-Risk,1,$0 
CA3710005,CARLSBAD MWD,SAN DIEGO,DISTRICT 14 - SAN DIEGO,No Risk,No Risk,No Risk,Low Risk,"95,158",Not At-Risk,1,$0 
CA3710006,"ESCONDIDO, CITY OF",SAN DIEGO,DISTRICT 14 - SAN DIEGO,Not Assessed,Not Assessed,Not Assessed,Not Assessed,"137,044",Not Assessed,1,$0 
CA3710008,FALLBROOK PUD,SAN DIEGO,DISTRICT 14 - SAN DIEGO,No Risk,No Risk,High Risk,No Risk,"35,237",Not At-Risk,1,"$63,916,944 "
CA3710009,DESCANSO COMMUNITY WATER DISTRICT,SAN DIEGO,DISTRICT 26 - IMPERIAL,High Risk,Low Risk,High Risk,Low Risk,870,Failing,1,$0 
CA3710010,HELIX WATER DISTRICT,SAN DIEGO,DISTRICT 14 - SAN DIEGO,Not Assessed,Not Assessed,Not Assessed,Not Assessed,"277,668",Not Assessed,1,$0 
CA3710011,JACUMBA COMMUNITY SD,SAN DIEGO,DISTRICT 26 - IMPERIAL,Low Risk,Low Risk,High Risk,Low Risk,561,Not At-Risk,1,"$228,820 "
CA3710012,RANCHO PAUMA MUTUAL WC,SAN DIEGO,DISTRICT 14 - SAN DIEGO,No Risk,No Risk,High Risk,No Risk,899,Not At-Risk,1,$0 
CA3710013,LAKESIDE WD,SAN DIEGO,DISTRICT 14 - SAN DIEGO,No Risk,No Risk,Low Risk,No Risk,"35,500",Not At-Risk,1,$0 
CA3710014,"OCEANSIDE, CITY OF",SAN DIEGO,DISTRICT 14 - SAN DIEGO,Not Assessed,Not Assessed,Not Assessed,Not Assessed,"171,483",Not Assessed,1,$0 
CA3710015,"POWAY, CITY OF",SAN DIEGO,DISTRICT 14 - SAN DIEGO,No Risk,No Risk,No Risk,Low Risk,"49,888",Not At-Risk,1,$0 
CA3710016,RAINBOW MUNICIPAL WD,SAN DIEGO,DISTRICT 14 - SAN DIEGO,No Risk,No Risk,High Risk,Low Risk,"23,536",Not At-Risk,1,$0 
CA3710018,RINCON DEL DIABLO MWD (ID-1),SAN DIEGO,DISTRICT 14 - SAN DIEGO,No Risk,No Risk,No Risk,No Risk,"30,757",Not At-Risk,1,$0 
CA3710019,RAMONA MUNICIPAL WD,SAN DIEGO,DISTRICT 14 - SAN DIEGO,No Risk,No Risk,No Risk,Low Risk,"37,047",Not At-Risk,1,$0 
CA3710020,"SAN DIEGO, CITY OF",SAN DIEGO,DISTRICT 14 - SAN DIEGO,Not Assessed,Not Assessed,Not Assessed,Not Assessed,"1,385,379",Not Assessed,1,"$500,412,254 "
CA3710021,SAN DIEGUITO WD,SAN DIEGO,DISTRICT 14 - SAN DIEGO,No Risk,No Risk,No Risk,No Risk,"40,405",Not At-Risk,1,$0 
CA3710023,SANTA FE I.D.,SAN DIEGO,DISTRICT 14 - SAN DIEGO,Low Risk,No Risk,No Risk,Low Risk,"21,578",Not At-Risk,1,$0 
CA3710025,SWEETWATER AUTHORITY,SAN DIEGO,DISTRICT 14 - SAN DIEGO,Not Assessed,Not Assessed,Not Assessed,Not Assessed,"191,282",Not Assessed,1,"$1,018,155 "
CA3710026,VALLEY CENTER MWD,SAN DIEGO,DISTRICT 14 - SAN DIEGO,No Risk,No Risk,No Risk,Low Risk,"29,938",Not At-Risk,1,"$8,500,000 "
CA3710027,VISTA IRRIGATION DISTRICT,SAN DIEGO,DISTRICT 14 - SAN DIEGO,Not Assessed,Not Assessed,Not Assessed,Not Assessed,"132,430",Not Assessed,1,$0 
CA3710029,OLIVENHAIN MWD,SAN DIEGO,DISTRICT 14 - SAN DIEGO,No Risk,No Risk,No Risk,Low Risk,"86,458",Not At-Risk,1,$0 
CA3710034,OTAY WATER DISTRICT,SAN DIEGO,DISTRICT 14 - SAN DIEGO,Not Assessed,Not Assessed,Not Assessed,Not Assessed,"238,008",Not Assessed,1,$0 
CA3710036,BORREGO WD,SAN DIEGO,DISTRICT 26 - IMPERIAL,No Risk,Medium Risk,No Risk,No Risk,"3,429",Not At-Risk,1,"$3,349,694 "
CA3710037,PADRE DAM MWD,SAN DIEGO,DISTRICT 14 - SAN DIEGO,No Risk,No Risk,No Risk,No Risk,"93,859",Not At-Risk,1,$0 
CA3710039,PINE VALLEY MUTUAL WC,SAN DIEGO,DISTRICT 26 - IMPERIAL,High Risk,Low Risk,No Risk,High Risk,"2,645",Failing,1,$0 
CA3710041,MAJESTIC PINES COMMUNITY SD,SAN DIEGO,DISTRICT 26 - IMPERIAL,Low Risk,Low Risk,No Risk,Low Risk,"1,768",Not At-Risk,1,$0 
CA3710042,SAN DIEGO COUNTY WATER AUTHORITY,SAN DIEGO,DISTRICT 14 - SAN DIEGO,Not Assessed,Not Assessed,Not Assessed,Not Assessed,0,Not Assessed,1,$0 
CA3710044,RINCON DEL DIABLO MWD (ID-A),SAN DIEGO,DISTRICT 14 - SAN DIEGO,No Risk,No Risk,Low Risk,No Risk,"3,275",Not At-Risk,1,$0 
CA3710045,CARLSBAD DESALINATION PLANT,SAN DIEGO,DISTRICT 14 - SAN DIEGO,Not Assessed,Not Assessed,Not Assessed,Not Assessed,0,Not Assessed,1,$0 
CA3710047,CAMPO HILLS-COUNTY PUBLIC WORKS WASTEWTR,SAN DIEGO,DISTRICT 26 - IMPERIAL,Low Risk,No Risk,High Risk,Low Risk,500,Potentially At-Risk,1,$0 
CA3710700,CAMP PENDLETON (NORTH),SAN DIEGO,DISTRICT 08 - SANTA ANA,Medium Risk,No Risk,Medium Risk,No Risk,"12,651",Not At-Risk,1,$0 
CA3710702,CAMP PENDLETON (SOUTH),SAN DIEGO,DISTRICT 08 - SANTA ANA,Medium Risk,No Risk,Medium Risk,No Risk,"42,219",Not At-Risk,1,$0 
CA3710750,NAS NORTH ISLAND & NAB CORONADO,SAN DIEGO,DISTRICT 14 - SAN DIEGO,No Risk,No Risk,No Risk,No Risk,"36,990",Not At-Risk,1,$0 
CA3710800,PUERTA LA CRUZ CC #14,SAN DIEGO,DISTRICT 26 - IMPERIAL,Low Risk,Low Risk,Low Risk,Medium Risk,27,Not At-Risk,1,$0 
CA3710802,LA CIMA FIRE CENTER,SAN DIEGO,DISTRICT 26 - IMPERIAL,No Risk,High Risk,Low Risk,Medium Risk,60,At-Risk,1,$0 
CA3810001,SAN FRANCISCO REGIONAL WATER SYSTEM,SAN FRANCISCO,DISTRICT 04 - SAN FRANCISCO,Not Assessed,Not Assessed,Not Assessed,Not Assessed,600,Not Assessed,1,"$238,218,951 "
CA3810003,HHW&P MOCCASIN COMPOUND-SFPUC,SAN FRANCISCO,DISTRICT 04 - SAN FRANCISCO,No Risk,Medium Risk,No Risk,Low Risk,410,Not At-Risk,1,$0 
CA3810008,THOMAS SHAFT WHOLESALE,SAN JOAQUIN,DISTRICT 04 - SAN FRANCISCO,Not Assessed,Not Assessed,Not Assessed,Not Assessed,1,Not Assessed,1,$0 
CA3810011,SFPUC CITY DISTRIBUTION DIVISION,SAN FRANCISCO,DISTRICT 04 - SAN FRANCISCO,Not Assessed,Not Assessed,Not Assessed,Not Assessed,"848,019",Not Assessed,1,$0 
CA3810700,PRESIDIO OF SAN FRANCISCO,SAN FRANCISCO,DISTRICT 04 - SAN FRANCISCO,Low Risk,No Risk,No Risk,Low Risk,"3,500",Not At-Risk,1,$0 
CA3810702,TREASURE ISLAND,SAN FRANCISCO,DISTRICT 04 - SAN FRANCISCO,No Risk,Medium Risk,High Risk,Low Risk,"3,864",At-Risk,1,$0 
CA3900504,CLEMENTS WATER WORKS #43,SAN JOAQUIN,LPA69 - SAN JOAQUIN COUNTY,No Risk,Medium Risk,No Risk,Low Risk,264,Not At-Risk,1,$0 
CA3900505,FARMINGTON WATER COMPANY,SAN JOAQUIN,LPA69 - SAN JOAQUIN COUNTY,Medium Risk,Medium Risk,No Risk,Low Risk,270,At-Risk,1,$0 
CA3900512,MORADA ACRES WATER SYSTEM,SAN JOAQUIN,LPA69 - SAN JOAQUIN COUNTY,Medium Risk,High Risk,High Risk,Low Risk,105,At-Risk,1,$0 
CA3900517,ALMOND PARK WATER SYSTEM,SAN JOAQUIN,LPA69 - SAN JOAQUIN COUNTY,No Risk,High Risk,High Risk,No Risk,60,At-Risk,1,$0 
CA3900523,MORADA MANOR WATER SYSTEM,SAN JOAQUIN,LPA69 - SAN JOAQUIN COUNTY,No Risk,High Risk,High Risk,No Risk,112,At-Risk,1,$0 
CA3900543,MAURLAND MANOR WATER SYSTEM,SAN JOAQUIN,LPA69 - SAN JOAQUIN COUNTY,No Risk,Medium Risk,No Risk,Low Risk,92,Not At-Risk,1,$0 
CA3900558,RANCHO SAN JOAQUIN WATER SYS,SAN JOAQUIN,LPA69 - SAN JOAQUIN COUNTY,Low Risk,Medium Risk,High Risk,Low Risk,172,Potentially At-Risk,1,$0 
CA3900559,WINE COUNTRY APARTMENTS,SAN JOAQUIN,LPA69 - SAN JOAQUIN COUNTY,No Risk,High Risk,No Risk,Medium Risk,40,Potentially At-Risk,1,$0 
CA3900561,LODI LAKE MOBILE HOME PARK,SAN JOAQUIN,LPA69 - SAN JOAQUIN COUNTY,No Risk,High Risk,No Risk,Low Risk,104,Not At-Risk,1,$0 
CA3900563,GAYLA MANOR PWS,SAN JOAQUIN,LPA69 - SAN JOAQUIN COUNTY,No Risk,High Risk,High Risk,Low Risk,178,At-Risk,1,$0 
CA3900568,CARIBOU MOBILE PARK PWS,SAN JOAQUIN,LPA69 - SAN JOAQUIN COUNTY,Medium Risk,Medium Risk,Low Risk,Low Risk,180,At-Risk,1,$0 
CA3900569,EL RIO MOBILE HOME PARK,SAN JOAQUIN,LPA69 - SAN JOAQUIN COUNTY,High Risk,Medium Risk,Medium Risk,Medium Risk,60,At-Risk,1,$0 
CA3900579,CENTURY MOBILE HOME PARK,SAN JOAQUIN,LPA69 - SAN JOAQUIN COUNTY,High Risk,High Risk,No Risk,Medium Risk,50,Failing,1,$0 
CA3900586,B&G MOBILE HOME PARK LLC WS,SAN JOAQUIN,LPA69 - SAN JOAQUIN COUNTY,Medium Risk,High Risk,Low Risk,No Risk,50,At-Risk,1,$0 
CA3900596,VILLA CEREZOS,SAN JOAQUIN,LPA69 - SAN JOAQUIN COUNTY,Medium Risk,High Risk,No Risk,Low Risk,200,At-Risk,1,$0 
CA3900602,TAHAMA VILLAGE MOBILE HOME PARK,SAN JOAQUIN,LPA69 - SAN JOAQUIN COUNTY,No Risk,Medium Risk,Low Risk,Medium Risk,200,Not At-Risk,1,$0 
CA3900606,A1 WINSTONS MOBILE HOME PARK,SAN JOAQUIN,LPA69 - SAN JOAQUIN COUNTY,No Risk,High Risk,Medium Risk,Medium Risk,75,At-Risk,1,$0 
CA3900607,COUNTRY SQUIRE MOBILE ESTATES & WATER SY,SAN JOAQUIN,LPA69 - SAN JOAQUIN COUNTY,No Risk,High Risk,Low Risk,Low Risk,131,Potentially At-Risk,1,$0 
CA3900624,IL VINETO,SAN JOAQUIN,LPA69 - SAN JOAQUIN COUNTY,No Risk,Medium Risk,No Risk,Medium Risk,160,Not At-Risk,1,$0 
CA3900637,BIG WHEEL MOBILE HOME PARK,SAN JOAQUIN,LPA69 - SAN JOAQUIN COUNTY,Medium Risk,Medium Risk,Medium Risk,Medium Risk,120,At-Risk,1,$0 
CA3900649,GLENWOOD MOBILE HOME PARK,SAN JOAQUIN,LPA69 - SAN JOAQUIN COUNTY,Medium Risk,High Risk,Low Risk,Medium Risk,100,At-Risk,1,$0 
CA3900653,ISLANDER MARINA,SAN JOAQUIN,LPA69 - SAN JOAQUIN COUNTY,No Risk,Medium Risk,No Risk,Low Risk,150,Not At-Risk,1,$0 
CA3900661,MAPACHE TRAILER PARK,SAN JOAQUIN,LPA69 - SAN JOAQUIN COUNTY,No Risk,High Risk,Medium Risk,Medium Risk,275,At-Risk,1,$0 
CA3900664,NEW HOPE LANDING GENERAL STORE,SAN JOAQUIN,LPA69 - SAN JOAQUIN COUNTY,No Risk,High Risk,Medium Risk,Low Risk,125,Potentially At-Risk,1,$0 
CA3900682,LOCKEFORD MOBILE HOME PARK WTR SYS,SAN JOAQUIN,LPA69 - SAN JOAQUIN COUNTY,No Risk,High Risk,Low Risk,Low Risk,123,Potentially At-Risk,1,$0 
CA3900701,CURRIER ESTATES WATER CORP,SAN JOAQUIN,LPA69 - SAN JOAQUIN COUNTY,Low Risk,High Risk,No Risk,Low Risk,148,Potentially At-Risk,1,$0 
CA3900702,CORRAL HOLLOW PWS,SAN JOAQUIN,LPA69 - SAN JOAQUIN COUNTY,Low Risk,Low Risk,High Risk,No Risk,145,Potentially At-Risk,1,$0 
CA3900705,FINNLEES TRAILER PARK,SAN JOAQUIN,LPA69 - SAN JOAQUIN COUNTY,No Risk,High Risk,Low Risk,Medium Risk,55,At-Risk,1,$0 
CA3900714,SUNNYSIDE ESTATES WATER SYSTEM,SAN JOAQUIN,LPA69 - SAN JOAQUIN COUNTY,No Risk,Medium Risk,High Risk,No Risk,69,Not At-Risk,1,$0 
CA3900719,MOKELUMNE MOBILE SENIOR PARK,SAN JOAQUIN,LPA69 - SAN JOAQUIN COUNTY,Medium Risk,High Risk,Low Risk,Low Risk,55,At-Risk,1,$0 
CA3900720,SHADED TERRACE PWS,SAN JOAQUIN,LPA69 - SAN JOAQUIN COUNTY,No Risk,High Risk,No Risk,Low Risk,238,Not At-Risk,1,$0 
CA3900722,MORADA ESTATES PWS,SAN JOAQUIN,LPA69 - SAN JOAQUIN COUNTY,High Risk,Medium Risk,High Risk,No Risk,290,At-Risk,1,$0 
CA3900724,ELKHORN ESTATES WATER SYSTEM,SAN JOAQUIN,LPA69 - SAN JOAQUIN COUNTY,No Risk,Medium Risk,High Risk,Low Risk,234,Potentially At-Risk,1,$0 
CA3900732,V & P TRAILER COURT WATER SYSTEM,SAN JOAQUIN,LPA69 - SAN JOAQUIN COUNTY,High Risk,High Risk,Medium Risk,Low Risk,35,Failing,1,$0 
CA3900733,COUNTRY CLUB VISTA MUTUAL WATER CO,SAN JOAQUIN,LPA69 - SAN JOAQUIN COUNTY,No Risk,High Risk,Low Risk,Low Risk,75,Not At-Risk,1,$0 
CA3900748,ESCALON USD- COLLEGEVILLE SCH,SAN JOAQUIN,LPA69 - SAN JOAQUIN COUNTY,No Risk,High Risk,Medium Risk,No Risk,100,Potentially At-Risk,1,$0 
CA3900751,MARTINEZ APARTMENTS,SAN JOAQUIN,LPA69 - SAN JOAQUIN COUNTY,High Risk,High Risk,No Risk,No Risk,26,Failing,1,$0 
CA3900755,SHADY REST TRAILER COURT,SAN JOAQUIN,LPA69 - SAN JOAQUIN COUNTY,High Risk,High Risk,Low Risk,Low Risk,150,Failing,1,"$500,000 "
CA3900756,LINDEN USD-GLENWOOD SCHOOL,SAN JOAQUIN,LPA69 - SAN JOAQUIN COUNTY,No Risk,High Risk,No Risk,No Risk,100,Not At-Risk,1,$0 
CA3900757,LINDEN USD-WATERLOO ELEMENTARY,SAN JOAQUIN,LPA69 - SAN JOAQUIN COUNTY,No Risk,High Risk,No Risk,No Risk,225,Not At-Risk,1,$0 
CA3900762,RIVERSIDE MOBILE HOME PARK,SAN JOAQUIN,LPA69 - SAN JOAQUIN COUNTY,High Risk,Medium Risk,Medium Risk,High Risk,55,At-Risk,1,$0 
CA3900805,MOREHEAD PARK,SAN JOAQUIN,LPA69 - SAN JOAQUIN COUNTY,Medium Risk,Low Risk,No Risk,No Risk,300,Not At-Risk,1,$0 
CA3900813,HAVEN ACRES RIVER CLUB INC,SAN JOAQUIN,LPA69 - SAN JOAQUIN COUNTY,No Risk,High Risk,Medium Risk,Medium Risk,100,At-Risk,1,$0 
CA3900831,ARBOR MOBILE HOME PARK WS,SAN JOAQUIN,LPA69 - SAN JOAQUIN COUNTY,Medium Risk,High Risk,No Risk,Low Risk,340,At-Risk,1,$0 
CA3900835,WAYSIDE MOTEL APARTMENTS WTR SYS,SAN JOAQUIN,LPA69 - SAN JOAQUIN COUNTY,Medium Risk,High Risk,No Risk,Medium Risk,70,At-Risk,1,$0 
CA3900837,LODI HOMES,SAN JOAQUIN,LPA69 - SAN JOAQUIN COUNTY,No Risk,High Risk,No Risk,Low Risk,39,Potentially At-Risk,1,$0 
CA3900842,DOUBLE L MOBILE ESTATES,SAN JOAQUIN,LPA69 - SAN JOAQUIN COUNTY,No Risk,Medium Risk,Low Risk,Medium Risk,320,Not At-Risk,1,$0 
CA3900844,COUNTRY MANOR MHP,SAN JOAQUIN,LPA69 - SAN JOAQUIN COUNTY,Low Risk,Medium Risk,No Risk,Low Risk,75,Not At-Risk,1,$0 
CA3900846,OAK VIEW UNION ELEMENTARY SCH,SAN JOAQUIN,LPA69 - SAN JOAQUIN COUNTY,No Risk,High Risk,Low Risk,No Risk,350,Not At-Risk,1,$0 
CA3900848,LODI USD-TURNER ACADEMY AT TOKAY COLONY,SAN JOAQUIN,LPA69 - SAN JOAQUIN COUNTY,No Risk,High Risk,No Risk,No Risk,166,Not At-Risk,1,$0 
CA3900849,LODI USD-LIVE OAK SCHOOL,SAN JOAQUIN,LPA69 - SAN JOAQUIN COUNTY,No Risk,High Risk,No Risk,No Risk,100,Not At-Risk,1,$0 
CA3900850,LODI USD-HOUSTON SCHOOL,SAN JOAQUIN,LPA69 - SAN JOAQUIN COUNTY,No Risk,High Risk,No Risk,No Risk,405,Not At-Risk,1,$0 
CA3900907,BEL AIR MOBILE ESTATE,SAN JOAQUIN,LPA69 - SAN JOAQUIN COUNTY,No Risk,Medium Risk,No Risk,No Risk,325,Not At-Risk,1,$0 
CA3900921,CARDOZA VILLA CORP,SAN JOAQUIN,LPA69 - SAN JOAQUIN COUNTY,Low Risk,High Risk,No Risk,Low Risk,30,Not At-Risk,1,$0 
CA3900927,SPRING CREEK ESTATES PWS,SAN JOAQUIN,LPA69 - SAN JOAQUIN COUNTY,No Risk,High Risk,No Risk,No Risk,119,Not At-Risk,1,$0 
CA3900964,SAHARA MOBILE COURT,SAN JOAQUIN,LPA69 - SAN JOAQUIN COUNTY,High Risk,High Risk,Medium Risk,Medium Risk,300,At-Risk,1,$0 
CA3900978,SJ COUNTY-REDWOOD SCHOOL,SAN JOAQUIN,LPA69 - SAN JOAQUIN COUNTY,Low Risk,High Risk,Low Risk,No Risk,83,At-Risk,1,$0 
CA3900983,CHERRY LANE TRAILER PARK,SAN JOAQUIN,LPA69 - SAN JOAQUIN COUNTY,High Risk,Medium Risk,Low Risk,Medium Risk,100,At-Risk,1,$0 
CA3900991,LA TORRES PARK,SAN JOAQUIN,LPA69 - SAN JOAQUIN COUNTY,Low Risk,High Risk,Low Risk,Medium Risk,40,At-Risk,1,$0 
CA3900993,NEW JERUSALEM SCHOOL,SAN JOAQUIN,LPA69 - SAN JOAQUIN COUNTY,Medium Risk,Low Risk,Low Risk,No Risk,210,Not At-Risk,1,$0 
CA3901014,BANTA ELEMENTARY SCHOOL,SAN JOAQUIN,LPA69 - SAN JOAQUIN COUNTY,No Risk,High Risk,No Risk,No Risk,200,Not At-Risk,1,$0 
CA3901031,132 INVESTMENTS WATER SYSTEM,SAN JOAQUIN,LPA69 - SAN JOAQUIN COUNTY,High Risk,Medium Risk,Low Risk,Medium Risk,252,At-Risk,1,$0 
CA3901032,LODI USD-TURNER ACADEMY,SAN JOAQUIN,LPA69 - SAN JOAQUIN COUNTY,High Risk,High Risk,Low Risk,No Risk,120,At-Risk,1,$0 
CA3901074,TWIN OAKS MOBILE PARK,SAN JOAQUIN,LPA69 - SAN JOAQUIN COUNTY,Low Risk,Medium Risk,No Risk,No Risk,238,Not At-Risk,1,$0 
CA3901075,FAIRWAY ESTATES PWS CSA-18,SAN JOAQUIN,LPA69 - SAN JOAQUIN COUNTY,No Risk,Medium Risk,High Risk,Low Risk,149,Potentially At-Risk,1,$0 
CA3901081,MOBILE VILLAS TRAILER PARK,SAN JOAQUIN,LPA69 - SAN JOAQUIN COUNTY,Low Risk,Medium Risk,Low Risk,No Risk,130,Not At-Risk,1,$0 
CA3901085,LODI USD-DAVIS SCHOOL,SAN JOAQUIN,LPA69 - SAN JOAQUIN COUNTY,Medium Risk,High Risk,Medium Risk,No Risk,630,At-Risk,1,$0 
CA3901090,NORTH VALLEY SCHOOL PWS,SAN JOAQUIN,LPA69 - SAN JOAQUIN COUNTY,Low Risk,High Risk,No Risk,No Risk,35,Potentially At-Risk,1,$0 
CA3901092,SAN JOAQUIN WATER WORKS #2,SAN JOAQUIN,LPA69 - SAN JOAQUIN COUNTY,Low Risk,Medium Risk,Medium Risk,No Risk,310,Not At-Risk,1,$0 
CA3901107,JEFFERSON ESD-JEFFERSON SCHOOL,SAN JOAQUIN,LPA69 - SAN JOAQUIN COUNTY,No Risk,Low Risk,Low Risk,No Risk,60,Not At-Risk,1,$0 
CA3901113,WALNUT ACRES,SAN JOAQUIN,LPA69 - SAN JOAQUIN COUNTY,High Risk,Medium Risk,High Risk,Low Risk,106,At-Risk,1,$0 
CA3901114,KING ISLAND TRAILER PARK WATER SYSTEM,SAN JOAQUIN,LPA69 - SAN JOAQUIN COUNTY,Low Risk,High Risk,Medium Risk,Medium Risk,236,At-Risk,1,$0 
CA3901159,WILKINSON MANOR A-ZONE PWS,SAN JOAQUIN,LPA69 - SAN JOAQUIN COUNTY,No Risk,High Risk,High Risk,Low Risk,125,At-Risk,1,$0 
CA3901163,MUSD-NEW HAVEN SCHOOL,SAN JOAQUIN,LPA69 - SAN JOAQUIN COUNTY,High Risk,High Risk,Low Risk,No Risk,300,Failing,1,$0 
CA3901167,EUSD-VAN ALLEN SCHOOL,SAN JOAQUIN,LPA69 - SAN JOAQUIN COUNTY,No Risk,High Risk,No Risk,No Risk,200,Potentially At-Risk,1,$0 
CA3901172,PAR COUNTRY ESTATES CSA-16,SAN JOAQUIN,LPA69 - SAN JOAQUIN COUNTY,Low Risk,Low Risk,High Risk,Low Risk,178,Not At-Risk,1,$0 
CA3901209,ST MARYS HIGH SCHOOL,SAN JOAQUIN,LPA69 - SAN JOAQUIN COUNTY,No Risk,High Risk,Medium Risk,No Risk,950,Potentially At-Risk,1,$0 
CA3901213,SUNNY ROAD WATER SYSTEM,SAN JOAQUIN,LPA69 - SAN JOAQUIN COUNTY,High Risk,High Risk,No Risk,Medium Risk,34,Failing,1,$0 
CA3901215,SAN JUAN VISTA,SAN JOAQUIN,LPA69 - SAN JOAQUIN COUNTY,Low Risk,High Risk,Low Risk,Medium Risk,201,At-Risk,1,$0 
CA3901216,SANTOS RANCH PWS #5-CSA #35,SAN JOAQUIN,LPA69 - SAN JOAQUIN COUNTY,No Risk,Low Risk,No Risk,Low Risk,320,Not At-Risk,1,$0 
CA3901217,HAYNES BOARD & CARE HOME,SAN JOAQUIN,LPA69 - SAN JOAQUIN COUNTY,Medium Risk,High Risk,No Risk,Medium Risk,41,At-Risk,1,$0 
CA3901276,HANOT FOUNDATION INC,SAN JOAQUIN,LPA69 - SAN JOAQUIN COUNTY,No Risk,High Risk,No Risk,Medium Risk,38,Potentially At-Risk,1,$0 
CA3901303,ACAMPO WATER SYSTEM,SAN JOAQUIN,LPA69 - SAN JOAQUIN COUNTY,Medium Risk,Medium Risk,High Risk,Low Risk,231,At-Risk,1,$0 
CA3901304,ENCLAVE AT THE DELTA,SAN JOAQUIN,LPA69 - SAN JOAQUIN COUNTY,No Risk,High Risk,No Risk,Medium Risk,39,Potentially At-Risk,1,$0 
CA3901331,RIPON USD-COLONY OAK SCHOOL,SAN JOAQUIN,LPA69 - SAN JOAQUIN COUNTY,No Risk,High Risk,No Risk,No Risk,100,Not At-Risk,1,$0 
CA3901337,MORADA ESTATES N PWS #46,SAN JOAQUIN,LPA69 - SAN JOAQUIN COUNTY,Low Risk,Medium Risk,Low Risk,Low Risk,426,Potentially At-Risk,1,$0 
CA3901348,FAIROAKS PWS #44,SAN JOAQUIN,DISTRICT 10 - STOCKTON,Low Risk,Low Risk,No Risk,Medium Risk,"1,172",Not At-Risk,1,$0 
CA3901373,EUSD-GATEWAY CHARTER,SAN JOAQUIN,LPA69 - SAN JOAQUIN COUNTY,No Risk,High Risk,No Risk,No Risk,25,Not At-Risk,1,$0 
CA3901387,STOCKTON BAPTIST CHURCH,SAN JOAQUIN,LPA69 - SAN JOAQUIN COUNTY,Low Risk,High Risk,Medium Risk,No Risk,78,At-Risk,1,$0 
CA3901424,DURHAM FERRY COMMUNITY SCHOOL,SAN JOAQUIN,LPA69 - SAN JOAQUIN COUNTY,No Risk,High Risk,Medium Risk,No Risk,31,Potentially At-Risk,1,$0 
CA3901474,FREMONT ONE,SAN JOAQUIN,LPA69 - SAN JOAQUIN COUNTY,High Risk,High Risk,Medium Risk,Medium Risk,39,Failing,1,$0 
CA3902136,LINDEN USD-CHARTVILLE SCHOOL,SAN JOAQUIN,LPA69 - SAN JOAQUIN COUNTY,High Risk,High Risk,No Risk,No Risk,40,At-Risk,1,$0 
CA3910001,CALIFORNIA WATER SERVICE - STOCKTON,SAN JOAQUIN,DISTRICT 10 - STOCKTON,Not Assessed,Not Assessed,Not Assessed,Not Assessed,"176,266",Not Assessed,1,$0 
CA3910002,SAN JOAQUIN COUNTY - COLONIAL HEIGHTS,SAN JOAQUIN,DISTRICT 10 - STOCKTON,No Risk,Medium Risk,Low Risk,Low Risk,"1,841",Not At-Risk,1,$0 
CA3910003,"ESCALON, CITY OF",SAN JOAQUIN,DISTRICT 10 - STOCKTON,No Risk,Medium Risk,No Risk,Low Risk,"7,429",Not At-Risk,1,"$2,787,082 "
CA3910004,"LODI, CITY OF",SAN JOAQUIN,DISTRICT 10 - STOCKTON,No Risk,Low Risk,Low Risk,No Risk,"68,272",Not At-Risk,1,$0 
CA3910005,"MANTECA, CITY OF",SAN JOAQUIN,DISTRICT 10 - STOCKTON,High Risk,Low Risk,High Risk,Low Risk,"84,928",At-Risk,1,"$4,537,444 "
CA3910006,STOCKTON EAST WATER DISTRICT,SAN JOAQUIN,DISTRICT 10 - STOCKTON,Not Assessed,Not Assessed,Not Assessed,Not Assessed,50,Not Assessed,1,$0 
CA3910007,"RIPON, CITY OF",SAN JOAQUIN,DISTRICT 10 - STOCKTON,Medium Risk,Medium Risk,No Risk,No Risk,"15,741",Potentially At-Risk,1,$0 
CA3910008,LOCKEFORD COMMUNITY SERV. DIST.,SAN JOAQUIN,DISTRICT 10 - STOCKTON,No Risk,Medium Risk,Low Risk,No Risk,"3,572",Not At-Risk,1,$0 
CA3910009,SAN JOAQUIN COUNTY - THORNTON,SAN JOAQUIN,DISTRICT 10 - STOCKTON,Low Risk,Medium Risk,High Risk,Low Risk,964,Potentially At-Risk,1,$0 
CA3910010,SAN JOAQUIN COUNTY - LINCOLN VILLAGE,SAN JOAQUIN,DISTRICT 10 - STOCKTON,No Risk,Medium Risk,No Risk,No Risk,"5,990",Not At-Risk,1,$0 
CA3910011,"TRACY, CITY OF",SAN JOAQUIN,DISTRICT 10 - STOCKTON,Low Risk,No Risk,No Risk,Low Risk,"96,609",Not At-Risk,1,$0 
CA3910012,CITY OF STOCKTON,SAN JOAQUIN,DISTRICT 10 - STOCKTON,Not Assessed,Not Assessed,Not Assessed,Not Assessed,"191,302",Not Assessed,1,$0 
CA3910014,SAN JOAQUIN COUNTY-RAYMUS VILLAGE,SAN JOAQUIN,DISTRICT 10 - STOCKTON,High Risk,Medium Risk,No Risk,No Risk,"1,086",Failing,1,$0 
CA3910015,CITY OF LATHROP,SAN JOAQUIN,DISTRICT 10 - STOCKTON,High Risk,No Risk,Low Risk,Low Risk,"35,080",At-Risk,1,$0 
CA3910017,SAN JOAQUIN COUNTY-MOKELUMNE ACRES,SAN JOAQUIN,DISTRICT 10 - STOCKTON,No Risk,Medium Risk,Low Risk,No Risk,"3,802",Not At-Risk,1,$0 
CA3910018,SAN JOAQUIN RIVER CLUB INC,SAN JOAQUIN,DISTRICT 10 - STOCKTON,Medium Risk,Low Risk,Medium Risk,Medium Risk,600,At-Risk,1,$0 
CA3910019,LINDEN COUNTY WATER DISTRICT,SAN JOAQUIN,DISTRICT 10 - STOCKTON,Low Risk,Medium Risk,Medium Risk,No Risk,"1,784",Not At-Risk,1,$0 
CA3910020,STOCKTON VERDE MOBILE HOME PARK,SAN JOAQUIN,DISTRICT 10 - STOCKTON,No Risk,Medium Risk,High Risk,No Risk,711,Not At-Risk,1,$0 
CA3910022,LITTLE POTATO SLOUGH MUTUAL,SAN JOAQUIN,DISTRICT 10 - STOCKTON,Low Risk,High Risk,Medium Risk,Low Risk,"1,510",At-Risk,1,$0 
CA3910023,OAKWOOD LAKE WATER DISTRICT-SUBDIVISION,SAN JOAQUIN,DISTRICT 10 - STOCKTON,High Risk,Medium Risk,No Risk,No Risk,"1,479",Potentially At-Risk,1,$0 
CA3910024,SAN JOAQUIN COUNTY - WILKINSON MANOR,SAN JOAQUIN,DISTRICT 10 - STOCKTON,No Risk,Medium Risk,Low Risk,No Risk,851,Not At-Risk,1,$0 
CA3910027,CITY OF MOUNTAIN HOUSE,SAN JOAQUIN,DISTRICT 10 - STOCKTON,Low Risk,High Risk,No Risk,Low Risk,"24,948",Not At-Risk,1,$0 
CA3910803,CDCR CALIFORNIA HEALTH CARE FACILITY,SAN JOAQUIN,DISTRICT 10 - STOCKTON,Low Risk,Medium Risk,No Risk,Low Risk,"5,551",Not At-Risk,1,$0 
CA4000200,BASSI RANCH MUTUAL WATER CO.,SAN LUIS OBISPO,LPA70 - SAN LUIS OBISPO COUNTY,Low Risk,High Risk,Low Risk,No Risk,85,At-Risk,1,$0 
CA4000202,EDNA VALLEY RANCH EAST,SAN LUIS OBISPO,LPA70 - SAN LUIS OBISPO COUNTY,High Risk,Low Risk,No Risk,No Risk,132,Not At-Risk,1,$0 
CA4000203,IRISH HILLS MUTUAL WATER CO,SAN LUIS OBISPO,LPA70 - SAN LUIS OBISPO COUNTY,Low Risk,Low Risk,No Risk,Low Risk,135,Not At-Risk,1,$0 
CA4000205,TIGER WATER SUPPLY,SAN LUIS OBISPO,LPA70 - SAN LUIS OBISPO COUNTY,Low Risk,Low Risk,Low Risk,No Risk,"1,600",Not At-Risk,1,$0 
CA4000206,LAUREATE WATER COMPANY,SAN LUIS OBISPO,LPA70 - SAN LUIS OBISPO COUNTY,No Risk,Low Risk,Medium Risk,Low Risk,700,Not At-Risk,1,$0 
CA4000214,BARON CANYON MUTUAL WATER CO.,SAN LUIS OBISPO,LPA70 - SAN LUIS OBISPO COUNTY,Low Risk,Low Risk,No Risk,No Risk,81,Not At-Risk,1,$0 
CA4000222,AVILA BEACH COMMUNITY SERVICES DISTRICT,SAN LUIS OBISPO,DISTRICT 06 - SANTA BARBARA,No Risk,Medium Risk,No Risk,Low Risk,"1,630",Not At-Risk,1,$0 
CA4000230,CANYON CREST MUTUAL BENEFIT WC,SAN LUIS OBISPO,LPA70 - SAN LUIS OBISPO COUNTY,No Risk,Medium Risk,High Risk,Low Risk,133,Potentially At-Risk,1,$0 
CA4000501,HALCYON WATER SYSTEM,SAN LUIS OBISPO,LPA70 - SAN LUIS OBISPO COUNTY,High Risk,High Risk,High Risk,High Risk,110,Failing,1,$0 
CA4000506,WOODLAND PARK MUTUAL WATER CO,SAN LUIS OBISPO,LPA70 - SAN LUIS OBISPO COUNTY,High Risk,Low Risk,No Risk,Low Risk,538,Failing,1,$0 
CA4000507,GARDEN FARMS C.W.D.,SAN LUIS OBISPO,LPA70 - SAN LUIS OBISPO COUNTY,Low Risk,Low Risk,High Risk,No Risk,440,Not At-Risk,1,$0 
CA4000523,S & T MUTUAL WATER COMPANY,SAN LUIS OBISPO,LPA70 - SAN LUIS OBISPO COUNTY,High Risk,Medium Risk,No Risk,Low Risk,591,At-Risk,1,$0 
CA4000554,GREEN RIVER MUTUAL WATER CO.,SAN LUIS OBISPO,LPA70 - SAN LUIS OBISPO COUNTY,Low Risk,Medium Risk,Low Risk,No Risk,350,Failing,1,$0 
CA4000563,HIGUERA APARTMENTS,SAN LUIS OBISPO,LPA70 - SAN LUIS OBISPO COUNTY,High Risk,High Risk,No Risk,High Risk,30,Failing,1,$0 
CA4000568,SAN SIMEON CSD,SAN LUIS OBISPO,DISTRICT 06 - SANTA BARBARA,Medium Risk,Low Risk,High Risk,Low Risk,462,At-Risk,1,$0 
CA4000631,ALMIRA WATER ASSOCIATION,SAN LUIS OBISPO,LPA70 - SAN LUIS OBISPO COUNTY,High Risk,High Risk,No Risk,Low Risk,40,At-Risk,1,$0 
CA4000637,COUNTRY HILLS ESTATES,SAN LUIS OBISPO,LPA70 - SAN LUIS OBISPO COUNTY,High Risk,Low Risk,No Risk,No Risk,60,Not At-Risk,1,$0 
CA4000648,KEN MAR GARDENS,SAN LUIS OBISPO,LPA70 - SAN LUIS OBISPO COUNTY,High Risk,High Risk,No Risk,Low Risk,84,Failing,1,$0 
CA4000649,LOS ROBLES MOBILE HOME ESTATES,SAN LUIS OBISPO,LPA70 - SAN LUIS OBISPO COUNTY,Medium Risk,Low Risk,No Risk,Low Risk,420,Potentially At-Risk,1,$0 
CA4000650,MESA DUNES MOBILE HOME ESTATES,SAN LUIS OBISPO,DISTRICT 06 - SANTA BARBARA,Low Risk,Low Risk,Low Risk,Low Risk,600,Not At-Risk,1,$0 
CA4000653,RANCHO COLINA MOBILE HOME PARK,SAN LUIS OBISPO,LPA70 - SAN LUIS OBISPO COUNTY,High Risk,High Risk,No Risk,No Risk,249,At-Risk,1,$0 
CA4000654,RESTHAVEN MOBILE HOME PARK,SAN LUIS OBISPO,LPA70 - SAN LUIS OBISPO COUNTY,High Risk,Low Risk,No Risk,No Risk,99,Failing,1,$0 
CA4000660,BEAR VALLEY WATER COMPANY,SAN LUIS OBISPO,LPA70 - SAN LUIS OBISPO COUNTY,No Risk,Low Risk,High Risk,Low Risk,45,Not At-Risk,1,$0 
CA4000670,WALNUT HILLS MUTUAL WATER CO,SAN LUIS OBISPO,LPA70 - SAN LUIS OBISPO COUNTY,Low Risk,Low Risk,Medium Risk,No Risk,486,Not At-Risk,1,$0 
CA4000675,BRANCH ELEMENTARY SCHOOL,SAN LUIS OBISPO,LPA70 - SAN LUIS OBISPO COUNTY,High Risk,High Risk,No Risk,No Risk,253,At-Risk,1,$0 
CA4000693,CRESTON ELEMENTARY SCHOOL,SAN LUIS OBISPO,LPA70 - SAN LUIS OBISPO COUNTY,No Risk,High Risk,No Risk,No Risk,100,Not At-Risk,1,$0 
CA4000705,LAGUNA NEGRA MUTUAL WATER CO.,SAN LUIS OBISPO,LPA70 - SAN LUIS OBISPO COUNTY,No Risk,Low Risk,No Risk,Low Risk,80,Not At-Risk,1,$0 
CA4000716,AVILA VALLEY MUTUAL WATER CO,SAN LUIS OBISPO,LPA70 - SAN LUIS OBISPO COUNTY,No Risk,No Risk,No Risk,Low Risk,75,Not At-Risk,1,$0 
CA4000732,CARRISA PLAINS ELEMENTARY,SAN LUIS OBISPO,LPA70 - SAN LUIS OBISPO COUNTY,High Risk,High Risk,No Risk,No Risk,40,Failing,1,$0 
CA4000741,"H2O, INC",SAN LUIS OBISPO,LPA70 - SAN LUIS OBISPO COUNTY,No Risk,Low Risk,High Risk,Low Risk,70,Not At-Risk,1,$0 
CA4000744,AFUERA DE CHORRO WATER COMPANY,SAN LUIS OBISPO,LPA70 - SAN LUIS OBISPO COUNTY,Medium Risk,Low Risk,High Risk,No Risk,79,Potentially At-Risk,1,$0 
CA4000749,TERRA DE ORO WATER COMPANY,SAN LUIS OBISPO,LPA70 - SAN LUIS OBISPO COUNTY,Low Risk,Low Risk,High Risk,No Risk,38,Not At-Risk,1,$0 
CA4000750,RIM ROCK WATER COMPANY,SAN LUIS OBISPO,LPA70 - SAN LUIS OBISPO COUNTY,High Risk,Low Risk,Low Risk,Low Risk,55,Potentially At-Risk,1,$0 
CA4000765,VARIAN RANCH MUTUAL WATER,SAN LUIS OBISPO,LPA70 - SAN LUIS OBISPO COUNTY,Low Risk,Low Risk,Low Risk,No Risk,106,Not At-Risk,1,$0 
CA4000771,RANCHO NIPOMO WATER COMPANY,SAN LUIS OBISPO,LPA70 - SAN LUIS OBISPO COUNTY,Low Risk,Low Risk,No Risk,Low Risk,44,Not At-Risk,1,$0 
CA4000774,PLEASANT VALLEY ELEMENTARY,SAN LUIS OBISPO,LPA70 - SAN LUIS OBISPO COUNTY,High Risk,Medium Risk,No Risk,No Risk,100,Potentially At-Risk,1,"$1,109,306 "
CA4000775,MUSTANG SPRINGS MUTUAL WATER,SAN LUIS OBISPO,LPA70 - SAN LUIS OBISPO COUNTY,High Risk,High Risk,High Risk,No Risk,30,At-Risk,1,$0 
CA4000789,SPANISH LAKES MUTUAL WATER CO,SAN LUIS OBISPO,LPA70 - SAN LUIS OBISPO COUNTY,No Risk,Medium Risk,No Risk,No Risk,125,Not At-Risk,1,$0 
CA4000802,SANTA YSABEL RANCH MWC,SAN LUIS OBISPO,LPA70 - SAN LUIS OBISPO COUNTY,No Risk,Medium Risk,Low Risk,Low Risk,275,Not At-Risk,1,$0 
CA4000803,RANCHO SALINAS  MBWC,SAN LUIS OBISPO,LPA70 - SAN LUIS OBISPO COUNTY,No Risk,Medium Risk,Low Risk,No Risk,50,Not At-Risk,1,$0 
CA4000805,CALLENDER GROVE MUTUAL WATER,SAN LUIS OBISPO,LPA70 - SAN LUIS OBISPO COUNTY,No Risk,Low Risk,No Risk,Low Risk,126,Not At-Risk,1,$0 
CA4000808,MONTE SERENO MUTUAL BENEFIT WATER,SAN LUIS OBISPO,LPA70 - SAN LUIS OBISPO COUNTY,No Risk,Low Risk,High Risk,Low Risk,65,Not At-Risk,1,$0 
CA4000815,LAS VENTANAS RANCH,SAN LUIS OBISPO,LPA70 - SAN LUIS OBISPO COUNTY,Low Risk,Low Risk,No Risk,No Risk,108,Not At-Risk,1,$0 
CA4000834,ANZA VINEYARD ESTATES MUTUAL WATER CO,SAN LUIS OBISPO,LPA70 - SAN LUIS OBISPO COUNTY,No Risk,Low Risk,High Risk,Low Risk,60,Not At-Risk,1,$0 
CA4000837,PLAYA DULCE,SAN LUIS OBISPO,LPA70 - SAN LUIS OBISPO COUNTY,Not Assessed,Not Assessed,Not Assessed,Not Assessed,35,Not Assessed,1,$0 
CA4000839,ADA'S LODGES,SAN LUIS OBISPO,LPA70 - SAN LUIS OBISPO COUNTY,High Risk,High Risk,Low Risk,High Risk,25,At-Risk,1,$0 
CA4000844,COASTAL CHRISTIAN SCHOOL,SAN LUIS OBISPO,LPA70 - SAN LUIS OBISPO COUNTY,No Risk,High Risk,No Risk,No Risk,650,Not At-Risk,1,$0 
CA4000853,GRAN CIELO MUTUAL WATER COMPANY,SAN LUIS OBISPO,LPA70 - SAN LUIS OBISPO COUNTY,High Risk,Medium Risk,No Risk,No Risk,139,Potentially At-Risk,1,$0 
CA4010001,CITY OF ARROYO GRANDE UTILITIES DIVISION,SAN LUIS OBISPO,DISTRICT 06 - SANTA BARBARA,Medium Risk,No Risk,No Risk,No Risk,"17,963",Not At-Risk,1,$0 
CA4010002,ATASCADERO MUTUAL WATER CO,SAN LUIS OBISPO,DISTRICT 06 - SANTA BARBARA,Medium Risk,No Risk,No Risk,Low Risk,"30,618",Not At-Risk,1,$0 
CA4010003,SAN MIGUELITO MWC,SAN LUIS OBISPO,DISTRICT 06 - SANTA BARBARA,Low Risk,No Risk,No Risk,Low Risk,"1,600",Not At-Risk,1,$0 
CA4010004,CITY OF GROVER BEACH PUBLIC WORKS DEPT,SAN LUIS OBISPO,DISTRICT 06 - SANTA BARBARA,Low Risk,No Risk,Low Risk,Low Risk,"12,701",Not At-Risk,1,$0 
CA4010005,OCEANO COMM SERVICES DIST.,SAN LUIS OBISPO,DISTRICT 06 - SANTA BARBARA,No Risk,No Risk,Medium Risk,No Risk,"7,601",Not At-Risk,1,$0 
CA4010006,CAYUCOS BEACH MUTUAL WATER COMPANY,SAN LUIS OBISPO,DISTRICT 06 - SANTA BARBARA,No Risk,No Risk,No Risk,No Risk,"2,567",Not At-Risk,1,$0 
CA4010007,CITY OF PASO ROBLES WATER DIVISION,SAN LUIS OBISPO,DISTRICT 06 - SANTA BARBARA,Low Risk,Low Risk,No Risk,No Risk,"31,176",Not At-Risk,1,$0 
CA4010008,PISMO BEACH WATER DEPARTMENT,SAN LUIS OBISPO,DISTRICT 06 - SANTA BARBARA,Low Risk,No Risk,No Risk,Low Risk,"8,036",Not At-Risk,1,$0 
CA4010009,SAN LUIS OBISPO WATER DEPARTMENT,SAN LUIS OBISPO,DISTRICT 06 - SANTA BARBARA,Low Risk,No Risk,High Risk,No Risk,"47,788",Not At-Risk,1,$0 
CA4010010,SAN MIGUEL COMMUNITY SERVICES DISTRICT,SAN LUIS OBISPO,DISTRICT 06 - SANTA BARBARA,Low Risk,Medium Risk,Low Risk,Low Risk,"2,600",Potentially At-Risk,1,$0 
CA4010011,MORRO BAY PW DEPT - WATER DIVISION,SAN LUIS OBISPO,DISTRICT 06 - SANTA BARBARA,High Risk,No Risk,High Risk,No Risk,"13,757",At-Risk,1,$0 
CA4010012,HERITAGE RANCH CSD,SAN LUIS OBISPO,DISTRICT 06 - SANTA BARBARA,Low Risk,High Risk,No Risk,Low Risk,"2,956",Potentially At-Risk,1,$0 
CA4010014,CAMBRIA COMM SERVICES DIST,SAN LUIS OBISPO,DISTRICT 06 - SANTA BARBARA,Low Risk,High Risk,Low Risk,No Risk,"5,532",Potentially At-Risk,1,$0 
CA4010015,MORRO ROCK MUTUAL WATER CO,SAN LUIS OBISPO,DISTRICT 06 - SANTA BARBARA,No Risk,No Risk,Medium Risk,No Risk,"2,181",Not At-Risk,1,$0 
CA4010016,LOS OSOS COMMUNITY SERVICES DISTRICT,SAN LUIS OBISPO,DISTRICT 06 - SANTA BARBARA,High Risk,Low Risk,No Risk,Low Risk,"7,086",At-Risk,1,$0 
CA4010017,GOLDEN STATE WATER COMPANY - LOS OSOS,SAN LUIS OBISPO,DISTRICT 06 - SANTA BARBARA,Medium Risk,Medium Risk,No Risk,No Risk,"5,924",Potentially At-Risk,1,$0 
CA4010018,GOLDEN STATE WATER COMPANY - NIPOMO,SAN LUIS OBISPO,DISTRICT 06 - SANTA BARBARA,Low Risk,Low Risk,No Risk,No Risk,"4,506",Not At-Risk,1,$0 
CA4010019,TEMPLETON CSD,SAN LUIS OBISPO,DISTRICT 06 - SANTA BARBARA,Low Risk,No Risk,No Risk,Low Risk,"8,011",Not At-Risk,1,$0 
CA4010022,LOPEZ PROJECT,SAN LUIS OBISPO,DISTRICT 06 - SANTA BARBARA,Not Assessed,Not Assessed,Not Assessed,Not Assessed,"1,569",Not Assessed,1,$0 
CA4010023,GOLDEN STATE WATER COMPANY - EDNA,SAN LUIS OBISPO,DISTRICT 06 - SANTA BARBARA,High Risk,Low Risk,Low Risk,No Risk,"1,493",Potentially At-Risk,1,$0 
CA4010024,SLO CWWD NO. 23 - SANTA MARGARITA,SAN LUIS OBISPO,DISTRICT 06 - SANTA BARBARA,No Risk,No Risk,High Risk,No Risk,"1,291",Not At-Risk,1,$0 
CA4010025,SLO CWD NO. 10 - CAYUCOS WTP,SAN LUIS OBISPO,DISTRICT 06 - SANTA BARBARA,Not Assessed,Not Assessed,Not Assessed,Not Assessed,0,Not Assessed,1,$0 
CA4010026,NIPOMO COMM SERVICES DIST,SAN LUIS OBISPO,DISTRICT 06 - SANTA BARBARA,No Risk,No Risk,No Risk,Low Risk,"13,771",Not At-Risk,1,$0 
CA4010027,NACIMIENTO WATER COMPANY,SAN LUIS OBISPO,DISTRICT 06 - SANTA BARBARA,Low Risk,High Risk,High Risk,Low Risk,"2,181",Failing,1,$0 
CA4010028,SLO CSA NO. 16 - SHANDON,SAN LUIS OBISPO,DISTRICT 06 - SANTA BARBARA,Low Risk,Low Risk,No Risk,No Risk,"1,085",Not At-Risk,1,"$708,871 "
CA4010030,CHORRO VALLEY PIPELINE - SLO COUNTY,SAN LUIS OBISPO,DISTRICT 06 - SANTA BARBARA,Not Assessed,Not Assessed,Not Assessed,Not Assessed,0,Not Assessed,1,$0 
CA4010040,GOLDEN STATE WATER COMPANY-CYPRESS RIDGE,SAN LUIS OBISPO,DISTRICT 06 - SANTA BARBARA,Low Risk,Low Risk,No Risk,No Risk,"2,026",Not At-Risk,1,$0 
CA4010080,NACIMIENTO WATER PROJECT,SAN LUIS OBISPO,DISTRICT 06 - SANTA BARBARA,Not Assessed,Not Assessed,Not Assessed,Not Assessed,0,Not Assessed,1,$0 
CA4010081,WOODLANDS DEVELOPMENT,SAN LUIS OBISPO,DISTRICT 06 - SANTA BARBARA,No Risk,Low Risk,No Risk,Low Risk,"3,862",Not At-Risk,1,$0 
CA4010830,CALIFORNIA MENS COLONY,SAN LUIS OBISPO,DISTRICT 06 - SANTA BARBARA,Low Risk,No Risk,Low Risk,Medium Risk,"15,000",Not At-Risk,1,$0 
CA4010832,ATASCADERO STATE HOSPITAL,SAN LUIS OBISPO,DISTRICT 06 - SANTA BARBARA,Low Risk,No Risk,No Risk,Medium Risk,"4,100",Not At-Risk,1,$0 
CA4010901,SLOCSA #10A - CAYUCOS,SAN LUIS OBISPO,DISTRICT 06 - SANTA BARBARA,No Risk,Medium Risk,High Risk,Low Risk,"1,200",Potentially At-Risk,1,$0 
CA4100503,BUTANO CANYON MUTUAL,SAN MATEO,DISTRICT 17 - SANTA CLARA,Low Risk,High Risk,High Risk,No Risk,150,At-Risk,1,$0 
CA4100509,COUNTY SERVICE AREA 7,SAN MATEO,DISTRICT 17 - SANTA CLARA,Low Risk,High Risk,No Risk,Low Risk,300,At-Risk,1,$0 
CA4100510,REDWOOD TERRACE MUTUAL,SAN MATEO,DISTRICT 17 - SANTA CLARA,Low Risk,Low Risk,No Risk,Low Risk,56,Not At-Risk,1,$0 
CA4100512,LOMA MAR MUTUAL,SAN MATEO,DISTRICT 17 - SANTA CLARA,Low Risk,High Risk,Low Risk,No Risk,65,At-Risk,1,$0 
CA4100513,PESCADERO HIGH SCHOOL,SAN MATEO,DISTRICT 17 - SANTA CLARA,High Risk,High Risk,No Risk,No Risk,192,Failing,1,"$4,191,330 "
CA4100522,REDWOOD GLEN CAMP & CONFERENCE CTR,SAN MATEO,DISTRICT 17 - SANTA CLARA,No Risk,Low Risk,No Risk,Low Risk,114,Not At-Risk,1,$0 
CA4100529,CAMP LOMA MAR,SAN MATEO,DISTRICT 17 - SANTA CLARA,Medium Risk,High Risk,No Risk,Low Risk,208,Failing,1,$0 
CA4100538,CAMP JONES GULCH,SAN MATEO,DISTRICT 17 - SANTA CLARA,No Risk,Low Risk,No Risk,No Risk,357,Not At-Risk,1,$0 
CA4100540,OKU INCORPORATED,SAN MATEO,DISTRICT 17 - SANTA CLARA,Medium Risk,High Risk,High Risk,Low Risk,35,At-Risk,1,$0 
CA4100551,MARCHI CENTRAL FARM,SAN MATEO,DISTRICT 17 - SANTA CLARA,High Risk,High Risk,Low Risk,High Risk,50,Failing,1,$0 
CA4100555,PORTOLA IMPROVEMENT ASSOCIATION MWC,SAN MATEO,DISTRICT 17 - SANTA CLARA,No Risk,High Risk,Low Risk,No Risk,90,Not At-Risk,1,$0 
CA4100582,COUNTY SERVICE AREA 11,SAN MATEO,DISTRICT 17 - SANTA CLARA,No Risk,Low Risk,Low Risk,Medium Risk,450,Not At-Risk,1,$0 
CA4100583,BIANCHI FLOWERS INC,SAN MATEO,DISTRICT 17 - SANTA CLARA,Medium Risk,High Risk,No Risk,Low Risk,65,At-Risk,1,$0 
CA4100610,PUENTE HOUSING SOLUTIONS,SAN MATEO,DISTRICT 17 - SANTA CLARA,Low Risk,High Risk,High Risk,High Risk,28,Failing,1,$0 
CA4110001,MID-PENINSULA WATER DISTRICT,SAN MATEO,DISTRICT 17 - SANTA CLARA,No Risk,No Risk,No Risk,Low Risk,"30,609",Not At-Risk,1,$0 
CA4110002,CITY OF BRISBANE,SAN MATEO,DISTRICT 17 - SANTA CLARA,No Risk,No Risk,No Risk,Low Risk,"3,402",Not At-Risk,1,$0 
CA4110003,CITY OF BURLINGAME,SAN MATEO,DISTRICT 17 - SANTA CLARA,No Risk,No Risk,No Risk,Low Risk,"31,447",Not At-Risk,1,$0 
CA4110005,GUADALUPE VALLEY MID,SAN MATEO,DISTRICT 17 - SANTA CLARA,No Risk,No Risk,No Risk,Low Risk,"1,472",Not At-Risk,1,$0 
CA4110006,CALIFORNIA WATER SERVICE - BEAR GULCH,SAN MATEO,DISTRICT 17 - SANTA CLARA,No Risk,No Risk,No Risk,No Risk,"61,431",Not At-Risk,1,$0 
CA4110007,CALIFORNIA WATER SERVICE - SAN CARLOS,SAN MATEO,DISTRICT 17 - SANTA CLARA,No Risk,No Risk,No Risk,No Risk,"35,344",Not At-Risk,1,$0 
CA4110008,CALIFORNIA WATER SERVICE - SAN MATEO,SAN MATEO,DISTRICT 17 - SANTA CLARA,Not Assessed,Not Assessed,Not Assessed,Not Assessed,"102,348",Not Assessed,1,$0 
CA4110009,CALIFORNIA WATER SERVICE-S SAN FRANCISCO,SAN MATEO,DISTRICT 17 - SANTA CLARA,No Risk,No Risk,No Risk,No Risk,"64,121",Not At-Risk,1,$0 
CA4110010,MONTARA WATER AND SANITARY DISTRICT,SAN MATEO,DISTRICT 17 - SANTA CLARA,Low Risk,No Risk,No Risk,No Risk,"6,078",Not At-Risk,1,$0 
CA4110011,COASTSIDE COUNTY WATER DISTRICT,SAN MATEO,DISTRICT 17 - SANTA CLARA,Low Risk,No Risk,Low Risk,No Risk,"18,940",Not At-Risk,1,$0 
CA4110012,CUESTA LA HONDA GUILD INC,SAN MATEO,DISTRICT 17 - SANTA CLARA,Low Risk,Low Risk,High Risk,Low Risk,832,Potentially At-Risk,1,$0 
CA4110013,CITY OF DALY CITY,SAN MATEO,DISTRICT 17 - SANTA CLARA,Not Assessed,Not Assessed,Not Assessed,Not Assessed,"104,901",Not Assessed,1,$0 
CA4110016,TOWN OF HILLSBOROUGH,SAN MATEO,DISTRICT 17 - SANTA CLARA,No Risk,No Risk,No Risk,Low Risk,"11,766",Not At-Risk,1,$0 
CA4110017,MENLO PARK MUNICIPAL WATER,SAN MATEO,DISTRICT 17 - SANTA CLARA,No Risk,No Risk,No Risk,No Risk,"22,362",Not At-Risk,1,$0 
CA4110018,CITY OF MILLBRAE,SAN MATEO,DISTRICT 17 - SANTA CLARA,No Risk,Medium Risk,No Risk,No Risk,"22,795",At-Risk,1,$0 
CA4110019,O'CONNOR TRACT CO-OPERATIVE WATER CO.,SAN MATEO,DISTRICT 17 - SANTA CLARA,No Risk,No Risk,No Risk,Low Risk,"2,789",Not At-Risk,1,$0 
CA4110020,PALO ALTO PARK MUTUAL WATER COMPANY,SAN MATEO,DISTRICT 17 - SANTA CLARA,Low Risk,High Risk,High Risk,Low Risk,"2,900",Failing,1,$0 
CA4110021,ESTERO MUNICIPAL IMPROVEMENT DISTRICT,SAN MATEO,DISTRICT 17 - SANTA CLARA,No Risk,Medium Risk,No Risk,Low Risk,"36,556",Not At-Risk,1,$0 
CA4110022,CITY OF REDWOOD CITY,SAN MATEO,DISTRICT 17 - SANTA CLARA,No Risk,No Risk,No Risk,Low Risk,"92,819",Not At-Risk,1,$0 
CA4110023,CITY OF SAN BRUNO,SAN MATEO,DISTRICT 17 - SANTA CLARA,No Risk,No Risk,No Risk,Low Risk,"41,327",Not At-Risk,1,$0 
CA4110024,CITY OF EAST PALO ALTO,SAN MATEO,DISTRICT 17 - SANTA CLARA,No Risk,No Risk,High Risk,Low Risk,"29,519",Not At-Risk,1,$0 
CA4110025,NORTH COAST COUNTY WATER DIST,SAN MATEO,DISTRICT 17 - SANTA CLARA,No Risk,No Risk,No Risk,Low Risk,"38,546",Not At-Risk,1,$0 
CA4110027,WESTBOROUGH WATER DISTRICT,SAN MATEO,DISTRICT 17 - SANTA CLARA,No Risk,No Risk,No Risk,No Risk,"13,486",Not At-Risk,1,$0 
CA4200505,CACHUMA VILLAGE,SANTA BARBARA,LPA72 - SANTA BARBARA COUNTY,Low Risk,High Risk,Low Risk,Low Risk,60,At-Risk,1,$0 
CA4200531,RANCHO MARCELINO WATER,SANTA BARBARA,LPA72 - SANTA BARBARA COUNTY,Low Risk,Low Risk,High Risk,No Risk,240,At-Risk,1,$0 
CA4200556,FOSTER ROAD MUTUAL WATER COMPANY,SANTA BARBARA,LPA72 - SANTA BARBARA COUNTY,No Risk,High Risk,No Risk,Low Risk,150,Not At-Risk,1,$0 
CA4200560,SISQUOC,SANTA BARBARA,LPA72 - SANTA BARBARA COUNTY,No Risk,Low Risk,No Risk,No Risk,135,Not At-Risk,1,$0 
CA4200572,LAS POSITAS MUTUAL WATER COMPANY,SANTA BARBARA,LPA72 - SANTA BARBARA COUNTY,No Risk,No Risk,High Risk,Low Risk,200,Not At-Risk,1,$0 
CA4200578,PAINTED CAVE,SANTA BARBARA,LPA72 - SANTA BARBARA COUNTY,No Risk,High Risk,No Risk,No Risk,160,Not At-Risk,1,$0 
CA4200579,ROSARIO PARK,SANTA BARBARA,LPA72 - SANTA BARBARA COUNTY,Low Risk,High Risk,High Risk,No Risk,38,At-Risk,1,$0 
CA4200580,SAN MARCOS MUTUAL WATER COMPANY,SANTA BARBARA,LPA72 - SANTA BARBARA COUNTY,Low Risk,Low Risk,No Risk,No Risk,120,Not At-Risk,1,$0 
CA4200612,MEADOWLARK RANCHES MUTUAL WATER COMPANY,SANTA BARBARA,LPA72 - SANTA BARBARA COUNTY,No Risk,Low Risk,High Risk,Low Risk,150,Potentially At-Risk,1,$0 
CA4200616,SKYLINE PARK,SANTA BARBARA,LPA72 - SANTA BARBARA COUNTY,Medium Risk,Low Risk,No Risk,No Risk,295,Not At-Risk,1,$0 
CA4200618,MIDLAND SCHOOL,SANTA BARBARA,LPA72 - SANTA BARBARA COUNTY,Medium Risk,Low Risk,No Risk,No Risk,150,Not At-Risk,1,$0 
CA4200619,SANTA YNEZ RANCHO ESTATES,SANTA BARBARA,LPA72 - SANTA BARBARA COUNTY,Medium Risk,Low Risk,No Risk,Low Risk,304,Potentially At-Risk,1,$0 
CA4200633,LINGATE LANE MUTUAL WATER COMPANY,SANTA BARBARA,LPA72 - SANTA BARBARA COUNTY,No Risk,High Risk,No Risk,No Risk,55,Not At-Risk,1,$0 
CA4200678,SANTA ANITA MUTUAL WATER COMPANY,SANTA BARBARA,LPA72 - SANTA BARBARA COUNTY,Low Risk,Low Risk,High Risk,Low Risk,38,Not At-Risk,1,$0 
CA4200693,ELLWOOD MUTUAL WATER COMPANY,SANTA BARBARA,LPA72 - SANTA BARBARA COUNTY,No Risk,Low Risk,Low Risk,Medium Risk,186,Not At-Risk,1,$0 
CA4200702,VIEJA MUTUAL WATER COMPANY,SANTA BARBARA,LPA72 - SANTA BARBARA COUNTY,Low Risk,Low Risk,High Risk,Low Risk,60,Not At-Risk,1,$0 
CA4200703,EL CAPITAN MUTUAL WATER COMPANY,SANTA BARBARA,LPA72 - SANTA BARBARA COUNTY,No Risk,Low Risk,Low Risk,No Risk,325,Not At-Risk,1,$0 
CA4200714,SAN AUGUSTINE MUTUAL WATER COMPANY,SANTA BARBARA,LPA72 - SANTA BARBARA COUNTY,Low Risk,Low Risk,High Risk,Low Risk,43,Potentially At-Risk,1,$0 
CA4200721,NAPLES,SANTA BARBARA,LPA72 - SANTA BARBARA COUNTY,Medium Risk,High Risk,Low Risk,Medium Risk,66,At-Risk,1,$0 
CA4200731,ALEGRIA DOMESTIC MUTUAL WATER COMPANY,SANTA BARBARA,LPA72 - SANTA BARBARA COUNTY,Low Risk,Low Risk,High Risk,Low Risk,54,Potentially At-Risk,1,$0 
CA4200733,MONTECITO SEA MEADOWS,SANTA BARBARA,LPA72 - SANTA BARBARA COUNTY,No Risk,Low Risk,No Risk,No Risk,70,Not At-Risk,1,$0 
CA4200747,VISTA DE LAS CRUCES,SANTA BARBARA,LPA72 - SANTA BARBARA COUNTY,Low Risk,Low Risk,No Risk,Medium Risk,50,Not At-Risk,1,$0 
CA4200800,EAST VALLEY FARMS MUTUAL WATER COMPANY,SANTA BARBARA,LPA72 - SANTA BARBARA COUNTY,High Risk,Low Risk,Low Risk,Low Risk,142,At-Risk,1,$0 
CA4200802,OAK TRAIL RANCH,SANTA BARBARA,LPA72 - SANTA BARBARA COUNTY,Medium Risk,Low Risk,No Risk,No Risk,102,Not At-Risk,1,$0 
CA4200804,WALKING M RANCHES,SANTA BARBARA,LPA72 - SANTA BARBARA COUNTY,Low Risk,Low Risk,High Risk,Low Risk,54,Not At-Risk,1,$0 
CA4200807,WOODSTOCK RANCH,SANTA BARBARA,LPA72 - SANTA BARBARA COUNTY,Medium Risk,Low Risk,Low Risk,No Risk,325,Not At-Risk,1,$0 
CA4200814,JONATA HOMEOWNERS ASSOCIATION,SANTA BARBARA,LPA72 - SANTA BARBARA COUNTY,High Risk,High Risk,No Risk,No Risk,30,Failing,1,$0 
CA4200822,SANTA RITA WATER,SANTA BARBARA,LPA72 - SANTA BARBARA COUNTY,Low Risk,Low Risk,No Risk,No Risk,59,Not At-Risk,1,$0 
CA4200827,SANTA YNEZ ROBLAR MOBILE HOME PARK,SANTA BARBARA,LPA72 - SANTA BARBARA COUNTY,No Risk,High Risk,No Risk,Low Risk,25,Not At-Risk,1,$0 
CA4200833,BONITA SCHOOL,SANTA BARBARA,LPA72 - SANTA BARBARA COUNTY,High Risk,High Risk,Medium Risk,Medium Risk,589,Failing,1,$0 
CA4200837,RANCHO YNECITA,SANTA BARBARA,LPA72 - SANTA BARBARA COUNTY,Medium Risk,Low Risk,High Risk,Low Risk,129,At-Risk,1,$0 
CA4200842,SAINT MARIE MOBILE HOME PARK,SANTA BARBARA,LPA72 - SANTA BARBARA COUNTY,Medium Risk,High Risk,High Risk,Low Risk,320,At-Risk,1,$0 
CA4200848,VISTA HILLS MUTUAL WATER COMPANY,SANTA BARBARA,LPA72 - SANTA BARBARA COUNTY,Low Risk,Low Risk,No Risk,No Risk,75,Not At-Risk,1,$0 
CA4200851,ROLLING HILLS MUTUAL WATER COMPANY,SANTA BARBARA,LPA72 - SANTA BARBARA COUNTY,Low Risk,High Risk,No Risk,High Risk,66,Failing,1,$0 
CA4200862,MESA HILLS MUTUAL WATER COMPANY,SANTA BARBARA,LPA72 - SANTA BARBARA COUNTY,Medium Risk,Low Risk,High Risk,No Risk,34,Potentially At-Risk,1,$0 
CA4200867,RAY WATER COMPANY,SANTA BARBARA,LPA72 - SANTA BARBARA COUNTY,High Risk,High Risk,High Risk,High Risk,40,Failing,1,$0 
CA4200870,CASMALIA COMMUNITY SERVICES DISTRICT,SANTA BARBARA,LPA72 - SANTA BARBARA COUNTY,Low Risk,No Risk,High Risk,Low Risk,234,Potentially At-Risk,1,$0 
CA4200879,CUYAMA ELEMENTARY SCHOOL,SANTA BARBARA,LPA72 - SANTA BARBARA COUNTY,No Risk,High Risk,No Risk,Low Risk,250,Not At-Risk,1,$0 
CA4200881,OAK TRAIL ESTATES,SANTA BARBARA,LPA72 - SANTA BARBARA COUNTY,Medium Risk,Low Risk,No Risk,No Risk,211,Not At-Risk,1,$0 
CA4200885,CHALK HILL ESTATES HOA,SANTA BARBARA,LPA72 - SANTA BARBARA COUNTY,No Risk,Low Risk,No Risk,No Risk,38,Not At-Risk,1,$0 
CA4200891,BOBCAT SPRINGS MUTUAL WATER COMPANY,SANTA BARBARA,LPA72 - SANTA BARBARA COUNTY,High Risk,Low Risk,High Risk,No Risk,115,At-Risk,1,$0 
CA4200918,LOS PRIETOS COMPLEX,SANTA BARBARA,LPA72 - SANTA BARBARA COUNTY,Low Risk,Medium Risk,Low Risk,Low Risk,845,Potentially At-Risk,1,$0 
CA4200924,EL RANCHO TAJIGUAS,SANTA BARBARA,LPA72 - SANTA BARBARA COUNTY,No Risk,Low Risk,Low Risk,Low Risk,40,Not At-Risk,1,$0 
CA4200969,AAA KINDNESS CARE HOME,SANTA BARBARA,LPA72 - SANTA BARBARA COUNTY,High Risk,High Risk,No Risk,No Risk,45,At-Risk,1,$0 
CA4210001,CARPINTERIA VALLEY WATER DISTRICT,SANTA BARBARA,DISTRICT 06 - SANTA BARBARA,No Risk,No Risk,No Risk,No Risk,"15,996",Not At-Risk,1,$0 
CA4210002,LOS ALAMOS COMMUNITY SERVICES DISTRICT,SANTA BARBARA,DISTRICT 06 - SANTA BARBARA,No Risk,Low Risk,Medium Risk,Low Risk,"1,534",Not At-Risk,1,$0 
CA4210003,GUADALUPE WATER DEPARTMENT,SANTA BARBARA,DISTRICT 06 - SANTA BARBARA,No Risk,No Risk,Medium Risk,Low Risk,"8,897",Not At-Risk,1,$0 
CA4210004,GOLETA WATER DISTRICT,SANTA BARBARA,DISTRICT 06 - SANTA BARBARA,No Risk,No Risk,No Risk,No Risk,"84,462",Not At-Risk,1,$0 
CA4210005,SAN VICENTE WATER COMPANY,SANTA BARBARA,DISTRICT 06 - SANTA BARBARA,No Risk,Low Risk,Low Risk,Low Risk,550,Not At-Risk,1,$0 
CA4210006,LOMPOC-CITY WATER UTILITY DIV,SANTA BARBARA,DISTRICT 06 - SANTA BARBARA,Low Risk,No Risk,Low Risk,Low Risk,"40,473",Not At-Risk,1,$0 
CA4210007,MONTECITO WATER DIST,SANTA BARBARA,DISTRICT 06 - SANTA BARBARA,No Risk,No Risk,No Risk,No Risk,"11,962",Not At-Risk,1,"$34,895,970 "
CA4210009,CUYAMA COMMUNITY SERVICES DISTRICT,SANTA BARBARA,DISTRICT 06 - SANTA BARBARA,Medium Risk,High Risk,High Risk,High Risk,700,At-Risk,1,"$1,545,000 "
CA4210010,CITY OF SANTA BARBARA WATER DEPARTMENT,SANTA BARBARA,DISTRICT 06 - SANTA BARBARA,Low Risk,No Risk,No Risk,No Risk,"98,872",Not At-Risk,1,$0 
CA4210011,CITY OF SANTA MARIA UTILITIES DEPARTMENT,SANTA BARBARA,DISTRICT 06 - SANTA BARBARA,Not Assessed,Not Assessed,Not Assessed,Not Assessed,"109,477",Not Assessed,1,$0 
CA4210013,SOLVANG WATER DIVISION,SANTA BARBARA,DISTRICT 06 - SANTA BARBARA,Low Risk,No Risk,No Risk,No Risk,"6,126",Not At-Risk,1,$0 
CA4210016,GOLDEN STATE WATER COMPANY - ORCUTT,SANTA BARBARA,DISTRICT 06 - SANTA BARBARA,Medium Risk,Medium Risk,No Risk,No Risk,"34,102",At-Risk,1,$0 
CA4210017,VANDENBERG VILLAGE COMM. SERV. DIST.,SANTA BARBARA,DISTRICT 06 - SANTA BARBARA,Low Risk,Low Risk,No Risk,No Risk,"7,308",Not At-Risk,1,$0 
CA4210018,CITY OF BUELLTON WATER DIVISION,SANTA BARBARA,DISTRICT 06 - SANTA BARBARA,No Risk,No Risk,No Risk,No Risk,"5,161",Not At-Risk,1,$0 
CA4210019,MISSION HILLS CSD,SANTA BARBARA,DISTRICT 06 - SANTA BARBARA,Low Risk,No Risk,No Risk,No Risk,"3,600",Not At-Risk,1,$0 
CA4210020,SANTA YNEZ RIVER WATER CONS. DIST. ID#1,SANTA BARBARA,DISTRICT 06 - SANTA BARBARA,No Risk,No Risk,Low Risk,No Risk,"7,022",Not At-Risk,1,$0 
CA4210021,GOLDEN STATE WATER COMPANY - TANGLEWOOD,SANTA BARBARA,DISTRICT 06 - SANTA BARBARA,No Risk,No Risk,Medium Risk,No Risk,"1,947",Not At-Risk,1,$0 
CA4210022,GOLDEN STATE WATER COMPANY - LAKE MARIE,SANTA BARBARA,DISTRICT 06 - SANTA BARBARA,No Risk,Low Risk,No Risk,No Risk,545,Not At-Risk,1,$0 
CA4210024,LA CUMBRE MUTUAL WATER CO,SANTA BARBARA,DISTRICT 06 - SANTA BARBARA,Low Risk,No Risk,No Risk,No Risk,"4,861",Not At-Risk,1,$0 
CA4210028,CACHUMA PROJECT,SANTA BARBARA,DISTRICT 06 - SANTA BARBARA,Not Assessed,Not Assessed,Not Assessed,Not Assessed,0,Not Assessed,1,$0 
CA4210030,CENTRAL COAST WATER AUTHORITY,SANTA BARBARA,DISTRICT 06 - SANTA BARBARA,Not Assessed,Not Assessed,Not Assessed,Not Assessed,0,Not Assessed,1,$0 
CA4210700,"AMERICAN WATER O&M, LLC - VSFB",SANTA BARBARA,DISTRICT 06 - SANTA BARBARA,Low Risk,No Risk,Low Risk,No Risk,"14,971",Not At-Risk,1,$0 
CA4300516,ALDERCROFT HEIGHTS COUNTY WATER DISTRICT,SANTA CLARA,DISTRICT 17 - SANTA CLARA,No Risk,High Risk,No Risk,No Risk,338,Not At-Risk,1,$0 
CA4300517,CHEMEKETA PARK MUTUAL WATER COMPANY,SANTA CLARA,DISTRICT 17 - SANTA CLARA,No Risk,No Risk,Low Risk,No Risk,346,Not At-Risk,1,$0 
CA4300520,RAINERI MUTUAL WATER COMPANY,SANTA CLARA,DISTRICT 17 - SANTA CLARA,No Risk,High Risk,Low Risk,Low Risk,145,Not At-Risk,1,$0 
CA4300521,KENNON WATER COMPANY,SANTA CLARA,DISTRICT 17 - SANTA CLARA,No Risk,Medium Risk,No Risk,No Risk,142,Not At-Risk,1,$0 
CA4300522,LAKE CANYON MUTUAL WATER COMPANY,SANTA CLARA,DISTRICT 17 - SANTA CLARA,No Risk,Low Risk,High Risk,No Risk,156,Not At-Risk,1,$0 
CA4300525,MELODY WOODS WATER COMPANY,SANTA CLARA,DISTRICT 17 - SANTA CLARA,Low Risk,Low Risk,No Risk,Low Risk,168,Not At-Risk,1,$0 
CA4300526,OAKMONT WATER SYSTEM,SANTA CLARA,DISTRICT 17 - SANTA CLARA,No Risk,Medium Risk,Low Risk,No Risk,61,Not At-Risk,1,$0 
CA4300542,SAN MARTIN COUNTY WATER DISTRICT,SANTA CLARA,DISTRICT 17 - SANTA CLARA,No Risk,No Risk,No Risk,No Risk,627,Not At-Risk,1,$0 
CA4300543,CAL AM - WEST SAN MARTIN,SANTA CLARA,DISTRICT 17 - SANTA CLARA,Low Risk,No Risk,No Risk,Low Risk,"1,173",Not At-Risk,1,$0 
CA4300545,SARATOGA HEIGHTS MUTUAL WATER COMPANY,SANTA CLARA,DISTRICT 17 - SANTA CLARA,No Risk,Medium Risk,Low Risk,No Risk,258,Not At-Risk,1,$0 
CA4300550,VISTA GRANDE WATER USERS ASSOCIATION,SANTA CLARA,DISTRICT 17 - SANTA CLARA,No Risk,Medium Risk,No Risk,Low Risk,79,Not At-Risk,1,$0 
CA4300551,HAPPY ACRES MWC,SANTA CLARA,DISTRICT 17 - SANTA CLARA,No Risk,High Risk,Low Risk,No Risk,220,Not At-Risk,1,$0 
CA4300560,GREEN MOUNTAIN WATER COMPANY,SANTA CLARA,DISTRICT 17 - SANTA CLARA,No Risk,High Risk,Low Risk,No Risk,80,Not At-Risk,1,$0 
CA4300562,ROSEVIEW HEIGHTS MUTUAL WATER COMPANY,SANTA CLARA,DISTRICT 17 - SANTA CLARA,No Risk,Medium Risk,Low Risk,No Risk,148,Not At-Risk,1,$0 
CA4300563,MT. PLEASANT WATER USERS ASSOCIATION,SANTA CLARA,DISTRICT 17 - SANTA CLARA,No Risk,Medium Risk,No Risk,Low Risk,300,Not At-Risk,1,$0 
CA4300567,BURCHELL ROAD WATER ASSOCIATION,SANTA CLARA,DISTRICT 17 - SANTA CLARA,No Risk,Low Risk,Low Risk,Low Risk,65,Not At-Risk,1,$0 
CA4300571,SULLIVAN MUTUAL WATER,SANTA CLARA,DISTRICT 17 - SANTA CLARA,No Risk,High Risk,High Risk,Low Risk,53,Potentially At-Risk,1,$0 
CA4300573,GREEN ACRES MUTUAL WATER,SANTA CLARA,DISTRICT 17 - SANTA CLARA,High Risk,High Risk,No Risk,No Risk,53,Failing,1,$0 
CA4300575,TWIN VALLEY INC,SANTA CLARA,DISTRICT 17 - SANTA CLARA,Low Risk,Low Risk,No Risk,Low Risk,317,Failing,1,$0 
CA4300577,RANCHO ROBLES MUTUAL WATER COMPANY,SANTA CLARA,DISTRICT 17 - SANTA CLARA,Low Risk,Low Risk,Low Risk,No Risk,103,Not At-Risk,1,$0 
CA4300578,ANGELO LANE WATER COMPANY,SANTA CLARA,DISTRICT 17 - SANTA CLARA,No Risk,High Risk,High Risk,No Risk,41,Potentially At-Risk,1,$0 
CA4300593,MORGAN HILL USD-MACHADO SCHOOL,SANTA CLARA,DISTRICT 17 - SANTA CLARA,No Risk,High Risk,Medium Risk,No Risk,60,Not At-Risk,1,$0 
CA4300603,OAK DELL PARK,SANTA CLARA,DISTRICT 17 - SANTA CLARA,No Risk,High Risk,No Risk,No Risk,104,Not At-Risk,1,$0 
CA4300605,GILROY USD-RUCKER SCHOOL,SANTA CLARA,DISTRICT 17 - SANTA CLARA,No Risk,High Risk,Low Risk,No Risk,536,Not At-Risk,1,$0 
CA4300610,ANCHORPOINT CHRISTIAN SCHOOL,SANTA CLARA,DISTRICT 17 - SANTA CLARA,High Risk,High Risk,No Risk,No Risk,165,At-Risk,1,$0 
CA4300611,CASA DE FRUTA WATER SYSTEM,SANTA CLARA,DISTRICT 17 - SANTA CLARA,Medium Risk,Low Risk,No Risk,Low Risk,250,Potentially At-Risk,1,$0 
CA4300615,THOUSAND TRAILS - MORGAN HILL,SANTA CLARA,DISTRICT 17 - SANTA CLARA,No Risk,High Risk,No Risk,Low Risk,413,Not At-Risk,1,$0 
CA4300630,FOOTHILL MUTUAL WATER COMPANY,SANTA CLARA,DISTRICT 17 - SANTA CLARA,High Risk,High Risk,No Risk,Low Risk,36,Failing,1,$0 
CA4300637,LOS RANCHOS DE UVAS WATER COMPANY,SANTA CLARA,DISTRICT 17 - SANTA CLARA,Low Risk,High Risk,No Risk,No Risk,58,At-Risk,1,$0 
CA4300638,SAN MARTIN FOOTHILLS WATER COMPANY,SANTA CLARA,DISTRICT 17 - SANTA CLARA,No Risk,Low Risk,No Risk,Low Risk,145,Not At-Risk,1,$0 
CA4300716,LUPIN LODGE,SANTA CLARA,DISTRICT 17 - SANTA CLARA,Low Risk,Low Risk,No Risk,High Risk,300,Potentially At-Risk,1,$0 
CA4300721,LOMA PRIETA JUSD-LOMA PRIETA SCHOOL,SANTA CLARA,DISTRICT 17 - SANTA CLARA,No Risk,Low Risk,No Risk,No Risk,560,Not At-Risk,1,"$1,021,092 "
CA4300740,MOUNTAIN SPRINGS MUTUAL WATER COMPANY,SANTA CLARA,DISTRICT 17 - SANTA CLARA,No Risk,No Risk,Low Risk,Low Risk,40,Not At-Risk,1,$0 
CA4300741,MIREVAL IMPROVEMENT ASSOCIATION,SANTA CLARA,DISTRICT 17 - SANTA CLARA,No Risk,Medium Risk,Medium Risk,Low Risk,60,Potentially At-Risk,1,$0 
CA4300752,MARIA LANE MUTUAL WATER COMPANY,SANTA CLARA,DISTRICT 17 - SANTA CLARA,No Risk,Medium Risk,No Risk,No Risk,42,Not At-Risk,1,$0 
CA4300757,CHIRI SWEET WATER COMPANY,SANTA CLARA,DISTRICT 17 - SANTA CLARA,No Risk,High Risk,No Risk,No Risk,40,Not At-Risk,1,$0 
CA4300760,SANTA TERESA MEADOWS WATER COMPANY,SANTA CLARA,DISTRICT 17 - SANTA CLARA,Low Risk,No Risk,Medium Risk,Low Risk,68,Not At-Risk,1,$0 
CA4300770,THREE SPRINGS RANCH MUTUAL WATER COMPANY,SANTA CLARA,DISTRICT 17 - SANTA CLARA,No Risk,Low Risk,Low Risk,No Risk,110,Not At-Risk,1,$0 
CA4300771,NEW AVENUE MUTUAL WATER COMPANY,SANTA CLARA,DISTRICT 17 - SANTA CLARA,Low Risk,Low Risk,Low Risk,High Risk,302,Failing,1,$0 
CA4300779,LAKESIDE SD-LAKESIDE SCHOOL,SANTA CLARA,DISTRICT 17 - SANTA CLARA,Low Risk,High Risk,No Risk,No Risk,127,Failing,1,"$1,715,160 "
CA4300792,ABORN HEIGHTS WATER MUTUAL ASSOCIATION,SANTA CLARA,DISTRICT 17 - SANTA CLARA,High Risk,High Risk,No Risk,No Risk,45,At-Risk,1,$0 
CA4300829,LIVE OAK CREEK MUTUAL WATER COMPANY,SANTA CLARA,DISTRICT 17 - SANTA CLARA,No Risk,High Risk,No Risk,No Risk,30,Not At-Risk,1,$0 
CA4300831,MT. EDEN MUTUAL WATER COMPANY,SANTA CLARA,DISTRICT 17 - SANTA CLARA,Low Risk,Medium Risk,No Risk,Low Risk,165,Not At-Risk,1,$0 
CA4300832,SOUTH COUNTY RETIREMENT HOME,SANTA CLARA,DISTRICT 17 - SANTA CLARA,No Risk,High Risk,Low Risk,High Risk,46,At-Risk,1,$0 
CA4300834,CAMP SARATOGA,SANTA CLARA,DISTRICT 17 - SANTA CLARA,No Risk,High Risk,No Risk,Low Risk,450,Not At-Risk,1,$0 
CA4300842,DEER HILL MUTUAL WATER CO,SANTA CLARA,DISTRICT 17 - SANTA CLARA,No Risk,High Risk,No Risk,No Risk,36,Not At-Risk,1,$0 
CA4300848,RANCHO DE LOMAS MUTUAL WATER COMPANY,SANTA CLARA,DISTRICT 17 - SANTA CLARA,No Risk,High Risk,No Risk,No Risk,35,Not At-Risk,1,$0 
CA4300856,SPRING VALLEY HEIGHTS ASSOCIATION INC,SANTA CLARA,DISTRICT 17 - SANTA CLARA,No Risk,Medium Risk,No Risk,No Risk,66,Not At-Risk,1,$0 
CA4300909,LICK OBSERVATORY-UCSC,SANTA CLARA,DISTRICT 17 - SANTA CLARA,No Risk,Low Risk,No Risk,Medium Risk,284,Not At-Risk,1,$0 
CA4300912,MECCHI WATER COMPANY,SANTA CLARA,DISTRICT 17 - SANTA CLARA,Low Risk,High Risk,Medium Risk,Low Risk,104,Failing,1,$0 
CA4300924,PARKWAY LAKES RV PARK,SANTA CLARA,DISTRICT 17 - SANTA CLARA,No Risk,High Risk,No Risk,Low Risk,250,Not At-Risk,1,$0 
CA4300978,BRUSH AND OLD WELL MUTUAL WATER COMPANY,SANTA CLARA,DISTRICT 17 - SANTA CLARA,No Risk,Medium Risk,Low Risk,No Risk,70,Not At-Risk,1,$0 
CA4300979,QUAIL CREEK ESTATES MUTUAL WATER COMPANY,SANTA CLARA,DISTRICT 17 - SANTA CLARA,Low Risk,Low Risk,Low Risk,No Risk,55,Not At-Risk,1,$0 
CA4300992,GOLDEN HEIGHTS MUTUAL WATER COMPANY,SANTA CLARA,DISTRICT 17 - SANTA CLARA,No Risk,Low Risk,No Risk,Low Risk,66,Not At-Risk,1,$0 
CA4300994,COYOTE VALLEY RV RESORT,SANTA CLARA,DISTRICT 17 - SANTA CLARA,No Risk,High Risk,No Risk,Low Risk,500,Not At-Risk,1,$0 
CA4300996,VALLEY VIEW RANCHES,SANTA CLARA,DISTRICT 17 - SANTA CLARA,High Risk,High Risk,High Risk,Low Risk,45,At-Risk,1,$0 
CA4300997,NASA AMES RESEARCH CENTER,SANTA CLARA,DISTRICT 17 - SANTA CLARA,No Risk,No Risk,Low Risk,Low Risk,"16,273",Not At-Risk,1,$0 
CA4300999,UVAS PINES RV PARK,SANTA CLARA,DISTRICT 17 - SANTA CLARA,No Risk,High Risk,No Risk,No Risk,68,Not At-Risk,1,$0 
CA4301004,EMERALD VALLEY MUTUAL WATER COMPANY,SANTA CLARA,DISTRICT 17 - SANTA CLARA,No Risk,Low Risk,Low Risk,No Risk,43,Not At-Risk,1,$0 
CA4301013,ROCKWOOD ESTATES MUTUAL WATER COMPANY,SANTA CLARA,DISTRICT 17 - SANTA CLARA,No Risk,Low Risk,No Risk,No Risk,30,Not At-Risk,1,$0 
CA4301410,RUCKER AVENUE MUTUAL WATER CO,,DISTRICT 17 - SANTA CLARA,No Risk,Low Risk,High Risk,No Risk,25,Not At-Risk,1,$0 
CA4310001,CWSC LOS ALTOS SUBURBAN,SANTA CLARA,DISTRICT 17 - SANTA CLARA,No Risk,No Risk,No Risk,No Risk,"70,175",Not At-Risk,1,$0 
CA4310004,CITY OF GILROY,SANTA CLARA,DISTRICT 17 - SANTA CLARA,Low Risk,No Risk,No Risk,No Risk,"59,203",Not At-Risk,1,$0 
CA4310005,CITY OF MILPITAS,SANTA CLARA,DISTRICT 17 - SANTA CLARA,No Risk,No Risk,No Risk,Medium Risk,"77,961",Not At-Risk,1,$0 
CA4310006,CITY OF MORGAN HILL,SANTA CLARA,DISTRICT 17 - SANTA CLARA,No Risk,No Risk,No Risk,Low Risk,"47,374",Not At-Risk,1,$0 
CA4310007,CITY OF MOUNTAIN VIEW,SANTA CLARA,DISTRICT 17 - SANTA CLARA,No Risk,No Risk,No Risk,Low Risk,"81,501",Not At-Risk,1,$0 
CA4310009,CITY OF PALO ALTO,SANTA CLARA,DISTRICT 17 - SANTA CLARA,No Risk,No Risk,No Risk,No Risk,"67,231",Not At-Risk,1,$0 
CA4310011,SAN JOSE WATER,SANTA CLARA,DISTRICT 17 - SANTA CLARA,Not Assessed,Not Assessed,Not Assessed,Not Assessed,"1,039,920",Not Assessed,1,$0 
CA4310012,CITY OF SANTA CLARA,SANTA CLARA,DISTRICT 17 - SANTA CLARA,Not Assessed,Not Assessed,Not Assessed,Not Assessed,"130,746",Not Assessed,1,$0 
CA4310013,STANFORD UNIVERSITY,SANTA CLARA,DISTRICT 17 - SANTA CLARA,No Risk,No Risk,High Risk,Low Risk,"33,827",Not At-Risk,1,$0 
CA4310014,CITY OF SUNNYVALE,SANTA CLARA,DISTRICT 17 - SANTA CLARA,Not Assessed,Not Assessed,Not Assessed,Not Assessed,"157,566",Not Assessed,1,$0 
CA4310018,CITY OF CUPERTINO,SANTA CLARA,DISTRICT 17 - SANTA CLARA,No Risk,No Risk,No Risk,Low Risk,"16,336",Not At-Risk,1,$0 
CA4310019,CITY OF SAN JOSE - NSJ/ALVISO,SANTA CLARA,DISTRICT 17 - SANTA CLARA,No Risk,No Risk,No Risk,Low Risk,"45,559",Not At-Risk,1,$0 
CA4310020,CITY OF SAN JOSE - EVG/EDV/COY,SANTA CLARA,DISTRICT 17 - SANTA CLARA,High Risk,No Risk,No Risk,Low Risk,"101,265",Not At-Risk,1,$0 
CA4310021,PURISSIMA HILLS WATER DISTRICT,SANTA CLARA,DISTRICT 17 - SANTA CLARA,No Risk,No Risk,No Risk,No Risk,"6,245",Not At-Risk,1,$0 
CA4310022,GREAT OAKS WC INC,SANTA CLARA,DISTRICT 17 - SANTA CLARA,Not Assessed,Not Assessed,Not Assessed,Not Assessed,"110,088",Not Assessed,1,$0 
CA4310027,SANTA CLARA VALLEY WATER DISTRICT,SANTA CLARA,DISTRICT 17 - SANTA CLARA,Not Assessed,Not Assessed,Not Assessed,Not Assessed,0,Not Assessed,1,$0 
CA4400502,TROUT GULCH MUTUAL WATER COMPANY,SANTA CRUZ,LPA74 - SANTA CRUZ COUNTY,Low Risk,Medium Risk,Low Risk,No Risk,614,Not At-Risk,1,$0 
CA4400517,LAKEVIEW APARTMENTS,SANTA CRUZ,LPA74 - SANTA CRUZ COUNTY,No Risk,High Risk,No Risk,Low Risk,43,Potentially At-Risk,1,$0 
CA4400526,BIG REDWOOD PARK WATER,SANTA CRUZ,LPA74 - SANTA CRUZ COUNTY,No Risk,Medium Risk,No Risk,Low Risk,182,Not At-Risk,1,$0 
CA4400528,LAUREL COMMUNITY LEAGUE,SANTA CRUZ,DISTRICT 05 - MONTEREY,Low Risk,High Risk,No Risk,Low Risk,64,Failing,1,$0 
CA4400557,ST FRANCIS TRACT WATER SYSTEM,SANTA CRUZ,LPA74 - SANTA CRUZ COUNTY,No Risk,High Risk,High Risk,No Risk,118,Potentially At-Risk,1,$0 
CA4400558,SAN ANDREAS MUTUAL WATER CO,SANTA CRUZ,LPA74 - SANTA CRUZ COUNTY,High Risk,Medium Risk,No Risk,No Risk,378,At-Risk,1,$0 
CA4400559,SUMMIT MUTUAL WATER COMPANY,SANTA CRUZ,DISTRICT 05 - MONTEREY,Low Risk,High Risk,No Risk,Low Risk,152,Potentially At-Risk,1,$0 
CA4400571,DAVENPORT COUNTY SANITATION,SANTA CRUZ,DISTRICT 05 - MONTEREY,Low Risk,Low Risk,High Risk,Low Risk,350,Potentially At-Risk,1,$0 
CA4400572,FERN GROVE WATER CLUB,SANTA CRUZ,LPA74 - SANTA CRUZ COUNTY,No Risk,Low Risk,No Risk,No Risk,187,Not At-Risk,1,$0 
CA4400582,PINE TREE LANE MUTUAL WATER CO,SANTA CRUZ,LPA74 - SANTA CRUZ COUNTY,Low Risk,High Risk,No Risk,No Risk,80,Not At-Risk,1,$0 
CA4400585,RIDGEVIEW ESTATES MWC,SANTA CRUZ,LPA74 - SANTA CRUZ COUNTY,Low Risk,High Risk,High Risk,Low Risk,50,Potentially At-Risk,1,$0 
CA4400595,VILLA DEL MONTE MWC,SANTA CRUZ,DISTRICT 05 - MONTEREY,Low Risk,No Risk,High Risk,No Risk,419,Not At-Risk,1,$0 
CA4400598,"PURESOURCE WATER, INC",SANTA CRUZ,LPA74 - SANTA CRUZ COUNTY,No Risk,Low Risk,Low Risk,Low Risk,206,Not At-Risk,1,$0 
CA4400599,SUNSET BEACH MUTUAL WATER CO,SANTA CRUZ,LPA74 - SANTA CRUZ COUNTY,No Risk,Medium Risk,Low Risk,No Risk,182,Not At-Risk,1,$0 
CA4400604,BRACKEN BRAE COUNTRY CLUB,SANTA CRUZ,DISTRICT 05 - MONTEREY,No Risk,No Risk,No Risk,Low Risk,52,Not At-Risk,1,$0 
CA4400605,CRESTWOOD HEIGHTS WATER ASSN,SANTA CRUZ,LPA74 - SANTA CRUZ COUNTY,Low Risk,Medium Risk,No Risk,No Risk,126,Not At-Risk,1,$0 
CA4400608,FOREST SPRINGS,SANTA CRUZ,DISTRICT 05 - MONTEREY,Low Risk,No Risk,No Risk,Low Risk,385,Not At-Risk,1,$0 
CA4400611,JARVIS MUTUAL WATER SYSTEM,SANTA CRUZ,LPA74 - SANTA CRUZ COUNTY,Medium Risk,High Risk,No Risk,No Risk,125,Potentially At-Risk,1,$0 
CA4400613,LAS COLINAS ROAD & WATER ASSN,SANTA CRUZ,LPA74 - SANTA CRUZ COUNTY,No Risk,High Risk,Low Risk,No Risk,70,Potentially At-Risk,1,$0 
CA4400617,SUMMIT WEST MUTUAL WATER CO.,SANTA CRUZ,LPA74 - SANTA CRUZ COUNTY,No Risk,Medium Risk,High Risk,Low Risk,481,Potentially At-Risk,1,$0 
CA4400618,RIDGE MUTUAL WATER COMPANY,SANTA CRUZ,LPA74 - SANTA CRUZ COUNTY,No Risk,Medium Risk,Low Risk,No Risk,213,Not At-Risk,1,$0 
CA4400621,RIVER GROVE MUTUAL WATER ASSN,SANTA CRUZ,DISTRICT 05 - MONTEREY,High Risk,High Risk,No Risk,High Risk,54,Failing,1,$0 
CA4400624,RANCHO CORRALITOS,SANTA CRUZ,LPA74 - SANTA CRUZ COUNTY,No Risk,High Risk,No Risk,Low Risk,87,Potentially At-Risk,1,$0 
CA4400625,VISTA ROBLES ASSOCIATION,SANTA CRUZ,LPA74 - SANTA CRUZ COUNTY,No Risk,Low Risk,No Risk,No Risk,53,Not At-Risk,1,$0 
CA4400631,LAS CUMBRES MUTUAL WATER CO,SANTA CRUZ,DISTRICT 05 - MONTEREY,Low Risk,Low Risk,High Risk,Low Risk,402,Potentially At-Risk,1,$0 
CA4400634,APTOS HILLS MUTUAL WATER CO,SANTA CRUZ,LPA74 - SANTA CRUZ COUNTY,High Risk,Medium Risk,Low Risk,Low Risk,32,Failing,1,$0 
CA4400642,CATHEDRAL WOOD MUTUAL WATER COMPANY,SANTA CRUZ,DISTRICT 05 - MONTEREY,Medium Risk,Low Risk,High Risk,No Risk,60,Potentially At-Risk,1,$0 
CA4400645,HIDDEN MEADOW MUTUAL WATER CO,SANTA CRUZ,LPA74 - SANTA CRUZ COUNTY,No Risk,Low Risk,No Risk,Low Risk,45,Not At-Risk,1,$0 
CA4400652,"CATHEDRAL HILLS MWC, INC",SANTA CRUZ,LPA74 - SANTA CRUZ COUNTY,No Risk,Medium Risk,No Risk,No Risk,60,Not At-Risk,1,$0 
CA4400660,RANCHO SAN ANDREAS,SANTA CRUZ,LPA74 - SANTA CRUZ COUNTY,High Risk,High Risk,Low Risk,Low Risk,200,Failing,1,$0 
CA4400664,JARDINES DEL VALLE,SANTA CRUZ,LPA74 - SANTA CRUZ COUNTY,Low Risk,High Risk,Low Risk,Low Risk,130,At-Risk,1,$0 
CA4400665,MEADOWRIDGE MUTUAL WATER CO,SANTA CRUZ,LPA74 - SANTA CRUZ COUNTY,Low Risk,Medium Risk,High Risk,Low Risk,42,At-Risk,1,$0 
CA4400667,EMERALD CITY MUTUAL WATER CO,SANTA CRUZ,LPA74 - SANTA CRUZ COUNTY,Medium Risk,High Risk,No Risk,Low Risk,26,At-Risk,1,$0 
CA4400684,APTOS RIDGE MUTUAL WATER CO,SANTA CRUZ,LPA74 - SANTA CRUZ COUNTY,Medium Risk,High Risk,No Risk,Low Risk,52,At-Risk,1,$0 
CA4400692,ALLAN LANE WATER ASSOCIATION,SANTA CRUZ,LPA74 - SANTA CRUZ COUNTY,No Risk,High Risk,High Risk,Low Risk,54,At-Risk,1,$0 
CA4400723,MISSION SPRINGS CONFERENCE CENTER,SANTA CRUZ,LPA74 - SANTA CRUZ COUNTY,Low Risk,Low Risk,No Risk,Low Risk,"1,310",Not At-Risk,1,$0 
CA4400750,APTOS HIGH SCHOOL,SANTA CRUZ,LPA74 - SANTA CRUZ COUNTY,Medium Risk,Low Risk,No Risk,No Risk,"1,348",Not At-Risk,1,$0 
CA4400751,BONNY DOON SCHOOL,SANTA CRUZ,LPA74 - SANTA CRUZ COUNTY,No Risk,High Risk,No Risk,No Risk,160,Not At-Risk,1,$0 
CA4400754,MONTE VISTA CHRISTIAN SCHOOL,SANTA CRUZ,LPA74 - SANTA CRUZ COUNTY,Medium Risk,Medium Risk,Low Risk,Low Risk,"1,051",At-Risk,1,$0 
CA4400755,MONTEREY BAY ACADEMY,SANTA CRUZ,LPA74 - SANTA CRUZ COUNTY,Medium Risk,Medium Risk,No Risk,Low Risk,400,Potentially At-Risk,1,$0 
CA4400756,MOUNTAIN ELEMENTARY SCHOOL,SANTA CRUZ,LPA74 - SANTA CRUZ COUNTY,Low Risk,High Risk,No Risk,No Risk,240,Not At-Risk,1,$0 
CA4400757,ALIANZA CHARTER SCHOOL/WCSA,SANTA CRUZ,LPA74 - SANTA CRUZ COUNTY,Low Risk,High Risk,Low Risk,No Risk,670,At-Risk,1,$0 
CA4400758,RENAISSANCE HIGH SCHOOL,SANTA CRUZ,LPA74 - SANTA CRUZ COUNTY,High Risk,High Risk,No Risk,No Risk,166,At-Risk,1,$0 
CA4400762,ROUNTREE FACILITY(PREV. SHERIFF'S REHAB),SANTA CRUZ,LPA74 - SANTA CRUZ COUNTY,Medium Risk,High Risk,Low Risk,Low Risk,235,At-Risk,1,$0 
CA4400763,BUENA VISTA MIGRANT CENTER,SANTA CRUZ,LPA74 - SANTA CRUZ COUNTY,Medium Risk,High Risk,Low Risk,Low Risk,455,At-Risk,1,$0 
CA4400764,MOUNT MADONNA CENTER,SANTA CRUZ,LPA74 - SANTA CRUZ COUNTY,No Risk,Low Risk,Low Risk,Medium Risk,170,Not At-Risk,1,$0 
CA4400850,THE WILLOWS RESORT,SANTA CRUZ,LPA74 - SANTA CRUZ COUNTY,High Risk,High Risk,No Risk,High Risk,57,Failing,1,$0 
CA4400875,SANTA CRUZ WALDORF SCHOOL,SANTA CRUZ,LPA74 - SANTA CRUZ COUNTY,No Risk,Low Risk,No Risk,No Risk,190,Not At-Risk,1,$0 
CA4410001,BIG BASIN WATER COMPANY,SANTA CRUZ,DISTRICT 05 - MONTEREY,Low Risk,Medium Risk,No Risk,Low Risk,"1,120",Failing,1,$0 
CA4410002,SLVWD - FELTON WATER SYSTEM,SANTA CRUZ,DISTRICT 05 - MONTEREY,No Risk,No Risk,High Risk,Low Risk,"4,340",Not At-Risk,1,$0 
CA4410008,"MT. HERMON ASSOCIATION, INC.",SANTA CRUZ,DISTRICT 05 - MONTEREY,Low Risk,No Risk,No Risk,No Risk,"1,176",Not At-Risk,1,$0 
CA4410010,SANTA CRUZ WATER DEPARTMENT,SANTA CRUZ,DISTRICT 05 - MONTEREY,Low Risk,Low Risk,Low Risk,Low Risk,"94,626",Potentially At-Risk,1,"$190,705,000 "
CA4410011,"WATSONVILLE, CITY OF",SANTA CRUZ,DISTRICT 05 - MONTEREY,Medium Risk,Low Risk,Low Risk,No Risk,"65,231",Potentially At-Risk,1,$0 
CA4410013,SCOTTS VALLEY WATER DISTRICT,SANTA CRUZ,DISTRICT 05 - MONTEREY,No Risk,Low Risk,No Risk,Low Risk,"11,197",Not At-Risk,1,$0 
CA4410014,SAN LORENZO VALLEY WATER DIST,SANTA CRUZ,DISTRICT 05 - MONTEREY,No Risk,No Risk,Low Risk,Low Risk,"21,145",Not At-Risk,1,$0 
CA4410016,FOREST LAKES MWC,SANTA CRUZ,DISTRICT 05 - MONTEREY,Low Risk,No Risk,No Risk,No Risk,"1,067",Not At-Risk,1,$0 
CA4410017,SOQUEL CREEK WATER DISTRICT,SANTA CRUZ,DISTRICT 05 - MONTEREY,Low Risk,Low Risk,High Risk,Low Risk,"40,809",Not At-Risk,1,$0 
CA4410018,CENTRAL WATER DISTRICT,SANTA CRUZ,DISTRICT 05 - MONTEREY,Low Risk,Medium Risk,No Risk,No Risk,"2,726",Not At-Risk,1,$0 
CA4500003,MEL MAR MUTUAL WATER CO,SHASTA,LPA75 - SHASTA COUNTY,No Risk,High Risk,No Risk,Low Risk,300,Not At-Risk,1,$0 
CA4500006,"SHASTA CSA - SUGARLOAF, #2",SHASTA,DISTRICT 02 - LASSEN,Low Risk,Low Risk,High Risk,Low Risk,274,Not At-Risk,1,"$470,436 "
CA4500007,VERDE VALE WATER COMPANY,SHASTA,LPA75 - SHASTA COUNTY,No Risk,Low Risk,Low Risk,No Risk,356,Not At-Risk,1,$0 
CA4500008,LAKESHORE VILLA MUTUAL WATER CO,SHASTA,LPA75 - SHASTA COUNTY,No Risk,High Risk,High Risk,Low Risk,88,At-Risk,1,$0 
CA4500009,CORTLAND PINES MUTUAL WATER CO,SHASTA,LPA75 - SHASTA COUNTY,Low Risk,High Risk,No Risk,Low Risk,92,Not At-Risk,1,$0 
CA4500012,CASCADE RACQUET CLUB MUTUAL WATER,SHASTA,LPA75 - SHASTA COUNTY,No Risk,High Risk,Medium Risk,No Risk,89,Not At-Risk,1,"$533,755 "
CA4500013,LAKESIDE WOODS MUTUAL WATER CO,SHASTA,LPA75 - SHASTA COUNTY,No Risk,Low Risk,High Risk,No Risk,310,Not At-Risk,1,$0 
CA4500014,LAKESHORE HEIGHTS MUTUAL WATER,SHASTA,DISTRICT 02 - LASSEN,No Risk,High Risk,High Risk,Low Risk,264,At-Risk,1,$0 
CA4500015,"SHASTA CSA - CASTELLA, #3",SHASTA,DISTRICT 02 - LASSEN,No Risk,High Risk,No Risk,Low Risk,333,Not At-Risk,1,"$500,000 "
CA4500016,LAKEHEAD SUBD MUTUAL WATER CO,SHASTA,LPA75 - SHASTA COUNTY,No Risk,High Risk,High Risk,No Risk,70,Potentially At-Risk,1,$0 
CA4500022,DEL ORO WATER CO. - HAT CREEK DISTRICT,SHASTA,DISTRICT 02 - LASSEN,No Risk,High Risk,No Risk,No Risk,185,Not At-Risk,1,$0 
CA4500023,HAT CREEK HIGHLANDS MUTUAL WATER CO,SHASTA,DISTRICT 02 - LASSEN,No Risk,High Risk,No Risk,Medium Risk,88,At-Risk,1,"$353,724 "
CA4500027,BIG SPRINGS MUTUAL WATER SYSTEM,SHASTA,LPA75 - SHASTA COUNTY,No Risk,High Risk,No Risk,No Risk,97,Not At-Risk,1,$0 
CA4500028,"SHASTA CSA - CRAGVIEW, #23",SHASTA,DISTRICT 02 - LASSEN,No Risk,High Risk,Medium Risk,Medium Risk,248,Potentially At-Risk,1,$0 
CA4500041,ANDERSON UNION HIGH SCHOOL,SHASTA,LPA75 - SHASTA COUNTY,No Risk,Low Risk,Medium Risk,No Risk,700,Not At-Risk,1,$0 
CA4500054,BALLS FERRY FISHING RESORT,SHASTA,LPA75 - SHASTA COUNTY,No Risk,High Risk,Medium Risk,Low Risk,408,Not At-Risk,1,$0 
CA4500062,LONE TREE MOBILE HOME PARK,SHASTA,LPA75 - SHASTA COUNTY,No Risk,High Risk,Medium Risk,Low Risk,85,Not At-Risk,1,$0 
CA4500063,CEDAR CREEK MOBILEHOME PARK,SHASTA,LPA75 - SHASTA COUNTY,No Risk,High Risk,Medium Risk,Low Risk,40,At-Risk,1,$0 
CA4500066,CLEAR CREEK MOBILE PARK,SHASTA,LPA75 - SHASTA COUNTY,No Risk,Low Risk,Low Risk,Low Risk,75,Not At-Risk,1,$0 
CA4500081,LAZY LANDING MOBILE HOME PARK,SHASTA,LPA75 - SHASTA COUNTY,No Risk,Low Risk,Low Risk,Low Risk,250,Not At-Risk,1,$0 
CA4500082,MIDWAY MOBILEHOME PARK,SHASTA,LPA75 - SHASTA COUNTY,No Risk,High Risk,No Risk,No Risk,50,Not At-Risk,1,$0 
CA4500089,PINE RIDGE PARK ESTATES,SHASTA,LPA75 - SHASTA COUNTY,No Risk,High Risk,No Risk,No Risk,44,Not At-Risk,1,$0 
CA4500092,RIVER BREEZE MOBILE HOME PARK,SHASTA,LPA75 - SHASTA COUNTY,No Risk,High Risk,Low Risk,No Risk,87,Not At-Risk,1,$0 
CA4500093,CANYON CREEK MHP,SHASTA,LPA75 - SHASTA COUNTY,No Risk,Low Risk,No Risk,Low Risk,35,Not At-Risk,1,$0 
CA4500094,RIVERLAND MOBILEHOME PARK,SHASTA,LPA75 - SHASTA COUNTY,No Risk,Low Risk,Low Risk,No Risk,274,Not At-Risk,1,$0 
CA4500098,ANDERSON MOBILE HOME PARK,SHASTA,LPA75 - SHASTA COUNTY,Medium Risk,High Risk,No Risk,Low Risk,40,At-Risk,1,$0 
CA4500101,LAKE SHASTA PINES RV PARK & CAMPGROUND,SHASTA,LPA75 - SHASTA COUNTY,Low Risk,High Risk,No Risk,No Risk,168,Failing,1,$0 
CA4500102,NORTH REDDING RV VILLAGE,SHASTA,LPA75 - SHASTA COUNTY,Medium Risk,Low Risk,Low Risk,Low Risk,78,Potentially At-Risk,1,$0 
CA4500104,SUNRISE MOBILEHOME PARK,SHASTA,LPA75 - SHASTA COUNTY,Low Risk,High Risk,No Risk,Medium Risk,37,Potentially At-Risk,1,$0 
CA4500106,RIO VISTA MOBILEHOME ESTATES,SHASTA,LPA75 - SHASTA COUNTY,No Risk,High Risk,Low Risk,Low Risk,26,Not At-Risk,1,$0 
CA4500107,COTTONWOOD RIDGE MANUFACTURED HOUSING CO,SHASTA,LPA75 - SHASTA COUNTY,Medium Risk,Low Risk,Low Risk,No Risk,205,Not At-Risk,1,$0 
CA4500160,PACHECO ELEMENTARY SCHOOL,SHASTA,LPA75 - SHASTA COUNTY,No Risk,High Risk,No Risk,No Risk,450,Not At-Risk,1,$0 
CA4500161,PRAIRIE ELEMENTARY SCHOOL,SHASTA,LPA75 - SHASTA COUNTY,No Risk,High Risk,No Risk,Low Risk,375,Not At-Risk,1,$0 
CA4500163,JUNCTION SCHOOL DISTRICT,SHASTA,LPA75 - SHASTA COUNTY,No Risk,Low Risk,No Risk,No Risk,700,Not At-Risk,1,$0 
CA4500170,MONTGOMERY CREEK SCHOOL,SHASTA,LPA75 - SHASTA COUNTY,No Risk,High Risk,Medium Risk,No Risk,95,Not At-Risk,1,$0 
CA4500173,CASSEL PARK MUTUAL WATER CO,SHASTA,LPA75 - SHASTA COUNTY,No Risk,Low Risk,No Risk,Low Risk,131,Not At-Risk,1,$0 
CA4500180,MILLVILLE ELEMENTARY SCHOOL,SHASTA,LPA75 - SHASTA COUNTY,No Risk,High Risk,Low Risk,No Risk,240,Not At-Risk,1,$0 
CA4500181,WHITMORE UNION ELEM SCHOOL,SHASTA,LPA75 - SHASTA COUNTY,No Risk,Low Risk,No Risk,Low Risk,35,Not At-Risk,1,$0 
CA4500183,BLACK BUTTE ELEMENTARY SCHOOL,SHASTA,LPA75 - SHASTA COUNTY,No Risk,High Risk,No Risk,No Risk,250,Not At-Risk,1,$0 
CA4500190,OAK RUN ELEMENTARY SCHOOL,SHASTA,LPA75 - SHASTA COUNTY,No Risk,High Risk,Low Risk,No Risk,125,Not At-Risk,1,"$300,750 "
CA4500193,VERDE VALE ELEMENTARY SCHOOL,SHASTA,LPA75 - SHASTA COUNTY,No Risk,High Risk,No Risk,No Risk,340,Not At-Risk,1,$0 
CA4500194,VILLAGE GREEN,SHASTA,LPA75 - SHASTA COUNTY,No Risk,High Risk,No Risk,Medium Risk,90,Not At-Risk,1,$0 
CA4500195,STARLITE PINES MUTUAL WATER CO INC,SHASTA,LPA75 - SHASTA COUNTY,No Risk,Low Risk,No Risk,No Risk,510,Not At-Risk,1,"$4,176,834 "
CA4500200,"AMBERWOOD ESTATES, LLC",SHASTA,LPA75 - SHASTA COUNTY,No Risk,High Risk,Medium Risk,No Risk,120,Not At-Risk,1,$0 
CA4500203,RAPID RIVER MOBILEHOME PARK,SHASTA,LPA75 - SHASTA COUNTY,No Risk,High Risk,Low Risk,No Risk,92,Not At-Risk,1,$0 
CA4500204,WHITE OAK MUTUAL WATER COMPANY,SHASTA,LPA75 - SHASTA COUNTY,No Risk,Low Risk,No Risk,No Risk,415,Not At-Risk,1,$0 
CA4500210,LASSEN PINES MUTUAL WATER CO INC,SHASTA,DISTRICT 02 - LASSEN,No Risk,Low Risk,Medium Risk,No Risk,475,Not At-Risk,1,"$2,880,886 "
CA4500214,WEST VALLEY HIGH SCHOOL,SHASTA,LPA75 - SHASTA COUNTY,No Risk,High Risk,No Risk,No Risk,850,Not At-Risk,1,$0 
CA4500219,CREEKSIDE MOBILEHOME PARK,SHASTA,LPA75 - SHASTA COUNTY,Low Risk,Low Risk,No Risk,Low Risk,85,Not At-Risk,1,$0 
CA4500235,WOODRIDGE MUTUAL WATER CO,SHASTA,LPA75 - SHASTA COUNTY,No Risk,Low Risk,No Risk,No Risk,187,Not At-Risk,1,$0 
CA4500246,EL RIO ESTATES,SHASTA,LPA75 - SHASTA COUNTY,No Risk,Low Risk,Medium Risk,Low Risk,434,Not At-Risk,1,$0 
CA4500247,WEST COTTONWOOD APARTMENTS,SHASTA,LPA75 - SHASTA COUNTY,Low Risk,High Risk,No Risk,High Risk,90,At-Risk,1,$0 
CA4500255,SACRAMENTO RIVER RV PARK,SHASTA,LPA75 - SHASTA COUNTY,No Risk,High Risk,Low Risk,Low Risk,382,Not At-Risk,1,$0 
CA4500290,PINE GROVE MOBILEHOME PARK,SHASTA,LPA75 - SHASTA COUNTY,No Risk,High Risk,No Risk,No Risk,53,Not At-Risk,1,$0 
CA4500291,THE SUMMIT,SHASTA,LPA75 - SHASTA COUNTY,Not Assessed,Not Assessed,Not Assessed,Not Assessed,30,Not Assessed,1,$0 
CA4500303,TUCKER OAKS EAST WATER DISTRICT,SHASTA,LPA75 - SHASTA COUNTY,No Risk,High Risk,No Risk,Low Risk,95,Not At-Risk,1,$0 
CA4500313,SHASTA CO CSA # 8 PALO CEDRO,SHASTA,LPA75 - SHASTA COUNTY,No Risk,High Risk,No Risk,Low Risk,261,Not At-Risk,1,$0 
CA4500314,SHASTA CO CSA # 13 ALPINE MEADOWS,SHASTA,LPA75 - SHASTA COUNTY,No Risk,High Risk,No Risk,Low Risk,141,Not At-Risk,1,$0 
CA4500317,"SHASTA CSA - FRENCH GULCH, #11",SHASTA,DISTRICT 02 - LASSEN,No Risk,High Risk,High Risk,Medium Risk,419,At-Risk,1,$0 
CA4500322,BLACK BUTTE JUNIOR HIGH SCHOOL,SHASTA,LPA75 - SHASTA COUNTY,Medium Risk,High Risk,No Risk,No Risk,100,Potentially At-Risk,1,$0 
CA4510001,CITY OF ANDERSON,SHASTA,DISTRICT 02 - LASSEN,No Risk,Low Risk,Medium Risk,Low Risk,"11,147",Not At-Risk,1,"$1,620,250 "
CA4510002,MOUNTAIN GATE C.S.D.,SHASTA,DISTRICT 02 - LASSEN,No Risk,Low Risk,High Risk,Medium Risk,"2,227",Potentially At-Risk,1,"$500,000 "
CA4510003,BURNEY WATER DISTRICT,SHASTA,DISTRICT 02 - LASSEN,No Risk,Low Risk,No Risk,Low Risk,"3,154",Not At-Risk,1,"$14,431,241 "
CA4510004,"SHASTA CSA - JONES VALLEY, #6",SHASTA,DISTRICT 02 - LASSEN,No Risk,High Risk,No Risk,Low Risk,"2,006",Potentially At-Risk,1,"$1,545,525 "
CA4510005,CITY OF REDDING,SHASTA,DISTRICT 02 - LASSEN,Not Assessed,Not Assessed,Not Assessed,Not Assessed,"89,628",Not Assessed,1,"$533,755 "
CA4510006,CITY OF SHASTA LAKE,SHASTA,DISTRICT 02 - LASSEN,No Risk,High Risk,Medium Risk,Low Risk,"10,657",Not At-Risk,1,$0 
CA4510007,COTTONWOOD WATER DISTRICT,SHASTA,DISTRICT 02 - LASSEN,Low Risk,Low Risk,Low Risk,No Risk,"3,316",Not At-Risk,1,$0 
CA4510008,FALL RIVER VALLEY CSD,SHASTA,DISTRICT 02 - LASSEN,No Risk,Low Risk,High Risk,Low Risk,"1,535",Potentially At-Risk,1,"$2,196,363 "
CA4510009,SHASTA FOREST VILLAGE M.W.C.,SHASTA,DISTRICT 02 - LASSEN,No Risk,Low Risk,No Risk,Low Risk,750,Not At-Risk,1,$0 
CA4510011,CENTERVILLE C.S.D.,SHASTA,DISTRICT 02 - LASSEN,No Risk,Medium Risk,No Risk,No Risk,"4,151",Not At-Risk,1,$0 
CA4510013,SHASTA C.S.D.,SHASTA,DISTRICT 02 - LASSEN,No Risk,High Risk,No Risk,Low Risk,"3,069",Not At-Risk,1,"$9,516,283 "
CA4510014,BELLA VISTA WATER DISTRICT,SHASTA,DISTRICT 02 - LASSEN,Low Risk,Low Risk,No Risk,Low Risk,"18,612",Not At-Risk,1,$0 
CA4510015,DEL ORO WATER CO.-JOHNSON PARK,SHASTA,DISTRICT 02 - LASSEN,No Risk,Low Risk,High Risk,No Risk,904,Not At-Risk,1,$0 
CA4510016,CLEAR CREEK CSD-ANDERSON,SHASTA,DISTRICT 02 - LASSEN,Low Risk,Low Risk,No Risk,Low Risk,"8,900",Not At-Risk,1,"$4,454,257 "
CA4600009,"SIERRA CSA #5, SIERRA BROOKS",SIERRA,DISTRICT 02 - LASSEN,High Risk,Low Risk,High Risk,Low Risk,726,At-Risk,1,$0 
CA4600012,ALLEGHANY COUNTY W.D.,SIERRA,DISTRICT 02 - LASSEN,No Risk,High Risk,No Risk,Low Risk,82,Not At-Risk,1,"$2,411,592 "
CA4600017,SIERRA WATER RESOURCES - SIERRA CITY,SIERRA,DISTRICT 02 - LASSEN,No Risk,Low Risk,High Risk,No Risk,324,Not At-Risk,1,$0 
CA4600018,SIERRAVILLE P.U.D.,SIERRA,DISTRICT 02 - LASSEN,No Risk,High Risk,High Risk,Low Risk,200,At-Risk,1,$0 
CA4600019,SIERRA CO. W.W.D #1 CALPINE,SIERRA,DISTRICT 02 - LASSEN,Medium Risk,Low Risk,Low Risk,Low Risk,182,Potentially At-Risk,1,"$4,396,463 "
CA4600056,"SIERRA CITY WATER WORKS, INC.",SIERRA,DISTRICT 02 - LASSEN,No Risk,High Risk,High Risk,No Risk,250,Potentially At-Risk,1,$0 
CA4610001,CITY OF LOYALTON,SIERRA,DISTRICT 02 - LASSEN,No Risk,Low Risk,Low Risk,Low Risk,983,Not At-Risk,1,$0 
CA4610002,DOWNIEVILLE PUBLIC U.D.,SIERRA,DISTRICT 02 - LASSEN,No Risk,High Risk,Low Risk,Low Risk,783,Potentially At-Risk,1,"$1,527,533 "
CA4700503,CALLAHAN WATER DISTRICT,SISKIYOU,DISTRICT 01 - KLAMATH,Low Risk,High Risk,Medium Risk,Medium Risk,70,Failing,1,"$4,186,971 "
CA4700513,HORNBROOK C.S.D.,SISKIYOU,DISTRICT 01 - KLAMATH,Low Risk,High Risk,High Risk,High Risk,280,Failing,1,$0 
CA4700521,SISKIYOU CO.SERVICE AREA #5/CARRICK,SISKIYOU,DISTRICT 01 - KLAMATH,No Risk,No Risk,No Risk,No Risk,143,Not At-Risk,1,$0 
CA4700523,GRENADA SANITARY DISTRICT,SISKIYOU,DISTRICT 01 - KLAMATH,No Risk,High Risk,Low Risk,No Risk,289,Not At-Risk,1,$0 
CA4700528,SISKIYOU CO. ROLLING HILLS MWC,SISKIYOU,DISTRICT 01 - KLAMATH,No Risk,Low Risk,High Risk,Low Risk,300,Not At-Risk,1,$0 
CA4700531,TENNANT C.S.D.,SISKIYOU,DISTRICT 01 - KLAMATH,No Risk,High Risk,High Risk,No Risk,75,Potentially At-Risk,1,$0 
CA4700541,SHASTA HORIZON MOBILE HOME PARK,SISKIYOU,DISTRICT 01 - KLAMATH,No Risk,Low Risk,No Risk,Low Risk,55,Not At-Risk,1,$0 
CA4700542,ABRAMS LAKE MOBILE ESTATES,SISKIYOU,DISTRICT 01 - KLAMATH,Low Risk,Low Risk,No Risk,Low Risk,135,Not At-Risk,1,$0 
CA4700546,CAL ORE MOBILE ESTATES,SISKIYOU,DISTRICT 01 - KLAMATH,No Risk,High Risk,Medium Risk,Low Risk,146,Not At-Risk,1,$0 
CA4700549,LAKE SISKIYOU M.W.C.,SISKIYOU,DISTRICT 01 - KLAMATH,No Risk,Low Risk,No Risk,No Risk,277,Not At-Risk,1,$0 
CA4700551,COPCO LAKE MWC,SISKIYOU,DISTRICT 01 - KLAMATH,High Risk,Low Risk,Low Risk,Medium Risk,181,At-Risk,1,$0 
CA4700559,BUTTEVILLE UNION SCHOOL,SISKIYOU,DISTRICT 01 - KLAMATH,No Risk,High Risk,No Risk,No Risk,165,Not At-Risk,1,$0 
CA4700569,WILLOW CREEK SCHOOL,SISKIYOU,DISTRICT 01 - KLAMATH,No Risk,High Risk,Low Risk,No Risk,100,At-Risk,1,$0 
CA4700577,BIG SPRINGS UNION ELEM. SCHOOL,SISKIYOU,DISTRICT 01 - KLAMATH,High Risk,High Risk,No Risk,No Risk,95,At-Risk,1,$0 
CA4700582,GAZELLE SCHOOL,SISKIYOU,DISTRICT 01 - KLAMATH,High Risk,High Risk,Low Risk,No Risk,60,At-Risk,1,$0 
CA4700585,JUNCTION ELEMENTARY SCHOOL,SISKIYOU,DISTRICT 01 - KLAMATH,High Risk,High Risk,No Risk,No Risk,40,Failing,1,$0 
CA4700591,DELPHIC ELEMENTARY SCHOOL,SISKIYOU,DISTRICT 01 - KLAMATH,Low Risk,High Risk,Low Risk,No Risk,50,At-Risk,1,$0 
CA4700626,COVE MOBILE VILLA,SISKIYOU,DISTRICT 01 - KLAMATH,Low Risk,High Risk,No Risk,Medium Risk,105,At-Risk,1,$0 
CA4700627,SHASTA CASCADE MOBILEHOME PARK,SISKIYOU,DISTRICT 01 - KLAMATH,No Risk,High Risk,Medium Risk,Low Risk,100,Potentially At-Risk,1,$0 
CA4700630,SHASTA VIEW HEIGHTS OWNERS ASSOCIATION,SISKIYOU,DISTRICT 01 - KLAMATH,No Risk,High Risk,Medium Risk,Low Risk,48,Potentially At-Risk,1,$0 
CA4700638,OAK VALLEY ACRES P.O.A.,SISKIYOU,DISTRICT 01 - KLAMATH,No Risk,High Risk,No Risk,No Risk,41,Not At-Risk,1,$0 
CA4700686,SUN MOUNTAIN M.W.C.,SISKIYOU,DISTRICT 01 - KLAMATH,No Risk,High Risk,No Risk,No Risk,106,Not At-Risk,1,$0 
CA4700803,SHADOW MOUNTAIN MHP,SISKIYOU,DISTRICT 01 - KLAMATH,No Risk,High Risk,No Risk,Low Risk,126,At-Risk,1,$0 
CA4700872,MONTE SHASTA M.W.C.,SISKIYOU,DISTRICT 01 - KLAMATH,No Risk,Low Risk,Low Risk,No Risk,150,Not At-Risk,1,$0 
CA4700880,SISKIYOU LAKE HIGHLANDS MWC,SISKIYOU,DISTRICT 01 - KLAMATH,Low Risk,Low Risk,No Risk,Low Risk,549,Not At-Risk,1,$0 
CA4700884,SHASTINA MOBILE ESTATES,SISKIYOU,DISTRICT 01 - KLAMATH,Low Risk,Low Risk,No Risk,Medium Risk,32,Not At-Risk,1,$0 
CA4700885,COLD CREEK MUTUAL WATER COMPANY,SISKIYOU,DISTRICT 01 - KLAMATH,No Risk,Low Risk,High Risk,No Risk,25,Not At-Risk,1,$0 
CA4710001,"DORRIS, CITY OF",SISKIYOU,DISTRICT 01 - KLAMATH,No Risk,Low Risk,High Risk,Low Risk,887,Not At-Risk,1,"$2,243,755 "
CA4710002,"DUNSMUIR, CITY OF",SISKIYOU,DISTRICT 01 - KLAMATH,No Risk,High Risk,High Risk,Low Risk,"1,707",At-Risk,1,"$5,005,693 "
CA4710003,"FORT JONES, TOWN OF",SISKIYOU,DISTRICT 01 - KLAMATH,No Risk,High Risk,Medium Risk,Low Risk,695,Potentially At-Risk,1,$0 
CA4710004,"ETNA, CITY OF",SISKIYOU,DISTRICT 01 - KLAMATH,No Risk,High Risk,No Risk,No Risk,720,Not At-Risk,1,"$8,362,371 "
CA4710006,MCCLOUD C.S.D.,SISKIYOU,DISTRICT 01 - KLAMATH,Medium Risk,Low Risk,No Risk,No Risk,"1,317",Not At-Risk,1,$0 
CA4710007,"MONTAGUE, CITY OF",SISKIYOU,DISTRICT 01 - KLAMATH,No Risk,Low Risk,No Risk,Low Risk,"1,264",Not At-Risk,1,$0 
CA4710008,"MT. SHASTA, CITY OF",SISKIYOU,DISTRICT 01 - KLAMATH,No Risk,Low Risk,Medium Risk,Low Risk,"3,642",Not At-Risk,1,"$14,403,095 "
CA4710009,"WEED, CITY OF",SISKIYOU,DISTRICT 01 - KLAMATH,No Risk,Low Risk,High Risk,No Risk,"2,662",Not At-Risk,1,"$11,742,038 "
CA4710010,"TULELAKE, CITY OF",SISKIYOU,DISTRICT 01 - KLAMATH,No Risk,Low Risk,Low Risk,Low Risk,856,Not At-Risk,1,"$166,500 "
CA4710011,"YREKA, CITY OF",SISKIYOU,DISTRICT 01 - KLAMATH,Low Risk,Low Risk,High Risk,Low Risk,"7,825",Potentially At-Risk,1,"$11,997,950 "
CA4710012,HAPPY CAMP C.S.D.,SISKIYOU,DISTRICT 01 - KLAMATH,No Risk,High Risk,High Risk,Low Risk,"1,100",At-Risk,1,"$1,509,948 "
CA4710013,LAKE SHASTINA C.S.D,SISKIYOU,DISTRICT 01 - KLAMATH,Low Risk,Low Risk,No Risk,No Risk,"2,790",Not At-Risk,1,"$500,000 "
CA4800531,VACA VILLA APARTMENTS,SOLANO,DISTRICT 04 - SAN FRANCISCO,No Risk,High Risk,High Risk,Low Risk,60,Potentially At-Risk,1,$0 
CA4800561,SNUG HARBOR RV LP,SOLANO,DISTRICT 04 - SAN FRANCISCO,High Risk,Low Risk,Low Risk,Medium Risk,125,At-Risk,1,$0 
CA4800564,HIDDEN ACRES TRAILER VILLA,SOLANO,DISTRICT 04 - SAN FRANCISCO,No Risk,Low Risk,No Risk,No Risk,80,Not At-Risk,1,$0 
CA4800589,CRESTA MESA PARQUE,SOLANO,DISTRICT 04 - SAN FRANCISCO,Low Risk,High Risk,No Risk,No Risk,25,Potentially At-Risk,1,$0 
CA4800753,VINEYARD RV PARK,SOLANO,DISTRICT 04 - SAN FRANCISCO,Low Risk,Low Risk,No Risk,Low Risk,550,Not At-Risk,1,$0 
CA4810001,CITY OF BENICIA,SOLANO,DISTRICT 04 - SAN FRANCISCO,No Risk,Low Risk,No Risk,Low Risk,"27,131",Not At-Risk,1,$0 
CA4810002,CALIFORNIA WATER SERVICE CO. - DIXON,SOLANO,DISTRICT 04 - SAN FRANCISCO,High Risk,Low Risk,No Risk,Low Risk,"10,623",Potentially At-Risk,1,$0 
CA4810003,CITY OF FAIRFIELD,SOLANO,DISTRICT 04 - SAN FRANCISCO,Not Assessed,Not Assessed,Not Assessed,Not Assessed,"120,377",Not Assessed,1,$0 
CA4810004,CITY OF RIO VISTA,SOLANO,DISTRICT 04 - SAN FRANCISCO,Medium Risk,Low Risk,No Risk,Low Risk,"10,489",Not At-Risk,1,$0 
CA4810005,SUISUN-SOLANO WATER AUTHORITY,SOLANO,DISTRICT 04 - SAN FRANCISCO,Low Risk,Low Risk,No Risk,Low Risk,"29,105",Not At-Risk,1,$0 
CA4810007,CITY OF VALLEJO,SOLANO,DISTRICT 04 - SAN FRANCISCO,Not Assessed,Not Assessed,Not Assessed,Not Assessed,"121,420",Not Assessed,1,$0 
CA4810008,CITY OF VACAVILLE,SOLANO,DISTRICT 04 - SAN FRANCISCO,Not Assessed,Not Assessed,Not Assessed,Not Assessed,"97,000",Not Assessed,1,$0 
CA4810009,CITY OF DIXON,SOLANO,DISTRICT 04 - SAN FRANCISCO,Medium Risk,Low Risk,No Risk,Low Risk,"12,540",Not At-Risk,1,$0 
CA4810010,SID - GIBSON CANYON,SOLANO,DISTRICT 04 - SAN FRANCISCO,Low Risk,Low Risk,High Risk,Low Risk,535,Not At-Risk,1,$0 
CA4810011,SID - ELMIRA,SOLANO,DISTRICT 04 - SAN FRANCISCO,No Risk,High Risk,No Risk,No Risk,290,Not At-Risk,1,$0 
CA4810012,SID - QUAIL CANYON,SOLANO,DISTRICT 04 - SAN FRANCISCO,Low Risk,High Risk,High Risk,Low Risk,132,At-Risk,1,$0 
CA4810013,RURAL NORTH VACAVILLE WATER DISTRICT,SOLANO,DISTRICT 04 - SAN FRANCISCO,High Risk,Low Risk,No Risk,Low Risk,"1,313",Potentially At-Risk,1,$0 
CA4810015,TRAVIS AFB WTP - VALLEJO,SOLANO,DISTRICT 04 - SAN FRANCISCO,Not Assessed,Not Assessed,Not Assessed,Not Assessed,3,Not Assessed,1,$0 
CA4810021,CITY OF VALLEJO-LAKES SYSTEM,SOLANO,DISTRICT 04 - SAN FRANCISCO,No Risk,Low Risk,Low Risk,Low Risk,"2,800",Not At-Risk,1,$0 
CA4810024,SID - BLUE RIDGE OAKS,SOLANO,DISTRICT 04 - SAN FRANCISCO,No Risk,Medium Risk,High Risk,Low Risk,63,Potentially At-Risk,1,$0 
CA4810025,SID - PLEASANT HILLS RANCH,SOLANO,DISTRICT 04 - SAN FRANCISCO,Low Risk,Low Risk,High Risk,Medium Risk,89,Potentially At-Risk,1,$0 
CA4810026,SID - PEABODY,SOLANO,DISTRICT 04 - SAN FRANCISCO,No Risk,Medium Risk,No Risk,Low Risk,56,Not At-Risk,1,$0 
CA4810701,CALIFORNIA WATER SERVICE CO.-TRAVIS AFB,SOLANO,DISTRICT 04 - SAN FRANCISCO,No Risk,No Risk,Medium Risk,No Risk,"18,111",Not At-Risk,1,$0 
CA4810800,CALIFORNIA STATE PRISON - SOLANO,SOLANO,DISTRICT 04 - SAN FRANCISCO,No Risk,No Risk,No Risk,Medium Risk,"5,100",Not At-Risk,1,$0 
CA4810801,DELTA CONSERVATION CAMP,SOLANO,DISTRICT 04 - SAN FRANCISCO,Medium Risk,High Risk,Low Risk,Medium Risk,65,At-Risk,1,$0 
CA4900508,"CAZADERO WATER COMPANY, INC. (PUC)",SONOMA,DISTRICT 18 - SONOMA,Low Risk,High Risk,High Risk,Low Risk,525,Failing,1,$0 
CA4900510,SOUTH CLOVERDALE WATER COMPANY,SONOMA,DISTRICT 18 - SONOMA,Low Risk,High Risk,No Risk,No Risk,90,Failing,1,$0 
CA4900512,HAPPY ACRES MUTUAL BENEFIT WATER SYSTEM,SONOMA,DISTRICT 18 - SONOMA,Low Risk,High Risk,Low Risk,Low Risk,260,Not At-Risk,1,$0 
CA4900513,MADRONE MUTUAL WATER COMPANY,SONOMA,DISTRICT 18 - SONOMA,Low Risk,Low Risk,Medium Risk,No Risk,76,Not At-Risk,1,$0 
CA4900514,RANCHO DEL PARADISO-CAL WATER SVC (PUC),SONOMA,DISTRICT 18 - SONOMA,No Risk,Medium Risk,Medium Risk,No Risk,94,Not At-Risk,1,$0 
CA4900521,GILL CREEK MUTUAL WATER COMPANY,SONOMA,DISTRICT 18 - SONOMA,No Risk,Low Risk,No Risk,Low Risk,290,Not At-Risk,1,$0 
CA4900532,SONOMA COUNTY CSA 41-JENNER,SONOMA,DISTRICT 18 - SONOMA,Low Risk,High Risk,High Risk,Low Risk,406,At-Risk,1,$0 
CA4900533,MORTON'S WARM SPRINGS / SONOMA SPRINGS,SONOMA,DISTRICT 18 - SONOMA,Low Risk,High Risk,No Risk,Low Risk,59,Not At-Risk,1,$0 
CA4900536,OCCIDENTAL COMMUNITY SERVICES DISTRICT,SONOMA,DISTRICT 18 - SONOMA,No Risk,Medium Risk,No Risk,Low Risk,533,Not At-Risk,1,$0 
CA4900543,SONOMA COUNTY CSA 41-SALMON CREEK,SONOMA,DISTRICT 18 - SONOMA,Medium Risk,Low Risk,High Risk,Low Risk,427,At-Risk,1,$0 
CA4900545,"BRANGER MUTUAL WATER COMPANY, INC.",SONOMA,DISTRICT 18 - SONOMA,No Risk,Low Risk,No Risk,No Risk,300,Not At-Risk,1,$0 
CA4900546,HAWKINS WATER CO-CAL WATER SERVICE (PUC),SONOMA,DISTRICT 18 - SONOMA,High Risk,Low Risk,No Risk,No Risk,81,Not At-Risk,1,$0 
CA4900547,END-O-VALLEY MUTUAL WATER COMPANY,SONOMA,DISTRICT 18 - SONOMA,No Risk,High Risk,No Risk,Low Risk,129,Not At-Risk,1,$0 
CA4900548,HOLLAND HEIGHTS MUTUAL WATER COMPANY,SONOMA,DISTRICT 18 - SONOMA,Low Risk,Low Risk,No Risk,Medium Risk,300,Not At-Risk,1,$0 
CA4900549,SONOMA COUNTY CSA 41-FREESTONE,SONOMA,DISTRICT 18 - SONOMA,Low Risk,High Risk,High Risk,Low Risk,290,At-Risk,1,$0 
CA4900551,MELITA HEIGHTS MUTUAL WATER COMPANY,SONOMA,DISTRICT 18 - SONOMA,Low Risk,High Risk,No Risk,High Risk,64,At-Risk,1,$0 
CA4900552,MICHELE MUTUAL WATER COMPANY,SONOMA,DISTRICT 18 - SONOMA,No Risk,Low Risk,High Risk,No Risk,93,Not At-Risk,1,$0 
CA4900553,PARK ROYAL MUTUAL WATER COMPANY,SONOMA,DISTRICT 18 - SONOMA,High Risk,Low Risk,High Risk,No Risk,75,Failing,1,$0 
CA4900558,BELMONT TERRACE MUTUAL WATER COMPANY,SONOMA,DISTRICT 18 - SONOMA,Low Risk,Low Risk,High Risk,No Risk,287,Not At-Risk,1,$0 
CA4900559,FIRCREST MUTUAL WATER COMPANY,SONOMA,DISTRICT 18 - SONOMA,Low Risk,Low Risk,Medium Risk,Low Risk,126,Not At-Risk,1,$0 
CA4900560,KELLY MUTUAL WATER COMPANY,SONOMA,DISTRICT 18 - SONOMA,No Risk,Low Risk,High Risk,Low Risk,135,Not At-Risk,1,$0 
CA4900561,WILLOWSIDE MUTUAL WATER COMPANY,SONOMA,DISTRICT 18 - SONOMA,No Risk,Low Risk,No Risk,Low Risk,448,Not At-Risk,1,$0 
CA4900562,DIAMOND A MUTUAL WATER COMPANY,SONOMA,DISTRICT 18 - SONOMA,Low Risk,Low Risk,No Risk,No Risk,640,Not At-Risk,1,$0 
CA4900563,MISSION HIGHLANDS MUTUAL WATER CO.,SONOMA,DISTRICT 18 - SONOMA,Low Risk,Low Risk,No Risk,Low Risk,150,Not At-Risk,1,$0 
CA4900568,VALLEY FORD WATER ASSOCIATION,SONOMA,DISTRICT 18 - SONOMA,High Risk,Low Risk,High Risk,Low Risk,88,Failing,1,"$2,150,000 "
CA4900570,PALOMINO LAKES MUTUAL WATER CO.,SONOMA,DISTRICT 18 - SONOMA,Low Risk,High Risk,Low Risk,Low Risk,300,Failing,1,$0 
CA4900573,WILSHIRE HEIGHTS MUTUAL WATER COMPANY,SONOMA,DISTRICT 18 - SONOMA,No Risk,High Risk,No Risk,No Risk,70,Not At-Risk,1,$0 
CA4900575,LOCH HAVEN MUTUAL WATER COMPANY,SONOMA,DISTRICT 18 - SONOMA,High Risk,Low Risk,High Risk,No Risk,26,At-Risk,1,$0 
CA4900577,RIO LINDO ADVENTIST ACADEMY,SONOMA,DISTRICT 18 - SONOMA,No Risk,Low Risk,Low Risk,Low Risk,178,Not At-Risk,1,$0 
CA4900578,CARMET BY THE SEA WATER COMPANY,SONOMA,DISTRICT 18 - SONOMA,No Risk,Low Risk,High Risk,No Risk,288,Not At-Risk,1,$0 
CA4900580,SONOMA MOUNTAIN COUNTY WATER DISTRICT,SONOMA,DISTRICT 18 - SONOMA,Low Risk,Low Risk,No Risk,No Risk,181,Not At-Risk,1,$0 
CA4900582,LARKIN WOODS MUTUAL WATER COMPANY,SONOMA,DISTRICT 18 - SONOMA,No Risk,High Risk,High Risk,No Risk,34,At-Risk,1,$0 
CA4900584,TIMBER COVE COUNTY WATER DISTRICT,SONOMA,DISTRICT 18 - SONOMA,Low Risk,Low Risk,High Risk,No Risk,271,Not At-Risk,1,$0 
CA4900585,BENNETT RIDGE MUTUAL WATER COMPANY,SONOMA,DISTRICT 18 - SONOMA,No Risk,Low Risk,Low Risk,No Risk,439,Not At-Risk,1,$0 
CA4900587,BRAND WATER COMPANY,SONOMA,DISTRICT 18 - SONOMA,Low Risk,High Risk,No Risk,Low Risk,112,Not At-Risk,1,$0 
CA4900588,LAWNDALE MUTUAL WATER COMPANY,SONOMA,DISTRICT 18 - SONOMA,No Risk,Medium Risk,No Risk,No Risk,218,Not At-Risk,1,$0 
CA4900599,RANDAL'S RANCHETTE MUTUAL WATER COMPANY,SONOMA,DISTRICT 18 - SONOMA,Low Risk,No Risk,No Risk,No Risk,200,Not At-Risk,1,$0 
CA4900600,RINCON VALLEY MOBILE ESTATES,SONOMA,DISTRICT 18 - SONOMA,No Risk,Low Risk,Low Risk,Medium Risk,460,Not At-Risk,1,$0 
CA4900603,RIEBLI MUTUAL WATER COMPANY,SONOMA,DISTRICT 18 - SONOMA,No Risk,Low Risk,No Risk,Medium Risk,150,Not At-Risk,1,$0 
CA4900605,MARK WEST ACRES MWC,SONOMA,DISTRICT 18 - SONOMA,No Risk,High Risk,No Risk,No Risk,61,Not At-Risk,1,$0 
CA4900608,SIX ACRES WATER COMPANY,SONOMA,DISTRICT 18 - SONOMA,High Risk,High Risk,No Risk,Low Risk,66,Failing,1,$0 
CA4900611,RAINS CREEK WATER DISTRICT,SONOMA,DISTRICT 18 - SONOMA,No Risk,High Risk,No Risk,Low Risk,208,Potentially At-Risk,1,$0 
CA4900612,HEIGHTS MUTUAL WATER COMPANY,SONOMA,DISTRICT 18 - SONOMA,No Risk,Low Risk,No Risk,Low Risk,363,Not At-Risk,1,$0 
CA4900620,AUSTIN ACRES MUTUAL WATER COMPANY,SONOMA,DISTRICT 18 - SONOMA,Low Risk,High Risk,High Risk,No Risk,82,Potentially At-Risk,1,$0 
CA4900630,AUSTIN CREEK MUTUAL (SPRINGHILL),SONOMA,DISTRICT 18 - SONOMA,No Risk,Low Risk,High Risk,Low Risk,150,Not At-Risk,1,$0 
CA4900634,HUCKLEBERRY MUTUAL WATER COMPANY,SONOMA,DISTRICT 18 - SONOMA,Low Risk,High Risk,Medium Risk,No Risk,45,Not At-Risk,1,$0 
CA4900637,MAGIC MOUNTAIN MUTUAL WATER COMPANY,SONOMA,DISTRICT 18 - SONOMA,No Risk,High Risk,Medium Risk,Low Risk,221,Not At-Risk,1,$0 
CA4900639,REDWOOD HEIGHTS MUTUAL WATER COMPANY,SONOMA,DISTRICT 18 - SONOMA,Low Risk,High Risk,High Risk,No Risk,30,Failing,1,$0 
CA4900640,SONOMA COUNTY MUTUAL WATER COMPANY,SONOMA,DISTRICT 18 - SONOMA,Low Risk,High Risk,High Risk,Low Risk,40,At-Risk,1,$0 
CA4900641,SUNRISE MOUNTAIN MUTUAL WATER COMPANY,SONOMA,DISTRICT 18 - SONOMA,No Risk,Low Risk,High Risk,No Risk,100,Not At-Risk,1,$0 
CA4900644,BRIDGEHAVEN PARK,SONOMA,DISTRICT 18 - SONOMA,High Risk,High Risk,High Risk,Medium Risk,70,Failing,1,$0 
CA4900646,ALEXANDER VALLEY ACRES WATER COMPANY,SONOMA,DISTRICT 18 - SONOMA,No Risk,Low Risk,High Risk,No Risk,27,Not At-Risk,1,$0 
CA4900647,SERENO DEL MAR WATER COMPANY (PUC),SONOMA,DISTRICT 18 - SONOMA,No Risk,Medium Risk,High Risk,Low Risk,435,Potentially At-Risk,1,$0 
CA4900653,LONE PINE MUTUAL WATER COMPANY,SONOMA,DISTRICT 18 - SONOMA,No Risk,High Risk,No Risk,Low Risk,65,Not At-Risk,1,$0 
CA4900660,YULUPA MUTUAL WATER COMPANY,SONOMA,DISTRICT 18 - SONOMA,No Risk,Low Risk,Low Risk,Low Risk,200,Not At-Risk,1,$0 
CA4900665,RUSSIAN RIVER MUTUAL WATER CO.,SONOMA,DISTRICT 18 - SONOMA,No Risk,High Risk,High Risk,Low Risk,87,Potentially At-Risk,1,$0 
CA4900667,COLLEGE PARK MUTUAL WATER COMPANY,SONOMA,DISTRICT 18 - SONOMA,Low Risk,Low Risk,High Risk,Low Risk,244,Not At-Risk,1,$0 
CA4900669,WENDELL LANE MUTUAL WATER COMPANY,SONOMA,DISTRICT 18 - SONOMA,No Risk,High Risk,Low Risk,Low Risk,82,Not At-Risk,1,$0 
CA4900673,ATHENA TERRACE MUTUAL WATER COMPANY,SONOMA,DISTRICT 18 - SONOMA,Low Risk,Low Risk,High Risk,Low Risk,50,Not At-Risk,1,$0 
CA4900674,PINE HILL TERRACE MOBILE HOME PARK,SONOMA,DISTRICT 18 - SONOMA,No Risk,High Risk,No Risk,Low Risk,27,At-Risk,1,$0 
CA4900675,ROSELAND MOBILE HOME PARK,SONOMA,DISTRICT 18 - SONOMA,Medium Risk,No Risk,Medium Risk,No Risk,130,Not At-Risk,1,$0 
CA4900679,FORT ROSS SCHOOL DISTRICT,SONOMA,DISTRICT 18 - SONOMA,No Risk,High Risk,No Risk,No Risk,100,Not At-Risk,1,$0 
CA4900680,HORICON SCHOOL,SONOMA,DISTRICT 18 - SONOMA,No Risk,High Risk,Medium Risk,No Risk,100,Not At-Risk,1,$0 
CA4900693,BELLEVUE UNION SCH DIST-BELLEVUE SCHOOL,SONOMA,DISTRICT 18 - SONOMA,No Risk,High Risk,Low Risk,No Risk,380,Not At-Risk,1,$0 
CA4900694,WRIGHT ELEMENTARY SCHOOL,SONOMA,DISTRICT 18 - SONOMA,Low Risk,High Risk,Medium Risk,No Risk,500,Failing,1,"$275,000 "
CA4900695,NORTHWEST PREP CHARTER SCHOOL,SONOMA,DISTRICT 18 - SONOMA,No Risk,High Risk,No Risk,No Risk,325,Not At-Risk,1,$0 
CA4900699,OLIVET ELEMENTARY SCHOOL,SONOMA,DISTRICT 18 - SONOMA,No Risk,High Risk,No Risk,Low Risk,400,Not At-Risk,1,$0 
CA4900703,OAK GROVE SCHOOL,SONOMA,DISTRICT 18 - SONOMA,No Risk,Low Risk,No Risk,No Risk,500,Not At-Risk,1,$0 
CA4900704,ALEXANDER VALLEY UNION SCHOOL DISTRICT,SONOMA,DISTRICT 18 - SONOMA,No Risk,High Risk,No Risk,No Risk,200,Not At-Risk,1,$0 
CA4900705,GEYSERVILLE NEWTECH ACADEMY SCHOOL,SONOMA,DISTRICT 18 - SONOMA,No Risk,High Risk,No Risk,No Risk,200,Not At-Risk,1,$0 
CA4900707,TWIN HILLS SCHOOL DIST-TWIN HILLS SCHOOL,SONOMA,DISTRICT 18 - SONOMA,No Risk,High Risk,No Risk,No Risk,400,Not At-Risk,1,$0 
CA4900708,GRAVENSTEIN SCHOOL DISTRICT-GRAVENSTEIN,SONOMA,DISTRICT 18 - SONOMA,No Risk,High Risk,No Risk,No Risk,398,Not At-Risk,1,$0 
CA4900710,TWIN HILLS SCHOOL DIST-APPLE BLOSSOM SCH,SONOMA,DISTRICT 18 - SONOMA,No Risk,High Risk,Low Risk,No Risk,400,Not At-Risk,1,$0 
CA4900711,GRAVENSTEIN SCHOOL DISTRICT-HILLCREST,SONOMA,DISTRICT 18 - SONOMA,No Risk,High Risk,No Risk,No Risk,289,Not At-Risk,1,$0 
CA4900714,LIBERTY SCHOOL,SONOMA,DISTRICT 18 - SONOMA,High Risk,High Risk,No Risk,No Risk,225,At-Risk,1,$0 
CA4900716,CINNABAR ELEMENTARY SCHOOL,SONOMA,DISTRICT 18 - SONOMA,No Risk,High Risk,Low Risk,No Risk,228,Not At-Risk,1,$0 
CA4900719,WEST SIDE UNION SCHOOL DISTRICT,SONOMA,DISTRICT 18 - SONOMA,No Risk,High Risk,No Risk,No Risk,175,Not At-Risk,1,$0 
CA4900720,MOBILE HOME ESTATES,SONOMA,DISTRICT 18 - SONOMA,Low Risk,High Risk,No Risk,High Risk,210,Failing,1,$0 
CA4900721,COLONIAL PARK,SONOMA,DISTRICT 18 - SONOMA,Low Risk,Low Risk,No Risk,No Risk,342,Not At-Risk,1,$0 
CA4900723,SHAMROCK MOBILE HOME PARK,SONOMA,DISTRICT 18 - SONOMA,Medium Risk,High Risk,No Risk,Medium Risk,188,At-Risk,1,$0 
CA4900728,EVERGREEN MOBILE ESTATES,SONOMA,DISTRICT 18 - SONOMA,Low Risk,High Risk,No Risk,Low Risk,65,Potentially At-Risk,1,$0 
CA4900736,CLEAR CREEK WATER COMPANY,SONOMA,DISTRICT 18 - SONOMA,No Risk,High Risk,No Risk,No Risk,40,Not At-Risk,1,$0 
CA4900739,DUNHAM SCHOOL,SONOMA,DISTRICT 18 - SONOMA,No Risk,High Risk,No Risk,No Risk,175,Not At-Risk,1,$0 
CA4900785,NOEL HEIGHTS-CAL WATER SERVICE (PUC),SONOMA,DISTRICT 18 - SONOMA,Low Risk,High Risk,Low Risk,No Risk,79,Not At-Risk,1,$0 
CA4900787,PLAZA MOBILE HOME PARK,SONOMA,DISTRICT 18 - SONOMA,Low Risk,Low Risk,Medium Risk,Medium Risk,169,Not At-Risk,1,"$97,908 "
CA4900789,BLUE SPRUCE MOBILE HOME PARK,SONOMA,DISTRICT 18 - SONOMA,No Risk,High Risk,Medium Risk,Low Risk,90,Potentially At-Risk,1,$0 
CA4900791,WESTERN MOBILE HOME PARK,SONOMA,DISTRICT 18 - SONOMA,High Risk,Low Risk,Medium Risk,Medium Risk,178,At-Risk,1,"$81,958 "
CA4900793,VINEHILL VISTAS MUTUAL WATER COMPANY,SONOMA,DISTRICT 18 - SONOMA,Low Risk,Low Risk,No Risk,No Risk,42,Not At-Risk,1,$0 
CA4900794,SUNSET PARK COMMUNITY,SONOMA,DISTRICT 18 - SONOMA,Low Risk,High Risk,Medium Risk,Low Risk,141,Potentially At-Risk,1,$0 
CA4900795,STONEGATE MOBILE HOME PARK,SONOMA,DISTRICT 18 - SONOMA,High Risk,High Risk,Low Risk,Low Risk,196,Failing,1,$0 
CA4900796,SANTA ROSA MOBILE ESTATES,SONOMA,DISTRICT 18 - SONOMA,Medium Risk,Low Risk,Medium Risk,Low Risk,420,Potentially At-Risk,1,$0 
CA4900797,NORTH STAR MOBILE HOME PARK,SONOMA,DISTRICT 18 - SONOMA,Low Risk,High Risk,Medium Risk,No Risk,221,Potentially At-Risk,1,$0 
CA4900798,"MOUNTAIN VIEW MOBILE ESTATES, LLC",SONOMA,DISTRICT 18 - SONOMA,Medium Risk,High Risk,Medium Risk,Low Risk,250,At-Risk,1,$0 
CA4900799,EL PORTAL MOBILE ESTATES,SONOMA,DISTRICT 18 - SONOMA,High Risk,Low Risk,High Risk,Low Risk,200,At-Risk,1,"$80,295 "
CA4900832,LEISURE MOBILE HOME PARK,SONOMA,DISTRICT 18 - SONOMA,No Risk,No Risk,Low Risk,No Risk,410,Not At-Risk,1,$0 
CA4900843,SONOMA RANCH MUTUAL WATER COMPANY,SONOMA,DISTRICT 18 - SONOMA,Low Risk,Low Risk,Low Risk,No Risk,151,Not At-Risk,1,$0 
CA4900846,ROLLING OAKS ROAD ASSOCIATION,SONOMA,DISTRICT 18 - SONOMA,Low Risk,Low Risk,No Risk,No Risk,25,Not At-Risk,1,$0 
CA4900850,BODEGA WATER COMPANY,SONOMA,DISTRICT 18 - SONOMA,High Risk,High Risk,High Risk,Low Risk,77,Failing,1,$0 
CA4900871,MOON VALLEY WATER SYSTEM,SONOMA,DISTRICT 18 - SONOMA,High Risk,No Risk,Low Risk,Medium Risk,691,At-Risk,1,$0 
CA4900892,SUMMIT VIEW RANCH MUTUAL WATER CO.,SONOMA,DISTRICT 18 - SONOMA,Low Risk,High Risk,High Risk,Low Risk,45,Potentially At-Risk,1,$0 
CA4900893,WEST WATER COMPANY (PUC),SONOMA,DISTRICT 18 - SONOMA,Low Risk,High Risk,Medium Risk,Medium Risk,40,Failing,1,$0 
CA4900901,SOBRE VISTA WATER COMPANY,SONOMA,DISTRICT 18 - SONOMA,No Risk,No Risk,No Risk,No Risk,80,Not At-Risk,1,$0 
CA4900905,MARK WEST MEADOWS MUTUAL WATER,SONOMA,DISTRICT 18 - SONOMA,No Risk,Low Risk,High Risk,No Risk,20,Not At-Risk,1,$0 
CA4900907,SUMMERFIELD WALDORF SCHOOL,SONOMA,DISTRICT 18 - SONOMA,Medium Risk,High Risk,Low Risk,No Risk,301,Potentially At-Risk,1,$0 
CA4900913,ROBIN WAY WATER SYSTEM,SONOMA,DISTRICT 18 - SONOMA,High Risk,High Risk,Medium Risk,Medium Risk,66,Failing,1,$0 
CA4900943,ALLIANCE REDWOODS CONFERENCE GROUNDS,SONOMA,DISTRICT 18 - SONOMA,No Risk,Low Risk,No Risk,Medium Risk,418,Not At-Risk,1,$0 
CA4900945,PRESENTATION SCHOOL,SONOMA,DISTRICT 18 - SONOMA,No Risk,High Risk,No Risk,No Risk,200,Not At-Risk,1,$0 
CA4900973,GEORGE RANCH MUTUAL WATER COMPANY,SONOMA,DISTRICT 18 - SONOMA,Medium Risk,Low Risk,No Risk,No Risk,148,Not At-Risk,1,$0 
CA4901062,KINNYBROOK MUTUAL WATER COMPANY,SONOMA,DISTRICT 18 - SONOMA,No Risk,Low Risk,High Risk,Low Risk,48,Not At-Risk,1,$0 
CA4901071,BOULEVARD HEIGHTS MUTUAL WATER,SONOMA,DISTRICT 18 - SONOMA,No Risk,Low Risk,High Risk,No Risk,60,Not At-Risk,1,$0 
CA4901156,WILLOWSIDE SCHOOL,SONOMA,DISTRICT 18 - SONOMA,No Risk,High Risk,Low Risk,No Risk,460,Not At-Risk,1,$0 
CA4901168,SALMON CREEK MIDDLE SCHOOL,SONOMA,DISTRICT 18 - SONOMA,High Risk,High Risk,No Risk,No Risk,300,At-Risk,1,$0 
CA4901190,LIETO WATER SYSTEM (REACH CHARTR SCHOOL),SONOMA,DISTRICT 18 - SONOMA,No Risk,High Risk,No Risk,No Risk,30,Not At-Risk,1,$0 
CA4901214,ADOBE CHRISTIAN CHURCH,SONOMA,DISTRICT 18 - SONOMA,Not Assessed,Not Assessed,Not Assessed,Not Assessed,50,Not Assessed,1,$0 
CA4901215,PLUMFIELD ACADEMY SCHOOL (OCCIDENTAL RD),SONOMA,DISTRICT 18 - SONOMA,No Risk,High Risk,No Risk,No Risk,30,Not At-Risk,1,$0 
CA4901221,GRATON MUTUAL WATER SYSTEM,SONOMA,DISTRICT 18 - SONOMA,Low Risk,High Risk,High Risk,Low Risk,50,Potentially At-Risk,1,$0 
CA4901246,DOWNTOWN GRATON MUTUAL WATER SYSTEM,SONOMA,DISTRICT 18 - SONOMA,Low Risk,No Risk,No Risk,No Risk,115,Not At-Risk,1,$0 
CA4901309,HILTON MUTUAL WATER COMPANY,SONOMA,DISTRICT 18 - SONOMA,No Risk,High Risk,No Risk,No Risk,100,Not At-Risk,1,$0 
CA4901314,ODIYAN BUDDHIST RETREAT CENTER,SONOMA,DISTRICT 18 - SONOMA,Low Risk,Low Risk,High Risk,No Risk,35,Potentially At-Risk,1,$0 
CA4901346,DELORES LANE WATER SYSTEM,SONOMA,DISTRICT 18 - SONOMA,Low Risk,Low Risk,Medium Risk,Medium Risk,59,Potentially At-Risk,1,$0 
CA4901355,TERRACE VIEW WATER SYSTEM,SONOMA,DISTRICT 18 - SONOMA,Low Risk,Low Risk,No Risk,No Risk,60,Not At-Risk,1,$0 
CA4901381,LICHAU HYLANDS MUTUAL WATER COMPANY,SONOMA,DISTRICT 18 - SONOMA,No Risk,Low Risk,High Risk,Low Risk,56,Not At-Risk,1,$0 
CA4901382,CHILDKIND LAGUNA PRESCHOOL,SONOMA,DISTRICT 18 - SONOMA,Not Assessed,Not Assessed,Not Assessed,Not Assessed,42,Not Assessed,1,$0 
CA4901436,SEBASTOPOL CHARTER SCHOOL,SONOMA,DISTRICT 18 - SONOMA,High Risk,High Risk,No Risk,No Risk,310,At-Risk,1,$0 
CA4901445,JAMES COURT WATER SYSTEM,SONOMA,DISTRICT 18 - SONOMA,Low Risk,Low Risk,No Risk,Medium Risk,208,Failing,1,$0 
CA4901483,CLEARWATER RANCH,SONOMA,DISTRICT 18 - SONOMA,No Risk,High Risk,No Risk,No Risk,25,Not At-Risk,1,$0 
CA4910002,"CLOVERDALE, CITY OF",SONOMA,DISTRICT 18 - SONOMA,No Risk,Low Risk,No Risk,Low Risk,"10,398",Not At-Risk,1,$0 
CA4910003,PENNGROVE WATER COMPANY (PUC),SONOMA,DISTRICT 18 - SONOMA,No Risk,No Risk,No Risk,Low Risk,"1,742",Not At-Risk,1,$0 
CA4910004,SWEETWATER SPRINGS CWD - GUERNEVILLE,SONOMA,DISTRICT 18 - SONOMA,No Risk,High Risk,Low Risk,Low Risk,"6,000",At-Risk,1,$0 
CA4910005,"HEALDSBURG, CITY OF",SONOMA,DISTRICT 18 - SONOMA,No Risk,No Risk,Low Risk,No Risk,"10,985",Not At-Risk,1,$0 
CA4910006,"PETALUMA, CITY OF",SONOMA,DISTRICT 18 - SONOMA,No Risk,No Risk,No Risk,No Risk,"60,781",Not At-Risk,1,$0 
CA4910007,"SEA RANCH WATER COMPANY,THE (PUC)",SONOMA,DISTRICT 18 - SONOMA,No Risk,Low Risk,High Risk,No Risk,"1,160",Not At-Risk,1,$0 
CA4910008,RUSSIAN RIVER COUNTY WATER DISTRICT,SONOMA,DISTRICT 18 - SONOMA,No Risk,No Risk,High Risk,Low Risk,"4,150",Not At-Risk,1,$0 
CA4910009,"SANTA ROSA, CITY OF",SONOMA,DISTRICT 18 - SONOMA,Not Assessed,Not Assessed,Not Assessed,Not Assessed,"175,396",Not Assessed,1,"$275,000 "
CA4910010,SONOMA COUNTY CSA 41-FITCH MOUNTAIN,SONOMA,DISTRICT 18 - SONOMA,No Risk,Medium Risk,High Risk,Low Risk,"1,265",Potentially At-Risk,1,$0 
CA4910011,"SEBASTOPOL, CITY OF",SONOMA,DISTRICT 18 - SONOMA,High Risk,Low Risk,No Risk,Low Risk,"7,522",At-Risk,1,$0 
CA4910012,"SONOMA, CITY OF",SONOMA,DISTRICT 18 - SONOMA,No Risk,No Risk,No Risk,No Risk,"11,725",Not At-Risk,1,$0 
CA4910013,VALLEY OF THE MOON WATER DISTRICT,SONOMA,DISTRICT 18 - SONOMA,No Risk,No Risk,No Risk,No Risk,"23,107",Not At-Risk,1,$0 
CA4910014,"ROHNERT PARK, CITY OF",SONOMA,DISTRICT 18 - SONOMA,No Risk,No Risk,No Risk,No Risk,"43,821",Not At-Risk,1,$0 
CA4910016,"COTATI, CITY OF",SONOMA,DISTRICT 18 - SONOMA,No Risk,No Risk,No Risk,Low Risk,"7,303",Not At-Risk,1,$0 
CA4910017,"WINDSOR, TOWN OF",SONOMA,DISTRICT 18 - SONOMA,No Risk,No Risk,No Risk,Low Risk,"25,561",Not At-Risk,1,$0 
CA4910018,ARMSTRONG VALLEY-CAL WATER SERVICE (PUC),SONOMA,DISTRICT 18 - SONOMA,No Risk,Low Risk,No Risk,No Risk,473,Not At-Risk,1,$0 
CA4910019,FORESTVILLE WATER DISTRICT,SONOMA,DISTRICT 18 - SONOMA,No Risk,No Risk,No Risk,Low Risk,"3,788",Not At-Risk,1,$0 
CA4910020,SONOMA COUNTY WATER AGENCY,SONOMA,DISTRICT 18 - SONOMA,Not Assessed,Not Assessed,Not Assessed,Not Assessed,0,Not Assessed,1,$0 
CA4910021,BODEGA BAY PUBLIC UTILITY DISTRICT,SONOMA,DISTRICT 18 - SONOMA,Low Risk,Low Risk,No Risk,No Risk,"1,069",Not At-Risk,1,$0 
CA4910022,CANON MANOR WATER SYSTEM,SONOMA,DISTRICT 18 - SONOMA,Low Risk,Low Risk,No Risk,Low Risk,805,Not At-Risk,1,$0 
CA4910023,CALIFORNIA-AMERICAN LARKFIELD (PUC),SONOMA,DISTRICT 18 - SONOMA,Low Risk,No Risk,No Risk,No Risk,"7,913",Not At-Risk,1,$0 
CA4910024,CALIFORNIA-AMERICAN GEYSERVILLE (PUC),SONOMA,DISTRICT 18 - SONOMA,No Risk,Low Risk,No Risk,No Risk,"1,046",Not At-Risk,1,$0 
CA4910025,KENWOOD VILLAGE WATER COMPANY (PUC),SONOMA,DISTRICT 18 - SONOMA,Medium Risk,No Risk,Low Risk,Low Risk,"1,029",Potentially At-Risk,1,$0 
CA4910026,ODD FELLOWS RECREATION CLUB,SONOMA,DISTRICT 18 - SONOMA,Low Risk,Low Risk,Low Risk,No Risk,757,Not At-Risk,1,$0 
CA4910027,SONOMA STATE UNIVERSITY,SONOMA,DISTRICT 18 - SONOMA,No Risk,Low Risk,Low Risk,Medium Risk,"10,986",Not At-Risk,1,$0 
CA4910028,SWEETWATER SPRINGS CWD - MONTE RIO,SONOMA,DISTRICT 18 - SONOMA,Low Risk,Low Risk,High Risk,No Risk,"3,000",Not At-Risk,1,$0 
CA4910029,CAMP MEEKER WATER SYSTEM,SONOMA,DISTRICT 18 - SONOMA,No Risk,High Risk,No Risk,Low Risk,"1,171",Not At-Risk,1,$0 
CA4910701,U.S. COAST GUARD TRAINING CENTER,SONOMA,DISTRICT 18 - SONOMA,No Risk,Medium Risk,No Risk,No Risk,469,Not At-Risk,1,$0 
CA5000005,CROWS LANDING COMM SVC DISTRICT,STANISLAUS,LPA80 - STANISLAUS COUNTY,Low Risk,Medium Risk,Medium Risk,Low Risk,500,Potentially At-Risk,1,"$1,320,681 "
CA5000008,KNIGHTS FERRY COMM. SVC. DIST.,STANISLAUS,LPA80 - STANISLAUS COUNTY,Medium Risk,High Risk,High Risk,Low Risk,168,At-Risk,1,"$735,500 "
CA5000010,TID/ LA GRANGE WATER SYSTEM,STANISLAUS,LPA80 - STANISLAUS COUNTY,Low Risk,Low Risk,High Risk,Low Risk,195,Not At-Risk,1,$0 
CA5000013,OID #45,STANISLAUS,LPA80 - STANISLAUS COUNTY,No Risk,Low Risk,No Risk,Low Risk,144,Not At-Risk,1,$0 
CA5000014,OID #46 - SUNSET OAKS,STANISLAUS,LPA80 - STANISLAUS COUNTY,No Risk,Low Risk,No Risk,No Risk,269,Not At-Risk,1,$0 
CA5000015,OID #22 - WILLIAMS TRACT,STANISLAUS,LPA80 - STANISLAUS COUNTY,No Risk,High Risk,Low Risk,Low Risk,150,Potentially At-Risk,1,$0 
CA5000017,PARK HEIGHTS MUTUAL WATER CO,STANISLAUS,LPA80 - STANISLAUS COUNTY,Low Risk,Low Risk,High Risk,No Risk,250,Not At-Risk,1,$0 
CA5000019,RIVERDALE PARK TRACT CSD,STANISLAUS,LPA80 - STANISLAUS COUNTY,High Risk,High Risk,Medium Risk,Low Risk,610,Failing,1,"$3,557,796 "
CA5000020,RIVER ROAD MUTUAL WATER COMPANY,STANISLAUS,LPA80 - STANISLAUS COUNTY,Low Risk,High Risk,High Risk,No Risk,26,Failing,1,$0 
CA5000033,COBLES CORNER,STANISLAUS,LPA80 - STANISLAUS COUNTY,High Risk,High Risk,No Risk,Medium Risk,50,Failing,1,$0 
CA5000041,MAZE BLVD MOBILEHOME PARK,STANISLAUS,LPA80 - STANISLAUS COUNTY,No Risk,High Risk,No Risk,Low Risk,36,Not At-Risk,1,$0 
CA5000048,LAZY B MOBILEHOME PARK,STANISLAUS,LPA80 - STANISLAUS COUNTY,High Risk,Low Risk,Medium Risk,Medium Risk,125,Failing,1,$0 
CA5000049,LONE PINE MHP,STANISLAUS,LPA80 - STANISLAUS COUNTY,Medium Risk,Low Risk,Low Risk,Low Risk,64,Potentially At-Risk,1,$0 
CA5000054,MORNINGSIDE MOBILEHOME PARK,STANISLAUS,LPA80 - STANISLAUS COUNTY,No Risk,Low Risk,No Risk,Low Risk,67,Not At-Risk,1,$0 
CA5000055,OLIVE LANE MOBILEHOME PARK,STANISLAUS,LPA80 - STANISLAUS COUNTY,High Risk,Low Risk,Medium Risk,Low Risk,153,At-Risk,1,$0 
CA5000058,FISHERMAN'S BEND MHP,STANISLAUS,LPA80 - STANISLAUS COUNTY,No Risk,High Risk,No Risk,Medium Risk,120,Potentially At-Risk,1,$0 
CA5000060,CASA DE AMIGOS MANUFACTURED HOUSING COMM,STANISLAUS,LPA80 - STANISLAUS COUNTY,No Risk,High Risk,Low Risk,No Risk,204,Potentially At-Risk,1,$0 
CA5000061,MARTIN'S MOBILE HOME COURT,STANISLAUS,LPA80 - STANISLAUS COUNTY,High Risk,High Risk,No Risk,High Risk,60,Failing,1,$0 
CA5000067,TULLY MOBILE ESTATES,STANISLAUS,LPA80 - STANISLAUS COUNTY,High Risk,High Risk,No Risk,Medium Risk,56,At-Risk,1,$0 
CA5000071,TWIN CYPRESS MOBILE HOME PARK,STANISLAUS,LPA80 - STANISLAUS COUNTY,Medium Risk,High Risk,Low Risk,Medium Risk,112,At-Risk,1,$0 
CA5000072,MULBERRY MHP,STANISLAUS,LPA80 - STANISLAUS COUNTY,No Risk,Low Risk,Low Risk,No Risk,148,Not At-Risk,1,$0 
CA5000080,COUNTRY WESTERN MHRV,STANISLAUS,LPA80 - STANISLAUS COUNTY,Medium Risk,High Risk,High Risk,No Risk,55,At-Risk,1,$0 
CA5000082,4N MOBILEHOME PARK,STANISLAUS,LPA80 - STANISLAUS COUNTY,Medium Risk,High Risk,No Risk,Low Risk,65,At-Risk,1,$0 
CA5000090,RIVERVIEW MOBILE HOME ESTATES,STANISLAUS,LPA80 - STANISLAUS COUNTY,High Risk,High Risk,No Risk,Medium Risk,540,Failing,1,$0 
CA5000095,SUNRISE VILLAGE MHP,STANISLAUS,LPA80 - STANISLAUS COUNTY,Low Risk,High Risk,Medium Risk,Low Risk,353,Failing,1,$0 
CA5000099,DEL RIO EAST HOA WATER SYSTEM,STANISLAUS,LPA80 - STANISLAUS COUNTY,Medium Risk,Low Risk,No Risk,Medium Risk,110,Potentially At-Risk,1,$0 
CA5000101,CHATOM SCHOOL (EH),STANISLAUS,LPA80 - STANISLAUS COUNTY,No Risk,High Risk,No Risk,No Risk,385,Not At-Risk,1,$0 
CA5000109,CERES UNIFIED/WESTPORT SCHOOL,STANISLAUS,LPA80 - STANISLAUS COUNTY,High Risk,High Risk,Medium Risk,No Risk,450,Failing,1,$0 
CA5000132,VALLEY HOME SCHOOL TEXAS,STANISLAUS,LPA80 - STANISLAUS COUNTY,No Risk,High Risk,No Risk,No Risk,80,Not At-Risk,1,$0 
CA5000133,HART- RANSOM UNION SCHOOL & DISTRICT,STANISLAUS,LPA80 - STANISLAUS COUNTY,No Risk,High Risk,No Risk,No Risk,650,Not At-Risk,1,$0 
CA5000155,ROBERTS FERRY SCHOOL CAFETERIA,STANISLAUS,LPA80 - STANISLAUS COUNTY,No Risk,High Risk,Low Risk,No Risk,100,Not At-Risk,1,$0 
CA5000218,COUNTRY VILLA APTS,STANISLAUS,LPA80 - STANISLAUS COUNTY,High Risk,High Risk,No Risk,Medium Risk,60,Failing,1,$0 
CA5000237,NORTH OAKS MUTUAL WATER CO,STANISLAUS,LPA80 - STANISLAUS COUNTY,Low Risk,Medium Risk,No Risk,Low Risk,234,Not At-Risk,1,$0 
CA5000249,STANISLAUS UNION SCHOOL DIST,STANISLAUS,LPA80 - STANISLAUS COUNTY,High Risk,High Risk,No Risk,No Risk,390,Failing,1,$0 
CA5000255,MOUNTAIN VIEW ELEMENTARY SCHOOL,STANISLAUS,LPA80 - STANISLAUS COUNTY,High Risk,High Risk,Medium Risk,No Risk,170,Failing,1,"$1,110,000 "
CA5000263,OASIS INVESTMENTS,STANISLAUS,LPA80 - STANISLAUS COUNTY,Low Risk,High Risk,No Risk,Medium Risk,75,Potentially At-Risk,1,$0 
CA5000273,GRATTON SCHOOL,STANISLAUS,LPA80 - STANISLAUS COUNTY,High Risk,High Risk,No Risk,No Risk,110,At-Risk,1,$0 
CA5000274,PARADISE SCHOOL,STANISLAUS,LPA80 - STANISLAUS COUNTY,Low Risk,High Risk,No Risk,No Risk,218,Not At-Risk,1,$0 
CA5000277,VALLEY HOME SCHOOL PIONEER,STANISLAUS,LPA80 - STANISLAUS COUNTY,No Risk,High Risk,No Risk,No Risk,26,At-Risk,1,$0 
CA5000295,SHILOH SCHOOL DISTRICT,STANISLAUS,LPA80 - STANISLAUS COUNTY,High Risk,High Risk,No Risk,No Risk,105,Failing,1,$0 
CA5000297,BUEHNER HOUSES,STANISLAUS,LPA80 - STANISLAUS COUNTY,High Risk,High Risk,Low Risk,Medium Risk,25,At-Risk,1,$0 
CA5000313,BUEHNER WATER SYSTEM,STANISLAUS,LPA80 - STANISLAUS COUNTY,Low Risk,Medium Risk,No Risk,Medium Risk,150,Potentially At-Risk,1,$0 
CA5000317,OID #51 - SUNSET OAKS #10,STANISLAUS,LPA80 - STANISLAUS COUNTY,No Risk,Low Risk,No Risk,No Risk,287,Not At-Risk,1,$0 
CA5000335,"BRETHREN HERITAGE SCHOOL, INC",STANISLAUS,LPA80 - STANISLAUS COUNTY,High Risk,High Risk,No Risk,No Risk,50,At-Risk,1,$0 
CA5000389,MONTEREY PARK TRACT CSD,STANISLAUS,LPA80 - STANISLAUS COUNTY,No Risk,Medium Risk,High Risk,No Risk,186,Potentially At-Risk,1,"$64,381 "
CA5000404,WOOD COLONY CHRISTIAN SCHOOL,STANISLAUS,LPA80 - STANISLAUS COUNTY,High Risk,High Risk,No Risk,No Risk,90,At-Risk,1,$0 
CA5000408,WESTLEY CSD,STANISLAUS,LPA80 - STANISLAUS COUNTY,No Risk,Medium Risk,High Risk,Low Risk,70,At-Risk,1,"$856,173 "
CA5000433,OID-OAKDALE RURAL WATER SYSTEM #1,STANISLAUS,DISTRICT 10 - STOCKTON,No Risk,Low Risk,No Risk,Low Risk,"1,570",Not At-Risk,1,$0 
CA5000568,GREGORI HIGH SCHOOL,STANISLAUS,LPA80 - STANISLAUS COUNTY,No Risk,High Risk,No Risk,No Risk,"2,000",Not At-Risk,1,$0 
CA5000579,FOSTER FARMS #5,STANISLAUS,LPA80 - STANISLAUS COUNTY,Low Risk,Low Risk,No Risk,Medium Risk,26,Not At-Risk,1,$0 
CA5000584,MESA ELEMENTARY SCHOOL,STANISLAUS,LPA80 - STANISLAUS COUNTY,No Risk,High Risk,Medium Risk,No Risk,860,Not At-Risk,1,$0 
CA5010005,CITY OF MODESTO - SALIDA,STANISLAUS,DISTRICT 10 - STOCKTON,Low Risk,No Risk,No Risk,Low Risk,"14,537",Not At-Risk,1,$0 
CA5010006,CITY OF WATERFORD,STANISLAUS,DISTRICT 10 - STOCKTON,No Risk,Low Risk,Low Risk,No Risk,"8,788",Not At-Risk,1,$0 
CA5010007,HILLSVIEW HOMES,STANISLAUS,DISTRICT 10 - STOCKTON,High Risk,Medium Risk,Low Risk,No Risk,887,Failing,1,$0 
CA5010008,"HUGHSON, CITY OF",STANISLAUS,DISTRICT 10 - STOCKTON,High Risk,Low Risk,No Risk,No Risk,"7,481",Failing,1,"$12,832,762 "
CA5010009,KEYES COMMUNITY SERVICES DIST.,STANISLAUS,DISTRICT 10 - STOCKTON,High Risk,Low Risk,Low Risk,Low Risk,"5,672",Failing,1,"$15,315,175 "
CA5010010,"MODESTO, CITY OF",STANISLAUS,DISTRICT 10 - STOCKTON,Not Assessed,Not Assessed,Not Assessed,Not Assessed,"218,771",Not Assessed,1,"$3,557,796 "
CA5010013,CITY OF NEWMAN-WATER DEPARTMENT,STANISLAUS,DISTRICT 10 - STOCKTON,Low Risk,Medium Risk,Low Risk,Low Risk,"12,207",Potentially At-Risk,1,"$9,948,998 "
CA5010014,"OAKDALE, CITY OF",STANISLAUS,DISTRICT 10 - STOCKTON,No Risk,Low Risk,Low Risk,No Risk,"23,235",Not At-Risk,1,$0 
CA5010017,"PATTERSON, CITY OF",STANISLAUS,DISTRICT 10 - STOCKTON,Medium Risk,Medium Risk,No Risk,Low Risk,"23,304",Potentially At-Risk,1,"$3,922,423 "
CA5010018,"RIVERBANK, CITY OF",STANISLAUS,DISTRICT 10 - STOCKTON,High Risk,Low Risk,No Risk,Low Risk,"24,834",Potentially At-Risk,1,$0 
CA5010019,"TURLOCK, CITY OF",STANISLAUS,DISTRICT 10 - STOCKTON,Low Risk,No Risk,Low Risk,Low Risk,"72,682",Failing,1,$0 
CA5010021,DENAIR COMMUNITY SERVICES DISTRICT,STANISLAUS,DISTRICT 10 - STOCKTON,Low Risk,Low Risk,No Risk,No Risk,"5,090",Not At-Risk,1,$0 
CA5010023,CITY OF MODESTO - SOUTH TURLOCK,STANISLAUS,DISTRICT 10 - STOCKTON,No Risk,No Risk,Low Risk,Low Risk,"1,099",Not At-Risk,1,$0 
CA5010026,WATERFORD - HICKMAN,STANISLAUS,DISTRICT 10 - STOCKTON,No Risk,Low Risk,No Risk,No Risk,597,Not At-Risk,1,$0 
CA5010028,"CERES, CITY OF",STANISLAUS,DISTRICT 10 - STOCKTON,High Risk,No Risk,Medium Risk,No Risk,"54,513",Failing,1,$0 
CA5010029,CITY OF MODESTO - DEL RIO,STANISLAUS,DISTRICT 10 - STOCKTON,High Risk,Low Risk,No Risk,Low Risk,"1,327",Potentially At-Risk,1,$0 
CA5010031,CITY OF MODESTO - WALNUT MANOR,STANISLAUS,DISTRICT 10 - STOCKTON,No Risk,No Risk,Low Risk,Low Risk,175,Not At-Risk,1,$0 
CA5010033,CITY OF MODESTO - GRAYSON,STANISLAUS,DISTRICT 10 - STOCKTON,High Risk,Medium Risk,Low Risk,Low Risk,914,At-Risk,1,"$653,200 "
CA5010034,CITY OF MODESTO - NORTH TURLOCK,STANISLAUS,DISTRICT 10 - STOCKTON,Medium Risk,No Risk,Low Risk,Low Risk,172,Potentially At-Risk,1,$0 
CA5010035,CITY OF MODESTO - CENTRAL TURLOCK,STANISLAUS,DISTRICT 10 - STOCKTON,No Risk,Medium Risk,Medium Risk,Low Risk,119,Not At-Risk,1,$0 
CA5010038,MODESTO IRRIGATION DISTRICT,STANISLAUS,DISTRICT 10 - STOCKTON,Not Assessed,Not Assessed,Not Assessed,Not Assessed,23,Not Assessed,1,$0 
CA5010039,WESTERN HILLS WATER DISTRICT/DIABLO GRAN,STANISLAUS,DISTRICT 10 - STOCKTON,Low Risk,High Risk,Low Risk,Low Risk,"2,000",Potentially At-Risk,1,$0 
CA5010040,SOUTH SAN JOAQUIN IRRIGATION DISTRICT,STANISLAUS,DISTRICT 10 - STOCKTON,Not Assessed,Not Assessed,Not Assessed,Not Assessed,25,Not Assessed,1,$0 
CA5010042,WATERFORD-RIVER POINTE,STANISLAUS,DISTRICT 10 - STOCKTON,Low Risk,Low Risk,Low Risk,No Risk,"1,079",Not At-Risk,1,$0 
CA5010043,STANISLAUS REGIONAL WATER AUTHORITY,STANISLAUS,DISTRICT 10 - STOCKTON,Not Assessed,Not Assessed,Not Assessed,Not Assessed,0,Not Assessed,1,"$212,674,000 "
CA5100107,GOLDEN STATE WATER CO. - ROBBINS,SUTTER,DISTRICT 21 - VALLEY,High Risk,High Risk,Low Risk,No Risk,205,Failing,1,"$8,000,000 "
CA5100112,TIERRA BUENA MHP #1,SUTTER,DISTRICT 21 - VALLEY,High Risk,High Risk,Low Risk,No Risk,50,Failing,1,$0 
CA5100125,HARMONY VILLAGE,SUTTER,DISTRICT 21 - VALLEY,High Risk,High Risk,Low Risk,Low Risk,25,Failing,1,$0 
CA5100136,EAST NICOLAUS JOINT UNION HIGH SCHOOL,SUTTER,DISTRICT 21 - VALLEY,No Risk,High Risk,No Risk,No Risk,330,Not At-Risk,1,$0 
CA5100138,BROWNS ELEMENTARY SCHOOL,SUTTER,DISTRICT 21 - VALLEY,No Risk,High Risk,No Risk,No Risk,160,Not At-Risk,1,"$1,750,000 "
CA5100140,MARCUM ILLINOIS ELEMENTARY SCHOOL,SUTTER,DISTRICT 21 - VALLEY,Low Risk,High Risk,No Risk,No Risk,185,At-Risk,1,$0 
CA5100141,MERIDIAN ELEMENTARY SCHOOL,SUTTER,DISTRICT 21 - VALLEY,High Risk,High Risk,No Risk,No Risk,100,At-Risk,1,$0 
CA5100142,NUESTRO SCHOOL,SUTTER,DISTRICT 21 - VALLEY,High Risk,High Risk,No Risk,No Risk,120,At-Risk,1,$0 
CA5100143,PLEASANT GROVE ELEM. SCHOOL,SUTTER,DISTRICT 21 - VALLEY,Low Risk,High Risk,No Risk,No Risk,177,Not At-Risk,1,$0 
CA5100172,ENCINAL ELEMENTARY SCHOOL,SUTTER,DISTRICT 21 - VALLEY,Medium Risk,High Risk,No Risk,No Risk,128,At-Risk,1,$0 
CA5100180,LEGACY BAPTIST CHURCH,SUTTER,DISTRICT 21 - VALLEY,Not Assessed,Not Assessed,Not Assessed,Not Assessed,200,Not Assessed,1,$0 
CA5101009,WILDEWOOD EAST MUTUAL,SUTTER,DISTRICT 21 - VALLEY,High Risk,Low Risk,High Risk,No Risk,350,At-Risk,1,$0 
CA5102025,YUBA APARTMENT HOMES,SUTTER,DISTRICT 21 - VALLEY,Low Risk,High Risk,No Risk,No Risk,40,Not At-Risk,1,$0 
CA5103335,LIVE OAK CHILD CARE CENTER,SUTTER,DISTRICT 21 - VALLEY,Not Assessed,Not Assessed,Not Assessed,Not Assessed,108,Not Assessed,1,$0 
CA5110001,CITY OF LIVE OAK,SUTTER,DISTRICT 21 - VALLEY,High Risk,Low Risk,Low Risk,Medium Risk,"9,285",At-Risk,1,$0 
CA5110002,CITY OF YUBA CITY,SUTTER,DISTRICT 21 - VALLEY,Medium Risk,No Risk,No Risk,Low Risk,"70,256",Not At-Risk,1,"$2,458,579 "
CA5110007,SUTTER COMMUNITY S.D.,SUTTER,DISTRICT 21 - VALLEY,Low Risk,Low Risk,No Risk,No Risk,"2,904",Not At-Risk,1,$0 
CA5200007,HOWELL'S LAKESIDE WATER CO.,TEHAMA,LPA82 - TEHAMA COUNTY,Low Risk,Low Risk,Medium Risk,No Risk,75,Not At-Risk,1,$0 
CA5200008,BREESE SUBDIVISION 2,TEHAMA,LPA82 - TEHAMA COUNTY,No Risk,High Risk,High Risk,Low Risk,75,At-Risk,1,$0 
CA5200010,WOODSON BRIDGE RV PARK,TEHAMA,LPA82 - TEHAMA COUNTY,No Risk,Low Risk,Medium Risk,Low Risk,45,Not At-Risk,1,$0 
CA5200012,VISTA GRANDE WATER SYSTEM,TEHAMA,LPA82 - TEHAMA COUNTY,No Risk,Low Risk,Medium Risk,Low Risk,468,Not At-Risk,1,$0 
CA5200013,WOMACK SUBDIVISION M.W.C.,TEHAMA,LPA82 - TEHAMA COUNTY,No Risk,High Risk,No Risk,No Risk,40,Not At-Risk,1,$0 
CA5200014,WILSON ACRES MUTUAL WATER,TEHAMA,LPA82 - TEHAMA COUNTY,Low Risk,High Risk,High Risk,No Risk,75,At-Risk,1,"$275,000 "
CA5200255,CORNING RV PARK,TEHAMA,LPA82 - TEHAMA COUNTY,No Risk,High Risk,No Risk,Low Risk,112,Not At-Risk,1,$0 
CA5200500,REEDS CREEK ESTATES,TEHAMA,LPA82 - TEHAMA COUNTY,Low Risk,High Risk,No Risk,Low Risk,70,Potentially At-Risk,1,$0 
CA5200502,LAS FLORES WATER WORKS,TEHAMA,LPA82 - TEHAMA COUNTY,No Risk,High Risk,High Risk,Low Risk,191,Potentially At-Risk,1,$0 
CA5200503,MINERAL COUNTY WATER DISTRICT,TEHAMA,DISTRICT 21 - VALLEY,No Risk,Low Risk,Medium Risk,Low Risk,634,Not At-Risk,1,$0 
CA5200504,CITY OF TEHAMA,TEHAMA,DISTRICT 21 - VALLEY,No Risk,Low Risk,Medium Risk,Low Risk,483,Not At-Risk,1,$0 
CA5200506,PLUM VALLEY ELEM SCHOOL (NEW SCHOOL),TEHAMA,LPA82 - TEHAMA COUNTY,No Risk,High Risk,Medium Risk,No Risk,70,Not At-Risk,1,$0 
CA5200507,BERRENDOS SCHOOL,TEHAMA,LPA82 - TEHAMA COUNTY,High Risk,High Risk,Medium Risk,No Risk,325,At-Risk,1,$0 
CA5200508,RIO VISTA MOBILE HOME PARK,TEHAMA,LPA82 - TEHAMA COUNTY,No Risk,High Risk,Medium Risk,Low Risk,543,Potentially At-Risk,1,$0 
CA5200510,RIVER RANCH MOBILE HOME PARK,TEHAMA,LPA82 - TEHAMA COUNTY,No Risk,Low Risk,Medium Risk,Medium Risk,305,Not At-Risk,1,$0 
CA5200511,BEND ELEMENTARY SCHOOL,TEHAMA,LPA82 - TEHAMA COUNTY,No Risk,High Risk,No Risk,No Risk,100,Not At-Risk,1,$0 
CA5200512,BEND MOBILEHOME & RV PARK,TEHAMA,LPA82 - TEHAMA COUNTY,No Risk,Low Risk,No Risk,No Risk,99,Not At-Risk,1,$0 
CA5200513,EVERGREEN UNION SCHOOL DISTRICT,TEHAMA,LPA82 - TEHAMA COUNTY,No Risk,High Risk,Low Risk,No Risk,"1,100",At-Risk,1,$0 
CA5200514,GOLDEN ACRES TRAILER PARK,TEHAMA,LPA82 - TEHAMA COUNTY,No Risk,High Risk,No Risk,No Risk,45,Not At-Risk,1,$0 
CA5200518,FLOURNOY SCHOOL,TEHAMA,LPA82 - TEHAMA COUNTY,No Risk,High Risk,No Risk,No Risk,32,Not At-Risk,1,$0 
CA5200519,GERBER UNION ELEMENTARY SCHOOL DISTRICT,TEHAMA,LPA82 - TEHAMA COUNTY,Low Risk,High Risk,Medium Risk,No Risk,625,Potentially At-Risk,1,$0 
CA5200520,KIRKWOOD ELEMENTARY SCHOOL,TEHAMA,LPA82 - TEHAMA COUNTY,No Risk,High Risk,Low Risk,No Risk,111,Not At-Risk,1,$0 
CA5200521,ANTELOPE CREEK MHP,TEHAMA,LPA82 - TEHAMA COUNTY,No Risk,High Risk,Medium Risk,Low Risk,175,Potentially At-Risk,1,$0 
CA5200525,NORTH VALLEY SERVICES,TEHAMA,LPA82 - TEHAMA COUNTY,Not Assessed,Not Assessed,Not Assessed,Not Assessed,43,Not Assessed,1,$0 
CA5200526,HIDDEN HARBOR MARINA & RVP,TEHAMA,LPA82 - TEHAMA COUNTY,No Risk,High Risk,Medium Risk,High Risk,70,At-Risk,1,$0 
CA5200527,HUNTER'S FISHING RESORT,TEHAMA,LPA82 - TEHAMA COUNTY,No Risk,Low Risk,Medium Risk,Low Risk,50,Not At-Risk,1,$0 
CA5200531,RIVERSIDE CROSSING MHP,TEHAMA,LPA82 - TEHAMA COUNTY,No Risk,High Risk,High Risk,No Risk,104,At-Risk,1,$0 
CA5200534,PASKENTA COMM. SERVICES DIST.,TEHAMA,DISTRICT 21 - VALLEY,Low Risk,High Risk,High Risk,Low Risk,237,Failing,1,$0 
CA5200535,LIVE OAK ACRES MWC INC.,TEHAMA,LPA82 - TEHAMA COUNTY,Low Risk,High Risk,No Risk,No Risk,80,Not At-Risk,1,$0 
CA5200538,LASSEN VIEW UNION ELEMENTARY SCHOOL DIST,TEHAMA,LPA82 - TEHAMA COUNTY,No Risk,High Risk,Medium Risk,No Risk,350,Not At-Risk,1,$0 
CA5200539,FRIENDLY ACRES MHP,TEHAMA,LPA82 - TEHAMA COUNTY,Medium Risk,High Risk,High Risk,No Risk,75,At-Risk,1,$0 
CA5200540,REEDS CREEK SCHOOL,TEHAMA,LPA82 - TEHAMA COUNTY,Medium Risk,High Risk,No Risk,No Risk,196,Potentially At-Risk,1,$0 
CA5200541,E HEADSTART,TEHAMA,LPA82 - TEHAMA COUNTY,Not Assessed,Not Assessed,Not Assessed,Not Assessed,220,Not Assessed,1,$0 
CA5200544,VINA ELEMENTARY SCHOOL,TEHAMA,LPA82 - TEHAMA COUNTY,No Risk,High Risk,Medium Risk,No Risk,90,Not At-Risk,1,$0 
CA5200545,MODERN VILLAGE MWC,TEHAMA,LPA82 - TEHAMA COUNTY,No Risk,High Risk,High Risk,No Risk,85,At-Risk,1,$0 
CA5200546,NEW MEADOWS,TEHAMA,LPA82 - TEHAMA COUNTY,Medium Risk,High Risk,High Risk,No Risk,70,Failing,1,$0 
CA5200547,GATEWAY MOBILE HOME PARK,TEHAMA,LPA82 - TEHAMA COUNTY,No Risk,High Risk,Medium Risk,Low Risk,103,Potentially At-Risk,1,$0 
CA5200548,LASSEN VIEW WATER DISTRICT,TEHAMA,LPA82 - TEHAMA COUNTY,No Risk,High Risk,No Risk,No Risk,85,Not At-Risk,1,$0 
CA5200551,WOODSON BRIDGE MHP,TEHAMA,LPA82 - TEHAMA COUNTY,No Risk,High Risk,High Risk,No Risk,158,At-Risk,1,$0 
CA5200555,RIO RANCH COMMUNITY SVCS DIST,TEHAMA,LPA82 - TEHAMA COUNTY,No Risk,High Risk,Medium Risk,Medium Risk,44,Potentially At-Risk,1,$0 
CA5200556,MAYWOOD MOBILE HOME PARK,TEHAMA,LPA82 - TEHAMA COUNTY,No Risk,High Risk,No Risk,Medium Risk,140,Potentially At-Risk,1,$0 
CA5200558,RIVER VIEW MHC LLC,TEHAMA,LPA82 - TEHAMA COUNTY,No Risk,High Risk,Low Risk,Low Risk,100,Potentially At-Risk,1,$0 
CA5200559,ABBEY OF NEW CLAIRVAUX,TEHAMA,LPA82 - TEHAMA COUNTY,No Risk,High Risk,Medium Risk,Medium Risk,63,Potentially At-Risk,1,$0 
CA5200560,MIRA MONTE WATER CO.,TEHAMA,LPA82 - TEHAMA COUNTY,No Risk,High Risk,No Risk,Low Risk,145,Not At-Risk,1,$0 
CA5200562,SKY VIEW COUNTY WATER,TEHAMA,LPA82 - TEHAMA COUNTY,No Risk,High Risk,High Risk,No Risk,412,At-Risk,1,"$947,923 "
CA5200565,RICHFIELD ELEMENTARY SCHOOL,TEHAMA,LPA82 - TEHAMA COUNTY,No Risk,High Risk,Low Risk,No Risk,280,Not At-Risk,1,$0 
CA5200570,SURREY VILLAGE WATER CO. INC.,TEHAMA,LPA82 - TEHAMA COUNTY,Medium Risk,Low Risk,No Risk,Medium Risk,163,Potentially At-Risk,1,$0 
CA5200571,MOUNTAIN VALLEY APTS & RVP,TEHAMA,LPA82 - TEHAMA COUNTY,No Risk,High Risk,Medium Risk,Medium Risk,131,Potentially At-Risk,1,$0 
CA5200574,DEL ORO WC - LARKSPUR MEADOWS,TEHAMA,DISTRICT 21 - VALLEY,No Risk,High Risk,High Risk,No Risk,116,Potentially At-Risk,1,$0 
CA5200575,RANCHO COLORADO WS,TEHAMA,LPA82 - TEHAMA COUNTY,No Risk,High Risk,Medium Risk,Low Risk,36,Not At-Risk,1,$0 
CA5200584,LITTLE AVENUE WATER SYSTEM,TEHAMA,LPA82 - TEHAMA COUNTY,No Risk,High Risk,High Risk,No Risk,53,At-Risk,1,$0 
CA5200588,JUANITA COURT MUTUAL WATER,TEHAMA,LPA82 - TEHAMA COUNTY,No Risk,Low Risk,Medium Risk,Low Risk,27,Not At-Risk,1,$0 
CA5200598,GRACE COMMUNITY FELLOWSHIP,TEHAMA,LPA82 - TEHAMA COUNTY,Not Assessed,Not Assessed,Not Assessed,Not Assessed,25,Not Assessed,1,$0 
CA5200645,SADDLEBACK MUTUAL WATER CO.,TEHAMA,LPA82 - TEHAMA COUNTY,No Risk,Low Risk,No Risk,Low Risk,90,Not At-Risk,1,$0 
CA5200657,NORCAL WATER WORKS,TEHAMA,DISTRICT 21 - VALLEY,Low Risk,High Risk,Medium Risk,Medium Risk,45,Failing,1,$0 
CA5200864,R-WILD HORSE RANCH,TEHAMA,LPA82 - TEHAMA COUNTY,No Risk,Low Risk,No Risk,Low Risk,"1,055",Not At-Risk,1,$0 
CA5201140,ANTOINETTE MUTUAL WATER CO,TEHAMA,LPA82 - TEHAMA COUNTY,No Risk,High Risk,High Risk,No Risk,25,At-Risk,1,$0 
CA5201147,GOLDEN MEADOWS CSD,TEHAMA,LPA82 - TEHAMA COUNTY,Medium Risk,High Risk,No Risk,Low Risk,102,At-Risk,1,$0 
CA5205007,RANCHO TEHAMA ELEM SCHOOL,TEHAMA,LPA82 - TEHAMA COUNTY,Low Risk,High Risk,Low Risk,No Risk,90,Potentially At-Risk,1,$0 
CA5210001,CITY OF CORNING,TEHAMA,DISTRICT 21 - VALLEY,No Risk,Low Risk,Low Risk,Low Risk,"8,244",Not At-Risk,1,$0 
CA5210002,GERBER LAS FLORES CSD,TEHAMA,DISTRICT 21 - VALLEY,No Risk,Low Risk,High Risk,Low Risk,"1,200",Not At-Risk,1,$0 
CA5210003,LOS MOLINOS COMM. SERVICES DIST.,TEHAMA,DISTRICT 21 - VALLEY,Low Risk,Low Risk,Medium Risk,Low Risk,"1,450",Not At-Risk,1,"$745,818 "
CA5210004,CITY OF RED BLUFF,TEHAMA,DISTRICT 21 - VALLEY,Medium Risk,No Risk,Medium Risk,Low Risk,"14,710",Potentially At-Risk,1,"$165,133 "
CA5210005,RIO ALTO WATER DISTRICT,TEHAMA,DISTRICT 21 - VALLEY,No Risk,Low Risk,No Risk,Low Risk,"3,329",Not At-Risk,1,$0 
CA5301001,BUCKTAIL MUTUAL WATER COMPANY,TRINITY,DISTRICT 01 - KLAMATH,Low Risk,Low Risk,High Risk,No Risk,42,Not At-Risk,1,$0 
CA5301002,LEWISTON COMMUNITY SERVICES DISTRICT,TRINITY,DISTRICT 01 - KLAMATH,Low Risk,Low Risk,Low Risk,Low Risk,677,Not At-Risk,1,"$3,667,581 "
CA5301008,PINE COVE RV PARK,TRINITY,DISTRICT 01 - KLAMATH,No Risk,Low Risk,High Risk,No Risk,223,Not At-Risk,1,$0 
CA5301017,RUSH CREEK MUTUAL WATER SYSTEM,TRINITY,DISTRICT 01 - KLAMATH,No Risk,High Risk,High Risk,No Risk,102,Not At-Risk,1,$0 
CA5301101,TREASURE CREEK WOODS MWC,TRINITY,DISTRICT 01 - KLAMATH,No Risk,Low Risk,Low Risk,No Risk,131,Not At-Risk,1,$0 
CA5301102,TRINITY KNOLLS MUTUAL WATER COMPANY,TRINITY,DISTRICT 01 - KLAMATH,No Risk,Low Risk,No Risk,No Risk,338,Not At-Risk,1,$0 
CA5301103,COVINGTON MILL - A,TRINITY,DISTRICT 01 - KLAMATH,No Risk,High Risk,Low Risk,No Risk,60,Not At-Risk,1,$0 
CA5301104,COVINGTON MILL MWC-DIVISION B,TRINITY,DISTRICT 01 - KLAMATH,No Risk,Low Risk,Low Risk,No Risk,99,Not At-Risk,1,$0 
CA5301201,SEYMOUR'S MUTUAL WATER SYSTEM,TRINITY,DISTRICT 01 - KLAMATH,No Risk,High Risk,High Risk,High Risk,40,At-Risk,1,$0 
CA5303002,INDIAN CREEK TRAILER PARK,TRINITY,DISTRICT 01 - KLAMATH,Low Risk,High Risk,Low Risk,No Risk,43,At-Risk,1,$0 
CA5304102,TRINITY VILLAGE MUTUAL WATER,TRINITY,DISTRICT 01 - KLAMATH,No Risk,Low Risk,No Risk,No Risk,332,Not At-Risk,1,$0 
CA5304105,BURNT RANCH SCHOOL,TRINITY,DISTRICT 01 - KLAMATH,No Risk,High Risk,Low Risk,No Risk,125,Not At-Risk,1,$0 
CA5304109,BURNT RANCH ESTATES,TRINITY,DISTRICT 01 - KLAMATH,No Risk,High Risk,Low Risk,High Risk,115,Potentially At-Risk,1,$0 
CA5304209,JUNCTION CITY SCHOOL,TRINITY,DISTRICT 01 - KLAMATH,Low Risk,High Risk,Low Risk,No Risk,80,Failing,1,"$232,000 "
CA5304501,SALYER MUTUAL WC (FORMERLY RIVERVIEW AC),TRINITY,DISTRICT 01 - KLAMATH,No Risk,High Risk,No Risk,No Risk,231,Not At-Risk,1,"$413,350 "
CA5304502,"SALYER HEIGHTS W.S., INC",TRINITY,DISTRICT 01 - KLAMATH,Low Risk,High Risk,No Risk,No Risk,130,Failing,1,"$430,000 "
CA5305107,SO TRINITY UNIFIED SCHOOL DIST.,TRINITY,DISTRICT 01 - KLAMATH,No Risk,High Risk,Low Risk,No Risk,100,Not At-Risk,1,$0 
CA5310001,WEAVERVILLE C.S.D.,TRINITY,DISTRICT 01 - KLAMATH,No Risk,Low Risk,Low Risk,Low Risk,"3,975",Not At-Risk,1,"$733,000 "
CA5310002,TRINITY CO. W.W. DIST #1,TRINITY,DISTRICT 01 - KLAMATH,Low Risk,High Risk,Low Risk,Low Risk,"2,324",Potentially At-Risk,1,"$460,872 "
CA5310003,TRINITY CENTER M.W.C.          .,TRINITY,DISTRICT 01 - KLAMATH,No Risk,High Risk,Low Risk,No Risk,729,Not At-Risk,1,$0 
CA5400504,PORTERVILLE MOBILE VILLAGE,TULARE,DISTRICT 24 - TULARE,No Risk,High Risk,Medium Risk,No Risk,205,Potentially At-Risk,1,$0 
CA5400505,HARTLAND CHRISTIAN CAMP,TULARE,DISTRICT 24 - TULARE,Medium Risk,High Risk,Low Risk,High Risk,163,At-Risk,1,$0 
CA5400506,NORTH KAWEAH MUTUAL WATER COMPANY,TULARE,DISTRICT 24 - TULARE,No Risk,Low Risk,Low Risk,Low Risk,560,Not At-Risk,1,$0 
CA5400519,PALO VERDE UNION ELEMENTARY SCHOOL,TULARE,DISTRICT 24 - TULARE,No Risk,High Risk,Medium Risk,No Risk,500,Potentially At-Risk,1,$0 
CA5400529,"SHADY GROVE  MOBILE HOME PARK, LLC",TULARE,DISTRICT 24 - TULARE,No Risk,High Risk,Medium Risk,Low Risk,95,Potentially At-Risk,1,$0 
CA5400536,KINGS RIVER ESTATES MUTUAL WATER COMPANY,TULARE,DISTRICT 12 - VISALIA,No Risk,Medium Risk,Medium Risk,Low Risk,106,Not At-Risk,1,$0 
CA5400537,LINDY'S LANDING,TULARE,DISTRICT 24 - TULARE,No Risk,High Risk,Medium Risk,Low Risk,125,At-Risk,1,$0 
CA5400538,ACCELERATED CHARTER HIGH SCHOOL,TULARE,DISTRICT 24 - TULARE,No Risk,High Risk,No Risk,No Risk,192,Not At-Risk,1,$0 
CA5400542,DUCOR CSD,TULARE,DISTRICT 24 - TULARE,Low Risk,Medium Risk,Medium Risk,Low Risk,616,Not At-Risk,1,$0 
CA5400544,ALLENSWORTH CSD,TULARE,DISTRICT 24 - TULARE,High Risk,High Risk,High Risk,High Risk,531,Failing,1,"$4,817,503 "
CA5400550,SEVILLE WATER COMPANY,TULARE,DISTRICT 24 - TULARE,Low Risk,High Risk,High Risk,Low Risk,691,Failing,1,"$9,789,381 "
CA5400553,DEL ORO TRAVER DISTRICT,TULARE,DISTRICT 12 - VISALIA,High Risk,Medium Risk,High Risk,No Risk,657,Failing,1,$0 
CA5400556,RIVER RETREAT MUTUAL WATER COMPANY,TULARE,DISTRICT 24 - TULARE,No Risk,High Risk,Medium Risk,Low Risk,40,Potentially At-Risk,1,$0 
CA5400558,SAUCELITO ELEMENTARY SCHOOL,TULARE,DISTRICT 24 - TULARE,High Risk,Medium Risk,Low Risk,No Risk,87,At-Risk,1,"$2,585,971 "
CA5400567,TOOLEVILLE MUTUAL NON PROFIT WATER ASSN,TULARE,DISTRICT 24 - TULARE,High Risk,High Risk,Medium Risk,Low Risk,340,Failing,1,$0 
CA5400602,EAGLE'S NEST RESORT,TULARE,DISTRICT 24 - TULARE,No Risk,High Risk,Medium Risk,Low Risk,60,Potentially At-Risk,1,$0 
CA5400604,MOUNTAIN VIEW DUPLEXES,TULARE,DISTRICT 24 - TULARE,No Risk,High Risk,Medium Risk,Medium Risk,103,At-Risk,1,$0 
CA5400616,LEMON COVE WATER COMPANY,TULARE,DISTRICT 24 - TULARE,High Risk,High Risk,No Risk,Low Risk,109,Failing,1,"$429,046 "
CA5400620,GRAND VIEW SCHOOL,TULARE,DISTRICT 24 - TULARE,No Risk,High Risk,Medium Risk,No Risk,400,Potentially At-Risk,1,$0 
CA5400624,KINGS RIVER ELEMENTARY SCHOOL,TULARE,DISTRICT 24 - TULARE,No Risk,High Risk,Medium Risk,No Risk,500,Potentially At-Risk,1,$0 
CA5400631,LINNELL FARM LABOR CENTER,TULARE,DISTRICT 24 - TULARE,No Risk,Medium Risk,Low Risk,Medium Risk,694,Not At-Risk,1,$0 
CA5400641,TEVISTON COMMUNITY SERVICES DISTRICT,TULARE,DISTRICT 24 - TULARE,High Risk,High Risk,High Risk,Low Risk,383,Failing,1,"$451,582 "
CA5400647,YOKOHL MUTUAL WATER CO,TULARE,DISTRICT 24 - TULARE,High Risk,High Risk,No Risk,High Risk,95,Failing,1,$0 
CA5400660,LAKE SUCCESS MOBILE LODGE,TULARE,DISTRICT 24 - TULARE,High Risk,High Risk,High Risk,Low Risk,75,At-Risk,1,$0 
CA5400665,DEL ORO RIVER ISLAND SERV TERR #1,TULARE,DISTRICT 12 - VISALIA,High Risk,High Risk,High Risk,No Risk,"1,280",Failing,1,"$8,784,172 "
CA5400666,DEL ORO GRANDVIEW GARDENS DISTRICT,TULARE,DISTRICT 24 - TULARE,High Risk,High Risk,No Risk,No Risk,323,Failing,1,"$2,793,492 "
CA5400670,TRIPLE R MUTUAL WATER CO,TULARE,DISTRICT 24 - TULARE,High Risk,No Risk,Low Risk,Low Risk,408,At-Risk,1,$0 
CA5400682,PLAINVIEW MWC - CENTRAL WATER,TULARE,DISTRICT 12 - VISALIA,High Risk,High Risk,Medium Risk,Low Risk,138,Failing,1,"$224,135 "
CA5400704,THREE RIVERS ELEMENTARY SCHOOL,TULARE,DISTRICT 24 - TULARE,High Risk,High Risk,No Risk,No Risk,180,Failing,1,$0 
CA5400709,SEQUOIA UNION ELEMENTARY SCHOOL,TULARE,DISTRICT 24 - TULARE,No Risk,High Risk,No Risk,No Risk,400,Not At-Risk,1,$0 
CA5400710,BADGER HILL ESTATES,TULARE,DISTRICT 24 - TULARE,No Risk,Medium Risk,No Risk,No Risk,278,Not At-Risk,1,$0 
CA5400711,SIERRA VIEW JR ACADEMY,TULARE,DISTRICT 24 - TULARE,High Risk,High Risk,No Risk,No Risk,115,Failing,1,$0 
CA5400713,OAK VALLEY SCHOOL,TULARE,DISTRICT 24 - TULARE,High Risk,High Risk,Low Risk,No Risk,570,At-Risk,1,$0 
CA5400714,SUNDALE UNION SCHOOL,TULARE,DISTRICT 24 - TULARE,Medium Risk,High Risk,No Risk,No Risk,930,At-Risk,1,$0 
CA5400718,WILLIAMS MUTUAL  WATER COMPANY,TULARE,DISTRICT 24 - TULARE,Low Risk,High Risk,High Risk,Low Risk,165,At-Risk,1,$0 
CA5400728,GRIER MUTUAL WATER COMPANY,TULARE,DISTRICT 24 - TULARE,No Risk,No Risk,Medium Risk,Low Risk,98,Not At-Risk,1,$0 
CA5400732,PIERPOINT SPRINGS WATER CO.,TULARE,DISTRICT 24 - TULARE,No Risk,Low Risk,Medium Risk,Low Risk,46,Not At-Risk,1,$0 
CA5400744,EAST THREE RIVERS MUTUAL WATER CORP,TULARE,DISTRICT 24 - TULARE,Medium Risk,High Risk,No Risk,High Risk,40,At-Risk,1,$0 
CA5400754,SOUTH KAWEAH MUTUAL WATER COMPANY,TULARE,DISTRICT 24 - TULARE,High Risk,Low Risk,No Risk,Low Risk,384,Failing,1,$0 
CA5400767,DEL ORO EAST PLANO DISTRICT,TULARE,DISTRICT 24 - TULARE,No Risk,High Risk,High Risk,No Risk,46,At-Risk,1,"$2,793,492 "
CA5400769,FOOTHILL APARTMENTS,TULARE,DISTRICT 24 - TULARE,High Risk,High Risk,Medium Risk,Low Risk,41,At-Risk,1,$0 
CA5400792,WOODVILLE FARM LABOR CENTER,TULARE,DISTRICT 24 - TULARE,High Risk,High Risk,Medium Risk,Medium Risk,650,Failing,1,$0 
CA5400795,WAUKENA ELEMENTARY SCHOOL,TULARE,DISTRICT 24 - TULARE,High Risk,High Risk,Low Risk,No Risk,220,Failing,1,"$2,527,000 "
CA5400805,SOULTS MUTUAL WATER COMPANY,TULARE,DISTRICT 12 - VISALIA,No Risk,High Risk,High Risk,Low Risk,110,At-Risk,1,"$3,684,196 "
CA5400816,BEDEL MUTUAL WATER COMPANY,TULARE,DISTRICT 24 - TULARE,No Risk,Medium Risk,No Risk,Medium Risk,155,Not At-Risk,1,$0 
CA5400819,MOUNTAIN VIEW MHP,TULARE,DISTRICT 24 - TULARE,No Risk,High Risk,No Risk,Medium Risk,44,Potentially At-Risk,1,$0 
CA5400824,SULTANA COMMUNITY SERVICES DISTRICT,TULARE,DISTRICT 24 - TULARE,Low Risk,Medium Risk,High Risk,Low Risk,983,At-Risk,1,"$4,295,241 "
CA5400850,PACKWOOD SCHOOL,TULARE,DISTRICT 12 - VISALIA,High Risk,High Risk,No Risk,No Risk,105,Failing,1,$0 
CA5400875,VILLAGE APARTMENTS,TULARE,DISTRICT 24 - TULARE,No Risk,High Risk,No Risk,Low Risk,33,Potentially At-Risk,1,$0 
CA5400880,THE LAKES ASSOCIATION,TULARE,DISTRICT 24 - TULARE,Low Risk,Medium Risk,No Risk,Low Risk,495,Not At-Risk,1,$0 
CA5400881,SUNRISE MUTUAL WATER CO.,TULARE,DISTRICT 24 - TULARE,No Risk,Medium Risk,Low Risk,No Risk,109,Not At-Risk,1,$0 
CA5400882,PLEASANT VIEW  WEST SCHOOL,TULARE,DISTRICT 24 - TULARE,High Risk,High Risk,Medium Risk,No Risk,220,Failing,1,$0 
CA5400884,ROCKFORD SCHOOL,TULARE,DISTRICT 24 - TULARE,No Risk,High Risk,Medium Risk,No Risk,321,Potentially At-Risk,1,$0 
CA5400886,COLUMBINE SCHOOL,TULARE,DISTRICT 24 - TULARE,No Risk,High Risk,Medium Risk,No Risk,220,Potentially At-Risk,1,$0 
CA5400903,TRACT 92  COMMUNITY SERVICES DISTRICT,TULARE,DISTRICT 24 - TULARE,Low Risk,Medium Risk,Low Risk,No Risk,500,Not At-Risk,1,$0 
CA5400919,BUENA VISTA ELEMENTARY SCHOOL,TULARE,DISTRICT 24 - TULARE,High Risk,Medium Risk,Low Risk,No Risk,250,At-Risk,1,$0 
CA5400929,RIVERLAND RESORT,TULARE,DISTRICT 12 - VISALIA,No Risk,High Risk,Medium Risk,Low Risk,400,At-Risk,1,$0 
CA5400934,PONDEROSA CSD,TULARE,DISTRICT 24 - TULARE,No Risk,Low Risk,High Risk,Low Risk,340,Not At-Risk,1,$0 
CA5400935,CWS - MULLEN WATER COMPANY,TULARE,DISTRICT 24 - TULARE,No Risk,Medium Risk,Medium Risk,No Risk,138,Not At-Risk,1,$0 
CA5400940,SIERRA KING HOMEOWNERS ASSN,TULARE,DISTRICT 24 - TULARE,Medium Risk,Low Risk,No Risk,No Risk,260,Not At-Risk,1,$0 
CA5400964,SIERRA VISTA ASSOCIATION,TULARE,DISTRICT 24 - TULARE,High Risk,High Risk,High Risk,Low Risk,43,Failing,1,$0 
CA5400968,IMPROVEMENT DISTRICT NO. 1,TULARE,DISTRICT 24 - TULARE,No Risk,Low Risk,No Risk,Low Risk,200,Not At-Risk,1,$0 
CA5400972,OUTSIDE CREEK SCHOOL,TULARE,DISTRICT 24 - TULARE,No Risk,High Risk,Low Risk,No Risk,125,Potentially At-Risk,1,$0 
CA5400994,HOPE ELEMENTARY SCHOOL,TULARE,DISTRICT 24 - TULARE,High Risk,High Risk,Medium Risk,No Risk,255,Failing,1,$0 
CA5401003,EAST OROSI COMMUNITY SERVICES DISTRICT,TULARE,DISTRICT 24 - TULARE,High Risk,High Risk,Medium Risk,Medium Risk,423,Failing,1,"$6,760,804 "
CA5401026,DEER MEADOW MUTUAL WATER COMPANY,TULARE,DISTRICT 24 - TULARE,Low Risk,High Risk,No Risk,No Risk,70,Not At-Risk,1,$0 
CA5402036,R-RANCH IN THE SEQUOIAS,TULARE,DISTRICT 24 - TULARE,No Risk,Medium Risk,Medium Risk,No Risk,330,Not At-Risk,1,$0 
CA5402038,PATTERSON TRACT CSD,TULARE,DISTRICT 24 - TULARE,No Risk,Medium Risk,Low Risk,No Risk,550,Not At-Risk,1,"$218,516 "
CA5402047,GLEANINGS FOR THE HUNGRY,TULARE,DISTRICT 24 - TULARE,High Risk,Medium Risk,Medium Risk,Low Risk,31,At-Risk,1,$0 
CA5402048,DEL ORO RIVER ISLAND SERV TERR #2,TULARE,DISTRICT 12 - VISALIA,High Risk,Low Risk,High Risk,Low Risk,89,At-Risk,1,$0 
CA5403023,DELFT COLONY WATER,TULARE,DISTRICT 24 - TULARE,No Risk,Medium Risk,High Risk,Low Risk,412,At-Risk,1,$0 
CA5403043,YETTEM WATER SYSTEM,TULARE,DISTRICT 24 - TULARE,High Risk,Medium Risk,High Risk,Low Risk,350,At-Risk,1,"$5,760,488 "
CA5403084,FAIRWAY MUTUAL WATER CO,TULARE,DISTRICT 24 - TULARE,No Risk,Medium Risk,Medium Risk,No Risk,150,Not At-Risk,1,$0 
CA5403110,SIERRA MUTUAL WATER COMPANY,TULARE,DISTRICT 24 - TULARE,High Risk,Low Risk,High Risk,Low Risk,43,At-Risk,1,$0 
CA5403113,SOUTH FORK ESTATES MUTUAL WATER CO,TULARE,DISTRICT 24 - TULARE,No Risk,Low Risk,No Risk,Low Risk,106,Not At-Risk,1,$0 
CA5403126,FAMILY EDUCATION CENTER,TULARE,DISTRICT 24 - TULARE,Not Assessed,Not Assessed,Not Assessed,Not Assessed,50,Not Assessed,1,$0 
CA5403130,ELEANOR ROOSEVELT COMM LEARNING CTR,TULARE,DISTRICT 12 - VISALIA,No Risk,High Risk,Low Risk,No Risk,295,Not At-Risk,1,$0 
CA5403131,SUNNY ACRES PRESCHOOL,TULARE,DISTRICT 24 - TULARE,Not Assessed,Not Assessed,Not Assessed,Not Assessed,50,Not Assessed,1,$0 
CA5403144,ALI MUTUAL WATER CO,TULARE,DISTRICT 24 - TULARE,No Risk,High Risk,No Risk,Low Risk,39,Potentially At-Risk,1,$0 
CA5403146,LIBERTY ELEMENTARY SCHOOL,TULARE,DISTRICT 24 - TULARE,No Risk,High Risk,No Risk,No Risk,818,At-Risk,1,$0 
CA5403213,TEEN CHALLENGE,TULARE,DISTRICT 12 - VISALIA,No Risk,High Risk,Low Risk,Low Risk,130,Potentially At-Risk,1,$0 
CA5403217,OKIEVILLE HIGHLAND ACRES MWC,TULARE,DISTRICT 24 - TULARE,No Risk,High Risk,Low Risk,No Risk,300,Not At-Risk,1,"$3,320,250 "
CA5410001,CUTLER PUD,TULARE,DISTRICT 24 - TULARE,High Risk,Medium Risk,High Risk,Medium Risk,"6,200",Failing,1,$0 
CA5410002,"DINUBA, CITY OF",TULARE,DISTRICT 24 - TULARE,No Risk,Medium Risk,Medium Risk,Low Risk,"6,081",Not At-Risk,1,"$950,000 "
CA5410003,"EXETER, CITY OF",TULARE,DISTRICT 24 - TULARE,High Risk,Medium Risk,Medium Risk,Medium Risk,"11,169",At-Risk,1,$0 
CA5410004,"FARMERSVILLE, CITY OF",TULARE,DISTRICT 24 - TULARE,No Risk,Medium Risk,Medium Risk,Low Risk,"10,243",Not At-Risk,1,$0 
CA5410006,"LINDSAY, CITY OF",TULARE,DISTRICT 24 - TULARE,Low Risk,Medium Risk,Medium Risk,Low Risk,"12,659",Failing,1,"$246,838 "
CA5410007,LSID - TONYVILLE,TULARE,DISTRICT 24 - TULARE,High Risk,Medium Risk,No Risk,Medium Risk,500,Failing,1,$0 
CA5410008,OROSI PUBLIC UTILITY DISTRICT,TULARE,DISTRICT 24 - TULARE,No Risk,Medium Risk,Low Risk,Low Risk,"8,300",Not At-Risk,1,"$6,760,804 "
CA5410009,PIXLEY PUBLIC UTIL DIST,TULARE,DISTRICT 12 - VISALIA,High Risk,High Risk,High Risk,High Risk,"2,772",Failing,1,$0 
CA5410010,"PORTERVILLE, CITY OF",TULARE,DISTRICT 24 - TULARE,Low Risk,Low Risk,Medium Risk,No Risk,"63,164",Not At-Risk,1,"$28,312,506 "
CA5410011,SPRINGVILLE PUD,TULARE,DISTRICT 12 - VISALIA,Low Risk,High Risk,Low Risk,No Risk,"1,500",At-Risk,1,$0 
CA5410012,STRATHMORE PUBLIC UTIL DIST,TULARE,DISTRICT 24 - TULARE,High Risk,Medium Risk,High Risk,Low Risk,"2,669",At-Risk,1,$0 
CA5410014,TIPTON COMMUNITY SERVICES DIST,TULARE,DISTRICT 12 - VISALIA,High Risk,Medium Risk,Medium Risk,Medium Risk,"2,543",Failing,1,$0 
CA5410015,"TULARE, CITY OF",TULARE,DISTRICT 24 - TULARE,Low Risk,Low Risk,Low Risk,Low Risk,"72,131",Not At-Risk,1,"$3,684,196 "
CA5410016,CWS - VISALIA,TULARE,DISTRICT 24 - TULARE,Not Assessed,Not Assessed,Not Assessed,Not Assessed,"148,496",Not Assessed,1,$0 
CA5410017,LONDON COMMUNITY SERV DIST,TULARE,DISTRICT 12 - VISALIA,High Risk,Medium Risk,Medium Risk,No Risk,"2,134",Failing,1,"$4,974,655 "
CA5410019,IVANHOE PUBLIC UTILITY DIST,TULARE,DISTRICT 24 - TULARE,High Risk,Medium Risk,Low Risk,Low Risk,"4,580",At-Risk,1,"$2,839,952 "
CA5410020,"WOODLAKE, CITY OF",TULARE,DISTRICT 24 - TULARE,Low Risk,Medium Risk,Medium Risk,Low Risk,"7,846",Potentially At-Risk,1,$0 
CA5410021,EARLIMART PUD,TULARE,DISTRICT 24 - TULARE,High Risk,Medium Risk,Medium Risk,Medium Risk,"7,679",Failing,1,"$584,506 "
CA5410022,CAMP NELSON WATER COMPANY,TULARE,DISTRICT 12 - VISALIA,Low Risk,No Risk,Medium Risk,No Risk,134,Not At-Risk,1,$0 
CA5410024,RICHGROVE COMMUNITY SERVICES DISTRICT,TULARE,DISTRICT 12 - VISALIA,High Risk,Medium Risk,High Risk,High Risk,"1,617",Failing,1,"$5,983,165 "
CA5410025,WOODVILLE PUBLIC UTILITY DIST,TULARE,DISTRICT 12 - VISALIA,High Risk,High Risk,High Risk,Low Risk,"1,740",Failing,1,"$655,610 "
CA5410026,POPLAR COMM SERVICE DIST,TULARE,DISTRICT 12 - VISALIA,No Risk,High Risk,High Risk,Low Risk,"2,200",At-Risk,1,$0 
CA5410034,DEL ORO CALIFORNIA PINES DISTRICT,TULARE,DISTRICT 24 - TULARE,Low Risk,High Risk,High Risk,No Risk,944,At-Risk,1,$0 
CA5410036,LSID-STRATHMORE SYSTEM,TULARE,DISTRICT 24 - TULARE,No Risk,Medium Risk,Medium Risk,Medium Risk,500,Potentially At-Risk,1,$0 
CA5410038,TERRA BELLA IRRIGATION DISTRICT - TBT,TULARE,DISTRICT 24 - TULARE,Low Risk,Low Risk,High Risk,Low Risk,"2,656",At-Risk,1,$0 
CA5410039,PLAINVIEW MUTUAL WATER COMPANY,TULARE,DISTRICT 12 - VISALIA,Low Risk,High Risk,Medium Risk,Low Risk,617,At-Risk,1,"$224,135 "
CA5410041,CWS - TULCO WATER COMPANY,TULARE,DISTRICT 24 - TULARE,High Risk,Low Risk,No Risk,No Risk,716,Potentially At-Risk,1,$0 
CA5410048,PORTERVILLE-JONES CORNER,TULARE,DISTRICT 24 - TULARE,Low Risk,Medium Risk,Medium Risk,No Risk,339,Not At-Risk,1,$0 
CA5410050,ALPAUGH COMMUNITY SERVICES DISTRICT,TULARE,DISTRICT 24 - TULARE,Medium Risk,Medium Risk,High Risk,Low Risk,871,At-Risk,1,"$4,301,719 "
CA5410503,NPS-WOLVERTON,TULARE,DISTRICT 12 - VISALIA,Low Risk,Low Risk,Low Risk,Medium Risk,"2,940",Failing,1,$0 
CA5410513,NPS-ASH MOUNTAIN,TULARE,DISTRICT 24 - TULARE,No Risk,Low Risk,Low Risk,Medium Risk,"2,930",Not At-Risk,1,$0 
CA5410800,CAL FIRE - MOUNTAIN HOME CNSRVTN CAMP,TULARE,DISTRICT 24 - TULARE,No Risk,Low Risk,Medium Risk,Low Risk,123,Not At-Risk,1,$0 
CA5410801,PORTERVILLE DEVELOPMENTAL CENTER,TULARE,DISTRICT 24 - TULARE,Low Risk,Medium Risk,Medium Risk,Low Risk,"1,281",At-Risk,1,$0 
CA5500040,BLUEBELL VALLEY MWC,TUOLUMNE,DISTRICT 28 - YOSEMITE,High Risk,Low Risk,Medium Risk,No Risk,282,At-Risk,1,$0 
CA5500041,ALPINE ACRES MUTUAL WATER CO,TUOLUMNE,DISTRICT 28 - YOSEMITE,No Risk,Low Risk,No Risk,High Risk,195,Not At-Risk,1,$0 
CA5500042,BELLEVIEW OAKS MUTUAL WATER CO,TUOLUMNE,DISTRICT 28 - YOSEMITE,No Risk,Low Risk,No Risk,No Risk,468,Not At-Risk,1,$0 
CA5500048,DON PEDRO REC AG:FLEM.MEADOWS,TUOLUMNE,DISTRICT 28 - YOSEMITE,No Risk,High Risk,Medium Risk,Medium Risk,"1,041",Potentially At-Risk,1,$0 
CA5500053,LEISURE PINES MUTUAL WATER CO,TUOLUMNE,DISTRICT 28 - YOSEMITE,Low Risk,Low Risk,No Risk,Low Risk,340,Not At-Risk,1,$0 
CA5500057,LONG BARN PROPERTY OWNERS,TUOLUMNE,DISTRICT 28 - YOSEMITE,Low Risk,Low Risk,High Risk,No Risk,97,Not At-Risk,1,$0 
CA5500060,MI WUK HEIGHTS MWC,TUOLUMNE,DISTRICT 28 - YOSEMITE,Low Risk,No Risk,No Risk,No Risk,445,Not At-Risk,1,$0 
CA5500064,MULLER MUTUAL WATER COMPANY,TUOLUMNE,DISTRICT 28 - YOSEMITE,No Risk,Medium Risk,No Risk,No Risk,154,Not At-Risk,1,"$175,000 "
CA5500071,RAWHIDE MUTUAL WATER COMPANY,TUOLUMNE,DISTRICT 28 - YOSEMITE,No Risk,Low Risk,No Risk,Low Risk,269,Not At-Risk,1,$0 
CA5500074,SIERRA VILLAGE MUTUAL WATER CO,TUOLUMNE,DISTRICT 28 - YOSEMITE,No Risk,No Risk,High Risk,No Risk,361,Not At-Risk,1,$0 
CA5500077,SLIDE INN SNOWBOWL WATER CO,TUOLUMNE,DISTRICT 28 - YOSEMITE,No Risk,High Risk,High Risk,Low Risk,417,At-Risk,1,$0 
CA5500080,TWAIN HARTE VALLEY MWC,TUOLUMNE,DISTRICT 28 - YOSEMITE,No Risk,High Risk,No Risk,Low Risk,202,Not At-Risk,1,$0 
CA5500086,SONORA ESTATES MOBILE HOME PARK,TUOLUMNE,DISTRICT 28 - YOSEMITE,No Risk,Low Risk,High Risk,No Risk,235,Not At-Risk,1,$0 
CA5500092,PONDEROSA MOBILE HOME PARK,TUOLUMNE,DISTRICT 28 - YOSEMITE,No Risk,Low Risk,No Risk,Low Risk,52,Not At-Risk,1,$0 
CA5500096,SIERRA TWAIN HARTE MHP,TUOLUMNE,DISTRICT 28 - YOSEMITE,Low Risk,Medium Risk,No Risk,No Risk,129,Not At-Risk,1,$0 
CA5500104,CASCADE ESTATES,TUOLUMNE,DISTRICT 28 - YOSEMITE,No Risk,No Risk,Low Risk,Low Risk,316,Not At-Risk,1,$0 
CA5500115,SUGAR PINE RV RESORT,TUOLUMNE,DISTRICT 28 - YOSEMITE,No Risk,High Risk,No Risk,Low Risk,219,At-Risk,1,$0 
CA5500116,PEPPERMINT CREEK MHP,TUOLUMNE,DISTRICT 28 - YOSEMITE,Low Risk,High Risk,Medium Risk,Low Risk,280,At-Risk,1,$0 
CA5500119,YOSEMITE VISTA ESTATES,TUOLUMNE,DISTRICT 28 - YOSEMITE,No Risk,High Risk,No Risk,Low Risk,85,Not At-Risk,1,$0 
CA5500120,49ER TRAILER RANCH,TUOLUMNE,DISTRICT 28 - YOSEMITE,No Risk,No Risk,High Risk,Low Risk,115,Not At-Risk,1,$0 
CA5500124,MONO VISTA RANCH MHP,TUOLUMNE,DISTRICT 28 - YOSEMITE,Low Risk,High Risk,No Risk,Low Risk,105,Failing,1,$0 
CA5500125,MOTHER LODE MOBILE ESTATES,TUOLUMNE,DISTRICT 28 - YOSEMITE,Low Risk,No Risk,No Risk,Low Risk,210,Failing,1,$0 
CA5500128,GOLD RUSH MOBILE HOME PARK,TUOLUMNE,DISTRICT 28 - YOSEMITE,High Risk,Low Risk,High Risk,No Risk,67,At-Risk,1,$0 
CA5500148,CHINESE CAMP SCHOOL,TUOLUMNE,DISTRICT 28 - YOSEMITE,High Risk,High Risk,Medium Risk,No Risk,36,At-Risk,1,$0 
CA5500149,COLUMBIA MOBILE HOME PARK,TUOLUMNE,DISTRICT 28 - YOSEMITE,No Risk,No Risk,Low Risk,No Risk,89,Not At-Risk,1,$0 
CA5500171,SIERRA OUTDOOR SCHOOL,TUOLUMNE,DISTRICT 28 - YOSEMITE,Low Risk,Low Risk,Low Risk,No Risk,289,Not At-Risk,1,$0 
CA5500193,TAMARRON MOBILE HOME PARK,TUOLUMNE,DISTRICT 28 - YOSEMITE,No Risk,No Risk,No Risk,Low Risk,225,Not At-Risk,1,$0 
CA5500221,PINECREST ELEMENTARY SCHOOL,TUOLUMNE,DISTRICT 28 - YOSEMITE,No Risk,High Risk,Low Risk,No Risk,28,Not At-Risk,1,$0 
CA5500242,SIERRA WALDORF SCHOOL,TUOLUMNE,DISTRICT 28 - YOSEMITE,Low Risk,High Risk,No Risk,No Risk,175,At-Risk,1,$0 
CA5500243,RAMBLING HILLS ESTATES,TUOLUMNE,DISTRICT 28 - YOSEMITE,No Risk,Low Risk,Medium Risk,Low Risk,78,Not At-Risk,1,$0 
CA5500353,SIERRA VILLAGE MOBILE HOME PARK,TUOLUMNE,DISTRICT 28 - YOSEMITE,Low Risk,High Risk,No Risk,Low Risk,22,Failing,1,$0 
CA5500363,TUD-WARDS FERRY RANCHES,TUOLUMNE,DISTRICT 28 - YOSEMITE,No Risk,Low Risk,Medium Risk,No Risk,62,Not At-Risk,1,$0 
CA5510001,TUD - SONORA/JAMESTOWN WATER SYSTEM,TUOLUMNE,DISTRICT 28 - YOSEMITE,Low Risk,Low Risk,High Risk,No Risk,"11,054",Potentially At-Risk,1,"$465,979 "
CA5510002,TUD - PONDEROSA,TUOLUMNE,DISTRICT 28 - YOSEMITE,No Risk,High Risk,Medium Risk,No Risk,"1,767",Not At-Risk,1,"$10,744,198 "
CA5510003,TUD - TUOLUMNE WATER SYSTEM,TUOLUMNE,DISTRICT 28 - YOSEMITE,No Risk,High Risk,Medium Risk,No Risk,"1,761",Not At-Risk,1,$0 
CA5510004,PINECREST PERMITTEES ASSN,TUOLUMNE,DISTRICT 28 - YOSEMITE,No Risk,Low Risk,High Risk,No Risk,"1,298",Not At-Risk,1,$0 
CA5510005,TWAIN HARTE COMMUNITY SERVICES DISTRICT,TUOLUMNE,DISTRICT 28 - YOSEMITE,Low Risk,Low Risk,No Risk,Low Risk,"2,378",Not At-Risk,1,"$777,151 "
CA5510006,MI WUK VILLAGE MUT WTR CO,TUOLUMNE,DISTRICT 28 - YOSEMITE,Low Risk,No Risk,No Risk,Low Risk,"2,163",Not At-Risk,1,$0 
CA5510007,DEL ORO WATER COMPANY - STRAWBERRY DIV.,TUOLUMNE,DISTRICT 28 - YOSEMITE,Medium Risk,High Risk,High Risk,No Risk,"1,295",At-Risk,1,$0 
CA5510008,LAKE DON PEDRO CSD,TUOLUMNE,DISTRICT 28 - YOSEMITE,Low Risk,Low Risk,Low Risk,High Risk,"3,240",Potentially At-Risk,1,"$500,000 "
CA5510009,GROVELAND COMMUNITY SERV DIST,TUOLUMNE,DISTRICT 28 - YOSEMITE,Low Risk,Low Risk,No Risk,No Risk,"3,400",Failing,1,"$3,954,200 "
CA5510011,COLD SPRINGS WATER CO,TUOLUMNE,DISTRICT 28 - YOSEMITE,No Risk,Low Risk,High Risk,Low Risk,"1,771",Not At-Risk,1,$0 
CA5510012,TUD - UPPER BASIN WATER SYSTEM,TUOLUMNE,DISTRICT 28 - YOSEMITE,Low Risk,No Risk,No Risk,No Risk,"13,280",Not At-Risk,1,"$10,744,198 "
CA5510013,TUD - COLUMBIA WATER SYSTEM,TUOLUMNE,DISTRICT 28 - YOSEMITE,Low Risk,No Risk,High Risk,No Risk,"5,463",Not At-Risk,1,"$3,099,858 "
CA5510016,SIERRA PARK WATER COMPANY INC.,TUOLUMNE,DISTRICT 28 - YOSEMITE,Low Risk,Low Risk,High Risk,No Risk,400,Failing,1,"$1,500,000 "
CA5510021,TUD-PEACEFUL PINES WATER SYSTEM,TUOLUMNE,DISTRICT 28 - YOSEMITE,No Risk,High Risk,High Risk,No Risk,92,Potentially At-Risk,1,$0 
CA5510023,SONORA MEADOWS MUTUAL WTR CO,TUOLUMNE,DISTRICT 28 - YOSEMITE,No Risk,No Risk,No Risk,No Risk,"1,123",Not At-Risk,1,$0 
CA5510024,"SONORA WATER RESOURCES, INC",TUOLUMNE,DISTRICT 28 - YOSEMITE,No Risk,Medium Risk,High Risk,Low Risk,"1,154",Not At-Risk,1,$0 
CA5510026,PHOENIX LAKE ESTATES CC MWC,TUOLUMNE,DISTRICT 28 - YOSEMITE,High Risk,Low Risk,Medium Risk,No Risk,"1,168",At-Risk,1,$0 
CA5510028,TUD-APPLE VALLEY ESTATES,TUOLUMNE,DISTRICT 28 - YOSEMITE,No Risk,Low Risk,No Risk,No Risk,826,Not At-Risk,1,$0 
CA5510503,YOSEMITE NPS-HODGDON MEADOW,TUOLUMNE,DISTRICT 28 - YOSEMITE,Medium Risk,High Risk,High Risk,Medium Risk,51,At-Risk,1,$0 
CA5510851,CDCR - SIERRA CONSERVATION CENTER,TUOLUMNE,DISTRICT 28 - YOSEMITE,No Risk,High Risk,Medium Risk,Medium Risk,"3,571",Potentially At-Risk,1,$0 
CA5510852,CAL FIRE BASELINE CONSERVATION CAMP,TUOLUMNE,DISTRICT 28 - YOSEMITE,Low Risk,High Risk,Medium Risk,Medium Risk,150,At-Risk,1,$0 
CA5601104,CASITAS MUTUAL WATER COMPANY,VENTURA,DISTRICT 06 - SANTA BARBARA,No Risk,No Risk,Medium Risk,Low Risk,238,Not At-Risk,1,$0 
CA5601105,FILLMORE IRRIGATION CO,VENTURA,DISTRICT 06 - SANTA BARBARA,No Risk,No Risk,High Risk,Low Risk,353,Not At-Risk,1,$0 
CA5601106,ALTURAS FILLMORE MHP,VENTURA,DISTRICT 06 - SANTA BARBARA,No Risk,High Risk,Low Risk,No Risk,99,Potentially At-Risk,1,$0 
CA5601110,MIDDLE ROAD MUTUAL WATER CO,VENTURA,DISTRICT 06 - SANTA BARBARA,No Risk,Medium Risk,No Risk,Low Risk,134,Not At-Risk,1,$0 
CA5601116,SAN CAYETANO MUTUAL WATER CO,VENTURA,DISTRICT 06 - SANTA BARBARA,No Risk,Low Risk,Low Risk,Low Risk,43,Not At-Risk,1,$0 
CA5601117,SENIOR CANYON MUTUAL WATER CO,VENTURA,DISTRICT 06 - SANTA BARBARA,No Risk,No Risk,Medium Risk,Low Risk,800,Not At-Risk,1,$0 
CA5601119,SIETE ROBLES MUTUAL WATER CO,VENTURA,DISTRICT 06 - SANTA BARBARA,No Risk,No Risk,Low Risk,Low Risk,323,Not At-Risk,1,$0 
CA5601120,SISAR MUTUAL WATER CO,VENTURA,DISTRICT 06 - SANTA BARBARA,No Risk,No Risk,No Risk,Low Risk,340,Not At-Risk,1,$0 
CA5601122,TICO MUTUAL WATER CO,VENTURA,DISTRICT 06 - SANTA BARBARA,High Risk,No Risk,No Risk,Low Risk,72,At-Risk,1,"$1,628,324 "
CA5601125,COMMUNITY MUTUAL WATER CO,VENTURA,DISTRICT 06 - SANTA BARBARA,No Risk,Low Risk,Medium Risk,No Risk,65,Not At-Risk,1,$0 
CA5601134,ELKINS RANCH,VENTURA,DISTRICT 06 - SANTA BARBARA,Low Risk,High Risk,High Risk,Low Risk,150,Failing,1,$0 
CA5601137,RINCON WATER & ROAD WORKS,VENTURA,DISTRICT 06 - SANTA BARBARA,Low Risk,Medium Risk,High Risk,No Risk,25,At-Risk,1,$0 
CA5601141,SOUTH MOUNTAIN MUTUAL WATER CO,VENTURA,DISTRICT 06 - SANTA BARBARA,No Risk,High Risk,No Risk,Low Risk,58,At-Risk,1,$0 
CA5601144,RANCHO SESPE WORKERS IMP ASSOC,VENTURA,DISTRICT 06 - SANTA BARBARA,No Risk,High Risk,Low Risk,Low Risk,600,Potentially At-Risk,1,$0 
CA5601201,LIMONEIRA RANCH #1,VENTURA,DISTRICT 06 - SANTA BARBARA,No Risk,Medium Risk,No Risk,Low Risk,"1,187",Not At-Risk,1,$0 
CA5601401,KROTONA INSTITUTE,VENTURA,DISTRICT 06 - SANTA BARBARA,No Risk,No Risk,No Risk,No Risk,30,Not At-Risk,1,$0 
CA5601405,SANTA CLARA SCHOOL,VENTURA,DISTRICT 06 - SANTA BARBARA,Low Risk,High Risk,Low Risk,No Risk,39,At-Risk,1,$0 
CA5602101,ESTERINA PROPERTIES,VENTURA,DISTRICT 06 - SANTA BARBARA,Low Risk,High Risk,Low Risk,Medium Risk,50,Failing,1,$0 
CA5602103,CYPRESS MUTUAL WATER CO INC,VENTURA,DISTRICT 06 - SANTA BARBARA,Low Risk,High Risk,Medium Risk,No Risk,224,Failing,1,$0 
CA5602104,DEL NORTE MUTUAL WATER CO.,VENTURA,DISTRICT 06 - SANTA BARBARA,High Risk,Low Risk,No Risk,High Risk,215,At-Risk,1,$0 
CA5602108,GARDEN ACRES MUTUAL WATER CO,VENTURA,DISTRICT 06 - SANTA BARBARA,No Risk,Low Risk,Medium Risk,No Risk,"1,335",Not At-Risk,1,$0 
CA5602109,SIESTA MOBILE HOME PARK,VENTURA,DISTRICT 06 - SANTA BARBARA,Low Risk,High Risk,Medium Risk,Low Risk,160,Failing,1,$0 
CA5602110,NAVALAIR MOBILE HOME PARK,VENTURA,DISTRICT 06 - SANTA BARBARA,Low Risk,High Risk,Medium Risk,Medium Risk,160,Failing,1,$0 
CA5602111,NYELAND ACRES MUTUAL WATER CO,VENTURA,DISTRICT 06 - SANTA BARBARA,Low Risk,Low Risk,Medium Risk,Low Risk,975,Not At-Risk,1,$0 
CA5602115,SAVIERS ROAD MUTUAL WATER CO,VENTURA,DISTRICT 06 - SANTA BARBARA,Low Risk,High Risk,Medium Risk,Low Risk,368,Failing,1,$0 
CA5602117,STRICKLAND MUTUAL WATER COMPANY,VENTURA,DISTRICT 06 - SANTA BARBARA,Low Risk,Medium Risk,No Risk,Low Risk,429,Potentially At-Risk,1,$0 
CA5602130,SOLANO VERDE MUTUAL WATER CO,VENTURA,DISTRICT 06 - SANTA BARBARA,No Risk,Medium Risk,No Risk,Low Risk,100,Not At-Risk,1,$0 
CA5602132,WATERS ROAD DOMESTIC USERS GROUP,VENTURA,DISTRICT 06 - SANTA BARBARA,No Risk,Medium Risk,High Risk,Low Risk,25,Potentially At-Risk,1,$0 
CA5602140,SATICOY COUNTRY CLUB-CITY OF VENTURA,VENTURA,DISTRICT 06 - SANTA BARBARA,High Risk,Low Risk,No Risk,No Risk,196,Potentially At-Risk,1,$0 
CA5602403,LAGUNA VISTA SCHOOL/OCEANVIEW SCHOOL DIS,VENTURA,DISTRICT 06 - SANTA BARBARA,Low Risk,High Risk,Low Risk,No Risk,404,At-Risk,1,$0 
CA5602406,RIO SCHOOL DIST/RIO DEL VALLE SCHOOL,VENTURA,DISTRICT 06 - SANTA BARBARA,No Risk,Medium Risk,Medium Risk,No Risk,820,Not At-Risk,1,$0 
CA5602407,RIO MESA HIGH SCHOOL/OXNARD UHS,VENTURA,DISTRICT 06 - SANTA BARBARA,Medium Risk,High Risk,No Risk,No Risk,"2,600",At-Risk,1,$0 
CA5602408,RIO SCHOOL DIST/ RIO REAL SCHOOL,VENTURA,DISTRICT 06 - SANTA BARBARA,No Risk,Medium Risk,Medium Risk,No Risk,550,Not At-Risk,1,$0 
CA5603301,BRANDEIS BARDIN INSTITUTE,VENTURA,DISTRICT 06 - SANTA BARBARA,No Risk,Medium Risk,No Risk,Low Risk,665,Not At-Risk,1,$0 
CA5610001,DEMPSEY ROAD MUTUAL WATER CO,VENTURA,DISTRICT 06 - SANTA BARBARA,Low Risk,Low Risk,Low Risk,Low Risk,990,Not At-Risk,1,$0 
CA5610002,FILLMORE WATER DEPT,VENTURA,DISTRICT 06 - SANTA BARBARA,No Risk,Low Risk,Low Risk,No Risk,"16,419",Not At-Risk,1,$0 
CA5610003,VENTURA CWWD NO. 17 - BELL CANYON,VENTURA,DISTRICT 06 - SANTA BARBARA,No Risk,Medium Risk,No Risk,Low Risk,"1,946",Not At-Risk,1,$0 
CA5610005,MEINERS OAKS CWD,VENTURA,DISTRICT 06 - SANTA BARBARA,No Risk,No Risk,No Risk,No Risk,"4,200",Not At-Risk,1,$0 
CA5610006,"CROWN POINTE ESTATES AT MALIBU, LLC",VENTURA,DISTRICT 06 - SANTA BARBARA,No Risk,Low Risk,No Risk,Medium Risk,690,Not At-Risk,1,$0 
CA5610007,OXNARD WATER DEPT,VENTURA,DISTRICT 06 - SANTA BARBARA,Not Assessed,Not Assessed,Not Assessed,Not Assessed,"200,232",Not Assessed,1,$0 
CA5610008,PLEASANT VALLEY MUTUAL WATER CO,VENTURA,DISTRICT 06 - SANTA BARBARA,Medium Risk,Low Risk,No Risk,Low Risk,"5,000",Potentially At-Risk,1,$0 
CA5610009,PORT HUENEME CITY WATER DEPT,VENTURA,DISTRICT 06 - SANTA BARBARA,No Risk,No Risk,Low Risk,No Risk,"21,407",Not At-Risk,1,$0 
CA5610010,CAL AMERICAN WC - RIO PLAZA,VENTURA,DISTRICT 06 - SANTA BARBARA,Low Risk,Low Risk,No Risk,No Risk,"1,709",Not At-Risk,1,$0 
CA5610011,CITY OF SANTA PAULA,VENTURA,DISTRICT 06 - SANTA BARBARA,Low Risk,Low Risk,No Risk,No Risk,"31,018",Not At-Risk,1,$0 
CA5610014,OJAI WATER SYSTEM,VENTURA,DISTRICT 06 - SANTA BARBARA,No Risk,No Risk,High Risk,Low Risk,"6,801",Not At-Risk,1,$0 
CA5610015,VENTURA CWWD NO. 19 - SOMIS,VENTURA,DISTRICT 06 - SANTA BARBARA,No Risk,No Risk,No Risk,Low Risk,"1,429",Not At-Risk,1,"$2,650,000 "
CA5610016,CALIFORNIA WATER SERVICE CO - WESTLAKE,VENTURA,DISTRICT 06 - SANTA BARBARA,No Risk,No Risk,No Risk,No Risk,"19,533",Not At-Risk,1,$0 
CA5610017,VENTURA WATER DEPARTMENT,VENTURA,DISTRICT 06 - SANTA BARBARA,Not Assessed,Not Assessed,Not Assessed,Not Assessed,"113,500",Not Assessed,1,$0 
CA5610018,VENTURA CWWD NO. 1 - MOORPARK,VENTURA,DISTRICT 06 - SANTA BARBARA,Low Risk,No Risk,No Risk,Low Risk,"35,514",Not At-Risk,1,$0 
CA5610019,CAMARILLO WATER DEPT,VENTURA,DISTRICT 06 - SANTA BARBARA,Low Risk,Low Risk,No Risk,Low Risk,"46,824",Not At-Risk,1,$0 
CA5610020,CITY OF THOUSAND OAKS WATER DEPARTMENT,VENTURA,DISTRICT 06 - SANTA BARBARA,No Risk,No Risk,No Risk,Low Risk,"53,157",Not At-Risk,1,$0 
CA5610021,CAL AMERICAN WATER COMPANY - PIRU,VENTURA,DISTRICT 06 - SANTA BARBARA,No Risk,Low Risk,No Risk,No Risk,"2,003",Not At-Risk,1,$0 
CA5610022,VENTURA RIVER WATER DISTRICT,VENTURA,DISTRICT 06 - SANTA BARBARA,Medium Risk,No Risk,High Risk,Low Risk,"6,100",Potentially At-Risk,1,"$1,628,324 "
CA5610023,VENTURA WWD NO. 8 - SIMI VALLEY,VENTURA,DISTRICT 06 - SANTA BARBARA,Low Risk,No Risk,No Risk,No Risk,"94,738",Not At-Risk,1,$0 
CA5610024,CASITAS MUNICIPAL WATER DIST,VENTURA,DISTRICT 06 - SANTA BARBARA,Low Risk,No Risk,Low Risk,Low Risk,"11,005",Not At-Risk,1,$0 
CA5610029,VINEYARD AVENUE ACRES MWC,VENTURA,DISTRICT 06 - SANTA BARBARA,High Risk,Medium Risk,Medium Risk,Low Risk,"1,820",Failing,1,$0 
CA5610035,RIO MANOR MUTUAL WATER CO,VENTURA,DISTRICT 06 - SANTA BARBARA,High Risk,Medium Risk,No Risk,No Risk,983,At-Risk,1,$0 
CA5610039,CHANNEL ISLANDS BEACH CSD,VENTURA,DISTRICT 06 - SANTA BARBARA,No Risk,No Risk,Low Risk,Low Risk,"4,560",Not At-Risk,1,$0 
CA5610040,CAL AMERICAN WATER CO,VENTURA,DISTRICT 06 - SANTA BARBARA,No Risk,No Risk,No Risk,No Risk,"66,809",Not At-Risk,1,$0 
CA5610043,TRIUNFO WATER & SANITATION DISTRICT,VENTURA,DISTRICT 06 - SANTA BARBARA,No Risk,No Risk,No Risk,Low Risk,"13,898",Not At-Risk,1,$0 
CA5610046,UNITED WTR CONS DIST,VENTURA,DISTRICT 06 - SANTA BARBARA,Not Assessed,Not Assessed,Not Assessed,Not Assessed,0,Not Assessed,1,$0 
CA5610050,CALLEGUAS MUNICIPAL WATER DIST,VENTURA,DISTRICT 06 - SANTA BARBARA,Not Assessed,Not Assessed,Not Assessed,Not Assessed,0,Not Assessed,1,$0 
CA5610056,VINEYARD AVE ESTATES MWC,VENTURA,DISTRICT 06 - SANTA BARBARA,Medium Risk,Low Risk,Medium Risk,No Risk,"1,200",Potentially At-Risk,1,$0 
CA5610058,CRESTVIEW MUTUAL WATER CO,VENTURA,DISTRICT 06 - SANTA BARBARA,No Risk,No Risk,No Risk,Low Risk,"2,079",Not At-Risk,1,$0 
CA5610059,GOLDEN STATE WATER COMPANY - SIMI VALLEY,VENTURA,DISTRICT 06 - SANTA BARBARA,High Risk,No Risk,No Risk,No Risk,"45,128",Potentially At-Risk,1,$0 
CA5610063,CAMROSA WATER DISTRICT,VENTURA,DISTRICT 06 - SANTA BARBARA,High Risk,Low Risk,No Risk,Low Risk,"32,700",At-Risk,1,$0 
CA5610068,CLOVERDALE MUTUAL WATER CO.,VENTURA,DISTRICT 06 - SANTA BARBARA,Medium Risk,Medium Risk,Medium Risk,Low Risk,455,At-Risk,1,$0 
CA5610069,VENTURA CWWD NO. 38 - LAKE SHERWOOD,VENTURA,DISTRICT 06 - SANTA BARBARA,No Risk,Medium Risk,No Risk,Low Risk,"1,759",Not At-Risk,1,$0 
CA5610080,PORT HUENEME WATER AGENCY,VENTURA,DISTRICT 06 - SANTA BARBARA,Not Assessed,Not Assessed,Not Assessed,Not Assessed,0,Not Assessed,1,$0 
CA5610081,CAL AMERICAN WC - LAS POSAS ESTATES,VENTURA,DISTRICT 06 - SANTA BARBARA,No Risk,Medium Risk,No Risk,No Risk,"2,039",Not At-Risk,1,$0 
CA5610700,"NAVAL BASE VENTURA COUNTY, POINT MUGU",VENTURA,DISTRICT 06 - SANTA BARBARA,No Risk,No Risk,Medium Risk,No Risk,"5,700",Not At-Risk,1,$0 
CA5610701,"NAVAL BASE VENTURA COUNTY, PORT HUENEME",VENTURA,DISTRICT 06 - SANTA BARBARA,No Risk,Low Risk,Medium Risk,No Risk,"8,625",Not At-Risk,1,$0 
CA5610702,"U.S.N., SAN NICOLAS ISLAND",VENTURA,DISTRICT 06 - SANTA BARBARA,High Risk,High Risk,No Risk,No Risk,254,At-Risk,1,$0 
CA5700509,CLARKSBURG MIDDLE SCHOOL,YOLO,LPA87 - YOLO COUNTY,No Risk,High Risk,No Risk,No Risk,460,Not At-Risk,1,$0 
CA5700510,DELTA HIGH SCHOOL,YOLO,LPA87 - YOLO COUNTY,No Risk,High Risk,No Risk,No Risk,250,Not At-Risk,1,$0 
CA5700554,CAMPERS INN - RV & GOLF COURSE,YOLO,LPA87 - YOLO COUNTY,Medium Risk,High Risk,No Risk,High Risk,140,At-Risk,1,$0 
CA5700555,BONFIRE VILLAGE HOTEL,YOLO,LPA87 - YOLO COUNTY,High Risk,High Risk,Low Risk,No Risk,44,Failing,1,$0 
CA5700571,MADISON SERVICE DIST,YOLO,LPA87 - YOLO COUNTY,Medium Risk,Low Risk,Low Risk,High Risk,876,At-Risk,1,$0 
CA5700615,YOLO CO HOUSING AUTHORITY-EL RIO VILLA,YOLO,LPA87 - YOLO COUNTY,Medium Risk,Low Risk,No Risk,Low Risk,432,Potentially At-Risk,1,$0 
CA5700623,DAVIS JUSD - FAIRFIELD SCHOOL,YOLO,LPA87 - YOLO COUNTY,High Risk,High Risk,No Risk,No Risk,46,Failing,1,"$36,247 "
CA5700643,PLAINFIELD ELEM SCHOOL - WATER,YOLO,LPA87 - YOLO COUNTY,No Risk,High Risk,No Risk,No Risk,400,Not At-Risk,1,$0 
CA5700700,CACHEVILLE SERVICE DIST,YOLO,LPA87 - YOLO COUNTY,No Risk,Low Risk,No Risk,Low Risk,239,Not At-Risk,1,$0 
CA5700702,MIGRANT HEAD START PROGRAM - WATER,YOLO,LPA87 - YOLO COUNTY,Not Assessed,Not Assessed,Not Assessed,Not Assessed,200,Not Assessed,1,$0 
CA5700707,ROLLING ACRES MUTUAL WATER COMPANY,YOLO,LPA87 - YOLO COUNTY,Medium Risk,High Risk,No Risk,Low Risk,40,At-Risk,1,$0 
CA5700712,CAL AM - DUNNIGAN,YOLO,LPA87 - YOLO COUNTY,High Risk,Low Risk,Low Risk,No Risk,602,At-Risk,1,$0 
CA5700784,GRACE VALLEY CHRISTIAN CENTER,YOLO,LPA87 - YOLO COUNTY,Medium Risk,High Risk,No Risk,No Risk,304,Potentially At-Risk,1,$0 
CA5700788,NORTH DAVIS MEADOWS,YOLO,LPA87 - YOLO COUNTY,High Risk,Low Risk,High Risk,High Risk,314,Failing,1,"$7,600,000 "
CA5700797,MONROE/LEINBERGER CNTR - WATERS,YOLO,LPA87 - YOLO COUNTY,Medium Risk,High Risk,No Risk,Medium Risk,800,At-Risk,1,$0 
CA5710001,CITY OF DAVIS,YOLO,DISTRICT 09 - SACRAMENTO,Medium Risk,No Risk,Low Risk,No Risk,"67,457",Not At-Risk,1,$0 
CA5710003,CITY OF WEST SACRAMENTO,YOLO,DISTRICT 09 - SACRAMENTO,Medium Risk,High Risk,Low Risk,No Risk,"53,355",At-Risk,1,$0 
CA5710004,KNIGHTS LANDING SVC. DIST.,YOLO,DISTRICT 09 - SACRAMENTO,Low Risk,Low Risk,High Risk,No Risk,944,Not At-Risk,1,"$399,141 "
CA5710005,CITY OF WINTERS,YOLO,DISTRICT 09 - SACRAMENTO,Low Risk,Low Risk,No Risk,No Risk,"7,115",Not At-Risk,1,$0 
CA5710006,CITY OF WOODLAND,YOLO,DISTRICT 09 - SACRAMENTO,Medium Risk,No Risk,No Risk,Low Risk,"61,462",Not At-Risk,1,$0 
CA5710007,ESPARTO C.S.D.,YOLO,DISTRICT 09 - SACRAMENTO,Low Risk,Low Risk,No Risk,No Risk,"3,574",Not At-Risk,1,$0 
CA5710009,UC - DAVIS,YOLO,DISTRICT 09 - SACRAMENTO,No Risk,No Risk,High Risk,Low Risk,"49,616",Potentially At-Risk,1,$0 
CA5710011,WILD WINGS GOLF COMMUNITY,YOLO,DISTRICT 09 - SACRAMENTO,Medium Risk,Low Risk,Low Risk,Low Risk,"1,115",Not At-Risk,1,$0 
CA5710012,WOODLAND-DAVIS CLEAN WATER AGENCY,YOLO,DISTRICT 09 - SACRAMENTO,Not Assessed,Not Assessed,Not Assessed,Not Assessed,0,Not Assessed,1,$0 
CA5800006,YES CHARTER ACADEMY,YUBA,LPA88 - YUBA COUNTY,No Risk,High Risk,Medium Risk,No Risk,125,Not At-Risk,1,$0 
CA5800572,FAIRWAY DOWNS MUTUAL WATER CO,YUBA,LPA88 - YUBA COUNTY,High Risk,Low Risk,No Risk,Low Risk,100,Potentially At-Risk,1,$0 
CA5800803,LOMA RICA WATER COMPANY,YUBA,LPA88 - YUBA COUNTY,No Risk,High Risk,High Risk,Low Risk,200,Potentially At-Risk,1,"$139,102 "
CA5800805,LAKE FRANCIS MUTUAL WATER COMPANY,YUBA,LPA88 - YUBA COUNTY,High Risk,Low Risk,High Risk,No Risk,60,At-Risk,1,$0 
CA5800810,BIBLE BAPTIST ACADEMY,YUBA,LPA88 - YUBA COUNTY,No Risk,High Risk,Low Risk,No Risk,45,Not At-Risk,1,$0 
CA5800820,RIVER HIGHLANDS CSD,YUBA,LPA88 - YUBA COUNTY,High Risk,Low Risk,No Risk,No Risk,200,Failing,1,$0 
CA5800821,WHEATLAND PARK ESTATES,YUBA,LPA88 - YUBA COUNTY,No Risk,High Risk,No Risk,No Risk,26,Not At-Risk,1,$0 
CA5800823,RISELEN PARK,YUBA,LPA88 - YUBA COUNTY,No Risk,Low Risk,Low Risk,Low Risk,100,Not At-Risk,1,$0 
CA5800824,COUNTRY VILLAGE MOBILE HOME PARK,YUBA,LPA88 - YUBA COUNTY,High Risk,High Risk,No Risk,No Risk,50,Failing,1,$0 
CA5800827,WHISPERING PINES MOBILE HOME PARK,YUBA,LPA88 - YUBA COUNTY,No Risk,High Risk,Low Risk,No Risk,25,Not At-Risk,1,$0 
CA5800828,COUNTRYSIDE MOBILE HOME PARK,YUBA,LPA88 - YUBA COUNTY,Low Risk,Low Risk,Low Risk,No Risk,185,Failing,1,$0 
CA5800832,CASTLEWOOD MOBILE HOME PARK,YUBA,LPA88 - YUBA COUNTY,No Risk,High Risk,Low Risk,No Risk,200,Not At-Risk,1,$0 
CA5800840,MJUSD CORDUA SCHOOL,YUBA,LPA88 - YUBA COUNTY,No Risk,High Risk,No Risk,No Risk,110,Not At-Risk,1,$0 
CA5800843,MJUSD FOOTHILL INTERMEDIATE SCHOOL,YUBA,LPA88 - YUBA COUNTY,No Risk,High Risk,No Risk,Low Risk,325,Not At-Risk,1,$0 
CA5800844,MJUSD BROWNS VALLEY SCHOOL,YUBA,LPA88 - YUBA COUNTY,No Risk,High Risk,No Risk,No Risk,155,Not At-Risk,1,$0 
CA5800845,MJUSD DOBBINS SCHOOL,YUBA,LPA88 - YUBA COUNTY,No Risk,High Risk,Medium Risk,Low Risk,85,Potentially At-Risk,1,$0 
CA5800847,MJUSD LOMA RICA SCHOOL,YUBA,LPA88 - YUBA COUNTY,No Risk,High Risk,Low Risk,No Risk,150,Not At-Risk,1,$0 
CA5800850,REBEL RIDGE VILLAGE,YUBA,LPA88 - YUBA COUNTY,Medium Risk,High Risk,Low Risk,Low Risk,60,At-Risk,1,$0 
CA5800851,FEATHER RIVER MANOR,YUBA,LPA88 - YUBA COUNTY,High Risk,High Risk,No Risk,High Risk,35,Failing,1,$0 
CA5800863,FELLOWSHIP OF FRIENDS,YUBA,LPA88 - YUBA COUNTY,Low Risk,Low Risk,No Risk,Medium Risk,160,Not At-Risk,1,$0 
CA5800924,CAMPTONVILLE COMMUNITY SERV DIST,YUBA,LPA88 - YUBA COUNTY,No Risk,Low Risk,High Risk,Medium Risk,180,Potentially At-Risk,1,$0 
CA5805001,PLUMAS LAKE,YUBA,DISTRICT 21 - VALLEY,Low Risk,Low Risk,No Risk,Low Risk,"10,464",Not At-Risk,1,$0 
CA5810001,CAL-WATER SERVICE CO.-MARYSVILLE,YUBA,DISTRICT 21 - VALLEY,Low Risk,Low Risk,Medium Risk,No Risk,"12,419",Not At-Risk,1,$0 
CA5810002,LINDA COUNTY WATER DISTRICT,YUBA,DISTRICT 21 - VALLEY,Low Risk,Low Risk,High Risk,Low Risk,"21,654",Potentially At-Risk,1,"$18,076,483 "
CA5810003,OLIVEHURST PUBLIC U.D.,YUBA,DISTRICT 21 - VALLEY,No Risk,Low Risk,No Risk,Low Risk,"16,595",Not At-Risk,1,$0 
CA5810004,CITY OF WHEATLAND,YUBA,DISTRICT 21 - VALLEY,No Risk,High Risk,No Risk,No Risk,"4,124",At-Risk,1,$0 
CA5810005,NEVADA ID - SMARTSVILLE,YUBA,DISTRICT 09 - SACRAMENTO,No Risk,High Risk,No Risk,Low Risk,122,Not At-Risk,1,$0 
CA5810006,NORTH YUBA WATER DISTRICT,YUBA,DISTRICT 21 - VALLEY,No Risk,High Risk,Low Risk,Low Risk,"2,772",Not At-Risk,1,"$443,426 "
CA5810700,BEALE AIR FORCE BASE,YUBA,DISTRICT 21 - VALLEY,Low Risk,Low Risk,Medium Risk,No Risk,"6,785",Not At-Risk,1,$0 