,pwsid,health_5yr_count,health_5yr_count_no2ndary_mcl,health_5yr_count_no_2ndary_or_lsl,mr_5yr_count,mon_only_5yr_count,health_5yr_binary,health_5yr_no2ndary_mcl_binary,health_5yr_no2ndary_or_lsl_binary,mr_5yr_binary,mon_only_5yr_binary,pws_name,pws_type_code,gw_sw_code,primary_source_code,population_served_count,service_connections_count,carceral_sys
1,CA0103039,0,0,0,0,0,0,0,0,0,0,MOHRLAND MUTUAL WATER SYSTEM,CWS,SW,SWP,116,99,other_water_systems
2,CA0103040,1,1,0,1,0,1,1,0,1,0,NORRIS CANYON PROPERTY OWNERS ASSN,CWS,GW,GW,50,19,other_water_systems
3,CA0103041,0,0,0,0,0,0,0,0,0,0,TRAILER HAVEN MOBILE HOME PARK,CWS,SW,SWP,459,191,other_water_systems
4,CA0105008,1,1,0,1,0,1,1,0,1,0,CASTLEWOOD DOMESTIC WATER SYSTEM,CWS,GW,GWP,524,207,other_water_systems
5,CA0105009,0,0,0,0,0,0,0,0,0,0,MOUNTAIN HOUSE SCHOOL,NTNCWS,SW,SWP,50,1,other_water_systems
6,CA0105020,1,1,0,1,0,1,1,0,1,0,ALAMEDA COUNTY FAIRGROUNDS,NTNCWS,GW,GW,82,33,other_water_systems
7,CA0110001,1,0,0,0,0,1,0,0,0,0,ALAMEDA COUNTY WATER DISTRICT,CWS,SW,SW,344000,86959,carceral_serving_water_system
8,CA0110003,0,0,0,0,0,0,0,0,0,0,CALIFORNIA WATER SERVICE - LIVERMORE,CWS,SW,SWP,60414,18595,other_water_systems
9,CA0110005,0,0,0,0,0,0,0,0,0,0,EAST BAY MUD,CWS,SW,SW,1442800,392875,carceral_serving_water_system
10,CA0110006,0,0,0,0,0,0,0,0,0,0,CITY OF HAYWARD,CWS,SW,SWP,162954,36838,carceral_serving_water_system
11,CA0110008,0,0,0,0,0,0,0,0,0,0,CITY OF PLEASANTON,CWS,SW,SWP,76689,22334,other_water_systems
12,CA0110009,0,0,0,0,0,0,0,0,0,0,DUBLIN SAN RAMON SERVICES DISTRICT,CWS,SW,SWP,98776,25458,carceral_serving_water_system
13,CA0110010,0,0,0,0,0,0,0,0,0,0,ZONE 7 WATER AGENCY,CWS,SW,SW,40,12,other_water_systems
14,CA0110011,0,0,0,0,0,0,0,0,0,0,CITY OF LIVERMORE,CWS,SW,SWP,38892,9958,other_water_systems
15,CA0110012,0,0,0,0,0,0,0,0,0,0,TOWN OF SUNOL - SFPUC,CWS,SW,SWP,281,102,other_water_systems
16,CA0110016,0,0,0,0,0,0,0,0,0,0,ALAMEDA POINT,CWS,SW,SWP,1400,378,other_water_systems
17,CA0110018,0,0,0,0,0,0,0,0,0,0,SFPUC-PLEASANTON WELLS,CWS,GW,GW,1,1,other_water_systems
18,CA0110650,0,0,0,0,0,0,0,0,0,0,USBR-SLDMWA - CVP JONES PUMPING PLANT,NTNCWS,SW,SW,90,1,other_water_systems
19,CA0110701,0,0,0,0,0,0,0,0,0,0,LAWRENCE LIVERMORE NATIONAL LAB SITE 200,NTNCWS,SW,SWP,10870,2,other_water_systems
20,CA0202501,0,0,0,0,0,0,0,0,0,0,DIAMOND VALLEY SCHOOL,NTNCWS,GW,GW,100,5,other_water_systems
21,CA0202503,0,0,0,0,0,0,0,0,0,0,WOODFORDS MUTUAL WATER COMPANY,CWS,GW,GW,50,16,other_water_systems
22,CA0202504,0,0,0,6,6,0,0,0,1,1,MARKLEEVILLE WATER CO.,CWS,SW,SW,25,167,other_water_systems
23,CA0202522,1,1,0,1,0,1,1,0,1,0,SIERRA PINES MOBILE HOME PARK,CWS,GW,GW,70,32,other_water_systems
24,CA0202599,0,0,0,6,6,0,0,0,1,1,EARLY LEARNING CENTER,NTNCWS,GW,GW,35,1,other_water_systems
25,CA0205425,1,1,0,1,0,1,1,0,1,0,ALPINE CO COMMUNITY DEVELOPMENT,NTNCWS,GW,GW,30,10,other_water_systems
26,CA0210001,2,2,2,0,0,1,1,1,0,0,LAKE ALPINE WATER COMPANY,CWS,SW,SW,625,490,other_water_systems
27,CA0210002,1,0,0,1,1,1,0,0,1,1,KIRKWOOD MEADOWS PUBLIC UTILITY DISTRICT,CWS,GW,GW,7851,866,other_water_systems
28,CA0300010,0,0,0,1,1,0,0,0,1,1,DRYTOWN COUNTY WATER DISTRICT,CWS,SW,SWP,221,67,other_water_systems
29,CA0300011,0,0,0,0,0,0,0,0,0,0,SUTTER PINES MHP,CWS,SW,GU,40,20,other_water_systems
30,CA0300016,0,0,0,1,1,0,0,0,1,1,VOLCANO COMMUNITY SERVICE DIST,CWS,SW,GU,103,73,other_water_systems
31,CA0300019,1,1,1,2,1,1,1,1,1,1,FIDDLETOWN COMMUNITY SERVICE,CWS,GW,GW,100,66,other_water_systems
32,CA0300024,0,0,0,2,2,0,0,0,1,1,FOREST POINT MHC,CWS,GW,GW,62,22,other_water_systems
33,CA0300037,0,0,0,1,1,0,0,0,1,1,JACKSON VALLEY IRRIGATION DISTRICT,CWS,SW,SW,3553,355,other_water_systems
34,CA0300053,0,0,0,0,0,0,0,0,0,0,RANCHO DEL ORO MHP,CWS,GW,GW,44,27,other_water_systems
35,CA0300055,1,1,0,5,4,1,1,0,1,1,SUNSET WEST MUTUAL WATER COMPANY,NTNCWS,GW,GW,25,7,other_water_systems
36,CA0300062,0,0,0,1,0,0,0,0,1,0,HOPE FOUNDATION/MORIAH HEIGHTS,CWS,GW,GW,299,21,other_water_systems
37,CA0300073,0,0,0,0,0,0,0,0,0,0,AWA - TIGER CREEK POWERHOUSE,NTNCWS,SW,SW,32,9,other_water_systems
38,CA0300078,0,0,0,1,1,0,0,0,1,1,IONE BAND OF MIWOK INDIANS,CWS,GW,GW,40,12,other_water_systems
39,CA0300448,0,0,0,11,11,0,0,0,1,1,MALLO GOLD MINE PLAZA,NTNCWS,GW,GW,25,9,other_water_systems
40,CA0300524,0,0,0,0,0,0,0,0,0,0,"MP ASSOCIATES, INC.",NTNCWS,GW,GW,130,2,other_water_systems
41,CA0301038,0,0,0,0,0,0,0,0,0,0,PARDEE RECREATION AREA,NTNCWS,SW,SW,383,80,other_water_systems
42,CA0310001,1,1,1,0,0,1,1,1,0,0,CITY OF JACKSON,CWS,SW,SWP,5019,2208,carceral_serving_water_system
43,CA0310002,1,1,1,1,1,1,1,1,1,1,"AWA, IONE",CWS,SW,SW,7227,2342,carceral_serving_water_system
44,CA0310003,0,0,0,1,1,0,0,0,1,1,"AWA, TANNER",CWS,SW,SW,4940,1754,other_water_systems
45,CA0310004,1,1,1,0,0,1,1,1,0,0,"PLYMOUTH, CITY OF",CWS,SW,SWP,1060,534,other_water_systems
46,CA0310005,0,0,0,0,0,0,0,0,0,0,PINE GROVE COMM SERV DIST,CWS,SW,SWP,1141,410,other_water_systems
47,CA0310006,1,1,0,1,0,1,1,0,1,0,RIVER PINES PUD,CWS,GW,GW,574,230,other_water_systems
48,CA0310008,0,0,0,0,0,0,0,0,0,0,CAMANCHE NORTH SHORE INC.,CWS,GW,GW,1012,211,other_water_systems
49,CA0310011,1,1,0,1,0,1,1,0,1,0,FIRST MACE MEADOW # 1,CWS,SW,SWP,838,337,other_water_systems
50,CA0310012,0,0,0,0,0,0,0,0,0,0,AWA BUCKHORN PLANT,CWS,SW,SW,8791,2738,carceral_serving_water_system
51,CA0310018,0,0,0,0,0,0,0,0,0,0,FIRST MACE MEADOWS UNIT NO. 2,CWS,SW,SWP,230,82,other_water_systems
52,CA0310019,0,0,0,0,0,0,0,0,0,0,AWA LA MEL HEIGHTS #3,CWS,GW,GW,188,55,other_water_systems
53,CA0310021,0,0,0,0,0,0,0,0,0,0,AWA - CAMANCHE VILLAGE,CWS,GW,GW,2402,728,other_water_systems
54,CA0400001,0,0,0,0,0,0,0,0,0,0,YOUTH WITH A MISSION-SPRINGS OF LIVING W,CWS,GW,GW,150,54,other_water_systems
55,CA0400003,1,1,0,3,0,1,1,0,1,0,HARTLEY MUTUAL WATER SYSTEM,CWS,GW,GW,41,15,other_water_systems
56,CA0400004,1,1,0,1,0,1,1,0,1,0,FOREST RANCH MUTUAL WATER SYSTEM,CWS,GW,GW,119,42,other_water_systems
57,CA0400007,0,0,0,2,2,0,0,0,1,1,BUTTE CREEK ESTATES MUTUAL WATER CO,CWS,GW,GW,399,172,other_water_systems
58,CA0400008,0,0,0,0,0,0,0,0,0,0,GRAN MUTUAL WATER CO,CWS,GW,GW,290,91,other_water_systems
59,CA0400012,0,0,0,4,4,0,0,0,1,1,FARM LABOR HOUSING,CWS,GW,GW,460,135,other_water_systems
60,CA0400013,0,0,0,2,0,0,0,0,1,0,MERRY MOUNTAIN MUTUAL,CWS,GW,GW,90,97,other_water_systems
61,CA0400014,0,0,0,1,1,0,0,0,1,1,LAKE MADRONE WATER DISTRICT,CWS,GW,GW,297,123,other_water_systems
62,CA0400016,0,0,0,0,0,0,0,0,0,0,BERRY CREEK COMMUNITY SERVICE DIST,CWS,GW,GW,28,8,other_water_systems
63,CA0400019,0,0,0,2,1,0,0,0,1,1,OROVILLE MOBILE HOME PARK,CWS,GW,GW,76,35,other_water_systems
64,CA0400020,1,1,0,12,6,1,1,0,1,1,PLEASANT GROVE MHP,CWS,GW,GW,327,88,other_water_systems
65,CA0400021,2,2,1,19,17,1,1,1,1,1,ROBINSON'S CORNER MHP,CWS,GW,GW,20,20,other_water_systems
66,CA0400023,0,0,0,1,0,0,0,0,1,0,GOLDEN OAKS MOBILE HOME PARK,CWS,GW,GW,75,25,other_water_systems
67,CA0400026,1,1,0,3,1,1,1,0,1,1,MEADOWBROOK OAKS,CWS,GW,GW,50,26,other_water_systems
68,CA0400027,1,1,0,1,0,1,1,0,1,0,FOOTHILLS MANUFACTURED HOME COMMUNUTY,CWS,GW,GW,180,127,other_water_systems
69,CA0400030,0,0,0,0,0,0,0,0,0,0,GOLDEN FEATHER MHP,CWS,GW,GW,275,101,other_water_systems
70,CA0400040,1,1,0,2,1,1,1,0,1,1,ALMOND GROVE MOBILE PARK,CWS,GW,GW,253,184,other_water_systems
71,CA0400042,0,0,0,0,0,0,0,0,0,0,FOREST VILLAGE LLC,CWS,GW,GW,28,17,other_water_systems
72,CA0400051,0,0,0,0,0,0,0,0,0,0,DINGERVILLE USA PARK,CWS,GW,GW,220,80,other_water_systems
73,CA0400060,0,0,0,0,0,0,0,0,0,0,HONCUT ELEMENTARY SCHOOL,NTNCWS,GW,GW,25,3,other_water_systems
74,CA0400062,1,1,0,3,2,1,1,0,1,1,RICHVALE ELEMENTARY SCHOOL,NTNCWS,GW,GW,63,4,other_water_systems
75,CA0400063,1,1,0,2,1,1,1,0,1,1,MANZANITA ELEMENTARY SCHOOL,NTNCWS,GW,GW,295,3,other_water_systems
76,CA0400064,1,1,0,1,0,1,1,0,1,0,CONCOW ELEMENTARY SCHOOL,NTNCWS,GW,GW,115,11,other_water_systems
77,CA0400065,1,1,0,3,2,1,1,0,1,1,SPRING VALLEY SCHOOL,NTNCWS,GW,GW,70,1,other_water_systems
78,CA0400067,2,2,1,2,0,1,1,1,1,0,FEATHER RIVER SCHOOL,NTNCWS,GW,GW,34,2,other_water_systems
79,CA0400070,0,0,0,0,0,0,0,0,0,0,BUTTE-GLENN COMMUNITY COLLEGE DIST,NTNCWS,GW,GW,18000,55,other_water_systems
80,CA0400073,0,0,0,0,0,0,0,0,0,0,NORD COUNTRY SCHOOL,NTNCWS,GW,GW,230,17,other_water_systems
81,CA0400078,1,1,0,4,0,1,1,0,1,0,FOREST KNOLLS MUTUAL WATER CO,CWS,GW,GW,46,21,other_water_systems
82,CA0400079,1,1,0,1,0,1,1,0,1,0,FOREST RANCH CHARTER SCHOOL,NTNCWS,GW,GW,125,4,other_water_systems
83,CA0400090,1,1,0,3,1,1,1,0,1,1,MOUNTAIN VILLAGE HOMEOWNER'S ASSOC,CWS,GW,GW,40,17,other_water_systems
84,CA0400091,0,0,0,0,0,0,0,0,0,0,DEL ORO WATER COMPANY - BUZZTAIL DIST.,CWS,GW,GW,99,30,other_water_systems
85,CA0400117,0,0,0,0,0,0,0,0,0,0,FALLING ROCK RV PARK,CWS,GW,GW,50,21,other_water_systems
86,CA0400123,0,0,0,0,0,0,0,0,0,0,HUMBOLDT HIGHLANDS MUTUAL,CWS,GW,GW,58,28,other_water_systems
87,CA0400133,1,1,0,1,0,1,1,0,1,0,LUNDBERG FAMILY FARM,NTNCWS,GW,GW,240,8,other_water_systems
88,CA0400140,0,0,0,2,0,0,0,0,1,0,DURHAM DAYTON INDUSTRIAL PARTNERS-PRO PA,NTNCWS,GW,GW,102,3,other_water_systems
89,CA0400149,1,1,0,1,0,1,1,0,1,0,HUMBOLDT WOODLANDS MUTUAL,CWS,GW,GW,55,31,other_water_systems
90,CA0400150,0,0,0,0,0,0,0,0,0,0,SUNSET MOULDING CHICO,NTNCWS,GW,GW,41,2,other_water_systems
91,CA0400151,0,0,0,0,0,0,0,0,0,0,KEEFER CREEK ESTATES,CWS,GW,GW,160,55,other_water_systems
92,CA0400154,1,1,0,1,0,1,1,0,1,0,TRUROOTS,NTNCWS,GW,GW,85,2,other_water_systems
93,CA0400155,1,1,0,4,3,1,1,0,1,1,BIGGERS GLEN MUTUAL WATER CO,CWS,GW,GW,25,18,other_water_systems
94,CA0400158,1,1,0,8,2,1,1,0,1,1,FRANCIS PROPERTY MANAGEMENT,NTNCWS,GW,GW,51,22,other_water_systems
95,CA0400162,3,3,2,5,4,1,1,1,1,1,PLEASANT VALLEY BAPTIST CHURCH,NTNCWS,GW,GW,600,3,other_water_systems
96,CA0405001,0,0,0,0,0,0,0,0,0,0,DEL ORO WATER CO.-LIME SADDLE MARINA,CWS,SW,SW,888,269,other_water_systems
97,CA0405003,1,1,0,9,6,1,1,0,1,1,SILVER DOLLAR FAIRGROUNDS,NTNCWS,GW,GW,195,1,other_water_systems
98,CA0409177,0,0,0,1,0,0,0,0,1,0,G & J PROPERTIES,NTNCWS,GW,GW,130,8,other_water_systems
99,CA0409181,0,0,0,0,0,0,0,0,0,0,BLUE OAK TERRACE MUTUAL,CWS,GW,GW,81,30,other_water_systems
100,CA0409183,1,1,0,2,1,1,1,0,1,1,SIERRA MOON WATER COMPANY,CWS,GW,GW,120,86,other_water_systems
101,CA0409187,1,1,1,0,0,1,1,1,0,0,PG&E - TABLE MOUNTAIN,NTNCWS,GW,GW,25,1,other_water_systems
102,CA0409188,0,0,0,0,0,0,0,0,0,0,"FEDEX FREIGHT, INC. CHI",NTNCWS,GW,GW,37,1,other_water_systems
103,CA0409189,1,1,0,2,1,1,1,0,1,1,DAUTERMAN WELL,NTNCWS,GW,GW,100,3,other_water_systems
104,CA0409194,0,0,0,2,0,0,0,0,1,0,FEDEX GROUND,NTNCWS,GW,GW,180,2,other_water_systems
105,CA0409197,0,0,0,0,0,0,0,0,0,0,SIERRA NEVADA BREWING CO.,NTNCWS,GW,GW,350,3,other_water_systems
106,CA0410001,1,1,0,5,4,1,1,0,1,1,CITY OF BIGGS,CWS,GW,GW,2060,800,other_water_systems
107,CA0410002,0,0,0,0,0,0,0,0,0,0,CAL-WATER SERVICE CO.-CHICO,CWS,GW,GW,111831,30239,other_water_systems
108,CA0410003,0,0,0,1,1,0,0,0,1,1,DURHAM IRRIGATION DISTRICT,CWS,GW,GW,1581,479,other_water_systems
109,CA0410004,1,1,0,4,3,1,1,0,1,1,CITY OF GRIDLEY,CWS,GW,GW,7444,2282,other_water_systems
110,CA0410005,0,0,0,1,1,0,0,0,1,1,CAL-WATER SERVICE CO.-OROVILLE,CWS,SW,SW,11045,3553,other_water_systems
111,CA0410006,0,0,0,0,0,0,0,0,0,0,SOUTH FEATHER W&P - MINERS RANCH,CWS,SW,SW,22664,6868,other_water_systems
112,CA0410007,0,0,0,0,0,0,0,0,0,0,PARADISE IRRIGATION DISTRICT,CWS,SW,SW,9142,9368,other_water_systems
113,CA0410008,1,1,1,4,4,1,1,1,1,1,THERMALITO WATER & SEWER DIST,CWS,SW,SW,12136,3141,carceral_serving_water_system
114,CA0410009,0,0,0,1,1,0,0,0,1,1,DEL ORO WATER CO.-MAGALIA,CWS,GW,GW,350,106,other_water_systems
115,CA0410011,0,0,0,0,0,0,0,0,0,0,DEL ORO WATER CO.-PARADISE PINES,CWS,SW,SWP,10900,3300,other_water_systems
116,CA0410012,0,0,0,0,0,0,0,0,0,0,SOUTH FEATHER W&P - BANGOR,CWS,SW,SW,73,22,other_water_systems
117,CA0410018,0,0,0,0,0,0,0,0,0,0,DEL ORO WATER CO.-STIRLING BLUFFS,CWS,SW,SW,501,152,other_water_systems
118,CA0500009,0,0,0,0,0,0,0,0,0,0,UNITED PARCEL SERVICE,NTNCWS,GW,GW,75,1,other_water_systems
119,CA0500019,1,1,0,1,0,1,1,0,1,0,MINERAL MOUNTAIN MUTUAL WATER,CWS,GW,GW,67,34,other_water_systems
120,CA0500027,1,1,0,3,2,1,1,0,1,1,LILI VALLEY WATER CO.,CWS,GW,GW,99,70,other_water_systems
121,CA0500039,0,0,0,0,0,0,0,0,0,0,TOYON PARK WATER SYSTEM LLC,NTNCWS,GW,GW,150,11,other_water_systems
122,CA0500053,0,0,0,0,0,0,0,0,0,0,PARDEE CENTER,NTNCWS,SW,SW,50,13,other_water_systems
123,CA0500068,0,0,0,0,0,0,0,0,0,0,DUNROVIN MOBILE HOME VILLAGE,CWS,GW,GW,99,37,other_water_systems
124,CA0500075,0,0,0,0,0,0,0,0,0,0,LAKESIDE MOBILE ESTATES,CWS,GW,GW,30,24,other_water_systems
125,CA0500082,1,1,0,1,0,1,1,0,1,0,ANGELS CAMP RV/CAMPING RESORT,CWS,GW,GW,288,102,other_water_systems
126,CA0500085,1,1,0,1,0,1,1,0,1,0,TOYON MIDDLE SCHOOL,NTNCWS,GW,GW,200,1,other_water_systems
127,CA0500091,1,1,0,2,0,1,1,0,1,0,RITE OF PASSAGE/SIERRA RIDGE,CWS,SW,SW,150,13,other_water_systems
128,CA0500095,0,0,0,0,0,0,0,0,0,0,VINE & BRANCH FELLOWSHIP,NTNCWS,GW,GW,85,3,other_water_systems
129,CA0500097,0,0,0,0,0,0,0,0,0,0,CUSD DISTRICT OFFICE,NTNCWS,GW,GW,100,2,other_water_systems
130,CA0510001,5,5,5,0,0,1,1,1,0,0,UNION PUBLIC UTILITY DISTRICT,CWS,SW,SW,4774,1735,carceral_serving_water_system
131,CA0510002,0,0,0,0,0,0,0,0,0,0,CALAVERAS PUD,CWS,SW,SW,6286,1956,other_water_systems
132,CA0510003,1,1,0,1,0,1,1,0,1,0,"ANGELS, CITY OF",CWS,SW,SW,3836,2000,other_water_systems
133,CA0510004,0,0,0,0,0,0,0,0,0,0,CCWD - SHEEP RANCH,CWS,SW,SW,89,49,other_water_systems
134,CA0510005,0,0,0,0,0,0,0,0,0,0,CCWD - WEST POINT,CWS,SW,SW,1043,576,other_water_systems
135,CA0510006,0,0,0,0,0,0,0,0,0,0,CCWD - JENNY LIND,CWS,SW,SW,9861,3884,other_water_systems
136,CA0510009,0,0,0,1,0,0,0,0,1,0,BLUE LAKE SPRINGS MUT WTR,CWS,SW,SWP,4801,1726,other_water_systems
137,CA0510010,0,0,0,0,0,0,0,0,0,0,VALLEY SPRINGS PUD,CWS,GW,GW,900,263,other_water_systems
138,CA0510011,0,0,0,0,0,0,0,0,0,0,SNOWSHOE SPRINGS ASSN.,CWS,SW,SWP,361,298,other_water_systems
139,CA0510012,0,0,0,0,0,0,0,0,0,0,CAMANCHE SOUTH SHORE-EBMUD,CWS,SW,SW,837,448,other_water_systems
140,CA0510016,4,4,4,0,0,1,1,1,0,0,CCWD - EBBETTS PASS,CWS,SW,SW,11545,6010,other_water_systems
141,CA0510017,0,0,0,0,0,0,0,0,0,0,CCWD - COPPER COVE,CWS,SW,SW,5187,2759,other_water_systems
142,CA0510019,0,0,0,0,0,0,0,0,0,0,CCWD - WALLACE,CWS,GW,GW,255,108,other_water_systems
143,CA0600005,0,0,0,4,4,0,0,0,1,1,COLUSA CO. SERVICE AREA #2-STONYFORD,CWS,GW,GW,250,63,other_water_systems
144,CA0600008,20,20,20,3,3,1,1,1,1,1,COLUSA CO. WWD #1 - GRIMES,CWS,GW,GW,305,123,other_water_systems
145,CA0600012,0,0,0,4,4,0,0,0,1,1,COLUSA CO. SERVICE AREA #1-CENTURY RANCH,CWS,SW,SW,246,88,other_water_systems
146,CA0600013,0,0,0,3,3,0,0,0,1,1,COLUSA CO. WWD #2 - PRINCETON,CWS,GW,GW,382,120,other_water_systems
147,CA0600065,0,0,0,4,4,0,0,0,1,1,COLUSA INDUSTRIAL PROPERTIES,NTNCWS,GW,GW,556,40,other_water_systems
148,CA0605002,0,0,0,6,6,0,0,0,1,1,MORNING STAR PKG. CO.-WMS.,NTNCWS,GW,GW,390,5,other_water_systems
149,CA0605004,0,0,0,0,0,0,0,0,0,0,ADM RICE INC.,NTNCWS,GW,GW,84,1,other_water_systems
150,CA0605007,0,0,0,0,0,0,0,0,0,0,SUN VALLEY RICE COMPANY,NTNCWS,GW,GW,151,1,other_water_systems
151,CA0605011,0,0,0,0,0,0,0,0,0,0,DEL ORO WC - ARBUCKLE DISTRICT,CWS,GW,GW,185,56,other_water_systems
152,CA0605012,0,0,0,0,0,0,0,0,0,0,ADAM'S VEGETABLE OILS,NTNCWS,GW,GW,95,1,other_water_systems
153,CA0610001,0,0,0,1,1,0,0,0,1,1,ARBUCKLE PUBLIC UTILITY DISTRICT,CWS,GW,GW,2778,1027,other_water_systems
154,CA0610002,0,0,0,2,2,0,0,0,1,1,CITY OF COLUSA,CWS,GW,GW,6428,2258,carceral_serving_water_system
155,CA0610003,0,0,0,0,0,0,0,0,0,0,MAXWELL PUBLIC UTILITY DISTRICT,CWS,GW,GW,1175,393,other_water_systems
156,CA0610004,0,0,0,0,0,0,0,0,0,0,CITY OF WILLIAMS,CWS,GW,GW,5538,1526,other_water_systems
157,CA0706004,14,14,13,1,0,1,1,1,1,0,OAKLEY MUTUAL WATER COMPANY,CWS,GW,GW,170,50,other_water_systems
158,CA0706005,0,0,0,2,0,0,0,0,1,0,FARRAR PARK PROPERTY OWNERS,CWS,GW,GW,140,70,other_water_systems
159,CA0706028,0,0,0,0,0,0,0,0,0,0,KNIGHTSEN ELEMENTARY SCHOOL,NTNCWS,GW,GW,350,4,other_water_systems
160,CA0706029,0,0,0,0,0,0,0,0,0,0,EXCELSIOR MIDDLE SCHOOL,NTNCWS,GW,GW,600,2,other_water_systems
161,CA0706050,0,0,0,1,1,0,0,0,1,1,WILLOW PASS BUSSINESS PARK WATER SYSTEM,NTNCWS,GW,GW,60,61,other_water_systems
162,CA0706102,0,0,0,1,1,0,0,0,1,1,BAY STANDARDS,NTNCWS,GW,GW,41,6,other_water_systems
163,CA0707501,0,0,0,1,1,0,0,0,1,1,ANGLER S RANCH #3,CWS,GW,GW,60,32,other_water_systems
164,CA0707507,16,16,16,0,0,1,1,1,0,0,WILLOW PARK MARINA,CWS,GW,GW,380,166,other_water_systems
165,CA0707517,1,1,0,2,1,1,1,0,1,1,COLONIA SANTA MARIA,CWS,GW,GW,32,10,other_water_systems
166,CA0707519,0,0,0,1,1,0,0,0,1,1,DUTCH SLOUGH WATER WORKS,CWS,GW,GW,49,17,other_water_systems
167,CA0707523,0,0,0,0,0,0,0,0,0,0,BETHEL ISLAND ESTATES,CWS,GW,GW,200,62,other_water_systems
168,CA0707545,1,1,0,2,1,1,1,0,1,1,ORWOOD RESORT,CWS,GW,GW,350,11,other_water_systems
169,CA0707547,0,0,0,0,0,0,0,0,0,0,KNIGHTSEN COMMUNITY WATER SYSTEM,CWS,GW,GW,73,22,other_water_systems
170,CA0707553,0,0,0,1,1,0,0,0,1,1,RIVERVIEW MOBILE HOMES,CWS,GW,GW,126,45,other_water_systems
171,CA0707556,1,1,0,2,1,1,1,0,1,1,SANDMOUND MUTUAL,CWS,GW,GW,100,110,other_water_systems
172,CA0707569,0,0,0,0,0,0,0,0,0,0,ANGLERS SUBDIVISION 4,CWS,GW,GW,99,99,other_water_systems
173,CA0707572,0,0,0,0,0,0,0,0,0,0,BETHEL ISLAND MUTUAL WATER CO,CWS,GW,GW,123,43,other_water_systems
174,CA0707573,17,17,17,0,0,1,1,1,0,0,DELTA MUTUAL WATER COMPANY,CWS,GW,GW,333,119,other_water_systems
175,CA0707575,0,0,0,0,0,0,0,0,0,0,BETHEL ISLAND MHC,CWS,GW,GW,185,65,other_water_systems
176,CA0707576,0,0,0,0,0,0,0,0,0,0,PLEASANTIMES MUTUAL WATER CO,CWS,GW,GW,644,195,other_water_systems
177,CA0707577,0,0,0,1,1,0,0,0,1,1,RIVERVIEW WATER ASSOCIATION,CWS,GW,GW,230,89,other_water_systems
178,CA0707585,0,0,0,0,0,0,0,0,0,0,MORAGA HEIGHTS MUTUAL WATER,CWS,GW,GW,66,20,other_water_systems
179,CA0707588,0,0,0,0,0,0,0,0,0,0,BIG OAK MOBILE HOME PARK WATER,CWS,GW,GW,156,66,other_water_systems
180,CA0707589,13,13,12,1,0,1,1,1,1,0,BELLA VISTA WATER SYS,CWS,GW,GW,93,33,other_water_systems
181,CA0707594,0,0,0,0,0,0,0,0,0,0,CASA MEDANOS WATER SYSTEM,CWS,GW,GW,45,16,other_water_systems
182,CA0707597,1,1,0,2,1,1,1,0,1,1,SANDY POINT MOBILE HOME PARK,CWS,GW,GW,67,24,other_water_systems
183,CA0707598,0,0,0,0,0,0,0,0,0,0,CAMINO MOBILEHOME,CWS,GW,GW,210,75,other_water_systems
184,CA0707601,1,1,0,2,1,1,1,0,1,1,RUSSOS MOBILE PARK,CWS,GW,GW,110,20,other_water_systems
185,CA0707603,0,0,0,0,0,0,0,0,0,0,CLAYTON PALMS WATER,CWS,SW,SWP,549,202,other_water_systems
186,CA0707608,0,0,0,0,0,0,0,0,0,0,MARINA MOBILE MANOR,CWS,GW,GW,75,24,other_water_systems
187,CA0707613,0,0,0,0,0,0,0,0,0,0,WILLOW MOBILE HOME PARK,CWS,GW,GW,481,172,other_water_systems
188,CA0707615,0,0,0,0,0,0,0,0,0,0,DOUBLETREE RANCH WATER SYSTEM,CWS,GW,GW,132,20,other_water_systems
189,CA0707620,1,1,0,1,0,1,1,0,1,0,CANYON SCHOOL,NTNCWS,GW,GW,238,1,other_water_systems
190,CA0707623,0,0,0,1,1,0,0,0,1,1,WILCOX STATION RANCH,CWS,GW,GW,31,19,other_water_systems
191,CA0707625,0,0,0,0,0,0,0,0,0,0,MARATHON MARTINEZ WATER SYSTEM,NTNCWS,GW,GW,600,46,other_water_systems
192,CA0710001,0,0,0,0,0,0,0,0,0,0,CITY OF ANTIOCH,CWS,SW,SW,115074,33597,other_water_systems
193,CA0710002,0,0,0,0,0,0,0,0,0,0,GOLDEN STATE WATER COMPANY - BAY POINT,CWS,SW,SWP,23731,5073,other_water_systems
194,CA0710003,0,0,0,0,0,0,0,0,0,0,CONTRA COSTA WATER DISTRICT,CWS,SW,SW,198000,60730,carceral_serving_water_system
195,CA0710004,0,0,0,0,0,0,0,0,0,0,BRENTWOOD,CWS,SW,SWP,64513,21441,other_water_systems
196,CA0710006,0,0,0,2,2,0,0,0,1,1,CITY OF MARTINEZ,CWS,SW,SWP,30997,10230,carceral_serving_water_system
197,CA0710007,3,1,0,1,0,1,1,0,1,0,DIABLO WATER DISTRICT,CWS,SW,SWP,43357,13617,other_water_systems
198,CA0710008,0,0,0,0,0,0,0,0,0,0,CITY OF PITTSBURG,CWS,SW,SWP,62500,19534,other_water_systems
199,CA0710009,0,0,0,0,0,0,0,0,0,0,TOWN OF DISCOVERY BAY,CWS,GW,GW,16790,6163,other_water_systems
200,CA0710010,0,0,0,0,0,0,0,0,0,0,RANDALL-BOLD WATER TREATMENT PLANT,CWS,SW,SWP,1,1,other_water_systems
201,CA0710011,0,0,0,0,0,0,0,0,0,0,CCWD/BRENTWOOD WTP,CWS,SW,SWP,0,1,other_water_systems
202,CA0710800,0,0,0,0,0,0,0,0,0,0,DWR DELTA FIELD DIVISION - BANKS PP,NTNCWS,SW,SW,180,1,other_water_systems
203,CA0800526,2,2,1,1,0,1,1,1,1,0,REDWOOD PARK C.S.D.,CWS,GW,GW,200,44,other_water_systems
204,CA0800532,0,0,0,3,3,0,0,0,1,1,BIG ROCK C.S.D.,CWS,GW,GW,650,116,other_water_systems
205,CA0800548,0,0,0,0,0,0,0,0,0,0,KLAMATH C.S.D.,CWS,GW,GW,360,63,other_water_systems
206,CA0800552,0,0,0,4,3,0,0,0,1,1,NORTHCREST TRAILER CITY,CWS,GW,GW,250,89,other_water_systems
207,CA0800555,0,0,0,4,4,0,0,0,1,1,GASQUET C.S.D.,CWS,SW,SW,657,201,other_water_systems
208,CA0800556,0,0,0,3,3,0,0,0,1,1,HRC C.S.D.,CWS,GW,GW,185,69,other_water_systems
209,CA0800557,1,1,0,5,3,1,1,0,1,1,HUNTER VALLEY CSD,CWS,GW,GW,96,69,other_water_systems
210,CA0800603,1,1,1,10,6,1,1,1,1,1,BUTTE COURT MOBILE HOME PARK,CWS,GW,GW,65,23,other_water_systems
211,CA0800605,1,1,0,4,2,1,1,0,1,1,WEST PARK PROPERTIES,CWS,GW,GW,112,42,other_water_systems
212,CA0800647,1,1,0,5,3,1,1,0,1,1,REDWOOD MAINT. & OPER.,NTNCWS,GW,GW,421,1,other_water_systems
213,CA0800649,1,1,0,6,3,1,1,0,1,1,MARGARET KEATING MAIN. & OPER.,NTNCWS,GW,GW,120,2,other_water_systems
214,CA0800700,1,1,0,3,2,1,1,0,1,1,LAS PALMAS MOBILE HOME PARK,CWS,GW,GW,120,60,other_water_systems
215,CA0800800,0,0,0,5,5,0,0,0,1,1,PINE GROVE TRAILER PARK,CWS,GW,GW,100,51,other_water_systems
216,CA0800825,5,5,5,1,1,1,1,1,1,1,JED SMITH HOMEOWNERS ASSN.,CWS,GW,GW,58,27,other_water_systems
217,CA0810001,0,0,0,0,0,0,0,0,0,0,CITY OF CRESCENT CITY,CWS,GW,GW,17170,3731,carceral_serving_water_system
218,CA0810002,0,0,0,0,0,0,0,0,0,0,SMITH RIVER C.S.D.,CWS,GW,GW,2568,601,other_water_systems
219,CA0810003,0,0,0,1,0,0,0,0,1,0,BERTSCH OCEAN VIEW CSD,CWS,GW,GWP,2609,739,other_water_systems
220,CA0810800,1,1,0,4,2,1,1,0,1,1,CALFIRE-ALDER CONSERVATION CAMP,NTNCWS,SW,GU,135,1,carceral_water_system
221,CA0900102,1,1,1,3,3,1,1,1,1,1,GOLD BEACH PARK,CWS,GW,GW,134,48,other_water_systems
222,CA0900111,1,1,0,7,5,1,1,0,1,1,PIONEER  ELEMENTARY SCHOOL,NTNCWS,GW,GW,227,19,other_water_systems
223,CA0900112,0,0,0,0,0,0,0,0,0,0,CANDLELIGHT VILLAGE MUTUAL WATER CO.,CWS,GW,GW,75,32,other_water_systems
224,CA0900210,0,0,0,1,1,0,0,0,1,1,MILLERS HILL SCHOOL,NTNCWS,GW,GW,120,7,other_water_systems
225,CA0900300,8,8,8,35,35,1,1,1,1,1,KYBURZ MUTUAL WATER COMPANY,CWS,SW,SW,150,118,other_water_systems
226,CA0900304,0,0,0,79,78,0,0,0,1,1,SILVERFORK SCHOOL,NTNCWS,GW,GW,25,1,other_water_systems
227,CA0900308,0,0,0,2,2,0,0,0,1,1,QUINTETTE SERVICE CORP WATER,CWS,GW,GW,80,51,other_water_systems
228,CA0900309,1,1,0,5,3,1,1,0,1,1,MOUNTAIN CREEK SCHOOL,NTNCWS,GW,GW,125,8,other_water_systems
229,CA0900404,0,0,0,0,0,0,0,0,0,0,"OAKLANE MOBILE VILLAGE, LLC.",CWS,GW,GW,75,35,other_water_systems
230,CA0900410,0,0,0,0,0,0,0,0,0,0,LATROBE ELEMENTARY SCHOOL,NTNCWS,GW,GW,65,5,other_water_systems
231,CA0900422,0,0,0,0,0,0,0,0,0,0,CRYSTAL CAVES MHP,CWS,GW,GW,112,40,other_water_systems
232,CA0900529,0,0,0,3,3,0,0,0,1,1,STATION HOUSE INN,NTNCWS,GW,GW,310,4,other_water_systems
233,CA0900649,2,2,1,1,0,1,1,1,1,0,SOUTH SHORE RECREATION AREA,NTNCWS,GW,GW,3300,200,other_water_systems
234,CA0900659,0,0,0,3,3,0,0,0,1,1,SIERRA TAHOE MAIN LODGE,NTNCWS,GW,GW,1940,5,other_water_systems
235,CA0900660,0,0,0,1,1,0,0,0,1,1,HEAVENLY SKI CREEK STATION,NTNCWS,GW,GW,1000,5,other_water_systems
236,CA0901217,0,0,0,0,0,0,0,0,0,0,BEAR STATE WATER WORKS,CWS,GW,GW,100,57,other_water_systems
237,CA0910001,0,0,0,0,0,0,0,0,0,0,EL DORADO ID - MAIN,CWS,SW,SW,132171,43500,carceral_serving_water_system
238,CA0910002,0,0,0,0,0,0,0,0,0,0,SOUTH TAHOE PUD - MAIN,CWS,GW,GW,117013,14287,carceral_serving_water_system
239,CA0910003,0,0,0,0,0,0,0,0,0,0,"PLACERVILLE, CITY OF - MAIN",CWS,SW,SWP,9224,3050,other_water_systems
240,CA0910006,0,0,0,2,2,0,0,0,1,1,GRIZZLY FLATS COMMUNITY SERVIC,CWS,SW,SW,1374,620,other_water_systems
241,CA0910007,0,0,0,0,0,0,0,0,0,0,LUKINS BROTHERS WATER COMPANY,CWS,GW,GW,3286,993,other_water_systems
242,CA0910012,0,0,0,0,0,0,0,0,0,0,TAHOE CITY PUD - RUBICON,CWS,GW,GW,703,625,other_water_systems
243,CA0910013,0,0,0,1,1,0,0,0,1,1,GEORGETOWN DIVIDE PUD,CWS,SW,SW,9434,3729,carceral_serving_water_system
244,CA0910015,3,3,3,0,0,1,1,1,0,0,TAHOE KEYS WATER COMPANY,CWS,GW,GW,1420,1566,other_water_systems
245,CA0910017,0,0,0,0,0,0,0,0,0,0,EL DORADO ID - STRAWBERRY,CWS,SW,SW,400,149,other_water_systems
246,CA0910018,0,0,0,0,0,0,0,0,0,0,EL DORADO ID - OUTINGDALE,CWS,SW,SW,535,191,other_water_systems
247,CA0910019,0,0,0,3,3,0,0,0,1,1,LAKESIDE PARK ASSOCIATION,CWS,SW,SW,2648,142,other_water_systems
248,CA1000004,9,9,9,0,0,1,1,1,0,0,BELMONT WATER CORPORATION,CWS,GW,GW,264,40,other_water_systems
249,CA1000005,1,1,0,2,0,1,1,0,1,0,BIG CREEK COMMUNITY SERV DIST,CWS,SW,SWP,72,67,other_water_systems
250,CA1000018,0,0,0,1,0,0,0,0,1,0,EASTON ESTATES WATER COMPANY,CWS,GW,GW,302,108,other_water_systems
251,CA1000019,18,18,18,0,0,1,1,1,0,0,FCSA #30/EL PORVENIR,CWS,SW,SW,241,56,other_water_systems
252,CA1000021,0,0,0,0,0,0,0,0,0,0,FCSA #05/WILDWOOD ISLAND,CWS,GW,GW,417,149,other_water_systems
253,CA1000023,8,8,8,1,1,1,1,1,1,1,FCSA #14/BELMONT MANOR,CWS,GW,GW,115,41,other_water_systems
254,CA1000039,0,0,0,0,0,0,0,0,0,0,FCSA #10/CUMORAH KNOLLS,CWS,GW,GW,132,47,other_water_systems
255,CA1000040,0,0,0,0,0,0,0,0,0,0,FCWWD #37/MILE HIGH,CWS,GW,GW,129,46,other_water_systems
256,CA1000041,0,0,0,0,0,0,0,0,0,0,FCWWD #38/SKY HARBOUR,CWS,GW,GW,176,67,other_water_systems
257,CA1000042,0,0,0,0,0,0,0,0,0,0,FCWWD #40 / SHAVER SPRINGS,CWS,GW,GW,196,70,other_water_systems
258,CA1000053,1,1,1,0,0,1,1,1,0,0,LANARE COMMUNITY SERVICES DIST,CWS,GW,GW,528,158,other_water_systems
259,CA1000054,2,2,1,6,1,1,1,1,1,1,LAS DELTAS MUTUAL WATER SYSTEM,CWS,GW,GWP,375,107,other_water_systems
260,CA1000056,0,0,0,0,0,0,0,0,0,0,MEADOW LAKES CLUB,CWS,GW,GW,240,120,other_water_systems
261,CA1000057,8,8,8,0,0,1,1,1,0,0,DEL ORO WATER CO - METROPOLITAN DISTRICT,CWS,GW,GW,92,28,other_water_systems
262,CA1000060,0,0,0,2,2,0,0,0,1,1,MUSICK MEADOWS #1,NTNCWS,GW,GW,60,68,other_water_systems
263,CA1000061,0,0,0,0,0,0,0,0,0,0,MUSICK MEADOWS #2,NTNCWS,GW,GW,289,74,other_water_systems
264,CA1000063,0,0,0,1,1,0,0,0,1,1,NEW AUBERRY WATER ASSOCIATION,CWS,GW,GW,120,35,other_water_systems
265,CA1000069,0,0,0,0,0,0,0,0,0,0,SHAVER LAKE HEIGHTS WATER ASSN,CWS,GW,GW,345,201,other_water_systems
266,CA1000075,1,1,0,10,1,1,1,0,1,1,TRACT 1199 WATER SYSTEM,CWS,GW,GW,25,10,other_water_systems
267,CA1000078,0,0,0,0,0,0,0,0,0,0,FCWWD #42/ALLUVIAL & FANCHER,CWS,GW,GW,291,104,other_water_systems
268,CA1000104,1,1,1,0,0,1,1,1,0,0,CENTERVILLE SCHOOL,NTNCWS,GW,GW,489,11,other_water_systems
269,CA1000105,0,0,0,0,0,0,0,0,0,0,MADISON ELEMENTARY SCHOOL,NTNCWS,GW,GW,505,8,other_water_systems
270,CA1000111,2,2,1,1,0,1,1,1,1,0,PINE RIDGE SCHOOL,NTNCWS,GW,GW,100,13,other_water_systems
271,CA1000136,0,0,0,2,2,0,0,0,1,1,USFS/TRIMMER WORK CENTER,NTNCWS,GW,GW,56,18,other_water_systems
272,CA1000148,1,1,0,1,0,1,1,0,1,0,WONDER VALLEY RIVER WAY RANCH,NTNCWS,GW,GW,107,28,other_water_systems
273,CA1000176,0,0,0,0,0,0,0,0,0,0,J R SIMPLOT COMPANY,NTNCWS,GW,GW,70,1,other_water_systems
274,CA1000177,2,2,2,0,0,1,1,1,0,0,I-5 AND PANOCHE DEVELOPMENT,NTNCWS,SW,SW,85,10,other_water_systems
275,CA1000178,1,1,1,0,0,1,1,1,0,0,I-5 AND HWY 198 REST AREA,NTNCWS,SW,SW,225,17,other_water_systems
276,CA1000180,8,8,8,0,0,1,1,1,0,0,ALTA ELEMENTARY SCHOOL,NTNCWS,GW,GW,389,1,other_water_systems
277,CA1000181,0,0,0,0,0,0,0,0,0,0,ALVINA SCHOOL,NTNCWS,GW,GW,210,8,other_water_systems
278,CA1000182,0,0,0,0,0,0,0,0,0,0,BURREL UNION ELEMENTARY SCHOOL,NTNCWS,GW,GW,181,2,other_water_systems
279,CA1000184,0,0,0,0,0,0,0,0,0,0,DUNLAP K-8 SCHOOL,NTNCWS,GW,GW,454,1,other_water_systems
280,CA1000185,0,0,0,0,0,0,0,0,0,0,GREAT WESTERN ELEMENTARY SCHOOL,NTNCWS,GW,GW,380,1,other_water_systems
281,CA1000186,2,1,0,1,0,1,1,0,1,0,HELM SCHOOL,CWS,GW,GW,105,11,other_water_systems
282,CA1000187,1,1,0,1,0,1,1,0,1,0,INDIANOLA SCHOOL,NTNCWS,GW,GW,511,10,other_water_systems
283,CA1000189,1,1,0,1,0,1,1,0,1,0,LATON HIGH SCHOOL,NTNCWS,GW,GW,150,1,other_water_systems
284,CA1000190,0,0,0,0,0,0,0,0,0,0,LONE STAR SCHOOL,NTNCWS,GW,GW,700,6,other_water_systems
285,CA1000192,1,1,0,2,1,1,1,0,1,1,MONROE SCHOOL,NTNCWS,GW,GW,200,3,other_water_systems
286,CA1000193,0,0,0,0,0,0,0,0,0,0,NAVELENCIA SCHOOL,NTNCWS,GW,GW,367,1,other_water_systems
287,CA1000194,0,0,0,0,0,0,0,0,0,0,PACIFIC UNION ELEMENTARY SCHOOL,NTNCWS,GW,GW,490,6,other_water_systems
288,CA1000196,5,5,5,0,0,1,1,1,0,0,RIVERVIEW SCHOOL,NTNCWS,GW,GW,461,1,other_water_systems
289,CA1000198,1,1,0,1,0,1,1,0,1,0,TERRY SCHOOL,NTNCWS,GW,GW,236,25,other_water_systems
290,CA1000199,0,0,0,2,0,0,0,0,1,0,FOWLER CARE CENTER,CWS,GW,GW,46,1,other_water_systems
291,CA1000200,1,1,0,1,0,1,1,0,1,0,RUBYS VALLEY CARE HOME,CWS,GW,GW,79,1,other_water_systems
292,CA1000201,0,0,0,0,0,0,0,0,0,0,SUN EMPIRE SCHOOL,NTNCWS,GW,GW,650,10,other_water_systems
293,CA1000204,13,13,12,5,4,1,1,1,1,1,AMERICAN UNION SCHOOL,NTNCWS,GW,GW,250,1,other_water_systems
294,CA1000206,0,0,0,0,0,0,0,0,0,0,HOUGHTON-KEARNEY SCHOOL,NTNCWS,GW,GW,235,4,other_water_systems
295,CA1000208,0,0,0,0,0,0,0,0,0,0,ROOSEVELT ELEMENTARY SCHOOL,NTNCWS,GW,GW,560,12,other_water_systems
296,CA1000213,0,0,0,0,0,0,0,0,0,0,HARRIS FARMS/HORSE BARN,CWS,SW,SW,98,20,other_water_systems
297,CA1000214,0,0,0,0,0,0,0,0,0,0,HARRIS RANCH RESTAURANT,NTNCWS,SW,SW,1750,4,other_water_systems
298,CA1000217,0,0,0,0,0,0,0,0,0,0,CENTRAL HIGH SCHOOL WEST,NTNCWS,GW,GW,870,10,other_water_systems
299,CA1000221,1,1,0,2,1,1,1,0,1,1,EASTON AUTHORITY JPA,NTNCWS,GW,GW,1000,23,other_water_systems
300,CA1000229,1,1,0,1,0,1,1,0,1,0,GREEN ACRES MOBILE HOME ESTATE,CWS,GW,GW,350,113,other_water_systems
301,CA1000238,0,0,0,0,0,0,0,0,0,0,CAMDEN TRAILER PARK,CWS,GW,GW,75,26,other_water_systems
302,CA1000244,0,0,0,5,0,0,0,0,1,0,SHADY LAKES MOBILE HOME PARK,CWS,GW,GW,160,65,other_water_systems
303,CA1000247,1,1,0,1,0,1,1,0,1,0,SHERWOOD FOREST MHP,CWS,GW,GW,48,48,other_water_systems
304,CA1000257,0,0,0,0,0,0,0,0,0,0,MT ARARAT MOBILE HOME PARK,CWS,GW,GW,47,36,other_water_systems
305,CA1000259,0,0,0,3,2,0,0,0,1,1,NEW HORIZONS MOBILE/RV PARK,CWS,GW,GW,82,77,other_water_systems
306,CA1000260,0,0,0,0,0,0,0,0,0,0,SANDY CREEK VILLAGE MHP,CWS,GW,GW,90,45,other_water_systems
307,CA1000265,0,0,0,0,0,0,0,0,0,0,MARY LOU MOBILE HOME PARK,CWS,GW,GW,63,34,other_water_systems
308,CA1000267,0,0,0,2,2,0,0,0,1,1,KINGS CANYON MOBILE HOME PARK,CWS,GW,GW,120,26,other_water_systems
309,CA1000277,1,1,0,29,1,1,1,0,1,1,ELM COURT,CWS,GW,GW,64,12,other_water_systems
310,CA1000279,0,0,0,0,0,0,0,0,0,0,U.C. KEARNEY FIELD STATION,NTNCWS,GW,GW,190,29,other_water_systems
311,CA1000280,1,1,0,5,2,1,1,0,1,1,SIERRA HIGH SCHOOL,NTNCWS,GW,GW,720,26,other_water_systems
312,CA1000295,1,1,0,4,3,1,1,0,1,1,KINGS PARK APARTMENTS,CWS,GW,GW,160,41,other_water_systems
313,CA1000298,0,0,0,0,0,0,0,0,0,0,WOODWARD BLUFFS MHP,CWS,GW,GW,300,172,other_water_systems
314,CA1000299,1,1,0,2,1,1,1,0,1,1,THREE PALMS MOBILEHOME PARK,CWS,GW,GW,347,105,other_water_systems
315,CA1000315,1,1,0,1,0,1,1,0,1,0,CLAY JOINT ELEMENTARY SCHOOL,NTNCWS,GW,GW,265,5,other_water_systems
316,CA1000316,0,0,0,0,0,0,0,0,0,0,KINGS CANYON HIGH SCHOOL,NTNCWS,GW,GW,119,1,other_water_systems
317,CA1000324,0,0,0,0,0,0,0,0,0,0,MANNING GARDENS CARE CENTER INC,CWS,GW,GW,170,1,other_water_systems
318,CA1000345,7,7,7,2,0,1,1,1,1,0,PANOCHE WATER DISTRICT,CWS,SW,SW,146,50,other_water_systems
319,CA1000359,18,18,18,2,2,1,1,1,1,1,FCSA #32/CANTUA CREEK,CWS,SW,SW,462,79,other_water_systems
320,CA1000361,0,0,0,0,0,0,0,0,0,0,WESTLANDS WATER DISTRICT,NTNCWS,SW,SW,48,4,other_water_systems
321,CA1000362,0,0,0,0,0,0,0,0,0,0,GOLDEN STATE VINTNERS - FRESNO,NTNCWS,GW,GW,43,1,other_water_systems
322,CA1000366,1,1,0,3,1,1,1,0,1,1,SUNNYSIDE CONVALESCENT HOSP,CWS,GW,GW,275,2,other_water_systems
323,CA1000367,1,1,0,2,1,1,1,0,1,1,SELMA HIGH SCHOOL,NTNCWS,GW,GW,2225,21,other_water_systems
324,CA1000369,0,0,0,1,1,0,0,0,1,1,ZONNEVELD DAIRY - CEDAR,CWS,GW,GW,100,15,other_water_systems
325,CA1000377,1,1,0,16,6,1,1,0,1,1,ST NICHOLAS RANCH & RETREAT,NTNCWS,GW,GW,78,2,other_water_systems
326,CA1000378,0,0,0,0,0,0,0,0,0,0,SUNSET WEST COMMUNITY LLC,CWS,GW,GW,350,159,other_water_systems
327,CA1000381,1,1,0,3,1,1,1,0,1,1,SUN MAID GROWERS OF CALIFORNIA,NTNCWS,GW,GW,750,3,other_water_systems
328,CA1000383,0,0,0,2,0,0,0,0,1,0,GUARDIAN INDUSTRIES LLC,NTNCWS,GW,GW,245,1,other_water_systems
329,CA1000405,0,0,0,1,0,0,0,0,1,0,KINGS RIVER POINT,CWS,GW,GW,36,15,other_water_systems
330,CA1000411,0,0,0,3,2,0,0,0,1,1,O'NEILL VINTNERS & DISTILLERS,NTNCWS,GW,GW,90,2,other_water_systems
331,CA1000418,0,0,0,0,0,0,0,0,0,0,KINGS RIVER PACKING-CENTERVILLE,NTNCWS,GW,GW,45,2,other_water_systems
332,CA1000424,0,0,0,0,0,0,0,0,0,0,PRATHER WATER DISTRICT,NTNCWS,GW,GW,449,21,other_water_systems
333,CA1000426,1,1,0,3,1,1,1,0,1,1,RIVERBEND MOBILE HOME & RV PARK,CWS,GW,GW,400,49,other_water_systems
334,CA1000430,0,0,0,3,3,0,0,0,1,1,COUNTRYSIDE CARE CENTER,CWS,GW,GW,1234,1,other_water_systems
335,CA1000440,0,0,0,0,0,0,0,0,0,0,HMC GROUP COLD STORAGE,NTNCWS,GW,GW,580,1,other_water_systems
336,CA1000447,0,0,0,0,0,0,0,0,0,0,E&J GALLO WINERY,NTNCWS,GW,GW,232,1,other_water_systems
337,CA1000461,0,0,0,1,0,0,0,0,1,0,WESTERN VALLEY MEAT COMPANY,NTNCWS,GW,GW,700,4,other_water_systems
338,CA1000467,0,0,0,0,0,0,0,0,0,0,USA WASTE OF CALIFORNIA,NTNCWS,GW,GW,50,6,other_water_systems
339,CA1000468,1,1,0,1,0,1,1,0,1,0,CARUTHERS RAISIN PACKING CO,NTNCWS,GW,GW,150,10,other_water_systems
340,CA1000471,0,0,0,0,0,0,0,0,0,0,FCSA #39 A&B,CWS,GW,GWP,395,141,other_water_systems
341,CA1000472,0,0,0,0,0,0,0,0,0,0,PG&E HELMS SUPPORT FACILITY,CWS,GW,GW,40,22,other_water_systems
342,CA1000473,5,5,5,0,0,1,1,1,0,0,BELMONT COUNTRY CLUB,NTNCWS,GW,GW,150,1,other_water_systems
343,CA1000476,1,1,0,3,2,1,1,0,1,1,FOOTHILL ELEMENTARY SCHOOL,NTNCWS,GW,GW,750,12,other_water_systems
344,CA1000480,0,0,0,2,2,0,0,0,1,1,FOWLER PACKING COMPANY,NTNCWS,GW,GW,470,5,other_water_systems
345,CA1000484,6,6,6,1,1,1,1,1,1,1,FCSA #34/ MILLERTON NEW TOWN,CWS,SW,SW,1117,403,other_water_systems
346,CA1000485,1,1,0,3,2,1,1,0,1,1,TESSENDERLO KERLEY INC,NTNCWS,GW,GW,70,8,other_water_systems
347,CA1000486,0,0,0,0,0,0,0,0,0,0,LION RAISINS PACKING COMPANY,NTNCWS,GW,GW,80,3,other_water_systems
348,CA1000490,0,0,0,0,0,0,0,0,0,0,LOS GATOS TOMATO PRODUCTS,NTNCWS,SW,SW,219,1,other_water_systems
349,CA1000495,0,0,0,22,9,0,0,0,1,1,THE VINE,NTNCWS,GW,GW,70,3,other_water_systems
350,CA1000514,0,0,0,1,1,0,0,0,1,1,KINGS RIVER PACKING COMPANY,NTNCWS,GW,GW,500,2,other_water_systems
351,CA1000517,0,0,0,0,0,0,0,0,0,0,BLOSSOM TRAIL CAFE,NTNCWS,GW,GW,318,2,other_water_systems
352,CA1000526,0,0,0,0,0,0,0,0,0,0,HARRIS RANCH BEEF CO,NTNCWS,GW,GW,950,2,other_water_systems
353,CA1000533,1,1,1,2,1,1,1,1,1,1,THREE CROWNS ASSOCIATION,NTNCWS,GW,GW,25,24,other_water_systems
354,CA1000534,0,0,0,0,0,0,0,0,0,0,CHOOLJIAN BROS PACKING CO,NTNCWS,GW,GW,30,1,other_water_systems
355,CA1000541,0,0,0,0,0,0,0,0,0,0,FRESNO VALVES & CASTINGS,NTNCWS,GW,GW,250,2,other_water_systems
356,CA1000546,6,6,6,2,2,1,1,1,1,1,FCSA #49/ FIVE POINTS,CWS,SW,SW,440,46,other_water_systems
357,CA1000548,0,0,0,0,0,0,0,0,0,0,PG&E AUBERRY SERVICE CENTER,NTNCWS,GW,GW,25,4,other_water_systems
358,CA1000550,0,0,0,0,0,0,0,0,0,0,FCSA #44D/MONTE VERDI,CWS,GW,GW,344,125,other_water_systems
359,CA1000551,0,0,0,0,0,0,0,0,0,0,FCSA #43/RAISIN CITY,CWS,GW,GW,182,68,other_water_systems
360,CA1000554,4,4,4,0,0,1,1,1,0,0,FCSA #10A/MANSIONETTE ESTATES,CWS,GW,GW,81,29,other_water_systems
361,CA1000555,0,0,0,0,0,0,0,0,0,0,FCSA #44C/RIVERVIEW ESTATES,CWS,GW,GW,34,12,other_water_systems
362,CA1000562,0,0,0,0,0,0,0,0,0,0,SOUTHWEST TRANSPORTATION AGENCY,NTNCWS,GW,GW,25,2,other_water_systems
363,CA1000565,1,1,1,4,3,1,1,1,1,1,USDA AGRICULTURAL RESEARCH SERVICE,NTNCWS,GW,GW,130,27,other_water_systems
364,CA1000566,5,5,5,0,0,1,1,1,0,0,FOSTER FARMS - CEDAR HATCHERY,NTNCWS,GW,GW,47,2,other_water_systems
365,CA1000570,0,0,0,1,1,0,0,0,1,1,JUVENILE JUSTICE CAMPUS,CWS,GW,GW,565,15,carceral_water_system
366,CA1000574,0,0,0,0,0,0,0,0,0,0,FCSA #34B/VENTANA HILLS,CWS,GW,GW,65,15,other_water_systems
367,CA1000575,0,0,0,0,0,0,0,0,0,0,POINDEXTER NUT COMPANY,NTNCWS,GW,GW,50,6,other_water_systems
368,CA1000576,1,1,1,2,1,1,1,1,1,1,LONE STAR DEHYDRATOR,NTNCWS,GW,GW,175,2,other_water_systems
369,CA1000578,0,0,0,2,1,0,0,0,1,1,WEST TECH INDUSTRIAL PARK,NTNCWS,GW,GW,42,16,other_water_systems
370,CA1000580,6,6,5,1,0,1,1,1,1,0,CAMPOS BROS. FARMS,NTNCWS,GW,GW,520,10,other_water_systems
371,CA1000583,0,0,0,0,0,0,0,0,0,0,SEQUOIA BIBLE FELLOWSHIP,NTNCWS,GW,GW,39,1,other_water_systems
372,CA1000584,0,0,0,0,0,0,0,0,0,0,TRUE ORGANIC PRODUCTS,NTNCWS,GW,GW,90,4,other_water_systems
373,CA1000585,1,1,0,8,5,1,1,0,1,1,MURRIETA/HERNANDEZ FARMS,CWS,GW,GW,25,10,other_water_systems
374,CA1000593,0,0,0,1,1,0,0,0,1,1,VIE-DEL COMPANY,NTNCWS,GW,GW,60,2,other_water_systems
375,CA1000602,1,1,0,1,0,1,1,0,1,0,BAKER COMMODITIES INC.,NTNCWS,GW,GW,60,2,other_water_systems
376,CA1000607,0,0,0,0,0,0,0,0,0,0,GOLD LEAF FARMING LLC,NTNCWS,SW,SW,64,13,other_water_systems
377,CA1000627,0,0,0,0,0,0,0,0,0,0,ZONNEVELD DAIRY - CERINI,CWS,GW,GW,62,14,other_water_systems
378,CA1000639,0,0,0,0,0,0,0,0,0,0,CALWEST RAIN - KERMAN,NTNCWS,GW,GW,90,3,other_water_systems
379,CA1000641,0,0,0,1,0,0,0,0,1,0,LARRY A SHEHADEY DAIRY,NTNCWS,GW,GW,95,2,other_water_systems
380,CA1000643,0,0,0,0,0,0,0,0,0,0,OPEN SKY RANCH,NTNCWS,GW,GW,40,8,other_water_systems
381,CA1000645,0,0,0,0,0,0,0,0,0,0,"GRANVILLE FARMS, LLC",NTNCWS,SW,SW,27,8,other_water_systems
382,CA1000663,0,0,0,1,1,0,0,0,1,1,HUEBERT FARMS,NTNCWS,GW,GW,60,4,other_water_systems
383,CA1000673,1,1,0,1,0,1,1,0,1,0,H AND R FACILITIES,NTNCWS,GW,GW,115,1,other_water_systems
384,CA1009020,0,0,0,0,0,0,0,0,0,0,FIVE POINTS RANCH,CWS,GW,GW,98,8,other_water_systems
385,CA1009023,0,0,0,0,0,0,0,0,0,0,BRITZ/COLUSA,CWS,SW,SW,85,15,other_water_systems
386,CA1009027,0,0,0,0,0,0,0,0,0,0,HARRIS FARMS HEADQUARTERS,CWS,SW,SW,140,50,other_water_systems
387,CA1009028,0,0,0,0,0,0,0,0,0,0,HARRIS FARMS SOUTH #101-144,CWS,SW,SW,182,29,other_water_systems
388,CA1009039,4,4,3,1,0,1,1,1,1,0,PAPPAS & CO (MENDOTA),CWS,SW,SW,27,13,other_water_systems
389,CA1009051,5,5,5,0,0,1,1,1,0,0,"CANTUA CREEK VINEYARDS, IV, LLC.",CWS,GW,GW,52,16,other_water_systems
390,CA1009078,2,2,2,0,0,1,1,1,0,0,HARRIS FEEDING COMPANY,CWS,SW,SW,222,20,other_water_systems
391,CA1009091,0,0,0,0,0,0,0,0,0,0,"OLAM SPICES AND VEGETABLES, INC.",NTNCWS,GW,GW,325,1,other_water_systems
392,CA1009111,0,0,0,0,0,0,0,0,0,0,SCE/BIG CREEK POWERHOUSE #1,CWS,SW,SW,126,105,other_water_systems
393,CA1009120,0,0,0,0,0,0,0,0,0,0,RAU DAIRY,CWS,GW,GW,105,43,other_water_systems
394,CA1009179,0,0,0,0,0,0,0,0,0,0,BRITZ/FIVE POINT SYSTEM,CWS,SW,SW,76,23,other_water_systems
395,CA1009214,1,1,1,0,0,1,1,1,0,0,WESTSIDE HARVESTING,CWS,SW,SW,72,24,other_water_systems
396,CA1009222,0,0,0,0,0,0,0,0,0,0,TERRA LINDA FARMS,CWS,SW,SW,80,12,other_water_systems
397,CA1009232,0,0,0,0,0,0,0,0,0,0,"CC FARMS, LLC.",CWS,SW,SW,82,19,other_water_systems
398,CA1010001,4,4,3,2,1,1,1,1,1,1,BAKMAN WATER COMPANY,CWS,GW,GW,17393,2679,other_water_systems
399,CA1010003,0,0,0,0,0,0,0,0,0,0,CITY OF CLOVIS,CWS,SW,SW,128411,39512,other_water_systems
400,CA1010004,0,0,0,0,0,0,0,0,0,0,COALINGA-CITY,CWS,SW,SW,17277,4026,carceral_serving_water_system
401,CA1010005,0,0,0,0,0,0,0,0,0,0,FIREBAUGH CITY,CWS,GW,GW,8096,1642,other_water_systems
402,CA1010006,5,5,5,2,2,1,1,1,1,1,CITY OF FOWLER,CWS,GW,GW,7100,2160,other_water_systems
403,CA1010007,0,0,0,0,0,0,0,0,0,0,CITY OF FRESNO,CWS,SW,SW,545466,140150,carceral_serving_water_system
404,CA1010013,0,0,0,0,0,0,0,0,0,0,"HUME LAKE CHRISTIAN CAMPS, INC",CWS,SW,SW,2427,388,other_water_systems
405,CA1010017,0,0,0,0,0,0,0,0,0,0,FCWWD #41/SHAVER LAKE,CWS,GW,GW,2722,972,other_water_systems
406,CA1010018,4,4,4,0,0,1,1,1,0,0,"KERMAN, CITY OF",CWS,GW,GW,16995,3992,other_water_systems
407,CA1010019,0,0,0,3,1,0,0,0,1,1,"KINGSBURG, CITY OF",CWS,GW,GW,12380,4121,other_water_systems
408,CA1010020,1,1,0,1,0,1,1,0,1,0,LATON COMMUNITY SERVICES DISTRICT,CWS,GW,GW,1551,473,other_water_systems
409,CA1010021,0,0,0,0,0,0,0,0,0,0,"MENDOTA, CITY OF",CWS,GW,GW,11404,2315,other_water_systems
410,CA1010023,1,1,0,1,0,1,1,0,1,0,CITY OF ORANGE COVE,CWS,SW,SW,9525,1714,other_water_systems
411,CA1010024,0,0,0,0,0,0,0,0,0,0,CWS - SELMA,CWS,GW,GW,26456,6470,other_water_systems
412,CA1010025,6,6,5,1,0,1,1,1,1,0,CITY OF PARLIER,CWS,GW,GW,14576,2688,other_water_systems
413,CA1010026,0,0,0,1,1,0,0,0,1,1,PINEDALE COUNTY WATER DISTRICT,CWS,GW,GW,16736,2120,other_water_systems
414,CA1010027,0,0,0,0,0,0,0,0,0,0,"REEDLEY, CITY OF",CWS,GW,GW,25227,6275,other_water_systems
415,CA1010028,0,0,0,0,0,0,0,0,0,0,RIVERDALE PUBLIC UTILITY DISTRICT,CWS,GW,GW,2756,928,other_water_systems
416,CA1010029,1,1,0,1,0,1,1,0,1,0,CITY OF SANGER,CWS,GW,GW,26241,7033,other_water_systems
417,CA1010030,1,1,0,2,1,1,1,0,1,1,TRANQUILLITY IRRIGATION DISTRICT,CWS,GW,GW,807,340,other_water_systems
418,CA1010034,0,0,0,0,0,0,0,0,0,0,"SAN JOAQUIN, CITY OF",CWS,GW,GW,4060,749,other_water_systems
419,CA1010035,5,5,5,0,0,1,1,1,0,0,DEL REY COMMUNITY SERV DIST,CWS,GW,GW,1413,312,other_water_systems
420,CA1010039,11,11,11,2,0,1,1,1,1,0,CARUTHERS COMM SERV DIST,CWS,GW,GW,2613,752,other_water_systems
421,CA1010042,0,0,0,1,1,0,0,0,1,1,MALAGA COUNTY WATER DISTRICT,CWS,GW,GW,5979,468,other_water_systems
422,CA1010044,7,7,7,0,0,1,1,1,0,0,"HURON, CITY OF",CWS,SW,SW,9306,945,other_water_systems
423,CA1010049,0,0,0,1,1,0,0,0,1,1,BIOLA COMMUNITY SERVICES DIST,CWS,GW,GW,1623,300,other_water_systems
424,CA1010051,0,0,0,2,2,0,0,0,1,1,FCWWD #18/FRIANT,CWS,SW,SW,772,251,other_water_systems
425,CA1010052,0,0,0,0,0,0,0,0,0,0,SIERRA CEDARS CSD,CWS,GW,GW,850,233,other_water_systems
426,CA1010053,1,1,0,1,0,1,1,0,1,0,SHAVER LAKE HEIGHTS MWC,CWS,GW,GW,1230,220,other_water_systems
427,CA1010055,0,0,0,1,1,0,0,0,1,1,FCSA #47/QUAIL LAKE ESTATES,CWS,GW,GW,1988,711,other_water_systems
428,CA1010057,0,0,0,0,0,0,0,0,0,0,FRESNO CITY WASTEWATER PLANT,NTNCWS,GW,GW,190,13,other_water_systems
429,CA1010062,0,0,0,3,3,0,0,0,1,1,FCWWD #18/MIRA BELLA,CWS,GW,GW,274,51,other_water_systems
430,CA1010339,0,0,0,0,0,0,0,0,0,0,CALIFORNIA STATE UNIVERSITY FRESNO,CWS,GW,GW,41000,160,other_water_systems
431,CA1010501,0,0,0,0,0,0,0,0,0,0,NPS-GRANT GROVE,CWS,GW,GW,2950,100,other_water_systems
432,CA1010800,0,0,0,2,2,0,0,0,1,1,CAL FIRE - MIRAMONTE CONSERVATION CAMP,CWS,GW,GW,52,9,carceral_water_system
433,CA1100101,0,0,0,0,0,0,0,0,0,0,CARRIERE FAMILY FARMS,NTNCWS,GW,GW,37,1,other_water_systems
434,CA1100102,1,1,0,1,0,1,1,0,1,0,SYNGENTA SEEDS - GLENN PLANT,NTNCWS,GW,GW,68,1,other_water_systems
435,CA1100104,1,1,0,1,0,1,1,0,1,0,WILLOW CREEK CHRISTIAN SCHOOL,NTNCWS,GW,GW,49,2,other_water_systems
436,CA1100203,0,0,0,0,0,0,0,0,0,0,ARTOIS COMMUNITY S.D.,CWS,GW,GW,201,62,other_water_systems
437,CA1100232,0,0,0,0,0,0,0,0,0,0,JOHNS MANVILLE,NTNCWS,GW,GW,340,2,other_water_systems
438,CA1100237,0,0,0,1,0,0,0,0,1,0,WILLOWS MOBILE HOME COMMUNITY & RV PARK,CWS,GW,GW,261,87,other_water_systems
439,CA1100254,0,0,0,1,1,0,0,0,1,1,VOYLES TRAILER PARK,CWS,GW,GW,27,15,other_water_systems
440,CA1100404,0,0,0,0,0,0,0,0,0,0,DEL ORO WC - BLACK BUTTE DISTRICT,CWS,GW,GW,277,84,other_water_systems
441,CA1100413,0,0,0,3,3,0,0,0,1,1,COUNTRY LEISURE MOBILE ESTATES,CWS,GW,GW,40,33,other_water_systems
442,CA1100436,0,0,0,2,0,0,0,0,1,0,ORLAND OAKS MHP,CWS,GW,GW,186,83,other_water_systems
443,CA1100440,0,0,0,1,1,0,0,0,1,1,LAKE ELEMENTARY SCHOOL,NTNCWS,GW,GW,205,1,other_water_systems
444,CA1100444,1,1,0,2,0,1,1,0,1,0,ORLAND ESTATES MOBILE H.P.,CWS,GW,GW,244,74,other_water_systems
445,CA1100445,0,0,0,2,2,0,0,0,1,1,ORLAND MOBILE H.P.,CWS,GW,GW,178,54,other_water_systems
446,CA1100448,0,0,0,0,0,0,0,0,0,0,PLAZA ELEMENTARY SCHOOL,NTNCWS,GW,GW,250,4,other_water_systems
447,CA1100452,0,0,0,3,3,0,0,0,1,1,SHADY OAKS TRAILER PARK,CWS,GW,GW,62,43,other_water_systems
448,CA1100527,0,0,0,3,3,0,0,0,1,1,CAPAY JOINT UNION ELEM. SCHOOL,NTNCWS,GW,GW,230,1,other_water_systems
449,CA1100616,0,0,0,3,3,0,0,0,1,1,ELK CREEK COMMUNITY S.D.,CWS,SW,SW,212,92,other_water_systems
450,CA1100711,8,8,8,4,3,1,1,1,1,1,BUTTE CITY COMMUNITY S.D.,CWS,GW,GW,75,48,other_water_systems
451,CA1100749,0,0,0,0,0,0,0,0,0,0,RIVER VALLEY CHRISTIAN SCHOOL,NTNCWS,GW,GW,80,2,other_water_systems
452,CA1105003,0,0,0,3,3,0,0,0,1,1,"CITY OF ORLAND, HAIGH FIELD PARK",NTNCWS,GW,GW,30,2,other_water_systems
453,CA1105005,0,0,0,0,0,0,0,0,0,0,OLIVAREZ HONEY BEES,NTNCWS,GW,GW,131,7,other_water_systems
454,CA1105006,0,0,0,0,0,0,0,0,0,0,CALIFORNIA OLIVE RANCH,NTNCWS,GW,GW,50,1,other_water_systems
455,CA1110001,0,0,0,0,0,0,0,0,0,0,CITY OF ORLAND,CWS,GW,GW,8217,2712,other_water_systems
456,CA1110002,0,0,0,0,0,0,0,0,0,0,CAL-WATER SERVICE CO.-HAMILTON CITY,CWS,GW,GW,1779,650,other_water_systems
457,CA1110003,0,0,0,0,0,0,0,0,0,0,CAL-WATER SERVICE CO.-WILLOWS,CWS,GW,GW,7216,2378,carceral_serving_water_system
458,CA1110800,0,0,0,3,3,0,0,0,1,1,CAL FIRE - VALLEY VIEW C.C,NTNCWS,GW,GW,140,1,other_water_systems
459,CA1200501,0,0,0,4,3,0,0,0,1,1,ALDERPOINT COUNTY WATER,CWS,SW,SW,219,88,other_water_systems
460,CA1200518,0,0,0,2,2,0,0,0,1,1,RIVERSIDE CSD,CWS,GW,GW,333,101,other_water_systems
461,CA1200522,2,2,1,2,0,1,1,1,1,0,WHITETHORN ELEMENTARY SCHOOL,NTNCWS,SW,SW,42,1,other_water_systems
462,CA1200538,1,1,0,3,2,1,1,0,1,1,MYERS FLAT M.W.S. INC.,CWS,GW,GW,330,93,other_water_systems
463,CA1200541,1,1,0,3,1,1,1,0,1,1,PHILLIPSVILLE C.S.D.,CWS,GW,GW,300,80,other_water_systems
464,CA1200544,0,0,0,3,3,0,0,0,1,1,REDCREST WATER WORKS,CWS,SW,SW,116,31,other_water_systems
465,CA1200546,3,3,2,3,2,1,1,1,1,1,CASTERLIN SCHOOL,NTNCWS,GW,GW,50,1,other_water_systems
466,CA1200547,1,1,0,2,1,1,1,0,1,1,MILL CREEK M.W.C.,CWS,GW,GW,85,36,other_water_systems
467,CA1200553,0,0,0,7,7,0,0,0,1,1,WEOTT C.S.D.,CWS,SW,SW,456,135,other_water_systems
468,CA1200566,1,1,0,2,0,1,1,0,1,0,ORLEANS MUTUAL WATER COMPANY,CWS,SW,SW,85,38,other_water_systems
469,CA1200579,0,0,0,5,3,0,0,0,1,1,M.F. MITCHELL & COMPANY,NTNCWS,GW,GW,25,17,other_water_systems
470,CA1200587,0,0,0,4,4,0,0,0,1,1,BRICELAND C.S.D.,CWS,SW,SW,75,26,other_water_systems
471,CA1200588,0,0,0,0,0,0,0,0,0,0,SEAWOOD ESTATES MUTUAL WATER COMPANY,CWS,SW,SW,63,25,other_water_systems
472,CA1200590,0,0,0,0,0,0,0,0,0,0,MOONSTONE HEIGHTS MWA,CWS,GW,GW,33,16,other_water_systems
473,CA1200591,0,0,0,0,0,0,0,0,0,0,BIG LAGOON PARK WATER CO.,CWS,GW,GW,70,76,other_water_systems
474,CA1200592,0,0,0,0,0,0,0,0,0,0,BIG LAGOON CSD,CWS,GW,GW,112,43,other_water_systems
475,CA1200643,0,0,0,0,0,0,0,0,0,0,BEACH CREEK MOBILE HOME PARK,CWS,SW,SW,67,24,other_water_systems
476,CA1200671,0,0,0,0,0,0,0,0,0,0,BENBOW-DEL ORO W.C.,CWS,SW,SW,353,107,other_water_systems
477,CA1200681,1,1,0,3,2,1,1,0,1,1,CUDDEBACK GRAMMAR SCHOOL,NTNCWS,GW,GW,165,1,other_water_systems
478,CA1200684,1,1,0,6,3,1,1,0,1,1,MATTOLE ELEMENTARY SCHOOL,NTNCWS,GW,GW,50,1,other_water_systems
479,CA1200687,1,1,0,6,4,1,1,0,1,1,RIVERBEND MOBILE HOME PARK,CWS,GW,GW,60,31,other_water_systems
480,CA1200701,0,0,0,0,0,0,0,0,0,0,ORICK C.S.D.,CWS,GW,GW,396,143,other_water_systems
481,CA1200706,0,0,0,0,0,0,0,0,0,0,TRINIDAD EXTENDED STAY RV,CWS,SW,SW,130,72,other_water_systems
482,CA1200707,0,0,0,0,0,0,0,0,0,0,MIRANDA C.S.D.,CWS,GW,GW,492,149,other_water_systems
483,CA1200715,0,0,0,0,0,0,0,0,0,0,GREEN DIAMOND RESOURCE COMPANY - KORBEL,CWS,GW,GW,250,18,other_water_systems
484,CA1200718,0,0,0,7,7,0,0,0,1,1,WADDINGTON W.W.,CWS,GW,GW,75,25,other_water_systems
485,CA1200729,4,4,3,1,0,1,1,1,1,0,ORLEANS C.S.D.,CWS,SW,SW,636,167,other_water_systems
486,CA1200778,1,1,0,5,2,1,1,0,1,1,BRIDGEVILLE ELEM. SCHOOL,NTNCWS,GW,GW,50,1,other_water_systems
487,CA1200817,0,0,0,3,2,0,0,0,1,1,KNEELAND SCHOOL,NTNCWS,GW,GW,40,1,other_water_systems
488,CA1206002,1,1,0,4,2,1,1,0,1,1,PALOMINO ESTATES WATER COMPANY,CWS,SW,SW,64,19,other_water_systems
489,CA1206004,1,1,0,3,1,1,1,0,1,1,PALMER CREEK CSD,CWS,GW,GW,320,132,other_water_systems
490,CA1206012,0,0,0,8,8,0,0,0,1,1,WHITETHORN CONSTRUCTION,NTNCWS,SW,SW,45,22,other_water_systems
491,CA1206016,0,0,0,0,0,0,0,0,0,0,HUMBOLDT CREAMERY,NTNCWS,GW,GW,100,1,other_water_systems
492,CA1210001,0,0,0,0,0,0,0,0,0,0,"ARCATA, CITY OF",CWS,GW,GWP,21193,6148,other_water_systems
493,CA1210002,0,0,0,1,1,0,0,0,1,1,"BLUE LAKE, CITY OF",CWS,GW,GWP,1245,731,other_water_systems
494,CA1210004,0,0,0,0,0,0,0,0,0,0,"EUREKA, CITY OF",CWS,GW,GWP,27078,10412,other_water_systems
495,CA1210006,0,0,0,0,0,0,0,0,0,0,"FORTUNA, CITY OF",CWS,GW,GW,12133,4641,other_water_systems
496,CA1210007,0,0,0,0,0,0,0,0,0,0,DEL ORO WATER CO-FERNDALE,CWS,GW,GW,1662,775,other_water_systems
497,CA1210008,0,0,0,2,2,0,0,0,1,1,GARBERVILLE SANITARY DISTRICT,CWS,SW,SW,1815,465,other_water_systems
498,CA1210009,0,0,0,0,0,0,0,0,0,0,HUMBOLDT C.S.D.,CWS,GW,GW,19778,7974,other_water_systems
499,CA1210010,1,1,0,1,0,1,1,0,1,0,SCOTIA CSD,CWS,SW,SW,906,304,other_water_systems
500,CA1210011,0,0,0,1,1,0,0,0,1,1,REDWAY C.S.D.,CWS,SW,SW,1207,533,other_water_systems
501,CA1210012,0,0,0,0,0,0,0,0,0,0,"RIO DELL, CITY OF",CWS,SW,SW,3300,1273,other_water_systems
502,CA1210013,0,0,0,0,0,0,0,0,0,0,HUMBOLDT BAY MWD,CWS,GW,GW,680,217,other_water_systems
503,CA1210015,1,1,0,2,1,1,1,0,1,1,WILLOW CREEK C.S.D.,CWS,SW,GU,1298,932,other_water_systems
504,CA1210016,0,0,0,2,2,0,0,0,1,1,MCKINLEYVILLE C.S.D.,CWS,GW,GWP,16900,5999,other_water_systems
505,CA1210017,0,0,0,0,0,0,0,0,0,0,MANILA COMMUNITY SERVICES DIST.,CWS,GW,GWP,750,362,other_water_systems
506,CA1210018,0,0,0,3,3,0,0,0,1,1,"TRINIDAD, CITY OF",CWS,SW,SW,1072,324,other_water_systems
507,CA1210019,1,1,0,4,3,1,1,0,1,1,HYDESVILLE CO. W.D.,CWS,GW,GW,1412,437,other_water_systems
508,CA1210020,0,0,0,0,0,0,0,0,0,0,FIELDBROOK GLENDALE C.S.D.,CWS,GW,GWP,1845,560,other_water_systems
509,CA1210021,0,0,0,0,0,0,0,0,0,0,JACOBY CREEK CWD,CWS,GW,GWP,927,335,other_water_systems
510,CA1210022,0,0,0,0,0,0,0,0,0,0,RESORT IMPROVEMENT DISTRICT #1,CWS,SW,SW,803,631,other_water_systems
511,CA1210023,0,0,0,0,0,0,0,0,0,0,LOLETA C.S.D.,CWS,GW,GW,937,284,other_water_systems
512,CA1210024,0,0,0,4,3,0,0,0,1,1,WESTHAVEN C.S.D.,CWS,SW,SW,490,228,other_water_systems
513,CA1210800,1,1,0,4,3,1,1,0,1,1,CAL FIRE-EEL RIVER CONSERVATION CAMP,NTNCWS,SW,SW,100,1,carceral_water_system
514,CA1210801,1,1,0,2,1,1,1,0,1,1,CAL FIRE-HIGH ROCK CONSERVATION CAMP,NTNCWS,SW,SW,80,1,other_water_systems
515,CA1300009,4,1,0,4,3,1,1,0,1,1,WINTERHAVEN COUNTY WATER DISTRICT,CWS,GW,GW,92,122,other_water_systems
516,CA1300018,2,2,2,1,1,1,1,1,1,1,GATEWAY,CWS,SW,SW,1800,55,carceral_serving_water_system
517,CA1300513,1,1,0,1,0,1,1,0,1,0,OCOTILLO MUTUAL WATER CO,CWS,GW,GW,150,113,other_water_systems
518,CA1300514,1,1,0,1,0,1,1,0,1,0,COYOTE VALLEY MUTUAL WATER CO,CWS,GW,GW,125,124,other_water_systems
519,CA1300517,1,1,0,3,2,1,1,0,1,1,U.S. GYPSUM CO,NTNCWS,GW,GW,210,1,other_water_systems
520,CA1300546,2,2,2,23,23,1,1,1,1,1,GOLD ROCK RANCH,CWS,GW,GW,40,21,other_water_systems
521,CA1300549,1,1,1,0,0,1,1,1,0,0,IMPERIAL VALLEY COLLEGE,NTNCWS,SW,SW,9301,1,other_water_systems
522,CA1300550,1,1,0,3,2,1,1,0,1,1,COUNTRY LIFE MH & RV PARK,CWS,SW,SW,600,160,other_water_systems
523,CA1300553,0,0,0,3,2,0,0,0,1,1,MAGNOLIA UNION SCHOOL,NTNCWS,SW,SW,142,1,other_water_systems
524,CA1300554,3,3,3,3,2,1,1,1,1,1,MEADOWS UNION ELEMENTARY SCHOOL,NTNCWS,SW,SW,550,1,other_water_systems
525,CA1300555,1,1,1,1,1,1,1,1,1,1,MITCHELLS CAMP FAMILY ASSOC.,CWS,GW,GW,175,70,other_water_systems
526,CA1300556,0,0,0,1,1,0,0,0,1,1,MULBERRY UNION SCHOOL,NTNCWS,SW,SW,85,2,other_water_systems
527,CA1300560,0,0,0,1,0,0,0,0,1,0,PINE UNION SCHOOL,NTNCWS,SW,SW,217,1,other_water_systems
528,CA1300571,1,1,0,1,0,1,1,0,1,0,UC DESERT RESEARCH AND EXTENSION CENTER,NTNCWS,SW,SWP,27,17,other_water_systems
529,CA1300572,1,1,0,4,2,1,1,0,1,1,VALLEY MOBILE HOME PARK,CWS,SW,SW,70,22,other_water_systems
530,CA1300575,1,1,0,3,2,1,1,0,1,1,DATE GARDENS MOBILE HOME PARK,CWS,SW,SW,72,72,other_water_systems
531,CA1300579,0,0,0,3,3,0,0,0,1,1,MCCABE UNION SCHOOL,NTNCWS,SW,SW,1369,1,other_water_systems
532,CA1300588,0,0,0,0,0,0,0,0,0,0,IID VILLAGE,CWS,GW,GW,37,18,other_water_systems
533,CA1300616,3,3,2,5,3,1,1,1,1,1,PALO VERDE COUNTY WATER DIST.,CWS,GW,GW,410,134,other_water_systems
534,CA1300620,1,1,0,3,1,1,1,0,1,1,RIO BEND RV GOLF RESORT & STORM CROSSING,CWS,SW,SW,130,69,other_water_systems
535,CA1300622,1,0,0,1,1,1,0,0,1,1,SPORTSMANS PARADISE,CWS,GW,GW,138,49,other_water_systems
536,CA1300626,2,2,1,1,0,1,1,1,1,0,SUNBEAM LAKE RV RESORT,CWS,SW,SWP,650,1,other_water_systems
537,CA1300628,0,0,0,4,3,0,0,0,1,1,IMPERIAL LAKES INC.,CWS,SW,SW,40,15,other_water_systems
538,CA1300629,0,0,0,3,3,0,0,0,1,1,JACKSON HIDE-A-WAY,CWS,GW,GW,29,26,other_water_systems
539,CA1300635,0,0,0,0,0,0,0,0,0,0,CALENERGY (ADMINISTRATIVE),NTNCWS,SW,SW,39,4,other_water_systems
540,CA1300637,0,0,0,0,0,0,0,0,0,0,CALENERGY (SALTON SEA UNIT NO III),NTNCWS,SW,SW,31,3,other_water_systems
541,CA1300638,0,0,0,0,0,0,0,0,0,0,CALENERGY (VULCAN POWER PLANT),NTNCWS,SW,SW,99,3,other_water_systems
542,CA1300642,0,0,0,0,0,0,0,0,0,0,CALENERGY (ENG. & TECH.),NTNCWS,SW,SW,28,3,other_water_systems
543,CA1300643,1,1,0,2,1,1,1,0,1,1,MESQUITE MINES INC.,NTNCWS,GW,GW,300,1,other_water_systems
544,CA1300644,1,1,0,10,8,1,1,0,1,1,SPRECKELS SUGAR COMPANY,NTNCWS,SW,SW,300,1,other_water_systems
545,CA1300652,1,1,0,1,0,1,1,0,1,0,IID NORTH END CONSOLIDATION,NTNCWS,SW,SW,30,1,other_water_systems
546,CA1300653,1,1,0,1,0,1,1,0,1,0,BORNT & SONS INC.,NTNCWS,SW,SW,30,5,other_water_systems
547,CA1300661,0,0,0,4,3,0,0,0,1,1,CALVARY CHAPEL CHURCH,NTNCWS,SW,SW,40,1,other_water_systems
548,CA1300664,0,0,0,1,1,0,0,0,1,1,RIVERFRONT MUTUAL WATER COMPANY,CWS,GW,GW,25,10,other_water_systems
549,CA1300668,1,1,0,4,3,1,1,0,1,1,ALLIED WASTE OF IMPERIAL VALLEY,NTNCWS,SW,SW,45,2,other_water_systems
550,CA1300669,1,1,0,3,2,1,1,0,1,1,LA VALLE SABBIA INC.,NTNCWS,SW,SW,60,4,other_water_systems
551,CA1300676,0,0,0,3,2,0,0,0,1,1,"EARTHRISE NUTRITIONALS, LLC",NTNCWS,SW,SW,78,16,other_water_systems
552,CA1300679,1,1,1,1,1,1,1,1,1,1,HUDSON RANCH POWER I LLC,NTNCWS,SW,SW,39,2,other_water_systems
553,CA1300685,1,1,0,3,1,1,1,0,1,1,BRANDT CATTLE,NTNCWS,SW,SW,50,2,other_water_systems
554,CA1300693,1,1,0,2,1,1,1,0,1,1,"HAYKINGDOM, INC.",NTNCWS,SW,SW,32,1,other_water_systems
555,CA1310001,0,0,0,1,1,0,0,0,1,1,"BRAWLEY, CITY OF",CWS,SW,SWP,26928,6051,other_water_systems
556,CA1310002,1,1,0,1,0,1,1,0,1,0,"CALEXICO, CITY OF",CWS,SW,SWP,40357,8616,other_water_systems
557,CA1310003,0,0,0,0,0,0,0,0,0,0,GSWC - CALIPATRIA,CWS,SW,SWP,7412,1163,other_water_systems
558,CA1310004,1,0,0,0,0,1,0,0,0,0,"EL CENTRO, CITY OF",CWS,SW,SWP,44158,10230,carceral_serving_water_system
559,CA1310005,0,0,0,4,0,0,0,0,1,0,"HOLTVILLE, CITY OF",CWS,SW,SWP,6355,1624,other_water_systems
560,CA1310006,1,1,0,4,0,1,1,0,1,0,"IMPERIAL, CITY OF",CWS,SW,SWP,21233,6819,other_water_systems
561,CA1310007,0,0,0,1,1,0,0,0,1,1,HEBER PUBLIC UTILITY DISTRICT,CWS,SW,SWP,6979,1675,other_water_systems
562,CA1310008,1,1,0,2,1,1,1,0,1,1,"WESTMORLAND, CITY OF",CWS,SW,SWP,2202,582,other_water_systems
563,CA1310013,1,1,0,4,1,1,1,0,1,1,SEELEY CWD,CWS,SW,SWP,1729,405,other_water_systems
564,CA1310016,1,1,0,13,0,1,1,0,1,0,GSA CALEXICO PORT OF ENTRY,NTNCWS,SW,SWP,300,6,other_water_systems
565,CA1310019,0,0,0,7,1,0,0,0,1,1,DHS CALEXICO,NTNCWS,SW,SWP,330,2,other_water_systems
566,CA1310700,0,0,0,1,1,0,0,0,1,1,NAF EL CENTRO,CWS,SW,SWP,1024,386,other_water_systems
567,CA1310800,0,0,0,0,0,0,0,0,0,0,CALIPATRIA STATE PRISON,CWS,SW,SWP,4800,1979,carceral_water_system
568,CA1310801,0,0,0,0,0,0,0,0,0,0,CENTINELA STATE PRISON,CWS,SW,SWP,4100,2001,carceral_water_system
569,CA1400002,0,0,0,1,1,0,0,0,1,1,STARLITE COMMUNITY SERVICE DISTRICT,CWS,GW,GW,241,74,other_water_systems
570,CA1400004,2,2,1,8,7,1,1,1,1,1,CHARLES BROWN WATER COMPANY,CWS,GW,GW,242,31,other_water_systems
571,CA1400005,0,0,0,0,0,0,0,0,0,0,"OWENS VALLEY WATER RESOURCES, INC.",CWS,GW,GW,311,111,other_water_systems
572,CA1400006,0,0,0,0,0,0,0,0,0,0,PINE CREEK VILLAGE,CWS,GW,GW,240,89,other_water_systems
573,CA1400007,0,0,0,0,0,0,0,0,0,0,SIERRA HIGHLAND CSD,CWS,GW,GW,600,215,other_water_systems
574,CA1400010,1,1,0,5,2,1,1,0,1,1,"ROLLING GREEN UTILITIES, INC.",CWS,GW,GW,1225,285,other_water_systems
575,CA1400019,0,0,0,1,1,0,0,0,1,1,ROUND VALLEY SCHOOL,NTNCWS,GW,GW,80,2,other_water_systems
576,CA1400020,0,0,0,0,0,0,0,0,0,0,ABERDEEN WATER SYSTEM,CWS,GW,GW,38,75,other_water_systems
577,CA1400025,0,0,0,0,0,0,0,0,0,0,VALLEY VISTA MUTUAL WATER COMPANY,CWS,GW,GW,70,25,other_water_systems
578,CA1400026,0,0,0,0,0,0,0,0,0,0,RAWSON CREEK MUTUAL WATER COMPANY,CWS,GW,GW,90,40,other_water_systems
579,CA1400027,0,0,0,3,3,0,0,0,1,1,CARTAGO MUTUAL WATER COMPANY,CWS,GW,GW,132,40,other_water_systems
580,CA1400030,0,0,0,0,0,0,0,0,0,0,GLENWOOD MOBILE ESTATES,CWS,GW,GW,468,167,other_water_systems
581,CA1400031,0,0,0,0,0,0,0,0,0,0,RANCH ROAD ESTATES MUTUAL WATER COMPANY,CWS,GW,GW,65,27,other_water_systems
582,CA1400034,0,0,0,5,5,0,0,0,1,1,KEOUGH'S HOT SPRINGS,CWS,GW,GW,175,36,other_water_systems
583,CA1400036,8,8,8,4,3,1,1,1,1,1,KEELER COMMUNITY SERVICE DISTRICT,CWS,GW,GW,66,84,other_water_systems
584,CA1400037,2,2,2,5,5,1,1,1,1,1,FOOTHILL MOBILE HOME PARK,CWS,GW,GW,54,48,other_water_systems
585,CA1400045,2,0,0,0,0,1,0,0,0,0,PRIMROSE LANE APARTMENTS,CWS,GW,GW,73,26,other_water_systems
586,CA1400055,1,1,0,4,3,1,1,0,1,1,EASTERN SIERRA REGIONAL AIRPORT,NTNCWS,GW,GW,80,6,other_water_systems
587,CA1400056,0,0,0,6,0,0,0,0,1,0,BROOKSIDE ESTATES MUTUAL WATER COMPANY,CWS,GW,GW,59,21,other_water_systems
588,CA1400059,0,0,0,0,0,0,0,0,0,0,BROOKSIDE MOBILE HOME PARK,CWS,GW,GW,126,45,other_water_systems
589,CA1400064,0,0,0,1,1,0,0,0,1,1,BERNASCONI EDUCATION CENTER,NTNCWS,GW,GW,253,15,other_water_systems
590,CA1400066,0,0,0,0,0,0,0,0,0,0,ASPENDELL MUTUAL WATER COMPANY,CWS,GW,GW,60,94,other_water_systems
591,CA1400068,0,0,0,2,2,0,0,0,1,1,DEEP SPRINGS COLLEGE,NTNCWS,GW,GW,40,13,other_water_systems
592,CA1400070,0,0,0,0,0,0,0,0,0,0,SIERRA GRANDE ESTATES MUTUAL WATER CO.,CWS,GW,GW,138,49,other_water_systems
593,CA1400072,0,0,0,2,2,0,0,0,1,1,NORTH LONE PINE MUTUAL WATER COMPANY,CWS,GW,GW,70,33,other_water_systems
594,CA1400078,0,0,0,0,0,0,0,0,0,0,SCE BISHOP CREEK PLANT 4,CWS,GW,GW,35,17,other_water_systems
595,CA1400098,6,6,6,4,4,1,1,1,1,1,DARWIN COMMUNITY SERVICE DISTRICT,CWS,SW,GU,40,63,other_water_systems
596,CA1400099,0,0,0,0,0,0,0,0,0,0,MOUNTAIN VIEW TRAILER COURT,CWS,GW,GW,182,24,other_water_systems
597,CA1400102,0,0,0,0,0,0,0,0,0,0,LAWS TOWN LADWP,NTNCWS,GW,GW,0,2,other_water_systems
598,CA1400109,3,3,3,4,4,1,1,1,1,1,SIERRA NORTH COMMUNITY SERVICE DISTRICT,CWS,GW,GW,42,16,other_water_systems
599,CA1400110,0,0,0,0,0,0,0,0,0,0,PARK WEST MUTUAL WATER COMPANY,CWS,GW,GW,188,67,other_water_systems
600,CA1400111,0,0,0,0,0,0,0,0,0,0,MEADOWCREEK MUTUAL WATER COMPANY,CWS,GW,GW,764,284,other_water_systems
601,CA1400135,1,0,0,1,1,1,0,0,1,1,WILSON CIRCLE MUTUAL WATER COMPANY,CWS,GW,GW,107,48,other_water_systems
602,CA1400144,0,0,0,0,0,0,0,0,0,0,SUNLAND VILLAGE MOBILE HOME PARK,CWS,GW,GW,73,26,other_water_systems
603,CA1400155,0,0,0,1,1,0,0,0,1,1,CONTROL GORGE POWER PLANT,CWS,SW,GU,32,12,other_water_systems
604,CA1400503,0,0,0,0,0,0,0,0,0,0,BIRD INDUSTRIAL COMPLEX,NTNCWS,GW,GW,30,6,other_water_systems
605,CA1400511,1,1,0,5,3,1,1,0,1,1,MEADOW LAKE APARTMENTS,CWS,GW,GW,22,16,other_water_systems
606,CA1400518,0,0,0,0,0,0,0,0,0,0,VAN LOON WATER ASSOCIATION,CWS,GW,GW,25,15,other_water_systems
607,CA1400522,0,0,0,0,0,0,0,0,0,0,PALISADE GLACIER HIGH SCHOOL,NTNCWS,GW,GW,35,7,other_water_systems
608,CA1400525,1,1,0,5,1,1,1,0,1,1,LAWS TOWN INYO COUNTY,NTNCWS,GW,GWP,65,14,other_water_systems
609,CA1400526,5,5,5,0,0,1,1,1,0,0,EASTERN SIERRA COLLEGE CENTER - BISHOP,NTNCWS,GW,GW,290,1,other_water_systems
610,CA1400527,0,0,0,0,0,0,0,0,0,0,KEELER YARD LADWP,NTNCWS,SW,SW,66,3,other_water_systems
611,CA1400528,0,0,0,2,2,0,0,0,1,1,CRYSTAL GEYSER BOTTLING PLANT,NTNCWS,GW,GW,115,3,other_water_systems
612,CA1410001,0,0,0,1,0,0,0,0,1,0,"BISHOP, CITY OF",CWS,GW,GW,3819,1171,other_water_systems
613,CA1410002,0,0,0,0,0,0,0,0,0,0,LADWP - INDEPENDENCE,CWS,GW,GW,0,2,other_water_systems
614,CA1410003,0,0,0,0,0,0,0,0,0,0,LADWP - LONE PINE,CWS,GW,GW,0,2,other_water_systems
615,CA1410004,0,0,0,0,0,0,0,0,0,0,LADWP - BIG PINE,CWS,GW,GW,0,2,other_water_systems
616,CA1410005,0,0,0,0,0,0,0,0,0,0,INDIAN CREEK CSD,CWS,GW,GW,1030,297,other_water_systems
617,CA1410006,0,0,0,0,0,0,0,0,0,0,BIG PINE CSD,CWS,GW,GWP,792,323,other_water_systems
618,CA1410007,1,1,0,1,0,1,1,0,1,0,HIGHLAND MOBILE HOME PARK,CWS,GW,GW,1400,603,other_water_systems
619,CA1410008,2,2,1,9,4,1,1,1,1,1,INYO COUNTY PWD - INDEPENDENCE,CWS,GW,GWP,669,336,carceral_serving_water_system
620,CA1410009,1,1,0,10,5,1,1,0,1,1,INYO COUNTY PWD - LONE PINE,CWS,GW,GWP,1835,503,other_water_systems
621,CA1410502,0,0,0,3,3,0,0,0,1,1,"NPS - DEATH VALLEY, STOVEPIPE WELLS",CWS,GW,GW,175,14,other_water_systems
622,CA1410503,0,0,0,3,3,0,0,0,1,1,"NPS - DEATH VALLEY, COW CREEK/NEVARES",CWS,GW,GW,88,61,other_water_systems
623,CA1410505,0,0,0,0,0,0,0,0,0,0,"NPS - DEATH VALLEY, FURNACE CREEK",CWS,GW,GW,150,150,other_water_systems
624,CA1410510,0,0,0,0,0,0,0,0,0,0,LADWP - MANZANAR,CWS,GW,GW,0,2,other_water_systems
625,CA1410800,1,1,0,1,0,1,1,0,1,0,CDF - OWENS VALLEY CONSERVATION CAMP,CWS,GW,GW,92,37,carceral_water_system
626,CA1410801,0,0,0,0,0,0,0,0,0,0,SCE BISHOP CREEK PLANT 5,NTNCWS,GW,GW,43,6,other_water_systems
627,CA1500050,0,0,0,0,0,0,0,0,0,0,TEHACHAPI CEMENT LLC,NTNCWS,GW,GW,115,1,other_water_systems
628,CA1500096,4,4,4,1,1,1,1,1,1,1,OLD RIVER MUTUAL WATER COMPANY,CWS,GW,GW,126,14,other_water_systems
629,CA1500152,0,0,0,0,0,0,0,0,0,0,MIRASOL COMPANY WATER SYSTEM,CWS,GW,GW,26,12,other_water_systems
630,CA1500209,0,0,0,0,0,0,0,0,0,0,ALTA SIERRA MUTUAL WATER CO.,CWS,GW,GW,143,224,other_water_systems
631,CA1500211,0,0,0,0,0,0,0,0,0,0,STOCKDALE ANNEX MUTUAL WATER,CWS,GW,GW,433,143,other_water_systems
632,CA1500216,0,0,0,0,0,0,0,0,0,0,OPAL FRY AND SON,NTNCWS,GW,GW,33,11,other_water_systems
633,CA1500231,1,1,1,0,0,1,1,1,0,0,VICTORY MUTUAL WATER COMPANY,CWS,GW,GW,849,173,other_water_systems
634,CA1500251,0,0,0,0,0,0,0,0,0,0,RIVERKERN MUTUAL WATER COMPANY,CWS,GW,GW,272,145,other_water_systems
635,CA1500252,2,2,1,14,5,1,1,1,1,1,KERN VALLEY MUTUAL WATER COMPANY,CWS,GW,GW,132,47,other_water_systems
636,CA1500289,2,2,2,1,1,1,1,1,1,1,ATHAL MUTUAL WATER SYSTEM,CWS,GW,GW,150,55,other_water_systems
637,CA1500290,0,0,0,4,2,0,0,0,1,1,NORTH MUROC MUTUAL WATER COMPANY,CWS,SW,SWP,270,198,other_water_systems
638,CA1500296,3,3,3,0,0,1,1,1,0,0,FULLER ACRES MUTUAL WATER COMPANY,CWS,GW,GW,545,165,other_water_systems
639,CA1500314,2,2,2,0,0,1,1,1,0,0,DEL ORO WC - COUNTRY ESTATES DIST,CWS,GW,GW,297,90,other_water_systems
640,CA1500324,0,0,0,5,1,0,0,0,1,1,WONDER ACRES WATER SYSTEM,CWS,GW,GWP,92,34,other_water_systems
641,CA1500327,4,1,0,2,1,1,1,0,1,1,RANCHO SECO INC. WATER SYSTEM,CWS,GW,GW,33,35,other_water_systems
642,CA1500333,0,0,0,0,0,0,0,0,0,0,CWS - FREMONT VALLEY,CWS,GW,GW,173,84,other_water_systems
643,CA1500336,0,0,0,0,0,0,0,0,0,0,BURLANDO HEIGHTS MUTUAL WATER CO.,CWS,GW,GW,44,41,other_water_systems
644,CA1500340,0,0,0,1,1,0,0,0,1,1,WEST TEHACHAPI MUTUAL,CWS,GW,GW,150,36,other_water_systems
645,CA1500341,1,1,0,1,0,1,1,0,1,0,SIERRA BELLA MUTUAL WATER COMPANY,CWS,GW,GW,60,180,other_water_systems
646,CA1500344,1,1,1,7,7,1,1,1,1,1,SOUTH KERN MUTUAL WATER COMPANY,CWS,GW,GW,32,15,other_water_systems
647,CA1500349,0,0,0,2,2,0,0,0,1,1,STOCKDALE MUTUAL WATER CO.,CWS,GW,GW,200,81,other_water_systems
648,CA1500364,0,0,0,2,2,0,0,0,1,1,KERNVALE MUTUAL WATER CO,CWS,GW,GWP,75,32,other_water_systems
649,CA1500371,0,0,0,2,0,0,0,0,1,0,UNION PACIFIC RAILROAD CO.-KEENE WATER,CWS,GW,GWP,208,26,other_water_systems
650,CA1500374,0,0,0,0,0,0,0,0,0,0,CWS-GRAND OAKS WATER SYSTEM,CWS,GW,GW,122,46,other_water_systems
651,CA1500378,0,0,0,1,1,0,0,0,1,1,MAHER MUTUAL WATER COMPANY,CWS,GW,GW,150,50,other_water_systems
652,CA1500393,37,37,37,0,0,1,1,1,0,0,RAINBIRD VALLEY MWC,CWS,GW,GW,238,85,other_water_systems
653,CA1500398,0,0,0,0,0,0,0,0,0,0,FRONTIER TRAILS HOMEOWNERS ASSOC INC.,CWS,GW,GW,32,32,other_water_systems
654,CA1500401,23,23,22,4,1,1,1,1,1,1,METTLER COUNTY WATER DISTRICT,CWS,GW,GW,90,42,other_water_systems
655,CA1500404,0,0,0,2,2,0,0,0,1,1,PINEBROOK COMMUNITY WATER WELL,CWS,GW,GW,68,42,other_water_systems
656,CA1500405,4,4,4,17,5,1,1,1,1,1,"AERIAL ACRES WATER COMPANY, INC.",CWS,GW,GW,87,49,other_water_systems
657,CA1500406,9,9,8,10,4,1,1,1,1,1,TRADEWIND WATER ASSOC.,CWS,GW,GW,632,219,other_water_systems
658,CA1500407,0,0,0,0,0,0,0,0,0,0,CWS-SPLIT MOUNTAIN WATER SYSTEM,CWS,SW,GU,226,161,other_water_systems
659,CA1500409,6,6,6,0,0,1,1,1,0,0,BROCK MUTUAL WATER COMPANY,CWS,GW,GW,462,155,other_water_systems
660,CA1500413,0,0,0,0,0,0,0,0,0,0,TEJON RANCH MAIN HEADQUARTERS,CWS,GW,GW,132,33,other_water_systems
661,CA1500415,0,0,0,0,0,0,0,0,0,0,TEJON RANCH GRAPEVINE WATER,NTNCWS,GW,GW,2207,16,other_water_systems
662,CA1500424,19,19,18,1,0,1,1,1,1,0,LANDS OF PROMISE MWC,CWS,GW,GW,174,63,other_water_systems
663,CA1500426,5,5,5,4,0,1,1,1,1,0,ROSE VILLA APARTMENTS,CWS,GW,GW,65,32,other_water_systems
664,CA1500436,19,19,19,1,1,1,1,1,1,1,HUNGRY GULCH MWC,CWS,GW,GW,74,36,other_water_systems
665,CA1500443,5,5,4,4,2,1,1,1,1,1,CANYON MEADOWS MUTUAL WATER,CWS,GW,GW,465,141,other_water_systems
666,CA1500447,0,0,0,0,0,0,0,0,0,0,SIERRA BREEZE MUTUAL WATER COMPANY,CWS,GW,GW,150,60,other_water_systems
667,CA1500448,0,0,0,1,1,0,0,0,1,1,HILLVIEW ACRES MUTUAL WATER COMPANY,CWS,GW,GW,36,47,other_water_systems
668,CA1500449,0,0,0,0,0,0,0,0,0,0,FOURTH STREET WATER SYSTEM,CWS,GW,GW,56,29,other_water_systems
669,CA1500452,1,1,0,4,3,1,1,0,1,1,RIVERDALE VILLAGE,CWS,GW,GW,750,290,other_water_systems
670,CA1500455,21,21,21,0,0,1,1,1,0,0,WILLIAM FISHER MEMORIAL WATER COMPANY,CWS,GW,GW,56,16,other_water_systems
671,CA1500458,32,32,32,4,4,1,1,1,1,1,R.S. MUTUAL WATER COMPANY,CWS,GW,GW,67,24,other_water_systems
672,CA1500459,0,0,0,1,1,0,0,0,1,1,LAKE OF THE WOODS MOBILE VILLAGE,CWS,GW,GW,82,86,other_water_systems
673,CA1500465,3,3,2,5,0,1,1,1,1,0,OAK KNOLLS MUTUAL WATER COMPANY,CWS,GW,GW,123,47,other_water_systems
674,CA1500466,3,3,3,0,0,1,1,1,0,0,A.F.P. MUTUAL WATER COMPANY,CWS,GW,GW,710,220,other_water_systems
675,CA1500475,8,8,8,0,0,1,1,1,0,0,KRISTA MUTUAL WATER COMPANY,CWS,GW,GW,504,179,other_water_systems
676,CA1500478,0,0,0,0,0,0,0,0,0,0,"VALLEY ESTATES POA, INC.",CWS,GW,GW,386,117,other_water_systems
677,CA1500481,0,0,0,4,4,0,0,0,1,1,RIVERNOOK CAMPGROUND,CWS,GW,GW,877,287,other_water_systems
678,CA1500483,0,0,0,0,0,0,0,0,0,0,ALLEN ROAD MUTUAL WATER SYSTEM,CWS,GW,GW,195,59,other_water_systems
679,CA1500485,0,0,0,1,1,0,0,0,1,1,ANTELOPE VALLEY MOBILE ESTATES,CWS,GW,GW,60,28,other_water_systems
680,CA1500489,0,0,0,0,0,0,0,0,0,0,BRITE LAKE MUTUAL WATER COMPANY,CWS,GW,GW,89,32,other_water_systems
681,CA1500491,0,0,0,0,0,0,0,0,0,0,INTERSTATE 5 UTILITY COMPANY,NTNCWS,GW,GW,2947,21,other_water_systems
682,CA1500493,2,2,1,1,0,1,1,1,1,0,"EL ADOBE POA, INC.",CWS,GW,GW,200,80,other_water_systems
683,CA1500494,5,5,4,2,1,1,1,1,1,1,WILSON ROAD WATER COMMUNITY,CWS,GW,GW,66,20,other_water_systems
684,CA1500495,0,0,0,0,0,0,0,0,0,0,AERA ENERGY-LLC,NTNCWS,GW,GW,1500,21,other_water_systems
685,CA1500507,0,0,0,0,0,0,0,0,0,0,ST. CLAIR RANCHOS MUTUAL WATER CO.,CWS,GW,GW,105,32,other_water_systems
686,CA1500516,0,0,0,0,0,0,0,0,0,0,TUT BROTHERS FARM #96,CWS,GW,GW,32,13,other_water_systems
687,CA1500517,1,1,0,2,1,1,1,0,1,1,STOCO MUTUAL WATER COMPANY,NTNCWS,GW,GW,85,7,other_water_systems
688,CA1500518,0,0,0,0,0,0,0,0,0,0,AGBAYANI VILLAGE WATER SYSTEM,CWS,GW,GW,38,2,other_water_systems
689,CA1500525,13,13,13,0,0,1,1,1,0,0,LAKEVIEW RANCHOS MUTUAL WATER COMPANY,CWS,GW,GW,120,71,other_water_systems
690,CA1500535,1,1,0,1,0,1,1,0,1,0,MANON MANOR MUTUAL WATER COMPANY,CWS,GW,GW,200,55,other_water_systems
691,CA1500540,0,0,0,1,1,0,0,0,1,1,PINON VALLEY WATER COMPANY,CWS,GW,GW,112,1,other_water_systems
692,CA1500542,0,0,0,4,4,0,0,0,1,1,WILLOW SPRINGS MOBILE HOME PARK,CWS,GW,GW,275,104,other_water_systems
693,CA1500543,0,0,0,5,5,0,0,0,1,1,AGAPE MUTUAL WATER SYSTEM,CWS,GW,GW,50,16,other_water_systems
694,CA1500544,0,0,0,0,0,0,0,0,0,0,ENOS LANE PUBLIC UTILITY DISTRICT,CWS,GW,GW,365,89,other_water_systems
695,CA1500546,1,1,1,0,0,1,1,1,0,0,HARVEST MOON MUTUAL WATER CO,CWS,GW,GW,138,49,other_water_systems
696,CA1500550,0,0,0,1,1,0,0,0,1,1,WEST VALLEY MUTUAL WATER COMPANY,CWS,GW,GW,70,41,other_water_systems
697,CA1500553,0,0,0,9,1,0,0,0,1,1,RANCHOS DEL RIO,CWS,GW,GW,62,24,other_water_systems
698,CA1500554,0,0,0,1,1,0,0,0,1,1,EAST INYOKERN MUTUAL WATER,CWS,GW,GW,87,28,other_water_systems
699,CA1500555,5,5,5,0,0,1,1,1,0,0,MUSTANG MUTUAL WATER SYSTEM,CWS,GW,GW,200,51,other_water_systems
700,CA1500556,0,0,0,0,0,0,0,0,0,0,HART FLAT BEAR MUTUAL WATER,CWS,GW,GW,56,28,other_water_systems
701,CA1500557,0,0,0,0,0,0,0,0,0,0,STOCKDALE RANCHOS MUTUAL WATER CO,CWS,GW,GW,393,95,other_water_systems
702,CA1500560,0,0,0,0,0,0,0,0,0,0,KRANENBURG WATER SYSTEM,CWS,GW,GW,42,15,other_water_systems
703,CA1500561,1,1,1,0,0,1,1,1,0,0,ROUND MOUNTAIN WATER COMPANY,CWS,GW,GW,50,17,other_water_systems
704,CA1500563,0,0,0,0,0,0,0,0,0,0,CHINA LAKE ACRES MUTUAL WATER COMPANY,CWS,GW,GW,198,60,other_water_systems
705,CA1500564,0,0,0,2,2,0,0,0,1,1,HOMETOWN WATER ASSOCIATION,CWS,GW,GW,25,12,other_water_systems
706,CA1500566,8,8,7,6,0,1,1,1,1,0,SPRING MOUNTAIN MUTUAL WATER COMPANY,CWS,GW,GW,26,13,other_water_systems
707,CA1500569,0,0,0,0,0,0,0,0,0,0,VALLEY VIEW ESTATES MUTUAL WATER CO,CWS,GW,GW,97,50,other_water_systems
708,CA1500571,27,27,27,5,1,1,1,1,1,1,KERN MOBILE ESTATES LLC,CWS,GW,GW,73,60,other_water_systems
709,CA1500575,4,4,4,0,0,1,1,1,0,0,SAN JOAQUIN ESTATES MUTUAL WATER COMPANY,CWS,GW,GW,165,61,other_water_systems
710,CA1500578,0,0,0,2,0,0,0,0,1,0,LONG CANYON WATER COMPANY CORP.,CWS,GW,GW,122,64,other_water_systems
711,CA1500579,0,0,0,3,3,0,0,0,1,1,LIFE WATER CO-OP,CWS,GW,GW,27,18,other_water_systems
712,CA1500584,3,3,3,0,0,1,1,1,0,0,GOOSELAKE WATER COMPANY,CWS,GW,GW,90,32,other_water_systems
713,CA1500585,1,1,0,2,1,1,1,0,1,1,OASIS PROPERTY OWNERS ASSOCIATION,CWS,GW,GW,100,39,other_water_systems
714,CA1500588,7,7,6,3,2,1,1,1,1,1,SON SHINE PROPERTIES,CWS,GW,GW,438,106,other_water_systems
715,CA1500591,0,0,0,9,1,0,0,0,1,1,SWEET WATER CO-OP,CWS,GW,GW,47,15,other_water_systems
716,CA1500593,0,0,0,0,0,0,0,0,0,0,UPLANDS OF THE KERN MUTUAL WATER COMPANY,CWS,GW,GW,80,20,other_water_systems
717,CA1500597,10,10,10,3,1,1,1,1,1,1,GRIMMWAY FARMS- FROZEN FOODS,NTNCWS,GW,GW,300,7,other_water_systems
718,CA1500599,0,0,0,0,0,0,0,0,0,0,CHOCTAW VALLEY MUTUAL WATER CO.,CWS,GW,GW,44,18,other_water_systems
719,CA1500600,6,6,6,0,0,1,1,1,0,0,J.G. BOSWELL COMPANY WATER SYSTEM,NTNCWS,GW,GW,59,5,other_water_systems
720,CA1502012,29,29,29,5,2,1,1,1,1,1,HECK CELLARS WATER SYSTEM,NTNCWS,GW,GW,47,8,other_water_systems
721,CA1502034,5,5,5,2,2,1,1,1,1,1,CALIFORNIA PORTLAND CEMENT,NTNCWS,GW,GW,200,14,other_water_systems
722,CA1502056,1,1,0,34,10,1,1,0,1,1,CLARK STREET COMMUNITY WELL,CWS,GW,GW,90,20,other_water_systems
723,CA1502066,0,0,0,0,0,0,0,0,0,0,DELANO GROWERS GRAPE PRODUCTS,NTNCWS,GW,GW,41,1,other_water_systems
724,CA1502068,16,16,16,0,0,1,1,1,0,0,DI GIORGIO SCHOOL WATER SYSTEM,NTNCWS,GW,GW,243,1,other_water_systems
725,CA1502074,0,0,0,0,0,0,0,0,0,0,EL TEJON MIDDLE SCHOOL,NTNCWS,GW,GW,550,1,other_water_systems
726,CA1502133,3,3,3,4,0,1,1,1,1,0,V LIONS OPS WATER SYSTEM,NTNCWS,GW,GW,250,3,other_water_systems
727,CA1502154,0,0,0,4,4,0,0,0,1,1,LAKESIDE SCHOOL,NTNCWS,GW,GW,897,4,other_water_systems
728,CA1502164,5,5,5,0,0,1,1,1,0,0,LLANAS CAMP FOUR WATER SYSTEM,CWS,GW,GW,54,55,other_water_systems
729,CA1502221,3,3,2,1,0,1,1,1,1,0,POND SCHOOL WATER SYSTEM,NTNCWS,GW,GW,250,2,other_water_systems
730,CA1502229,4,4,4,2,0,1,1,1,1,0,RIO BRAVO GREELEY SCHOOL WATER SYSTEM,NTNCWS,GW,GW,1219,15,other_water_systems
731,CA1502231,14,14,14,1,1,1,1,1,1,1,ROSAMOND SCHOOL WATER SYSTEM,NTNCWS,SW,SWP,940,2,other_water_systems
732,CA1502232,12,12,12,1,1,1,1,1,1,1,ROSAMOND MOBILEHOME PARK,CWS,GW,GW,175,79,other_water_systems
733,CA1502247,19,19,19,1,1,1,1,1,1,1,DESERT BREEZE MOBILE HOME ESTATES,CWS,GW,GW,82,63,other_water_systems
734,CA1502260,0,0,0,0,0,0,0,0,0,0,SOUTH FORK ELEMENTARY SCHOOL WATER SYS,NTNCWS,GW,GW,154,2,other_water_systems
735,CA1502315,6,1,1,0,0,1,1,1,0,0,CAMP OWEN WATER SYSTEM,CWS,GW,GW,110,23,carceral_water_system
736,CA1502320,0,0,0,0,0,0,0,0,0,0,LERDO SHERIFF S FACILITY,CWS,GW,GW,2800,110,carceral_water_system
737,CA1502383,0,0,0,0,0,0,0,0,0,0,NORD ROAD WATER ASSOCIATION,CWS,GW,GW,32,16,other_water_systems
738,CA1502449,2,2,1,11,6,1,1,1,1,1,CYPRESS CANYON WATER SYSTEM,CWS,GW,GW,44,16,other_water_systems
739,CA1502465,0,0,0,0,0,0,0,0,0,0,PANAMA ROAD PROPERTY OWNERS ASSOC,CWS,GW,GW,45,16,other_water_systems
740,CA1502545,0,0,0,0,0,0,0,0,0,0,SCHWEIKART WATER SYSTEM,CWS,GW,GW,27,8,other_water_systems
741,CA1502561,0,0,0,0,0,0,0,0,0,0,CHEVRON SAN JOAQUIN,NTNCWS,SW,SWP,300,30,other_water_systems
742,CA1502564,0,0,0,7,1,0,0,0,1,1,SIERRA MEADOWS,CWS,GW,GW,68,51,other_water_systems
743,CA1502569,19,19,19,0,0,1,1,1,0,0,FIRST MUTUAL WATER SYSTEM,CWS,GW,GW,35,13,other_water_systems
744,CA1502580,0,0,0,3,1,0,0,0,1,1,GRANITE CONSTRUCTION WATER SYSTEM,NTNCWS,GW,GW,40,2,other_water_systems
745,CA1502581,1,1,1,0,0,1,1,1,0,0,SUNVIEW COLD STORAGE WATER SYSTEM,NTNCWS,GW,GW,130,6,other_water_systems
746,CA1502595,0,0,0,0,0,0,0,0,0,0,NATIONAL CEMENT CO.-LEBEC PLANT,NTNCWS,GW,GW,120,1,other_water_systems
747,CA1502600,1,1,0,1,0,1,1,0,1,0,WEGIS MUTUAL WATER COMPANY,CWS,GW,GW,64,23,other_water_systems
748,CA1502607,4,4,4,0,0,1,1,1,0,0,PIUTE MOUNTAIN SCHOOL WATER,NTNCWS,GW,GW,75,5,other_water_systems
749,CA1502608,0,0,0,2,2,0,0,0,1,1,OWENS PEAK WEST,CWS,GW,GW,79,24,other_water_systems
750,CA1502615,0,0,0,0,0,0,0,0,0,0,"FRITO-LAY, INC. WATER SYSTEM",NTNCWS,GW,GW,900,5,other_water_systems
751,CA1502619,0,0,0,0,0,0,0,0,0,0,SOUTH DESERT MUTUAL WATER COMPANY,CWS,GW,GW,28,14,other_water_systems
752,CA1502620,0,0,0,3,3,0,0,0,1,1,POND MUTUAL WATER COMPANY,CWS,GW,GW,48,18,other_water_systems
753,CA1502622,0,0,0,0,0,0,0,0,0,0,GOSFORD ROAD WATER COMPANY,CWS,GW,GW,50,15,other_water_systems
754,CA1502629,0,0,0,0,0,0,0,0,0,0,HEATH BRIMHALL P.O.A.,CWS,GW,GW,39,14,other_water_systems
755,CA1502645,0,0,0,1,1,0,0,0,1,1,MEADOWS OF THE KERN MUTUAL WATER COMPANY,CWS,GW,GW,32,16,other_water_systems
756,CA1502653,0,0,0,0,0,0,0,0,0,0,BELLA VISTA MUTUAL WATER COMPANY,CWS,GW,GW,150,46,other_water_systems
757,CA1502659,0,0,0,2,2,0,0,0,1,1,OWENS PEAK SOUTH,CWS,GW,GW,45,17,other_water_systems
758,CA1502663,0,0,0,0,0,0,0,0,0,0,TOWN & COUNTRY WATER COMPANY,CWS,GW,GW,73,22,other_water_systems
759,CA1502670,0,0,0,0,0,0,0,0,0,0,CHANAC CREEK MUTUAL WATER COMPANY,CWS,GW,GW,240,80,other_water_systems
760,CA1502690,0,0,0,1,1,0,0,0,1,1,"DUNE 3 MUTUAL WATER COMPANY, LLC",CWS,GW,GW,119,36,other_water_systems
761,CA1502691,0,0,0,0,0,0,0,0,0,0,WILDLAND TRAINING CENTER,NTNCWS,GW,GW,130,1,other_water_systems
762,CA1502697,0,0,0,0,0,0,0,0,0,0,AIRSTREAMS RENEWABLES,NTNCWS,GW,GW,495,2,other_water_systems
763,CA1502699,4,4,3,2,1,1,1,1,1,1,EAST WILSON ROAD WATER COMPANY,CWS,GW,GW,35,14,other_water_systems
764,CA1502744,2,2,2,0,0,1,1,1,0,0,60TH STREET ASSOC. WATER SYSTEM,CWS,GW,GW,39,10,other_water_systems
765,CA1502750,0,0,0,0,0,0,0,0,0,0,RIVERVIEW HOMEOWNERS ASSOCIATION,CWS,GW,GW,40,20,other_water_systems
766,CA1502753,0,0,0,0,0,0,0,0,0,0,TEHACHAPI CHURCH OF THE NAZARENE,NTNCWS,GW,GW,469,1,other_water_systems
767,CA1502759,0,0,0,0,0,0,0,0,0,0,WP&A - LOST HILLS WATER SYSTEM,NTNCWS,SW,SW,1888,36,other_water_systems
768,CA1502763,0,0,0,0,0,0,0,0,0,0,"CLEAN HARBORS BUTTONWILLOW, LLC.",NTNCWS,GW,GWP,26,10,other_water_systems
769,CA1502771,0,0,0,7,3,0,0,0,1,1,KERN ENERGY,NTNCWS,GW,GW,150,10,other_water_systems
770,CA1502820,0,0,0,2,0,0,0,0,1,0,FLYING J TRAVEL PLAZA,NTNCWS,GW,GW,1100,3,other_water_systems
771,CA1503093,16,16,16,0,0,1,1,1,0,0,GRIMMWAY ENTERPRISES-MALAGA WATER SYSTEM,NTNCWS,GW,GW,1200,39,other_water_systems
772,CA1503104,0,0,0,4,0,0,0,0,1,0,BURTCH CONSTRUCTION,NTNCWS,GW,GW,100,5,other_water_systems
773,CA1503140,7,7,7,0,0,1,1,1,0,0,FRAZIER MOUNTAIN HIGH SCHOOL,NTNCWS,GW,GW,500,1,other_water_systems
774,CA1503182,0,0,0,4,2,0,0,0,1,1,SUN PACIFIC SHIPPERS-LERDO,NTNCWS,GW,GW,175,3,other_water_systems
775,CA1503194,0,0,0,4,0,0,0,0,1,0,PARADISE WATER SYSTEM,NTNCWS,GW,GW,31,14,other_water_systems
776,CA1503209,4,4,4,3,1,1,1,1,1,1,SUPERIOR MUTUAL WATER COMPANY,NTNCWS,GW,GW,61,49,other_water_systems
777,CA1503226,0,0,0,0,0,0,0,0,0,0,QVWD-WEST & EAST COMBINED WATER SYSTEM,CWS,GW,GW,192,77,other_water_systems
778,CA1503232,0,0,0,0,0,0,0,0,0,0,SOUTH KERN INDUSTRIAL CENTER,NTNCWS,GW,GW,45,4,other_water_systems
779,CA1503243,0,0,0,0,0,0,0,0,0,0,HONDA PROVING CENTER,NTNCWS,GW,GW,100,4,other_water_systems
780,CA1503270,0,0,0,2,2,0,0,0,1,1,LAKE ISABELLA COMMUNITY SERVICES DIST,CWS,GW,GWP,500,142,other_water_systems
781,CA1503275,0,0,0,0,0,0,0,0,0,0,WP&A - KING WATER SYSTEM,NTNCWS,SW,SW,274,3,other_water_systems
782,CA1503290,5,5,5,0,0,1,1,1,0,0,THE GARLIC COMPANY,NTNCWS,GW,GW,300,6,other_water_systems
783,CA1503329,0,0,0,0,0,0,0,0,0,0,HART CREEK ESTATES MUTUAL WATER CO.,CWS,GW,GW,148,93,other_water_systems
784,CA1503330,1,1,0,1,0,1,1,0,1,0,GCG WATER SYSTEM,NTNCWS,GW,GW,60,9,other_water_systems
785,CA1503336,1,1,0,3,0,1,1,0,1,0,GOLDEN EMPIRE CONCRETE COMPANY,NTNCWS,GW,GW,53,1,other_water_systems
786,CA1503341,0,0,0,2,2,0,0,0,1,1,TEJON CASTAC WD - I5 & LAVAL RD,NTNCWS,SW,SW,59801,132,other_water_systems
787,CA1503349,4,4,4,4,4,1,1,1,1,1,BOLTHOUSE FRESH FOODS,NTNCWS,GW,GW,1917,35,other_water_systems
788,CA1503360,0,0,0,0,0,0,0,0,0,0,DIAMOND JIM S CASINO,NTNCWS,GW,GW,460,2,other_water_systems
789,CA1503368,0,0,0,0,0,0,0,0,0,0,SOUTH FORK MIDDLE SCHOOL,NTNCWS,GW,GW,204,1,other_water_systems
790,CA1503374,0,0,0,0,0,0,0,0,0,0,"MARKO ZANINOVICH, INC. - POND ROAD",NTNCWS,GW,GW,100,3,other_water_systems
791,CA1503380,1,1,1,3,3,1,1,1,1,1,J G BOSWELL TOMATO COMPANY LLC,NTNCWS,GW,GW,204,6,other_water_systems
792,CA1503384,0,0,0,0,0,0,0,0,0,0,SOUTH VALLEY FARMS-BEECH HULLER/OFFICE,NTNCWS,GW,GW,75,5,other_water_systems
793,CA1503440,0,0,0,1,1,0,0,0,1,1,CALIFORNIA RESOURCES ELK HILLS,NTNCWS,GW,GWP,700,51,other_water_systems
794,CA1503475,0,0,0,1,1,0,0,0,1,1,WESTERN ACRES MUTUAL WATER COMPANY,CWS,GW,GW,380,110,other_water_systems
795,CA1503509,6,0,0,0,0,1,0,0,0,0,THE ANNE SIPPI CLINIC-RIVERSIDE RANCH,CWS,GW,GW,51,4,other_water_systems
796,CA1503515,1,1,1,0,0,1,1,1,0,0,SUN PACIFIC SHIPPERS-MARICOPA WATER SYS.,NTNCWS,GW,GW,100,5,other_water_systems
797,CA1503521,0,0,0,0,0,0,0,0,0,0,PRIMEX FARMS WATER SYSTEM,NTNCWS,GW,GW,454,3,other_water_systems
798,CA1503526,2,2,2,0,0,1,1,1,0,0,WINI MUTUAL WATER COMPANY,CWS,GW,GW,29,12,other_water_systems
799,CA1503536,0,0,0,0,0,0,0,0,0,0,GLENNVILLE MUTUAL WATER COMPANY,CWS,GW,GW,100,25,other_water_systems
800,CA1503543,0,0,0,4,2,0,0,0,1,1,SUMMIT INDUSTRIAL PARK WATER SYSTEM,NTNCWS,GW,GW,25,6,other_water_systems
801,CA1503642,0,0,0,2,0,0,0,0,1,0,WEEKS ROSES WATER SYSTEM,NTNCWS,GW,GW,25,1,other_water_systems
802,CA1503645,0,0,0,0,0,0,0,0,0,0,ROBERTS INVESTMENTS WATER SYSTEM,NTNCWS,GW,GWP,50,1,other_water_systems
803,CA1503652,1,1,1,1,1,1,1,1,1,1,JOSEPH COLD STORAGE LLC,NTNCWS,GW,GW,35,5,other_water_systems
804,CA1503653,0,0,0,0,0,0,0,0,0,0,M & L COLD STORAGE WATER SYSTEM,NTNCWS,GW,GW,50,1,other_water_systems
805,CA1503660,0,0,0,0,0,0,0,0,0,0,DELTA TRADING WATER SYSTEM,NTNCWS,GW,GW,65,11,other_water_systems
806,CA1503662,0,0,0,0,0,0,0,0,0,0,ALTA WIND PROJECT O&M FACILITY WATER SYS,NTNCWS,GW,GW,47,1,other_water_systems
807,CA1503663,0,0,0,0,0,0,0,0,0,0,WONDERFUL HULLING & SHELLING WS,NTNCWS,SW,SW,80,5,other_water_systems
808,CA1503664,0,0,0,0,0,0,0,0,0,0,SOLEDAD MOUNTAIN PROJECT WATER SYSTEM,NTNCWS,GW,GW,250,5,other_water_systems
809,CA1503666,0,0,0,0,0,0,0,0,0,0,NEW LEGEND LOGISTICS,NTNCWS,GW,GW,33,2,other_water_systems
810,CA1503669,0,0,0,0,0,0,0,0,0,0,NORTH KRANENBURG WS,CWS,GW,GW,28,9,other_water_systems
811,CA1503671,0,0,0,0,0,0,0,0,0,0,SUNNYGEM JUICE PLANT,NTNCWS,GW,GW,92,7,other_water_systems
812,CA1503678,0,0,0,0,0,0,0,0,0,0,CHINA LAKE NAVAL AIR - SOUTH RANGE,NTNCWS,GW,GW,150,24,other_water_systems
813,CA1503681,0,0,0,0,0,0,0,0,0,0,COLUMBINE VINEYARDS PLANT 1 WATER SYSTEM,NTNCWS,GW,GW,35,1,other_water_systems
814,CA1503682,0,0,0,0,0,0,0,0,0,0,REVOL GREENS,NTNCWS,GW,GW,190,1,other_water_systems
815,CA1503683,0,0,0,2,2,0,0,0,1,1,PEAK TO PEAK MOUNTAIN CHARTER SCHOOL WS,NTNCWS,GW,GWP,100,3,other_water_systems
816,CA1503684,1,1,1,13,11,1,1,1,1,1,148 EAST WATER SYSTEM,CWS,GW,GW,36,14,other_water_systems
817,CA1503685,0,0,0,0,0,0,0,0,0,0,CALIFIA FARMS WATER SYSTEM,NTNCWS,GW,GW,200,1,other_water_systems
818,CA1503686,0,0,0,0,0,0,0,0,0,0,MILLENNIUM PACIFIC GREENHOUSES,NTNCWS,GW,GW,25,1,other_water_systems
819,CA1503688,36,36,36,1,1,1,1,1,1,1,GRIMMWAY FARMS - DAVID ROAD,NTNCWS,GW,GW,114,1,other_water_systems
820,CA1504000,7,7,7,0,0,1,1,1,0,0,FAMOSO NUT COMPANY,NTNCWS,GW,GW,80,5,other_water_systems
821,CA1504001,0,0,0,0,0,0,0,0,0,0,"WONDERFUL NURSERIES, LLC",NTNCWS,GW,GW,250,4,other_water_systems
822,CA1504003,2,2,2,3,3,1,1,1,1,1,KERN RIDGE GROWERS,NTNCWS,GW,GW,85,1,other_water_systems
823,CA1504004,0,0,0,0,0,0,0,0,0,0,BLOSSOM VALLEY ORGANICS SOUTH,NTNCWS,GW,GW,45,1,other_water_systems
824,CA1504005,0,0,0,0,0,0,0,0,0,0,M & L OFFICE,NTNCWS,GW,GW,35,1,other_water_systems
825,CA1504006,0,0,0,3,3,0,0,0,1,1,"CENTRAL VALLEY EGGS, LLC",NTNCWS,GW,GW,296,1,other_water_systems
826,CA1504007,0,0,0,2,2,0,0,0,1,1,JASMINE VINEYARDS COLD STORAGE,NTNCWS,GW,GW,27,1,other_water_systems
827,CA1504008,1,1,1,2,2,1,1,1,1,1,SUN PACIFIC SHIPPERS - DELANO,NTNCWS,GW,GW,275,1,other_water_systems
828,CA1504012,0,0,0,0,0,0,0,0,0,0,RS UTILITIES WATER SYSTEM,NTNCWS,GW,GW,25,3,other_water_systems
829,CA1510001,1,1,0,2,1,1,1,0,1,1,ARVIN COMMUNITY SERVICES DIST,CWS,GW,GW,19669,4246,other_water_systems
830,CA1510002,0,0,0,0,0,0,0,0,0,0,BORON CSD,CWS,SW,SWP,2086,631,other_water_systems
831,CA1510003,0,0,0,0,0,0,0,0,0,0,CWS - BAKERSFIELD,CWS,SW,SW,266643,64884,carceral_serving_water_system
832,CA1510004,1,1,0,1,0,1,1,0,1,0,"CASA LOMA WATER CO, INC.",CWS,GW,GW,900,248,other_water_systems
833,CA1510005,0,0,0,0,0,0,0,0,0,0,"DELANO, CITY OF",CWS,GW,GW,51428,10112,carceral_serving_water_system
834,CA1510006,7,7,6,1,0,1,1,1,1,0,EAST NILES CSD,CWS,SW,SWP,32517,8238,other_water_systems
835,CA1510007,1,1,1,0,0,1,1,1,0,0,FRAZIER PARK PUD,CWS,GW,GW,2592,1313,other_water_systems
836,CA1510009,0,0,0,2,2,0,0,0,1,1,ERSKINE CREEK WC,CWS,GW,GW,2500,1131,other_water_systems
837,CA1510011,0,0,0,0,0,0,0,0,0,0,BUTTONWILLOW CWD,CWS,GW,GW,1508,416,other_water_systems
838,CA1510012,2,2,2,0,0,1,1,1,0,0,LAMONT PUBLIC UTILITY DIST,CWS,GW,GW,19057,3169,other_water_systems
839,CA1510013,4,4,4,2,2,1,1,1,1,1,"MCFARLAND, CITY OF",CWS,GW,GW,15506,2849,carceral_serving_water_system
840,CA1510014,0,0,0,0,0,0,0,0,0,0,MOJAVE PUD,CWS,SW,SWP,4699,1201,other_water_systems
841,CA1510015,3,3,3,1,1,1,1,1,1,1,OILDALE MWC,CWS,SW,SWP,39756,12683,other_water_systems
842,CA1510016,14,14,13,9,6,1,1,1,1,1,RAND COMMUNITIES WATER DISTRICT,CWS,GW,GW,303,274,other_water_systems
843,CA1510017,0,0,0,0,0,0,0,0,0,0,INDIAN WELLS VALLEY W.D.,CWS,GW,GW,31024,12377,other_water_systems
844,CA1510018,0,0,0,0,0,0,0,0,0,0,ROSAMOND CSD,CWS,SW,SWP,17711,5293,other_water_systems
845,CA1510019,3,3,3,0,0,1,1,1,0,0,"SHAFTER, CITY OF",CWS,GW,GW,21036,4884,carceral_serving_water_system
846,CA1510020,1,1,0,2,1,1,1,0,1,1,"TEHACHAPI, CITY OF",CWS,GW,GW,9094,3410,other_water_systems
847,CA1510021,0,0,0,0,0,0,0,0,0,0,"WASCO, CITY OF",CWS,GW,GW,22652,5531,other_water_systems
848,CA1510022,0,0,0,0,0,0,0,0,0,0,WEST KERN WATER DISTRICT,CWS,GW,GW,20500,7165,carceral_serving_water_system
849,CA1510023,1,1,1,1,1,1,1,1,1,1,LAKE OF THE WOODS MWC,CWS,GW,GW,779,392,other_water_systems
850,CA1510024,0,0,0,0,0,0,0,0,0,0,GREENFIELD COUNTY WD,CWS,GW,GW,11590,3643,other_water_systems
851,CA1510025,0,0,0,8,3,0,0,0,1,1,STALLION SPRINGS CSD,CWS,GW,GW,4868,1438,other_water_systems
852,CA1510026,0,0,0,0,0,0,0,0,0,0,CWS - UPPER BODFISH WATER SYSTEM,CWS,GW,GW,308,192,other_water_systems
853,CA1510027,0,0,0,0,0,0,0,0,0,0,DESERT LAKE COMM SERV DIST,CWS,SW,SWP,968,242,other_water_systems
854,CA1510028,0,0,0,0,0,0,0,0,0,0,MIL POTRERO MWC,CWS,GW,GW,1600,2395,other_water_systems
855,CA1510029,0,0,0,0,0,0,0,0,0,0,VAUGHN WC INC,CWS,GW,GW,37075,11448,other_water_systems
856,CA1510031,0,0,0,0,0,0,0,0,0,0,"BAKERSFIELD, CITY OF",CWS,SW,SWP,158260,50271,other_water_systems
857,CA1510032,0,0,0,3,0,0,0,0,1,0,"CALIFORNIA CITY, CITY OF",CWS,SW,SWP,14198,4757,other_water_systems
858,CA1510033,0,0,0,0,0,0,0,0,0,0,CWS - KERNVILLE,CWS,SW,SW,2585,1891,other_water_systems
859,CA1510036,1,1,0,12,7,1,1,0,1,1,INYOKERN CSD,CWS,GW,GW,782,265,other_water_systems
860,CA1510038,1,1,0,1,0,1,1,0,1,0,BEAR VALLEY CSD,CWS,GW,GW,5592,3051,other_water_systems
861,CA1510039,0,0,0,0,0,0,0,0,0,0,CWS SOUTHLAKE SYSTEM,CWS,GW,GW,1117,813,other_water_systems
862,CA1510040,0,0,0,0,0,0,0,0,0,0,KERN COUNTY WATER AGENCY,CWS,SW,SW,0,4,other_water_systems
863,CA1510042,0,0,0,6,0,0,0,0,1,0,MOUNTAIN MESA WC,CWS,GW,GW,777,376,other_water_systems
864,CA1510043,0,0,0,0,0,0,0,0,0,0,CWS-ONYX WATER SYSTEM,CWS,GW,GW,286,193,other_water_systems
865,CA1510045,0,0,0,0,0,0,0,0,0,0,GOLDEN HILLS CSD,CWS,GW,GW,9857,2987,other_water_systems
866,CA1510046,0,0,0,1,1,0,0,0,1,1,LOST HILLS UTILITY DISTRICT,CWS,GW,GW,2370,461,other_water_systems
867,CA1510049,0,0,0,0,0,0,0,0,0,0,CWS - LAKELAND,CWS,GW,GW,295,201,other_water_systems
868,CA1510051,23,23,23,1,1,1,1,1,1,1,LEBEC COUNTY WATER DISTRICT,CWS,GW,GW,1379,297,other_water_systems
869,CA1510052,15,15,15,3,3,1,1,1,1,1,NORTH EDWARDS WD,CWS,SW,SWP,1105,271,other_water_systems
870,CA1510053,0,0,0,0,0,0,0,0,0,0,ANTELOPE VALLEY E KERN WTR AGY-ROSAMOND,CWS,SW,SW,0,17,other_water_systems
871,CA1510054,22,19,18,1,0,1,1,1,1,0,PINON PINES MWC,CWS,GW,GW,908,275,other_water_systems
872,CA1510055,0,0,0,0,0,0,0,0,0,0,CWS - NORTH GARDEN,CWS,SW,SW,22657,8352,other_water_systems
873,CA1510056,0,0,0,0,0,0,0,0,0,0,CWS - LOWER BODFISH WATER SYSTEM,CWS,GW,GW,739,549,other_water_systems
874,CA1510701,1,1,1,1,1,1,1,1,1,1,EDWARDS AFB - MAIN BASE,CWS,SW,SWP,11316,1088,other_water_systems
875,CA1510702,0,0,0,0,0,0,0,0,0,0,EDWARDS AFB - AIR FORCE RESEARCH LAB,NTNCWS,SW,SWP,469,117,other_water_systems
876,CA1510703,0,0,0,0,0,0,0,0,0,0,CHINA LAKE NAVAL AIR WEAPONS STATION,CWS,GW,GW,5500,969,other_water_systems
877,CA1510800,1,1,1,0,0,1,1,1,0,0,CCI - TEHACHAPI,CWS,GW,GW,2993,1806,carceral_water_system
878,CA1510801,3,3,3,0,0,1,1,1,0,0,WASCO ST. PRISON RECEPTION CTR,CWS,GW,GW,5042,1768,carceral_water_system
879,CA1510802,0,0,0,2,2,0,0,0,1,1,KERN VALLEY STATE PRISON,CWS,GW,GW,5000,2249,carceral_water_system
880,CA1600002,0,0,0,2,2,0,0,0,1,1,SUNSET VISTA ESTATES MHP,CWS,GW,GW,400,109,other_water_systems
881,CA1600009,0,0,0,0,0,0,0,0,0,0,HANFORD CHRISTIAN SCHOOL,NTNCWS,GW,GW,175,14,other_water_systems
882,CA1600011,0,0,0,0,0,0,0,0,0,0,PIONEER ELEMENTARY SCHOOL,NTNCWS,GW,GW,750,6,other_water_systems
883,CA1600013,0,0,0,0,0,0,0,0,0,0,LAKESIDE ELEMENTARY SCHOOL,NTNCWS,GW,GW,388,5,other_water_systems
884,CA1600015,0,0,0,0,0,0,0,0,0,0,KINGS RIVER HARDWICK SCHOOL,NTNCWS,GW,GW,908,7,other_water_systems
885,CA1600017,0,0,0,2,2,0,0,0,1,1,ISLAND UNION SCHOOL,NTNCWS,GW,GW,416,17,other_water_systems
886,CA1600022,0,0,0,0,0,0,0,0,0,0,"WESTSIDE HARVESTING, LLC",NTNCWS,GW,GW,53,8,other_water_systems
887,CA1600023,0,0,0,0,0,0,0,0,0,0,AZCAL MANAGEMENT CO,CWS,SW,SW,73,21,other_water_systems
888,CA1600050,9,9,9,0,0,1,1,1,0,0,CENTRAL VALLEY MEAT CO INC,NTNCWS,GW,GW,812,6,other_water_systems
889,CA1600249,0,0,0,1,1,0,0,0,1,1,"DEL MONTE FOODS, INC. PLANT #24",NTNCWS,GW,GW,1040,5,other_water_systems
890,CA1600293,0,0,0,0,0,0,0,0,0,0,15TH AVENUE,CWS,GW,GW,50,3,other_water_systems
891,CA1600303,0,0,0,0,0,0,0,0,0,0,KEENAN FARMS INC.,NTNCWS,SW,SW,174,4,other_water_systems
892,CA1600507,1,1,0,1,0,1,1,0,1,0,HARDWICK WATER COMPANY,CWS,GW,GW,69,40,other_water_systems
893,CA1600602,0,0,0,0,0,0,0,0,0,0,NICHOLS FARMS,NTNCWS,GW,GW,375,4,other_water_systems
894,CA1600605,12,12,12,0,0,1,1,1,0,0,BAKER COMMODITIES INC.,NTNCWS,GW,GW,47,4,other_water_systems
895,CA1600609,14,14,14,3,3,1,1,1,1,1,NETTO AG INC.,NTNCWS,GW,GW,50,3,other_water_systems
896,CA1610001,0,0,0,0,0,0,0,0,0,0,ARMONA COMMUNITY SERVICES DIST,CWS,GW,GW,4143,1366,other_water_systems
897,CA1610002,3,3,2,1,0,1,1,1,1,0,"AVENAL, CITY OF",CWS,SW,SW,13696,2140,carceral_serving_water_system
898,CA1610003,3,3,3,1,1,1,1,1,1,1,"HANFORD, CITY OF",CWS,GW,GW,62127,18712,carceral_serving_water_system
899,CA1610004,0,0,0,0,0,0,0,0,0,0,"CORCORAN, CITY OF",CWS,GW,GW,21835,3560,carceral_serving_water_system
900,CA1610005,12,12,12,3,2,1,1,1,1,1,"LEMOORE, CITY OF",CWS,GW,GW,27185,7306,other_water_systems
901,CA1610006,0,0,0,0,0,0,0,0,0,0,STRATFORD PUD,CWS,GW,GW,1277,364,other_water_systems
902,CA1610007,0,0,0,1,1,0,0,0,1,1,HOME GARDEN CSD,CWS,GW,GW,1750,467,other_water_systems
903,CA1610009,5,5,4,1,0,1,1,1,1,0,KETTLEMAN CITY CSD,CWS,SW,SW,1136,355,other_water_systems
904,CA1610700,0,0,0,0,0,0,0,0,0,0,LEMOORE NAVAL AIR STATION,CWS,SW,SW,15000,1396,other_water_systems
905,CA1700502,0,0,0,7,2,0,0,0,1,1,ANDERSON SPRINGS CSD,CWS,GW,GW,373,227,other_water_systems
906,CA1700508,0,0,0,0,0,0,0,0,0,0,GLENHAVEN MUTUAL WATER COMPANY,CWS,GW,GW,300,131,other_water_systems
907,CA1700511,1,1,0,1,0,1,1,0,1,0,HARBIN HOT SPRINGS,NTNCWS,SW,GU,401,72,other_water_systems
908,CA1700518,1,1,0,9,8,1,1,0,1,1,LOCH LOMOND MUTUAL WATER CO,CWS,GW,GW,693,238,other_water_systems
909,CA1700519,9,9,9,7,2,1,1,1,1,1,CRESCENT BAY IMPROVEMENT COMPANY,CWS,SW,SW,30,24,other_water_systems
910,CA1700527,0,0,0,3,3,0,0,0,1,1,MOUNTAIN OF ATTENTION WATER,CWS,GW,GW,40,26,other_water_systems
911,CA1700536,0,0,0,3,3,0,0,0,1,1,SUNRISE SHORE MUTUAL WATER COMPANY,CWS,GW,GW,83,42,other_water_systems
912,CA1700546,0,0,0,0,0,0,0,0,0,0,CLEAR WATER MUTUAL WATER COMPANY,CWS,SW,SW,252,89,other_water_systems
913,CA1700549,0,0,0,3,3,0,0,0,1,1,CORINTHIAN BAY MUTUAL WATER COMPANY,CWS,GW,GW,150,74,other_water_systems
914,CA1700554,0,0,0,0,0,0,0,0,0,0,LAKE COUNTY CSA 13 - KONO TAYEE,CWS,GW,GW,469,142,other_water_systems
915,CA1700561,1,1,0,1,0,1,1,0,1,0,BLUE LAKES IMPROVEMENT CLUB,CWS,GW,GW,86,43,other_water_systems
916,CA1700568,0,0,0,6,6,0,0,0,1,1,HARBOR VIEW MUTUAL WATER COMPANY,CWS,SW,SW,550,250,other_water_systems
917,CA1700579,0,0,0,0,0,0,0,0,0,0,VILLA BLUE ESTATES WATER DISTRICT,CWS,GW,GW,60,21,other_water_systems
918,CA1700580,1,1,0,15,13,1,1,0,1,1,TWIN CREEKS MOBILE AND RV VILLAGE,CWS,GW,GW,50,17,other_water_systems
919,CA1700584,0,0,0,2,2,0,0,0,1,1,WESTWIND MOBILE HOME PARK,CWS,SW,SW,104,38,other_water_systems
920,CA1700589,1,1,0,3,2,1,1,0,1,1,BLUE LAKES MOBILE HOME PARK,CWS,GW,GW,32,23,other_water_systems
921,CA1700592,0,0,0,2,2,0,0,0,1,1,KONOCTI SHORES,CWS,GW,GW,277,99,other_water_systems
922,CA1700595,0,0,0,2,2,0,0,0,1,1,CAL 20 VILLAGE AND MEADOW POINTE PARK,CWS,GW,GW,255,91,other_water_systems
923,CA1700596,0,0,0,4,4,0,0,0,1,1,BLUE LAKES VILLAGE,CWS,GW,GW,65,44,other_water_systems
924,CA1700606,0,0,0,0,0,0,0,0,0,0,BAYCLIFF WATER,CWS,GW,GW,70,57,other_water_systems
925,CA1700609,3,3,3,11,6,1,1,1,1,1,LAZY S MOBILE RANCH,CWS,SW,SW,73,24,other_water_systems
926,CA1700610,1,1,0,2,1,1,1,0,1,1,BELLA LAGO MOBILE HOME PARK,CWS,GW,GW,152,46,other_water_systems
927,CA1700630,1,1,0,2,1,1,1,0,1,1,PIER 1900 HOMEOWNER'S ASSOCIATION,CWS,GW,GW,152,54,other_water_systems
928,CA1700657,0,0,0,2,2,0,0,0,1,1,WINDFLOWER POINT MUTUAL WATER COMPANY,CWS,GW,GW,25,25,other_water_systems
929,CA1700674,0,0,0,3,0,0,0,0,1,0,WALNUT COVE MOBILE ESTATES,CWS,GW,GW,200,60,other_water_systems
930,CA1700702,0,0,0,1,1,0,0,0,1,1,INNISFREE WATER COMPANY,CWS,GW,GW,56,22,other_water_systems
931,CA1700739,0,0,0,5,0,0,0,0,1,0,MENDO MILL AND LUMBER COMPANY,NTNCWS,GW,GW,1522,1,other_water_systems
932,CA1710001,2,2,2,2,2,1,1,1,1,1,CLEARLAKE OAKS COUNTY WATER DISTRICT,CWS,SW,SW,2359,2120,other_water_systems
933,CA1710002,0,0,0,0,0,0,0,0,0,0,GOLDEN STATE WATER CO.-CLEARLAKE SYSTEM,CWS,SW,SW,4648,2131,other_water_systems
934,CA1710003,2,2,2,0,0,1,1,1,0,0,HIGHLANDS MUTUAL WATER COMPANY,CWS,SW,SW,9510,2882,other_water_systems
935,CA1710004,0,0,0,0,0,0,0,0,0,0,"LAKEPORT, CITY OF",CWS,SW,SW,4762,2314,other_water_systems
936,CA1710005,0,0,0,0,0,0,0,0,0,0,LUCERNE WATER CO. - CAL WATER SERVICE,CWS,SW,SW,2174,1245,other_water_systems
937,CA1710006,0,0,0,0,0,0,0,0,0,0,KONOCTI COUNTY WATER DISTRICT,CWS,SW,SW,5928,1807,other_water_systems
938,CA1710007,0,0,0,0,0,0,0,0,0,0,KELSEYVILLE CO WATERWORKS DISTRICT 3,CWS,GW,GW,4181,1267,other_water_systems
939,CA1710008,0,0,0,0,0,0,0,0,0,0,NICE MUTUAL WATER COMPANY,CWS,SW,SW,2731,1058,other_water_systems
940,CA1710009,0,0,0,2,2,0,0,0,1,1,UPPER LAKE COUNTY WATER DISTRICT,CWS,GW,GW,989,403,other_water_systems
941,CA1710010,1,1,1,6,1,1,1,1,1,1,LOWER LAKE COUNTY WATER DISTRICT,CWS,GW,GW,1355,835,other_water_systems
942,CA1710011,0,0,0,0,0,0,0,0,0,0,BUCKINGHAM PARK WATER DISTRICT,CWS,SW,SW,1508,457,other_water_systems
943,CA1710012,1,1,0,3,2,1,1,0,1,1,COBB AREA COUNTY WATER DISTRICT,CWS,GW,GW,3515,1081,other_water_systems
944,CA1710013,1,1,0,6,0,1,1,0,1,0,CALLAYOMI COUNTY WATER DISTRICT,CWS,GW,GW,1481,532,other_water_systems
945,CA1710014,0,0,0,1,1,0,0,0,1,1,MT. KONOCTI MUTUAL WATER COMPANY,CWS,SW,SW,4360,1603,other_water_systems
946,CA1710015,0,0,0,0,0,0,0,0,0,0,HIDDEN VALLEY LAKE CSD,CWS,GW,GW,6235,2528,other_water_systems
947,CA1710018,0,0,0,0,0,0,0,0,0,0,LAKE COUNTY CSA 2 - SPRING VALLEY,CWS,SW,SW,1624,492,other_water_systems
948,CA1710021,0,0,0,0,0,0,0,0,0,0,LAKE COUNTY CSA 21 - NORTH LAKEPORT,CWS,SW,SW,4241,1285,carceral_serving_water_system
949,CA1710022,0,0,0,0,0,0,0,0,0,0,LAKE COUNTY CSA 20 - SODA BAY,CWS,SW,SW,2003,607,other_water_systems
950,CA1710800,0,0,0,3,3,0,0,0,1,1,CDF-KONOCTI CONSERVATION CAMP NO. 27,CWS,GW,GW,100,7,carceral_water_system
951,CA1800202,0,0,0,0,0,0,0,0,0,0,LASSEN CO. OFF. OF EDUCATION,NTNCWS,GW,GW,32,1,other_water_systems
952,CA1800503,0,0,0,0,0,0,0,0,0,0,SUSAN RIVER PARK WATER CO.,CWS,GW,GW,140,50,other_water_systems
953,CA1800511,0,0,0,0,0,0,0,0,0,0,LAKE FOREST MUTUAL W.C.,CWS,GW,GW,565,220,other_water_systems
954,CA1800512,0,0,0,0,0,0,0,0,0,0,CLEAR CREEK CSD-WESTWOOD,CWS,GW,GW,400,167,other_water_systems
955,CA1800516,1,1,0,2,1,1,1,0,1,1,LITTLE VALLEY CSD,CWS,GW,GW,70,44,other_water_systems
956,CA1800522,0,0,0,2,2,0,0,0,1,1,HONEY LAKE CAMPGROUND,CWS,GW,GW,25,11,other_water_systems
957,CA1800523,1,1,0,5,4,1,1,0,1,1,PINEVIEW MOBILE HOME PARK,CWS,GW,GW,80,52,other_water_systems
958,CA1800524,0,0,0,0,0,0,0,0,0,0,LASSEN MOBILE HOME PARK,CWS,GW,GW,62,31,other_water_systems
959,CA1800529,0,0,0,3,0,0,0,0,1,0,SUSAN HILLS ESTATES WC,CWS,GW,GW,316,98,other_water_systems
960,CA1800534,0,0,0,0,0,0,0,0,0,0,SPAULDING EAGLE LAKE MWC,CWS,GW,GW,300,79,other_water_systems
961,CA1800569,1,1,0,2,1,1,1,0,1,1,LNF-EAGLE LAKE RANGER STATION,NTNCWS,GW,GW,40,1,other_water_systems
962,CA1800573,0,0,0,0,0,0,0,0,0,0,RICHMOND ELEMENTARY SCHOOL,NTNCWS,GW,GW,247,1,other_water_systems
963,CA1800574,0,0,0,0,0,0,0,0,0,0,JOHNSTONVILLE ELEMENTARY SCHOOL,NTNCWS,GW,GW,238,1,other_water_systems
964,CA1800575,0,0,0,0,0,0,0,0,0,0,SHAFFER ELEMENTARY SCHOOL,NTNCWS,GW,GW,248,7,other_water_systems
965,CA1800576,0,0,0,0,0,0,0,0,0,0,LONG VALLEY CHARTER SCHOOL,NTNCWS,GW,GW,196,1,other_water_systems
966,CA1800577,0,0,0,0,0,0,0,0,0,0,JANESVILLE ELEMENTARY SCHOOL,NTNCWS,GW,GW,425,1,other_water_systems
967,CA1800585,0,0,0,0,0,0,0,0,0,0,LASSEN COMMUNITY COLLEGE DIST.,NTNCWS,GW,GW,1380,21,other_water_systems
968,CA1805001,1,1,0,3,2,1,1,0,1,1,JOHNSTONVILLE WATER SYSTEM,NTNCWS,GW,GW,40,1,other_water_systems
969,CA1805004,0,0,0,0,0,0,0,0,0,0,CDCR-HIGH DESERT STATE PRISON,CWS,GW,GW,3357,2724,carceral_water_system
970,CA1805005,0,0,0,0,0,0,0,0,0,0,SIERRA CASCADE NURSERY,NTNCWS,GW,GW,55,1,other_water_systems
971,CA1805007,0,0,0,0,0,0,0,0,0,0,HERLONG PUBLIC UTILITY DISTRICT,CWS,GW,GW,2114,297,carceral_serving_water_system
972,CA1805011,0,0,0,0,0,0,0,0,0,0,HIGH DESERT TEEN CHALLENGE,NTNCWS,GW,GW,25,3,other_water_systems
973,CA1810001,0,0,0,0,0,0,0,0,0,0,CITY OF SUSANVILLE,CWS,GW,GW,7811,3772,carceral_serving_water_system
974,CA1810002,0,0,0,0,0,0,0,0,0,0,WESTWOOD C.S.D.,CWS,GW,GW,1662,949,other_water_systems
975,CA1810003,0,0,0,0,0,0,0,0,0,0,LASSEN COUNTY WATER DISTRICT #1,CWS,GW,GW,450,147,other_water_systems
976,CA1810004,0,0,0,0,0,0,0,0,0,0,LEAVITT LAKE CSD,CWS,GW,GW,950,259,other_water_systems
977,CA1810700,0,0,0,0,0,0,0,0,0,0,SIERRA ARMY DEPOT,NTNCWS,GW,GW,1500,284,other_water_systems
978,CA1810801,0,0,0,3,3,0,0,0,1,1,CAL FIRE-INTERMOUNTAIN CONSERVATION CAMP,NTNCWS,GW,GW,108,1,carceral_water_system
979,CA1900007,0,0,0,4,4,0,0,0,1,1,CALIFORNIA CONSERVATION CAMP #14,CWS,SW,GU,107,1,carceral_water_system
980,CA1900011,0,0,0,0,0,0,0,0,0,0,CAMP SCOTT AND SCUDDER,NTNCWS,GW,GW,275,2,other_water_systems
981,CA1900018,0,0,0,0,0,0,0,0,0,0,MARTIN MARIETTA SOUTHERN CALIF AGGREGATE,NTNCWS,GW,GW,60,2,other_water_systems
982,CA1900035,0,0,0,0,0,0,0,0,0,0,IBY,NTNCWS,GW,GW,300,2,other_water_systems
983,CA1900038,14,14,14,0,0,1,1,1,0,0,LANCASTER PARK MOBILE HOME PARK,CWS,GW,GW,60,21,other_water_systems
984,CA1900040,6,6,6,0,0,1,1,1,0,0,TN TRUSS,NTNCWS,GW,GW,45,2,other_water_systems
985,CA1900046,0,0,0,0,0,0,0,0,0,0,PETER PITCHESS HONOR RANCHO DETN. CTR,CWS,GW,GW,7000,1952,carceral_water_system
986,CA1900055,1,1,0,1,0,1,1,0,1,0,BLUE SKIES TRAILOR PARK,CWS,GW,GW,56,20,other_water_systems
987,CA1900057,1,1,0,1,0,1,1,0,1,0,SAINT ANDREWS ABBEY,NTNCWS,GW,GW,210,22,other_water_systems
988,CA1900062,1,1,0,1,0,1,1,0,1,0,LOS ANGELES RESIDENTIAL COMMUNITY FOUNDA,CWS,SW,SWP,184,22,other_water_systems
989,CA1900074,1,1,0,1,0,1,1,0,1,0,THE PAINTED TURTLE CAMP,CWS,GW,GW,57,5,other_water_systems
990,CA1900075,0,0,0,0,0,0,0,0,0,0,BLEICH FLATS MUTUAL,CWS,GW,GW,50,36,other_water_systems
991,CA1900089,0,0,0,1,1,0,0,0,1,1,CAMPS MUNZ AND MENDENHALL,NTNCWS,GW,GW,125,2,carceral_water_system
992,CA1900100,11,11,11,0,0,1,1,1,0,0,METTLER VALLEY MUTUAL,CWS,GW,GW,160,98,other_water_systems
993,CA1900102,0,0,0,0,0,0,0,0,0,0,WESTSIDE PARK MUTUAL WATER,CWS,GW,GW,495,171,other_water_systems
994,CA1900130,1,1,0,1,0,1,1,0,1,0,DEL RIO MUTUAL,CWS,GW,GW,700,133,other_water_systems
995,CA1900145,0,0,0,3,3,0,0,0,1,1,REESEDALE MUTUAL,CWS,GW,GW,76,23,other_water_systems
996,CA1900146,0,0,0,0,0,0,0,0,0,0,SUNNYSIDE FARMS MUTUAL WATER COMPANY,CWS,GW,GW,436,159,other_water_systems
997,CA1900154,0,0,0,0,0,0,0,0,0,0,TIERRA BONITA MUTUAL WATER,CWS,GW,GW,75,32,other_water_systems
998,CA1900155,0,0,0,6,4,0,0,0,1,1,WILSONA GARDENS MUTUAL,CWS,GW,GW,129,39,other_water_systems
999,CA1900158,1,1,0,3,1,1,1,0,1,1,LITTLE BALDY WATER,CWS,GW,GW,55,36,other_water_systems
1000,CA1900301,0,0,0,0,0,0,0,0,0,0,SHADOW ACRES MUTUAL WATER COMPANY,CWS,SW,SWP,450,164,other_water_systems
1001,CA1900303,1,1,0,1,0,1,1,0,1,0,LLANO MUTUAL WATER COMPANY,CWS,GW,GWP,277,81,other_water_systems
1002,CA1900520,14,14,13,2,1,1,1,1,1,1,THE VILLAGE MOBILE HOME PARK,CWS,GW,GW,71,34,other_water_systems
1003,CA1900523,0,0,0,5,3,0,0,0,1,1,WHITE FENCE FARMS MWC NO.3,CWS,SW,SWP,749,253,other_water_systems
1004,CA1900529,0,0,0,0,0,0,0,0,0,0,CAMP WILLIAMS-RESORT WATER,CWS,GW,GW,80,69,other_water_systems
1005,CA1900537,1,1,1,0,0,1,1,1,0,0,OAK GROVE MOBILE HOME PARK,CWS,GW,GW,109,31,other_water_systems
1006,CA1900541,0,0,0,0,0,0,0,0,0,0,WESTERN SKIES MOBILE HOME PARK,CWS,GW,GW,198,61,other_water_systems
1007,CA1900542,0,0,0,0,0,0,0,0,0,0,"LOS ANGELES, CITY OF - POWER PLANT #2",CWS,SW,SW,44,17,other_water_systems
1008,CA1900555,0,0,0,0,0,0,0,0,0,0,"LOS ANGELES, CITY OF - POWER PLANT #1",CWS,SW,SW,29,19,other_water_systems
1009,CA1900563,0,0,0,1,1,0,0,0,1,1,"SUNDALE MUTUAL WATER COMPANY A, B",CWS,GW,GW,1100,330,other_water_systems
1010,CA1900599,0,0,0,1,1,0,0,0,1,1,VALHALLA WATER ASSOCIATION,CWS,GW,GW,25,9,other_water_systems
1011,CA1900616,1,1,0,1,0,1,1,0,1,0,THE RIVER COMMUNITY,CWS,GW,GW,35,1,other_water_systems
1012,CA1900636,0,0,0,0,0,0,0,0,0,0,EL RANCHO MOBILE HOME PARK,CWS,GW,GW,215,76,other_water_systems
1013,CA1900649,1,1,0,1,0,1,1,0,1,0,GOLDEN SANDS MOBILE HOME PARK,CWS,GW,GW,450,152,other_water_systems
1014,CA1900679,0,0,0,0,0,0,0,0,0,0,RANCHO LOS AMIGOS HOSPITAL,NTNCWS,GW,GW,3200,12,other_water_systems
1015,CA1900693,0,0,0,0,0,0,0,0,0,0,DESERT PALMS MOBILE HOME PARK,CWS,GW,GW,140,56,other_water_systems
1016,CA1900707,1,1,0,3,2,1,1,0,1,1,ILEAD AGUA DULCE CHARTER SCHOOL,NTNCWS,GW,GW,450,1,other_water_systems
1017,CA1900717,0,0,0,0,0,0,0,0,0,0,CASA DULCE ESTATES,CWS,GW,GW,27,17,other_water_systems
1018,CA1900721,0,0,0,0,0,0,0,0,0,0,TERRA NOVA MOBILE HOME PARK,CWS,GW,GW,140,75,other_water_systems
1019,CA1900750,0,0,0,1,0,0,0,0,1,0,DEL SUR SCHOOL/WESTSIDE UNION DISTRICT,NTNCWS,GW,GW,825,2,other_water_systems
1020,CA1900751,1,1,0,4,3,1,1,0,1,1,EASTSIDE UNION SCHOOL DISTRICT,NTNCWS,GW,GW,650,36,other_water_systems
1021,CA1900752,0,0,0,0,0,0,0,0,0,0,TEXAS CANYON RANGER STATION,NTNCWS,GW,GW,30,2,other_water_systems
1022,CA1900764,0,0,0,0,0,0,0,0,0,0,HENNINGER FLATS,NTNCWS,SW,SW,50,1,other_water_systems
1023,CA1900767,0,0,0,0,0,0,0,0,0,0,GOLDEN VALLEY MUNICIPAL WATER DISTRICT,CWS,GW,GW,70,22,other_water_systems
1024,CA1900785,13,13,13,0,0,1,1,1,0,0,MITCHELL'S AVENUE E MOBILE HOME PARK,CWS,GW,GW,24,24,other_water_systems
1025,CA1900794,0,0,0,0,0,0,0,0,0,0,ANTELOPE PARK MUTUAL WATER COMPANY,CWS,GW,GW,445,146,other_water_systems
1026,CA1900801,1,1,0,1,0,1,1,0,1,0,COLORADO MUTUAL WATER COMPANY,CWS,GW,GW,39,13,other_water_systems
1027,CA1900803,0,0,0,0,0,0,0,0,0,0,EL DORADO MUTUAL WATER CO.,CWS,SW,SWP,660,240,other_water_systems
1028,CA1900804,0,0,0,0,0,0,0,0,0,0,EVERGREEN MUTUAL WATER COMPANY,CWS,GW,GW,98,47,other_water_systems
1029,CA1900808,0,0,0,0,0,0,0,0,0,0,LANCASTER WATER COMPANY,CWS,GW,GW,80,22,other_water_systems
1030,CA1900809,0,0,0,0,0,0,0,0,0,0,LANDALE MUTUAL WATER COMPANY,CWS,GW,GW,559,186,other_water_systems
1031,CA1900817,1,1,1,0,0,1,1,1,0,0,CLEAR SKIES MOBILE HOME PARK,CWS,GW,GW,131,47,other_water_systems
1032,CA1900843,0,0,0,2,2,0,0,0,1,1,CALIFORNIAN MOBILE HOME PARK,CWS,GW,GW,372,133,other_water_systems
1033,CA1900849,1,1,0,1,0,1,1,0,1,0,LLANO DEL RIO WATER COMPANY,CWS,GW,GW,534,187,other_water_systems
1034,CA1900868,1,1,0,1,0,1,1,0,1,0,RIVERS END TRAILER PARK,CWS,GW,GW,35,45,other_water_systems
1035,CA1900886,1,1,0,1,0,1,1,0,1,0,HUGHES-ELIZABETH LAKE UNIFIED SCHOOL DIS,NTNCWS,GW,GW,550,2,other_water_systems
1036,CA1900901,0,0,0,2,2,0,0,0,1,1,FIRE SUPPRESSION CAMP #19,CWS,SW,GU,125,1,carceral_water_system
1037,CA1900903,1,1,1,0,0,1,1,1,0,0,SLEEPY VALLEY WATER COMPANY,CWS,GW,GW,162,58,other_water_systems
1038,CA1900904,0,0,0,2,2,0,0,0,1,1,ACTON CONSERVATION CAMP #11,NTNCWS,SW,GU,90,1,carceral_water_system
1039,CA1900907,0,0,0,0,0,0,0,0,0,0,SHERWOOD MOBILE HOME PARK,CWS,GW,GW,540,185,other_water_systems
1040,CA1900913,0,0,0,0,0,0,0,0,0,0,LILY OF THE VALLEY MOBILE VILLAGE,CWS,GW,GW,552,182,other_water_systems
1041,CA1900929,0,0,0,0,0,0,0,0,0,0,MIRA LOMA HIGH DESERT HOSPITAL,NTNCWS,GW,GW,500,57,other_water_systems
1042,CA1900936,0,0,0,0,0,0,0,0,0,0,AQUA J. MUTUAL WATER COMPANY,CWS,GW,GW,158,49,other_water_systems
1043,CA1900942,1,1,0,2,1,1,1,0,1,1,ALPINE SPRINGS MOBILE HOME PARK,CWS,GW,GW,175,53,other_water_systems
1044,CA1900961,13,13,13,0,0,1,1,1,0,0,WINTERHAVEN MOBILE ESTATES,CWS,GW,GW,56,20,other_water_systems
1045,CA1900975,3,2,2,0,0,1,1,1,0,0,CALI LAKE RV RESORT,CWS,GW,GW,99,47,other_water_systems
1046,CA1901000,0,0,0,0,0,0,0,0,0,0,GENERAL ATOMICS AERONAUTICAL - GRAY BUTT,NTNCWS,GW,GW,450,24,other_water_systems
1047,CA1907011,1,1,1,0,0,1,1,1,0,0,FLYING J TRAVEL CENTER,NTNCWS,GW,GW,2565,2,other_water_systems
1048,CA1907014,4,4,3,1,0,1,1,1,1,0,NORTH TRAILS MUTUAL WATER COMPANY,CWS,GW,GW,100,49,other_water_systems
1049,CA1907028,0,0,0,0,0,0,0,0,0,0,SPV WATER COMPANY,CWS,GW,GW,211,73,other_water_systems
1050,CA1909006,0,0,0,0,0,0,0,0,0,0,WEST VALLEY COUNTY WATER DISTRICT,CWS,GW,GW,798,242,other_water_systems
1051,CA1909627,0,0,0,1,1,0,0,0,1,1,USFS-VALYERMO RANGER STATION,NTNCWS,GW,GW,25,1,other_water_systems
1052,CA1909648,0,0,0,0,0,0,0,0,0,0,PLANT WATER WELL - ROCKVIEW DAIRY,NTNCWS,GW,GW,45,1,other_water_systems
1053,CA1910001,0,0,0,0,0,0,0,0,0,0,CITY OF ALHAMBRA,CWS,SW,SWP,83750,18965,carceral_serving_water_system
1054,CA1910002,0,0,0,0,0,0,0,0,0,0,AMARILLO MUTUAL WATER COMPANY,CWS,GW,GW,3134,625,other_water_systems
1055,CA1910003,0,0,0,0,0,0,0,0,0,0,CITY OF ARCADIA,CWS,GW,GW,45764,15218,carceral_serving_water_system
1056,CA1910004,0,0,0,0,0,0,0,0,0,0,GSWC - ARTESIA,CWS,GW,GW,50355,10778,other_water_systems
1057,CA1910005,0,0,0,0,0,0,0,0,0,0,"LOS ANGELES CWWD 40, REG. 38-LAKE LA",CWS,SW,SWP,12620,3665,other_water_systems
1058,CA1910006,0,0,0,0,0,0,0,0,0,0,SO. CAL. EDISON CO.-SANTA CATALINA,CWS,SW,SW,3822,1999,other_water_systems
1059,CA1910007,0,0,0,0,0,0,0,0,0,0,AZUSA LIGHT AND WATER,CWS,SW,SW,110044,23379,carceral_serving_water_system
1060,CA1910009,0,0,0,0,0,0,0,0,0,0,VALLEY COUNTY WATER DIST.,CWS,GW,GW,68871,12648,carceral_serving_water_system
1061,CA1910010,0,0,0,0,0,0,0,0,0,0,CALIFORNIA WATER SERVICE CO.-LANCASTER,CWS,SW,SWP,1435,674,other_water_systems
1062,CA1910011,0,0,0,0,0,0,0,0,0,0,"GSWC - BELL, BELL GARDENS",CWS,SW,SWP,54696,7448,carceral_serving_water_system
1063,CA1910012,0,0,0,0,0,0,0,0,0,0,BELLFLOWER HOME GARDEN WATER COMPANY,CWS,SW,SWP,1129,342,other_water_systems
1064,CA1910013,0,0,0,2,2,0,0,0,1,1,BELLFLOWER - SOMERSET MWC,CWS,SW,SWP,46300,6996,other_water_systems
1065,CA1910017,0,0,0,0,0,0,0,0,0,0,SANTA CLARITA VALLEY W.A.-SANTA CLARITA,CWS,SW,SWP,135281,33105,other_water_systems
1066,CA1910018,0,0,0,0,0,0,0,0,0,0,BELLFLOWER MUNICIPAL WATER SYSTEM,CWS,SW,SWP,5999,1817,other_water_systems
1067,CA1910019,0,0,0,0,0,0,0,0,0,0,"CERRITOS - CITY, WATER DEPT.",CWS,SW,SWP,47475,15664,other_water_systems
1068,CA1910020,0,0,0,0,0,0,0,0,0,0,CAL-AM WATER COMPANY - EAST PASADENA,CWS,GW,GW,9949,2984,other_water_systems
1069,CA1910021,0,0,0,0,0,0,0,0,0,0,LIBERTY UTILITIES - COMPTON,CWS,SW,SWP,26067,6929,other_water_systems
1070,CA1910022,2,2,1,1,0,1,1,1,1,0,CALIF STATE POLYTECHNICAL UNIV - POMONA,CWS,SW,SW,29271,148,other_water_systems
1071,CA1910023,0,0,0,0,0,0,0,0,0,0,AVERYDALE MWC,CWS,GW,GW,1003,306,other_water_systems
1072,CA1910024,0,0,0,0,0,0,0,0,0,0,GSWC - CLAREMONT,CWS,SW,SWP,39566,11259,carceral_serving_water_system
1073,CA1910025,0,0,0,0,0,0,0,0,0,0,"LOS ANGELES CWWD 40, REG. 39-ROCK CREEK",CWS,SW,SWP,870,368,other_water_systems
1074,CA1910026,0,0,0,0,0,0,0,0,0,0,"COMPTON-CITY, WATER DEPT.",CWS,SW,SWP,74877,14365,other_water_systems
1075,CA1910027,0,0,0,0,0,0,0,0,0,0,"LOS ANGELES CWWD 40, REG. 35-N.E. L.A.",CWS,GW,GW,619,243,other_water_systems
1076,CA1910028,0,0,0,0,0,0,0,0,0,0,CRESCENTA VALLEY CWD,CWS,SW,SWP,35841,8429,other_water_systems
1077,CA1910029,0,0,0,0,0,0,0,0,0,0,CITY OF INDUSTRY WATERWORKS SYSTEMS,CWS,GW,GW,6125,1856,other_water_systems
1078,CA1910030,0,0,0,0,0,0,0,0,0,0,GSWC - CULVER CITY,CWS,SW,SWP,38025,9331,carceral_serving_water_system
1079,CA1910032,0,0,0,0,0,0,0,0,0,0,FOOTHILL MUNICIPAL WATER DIST.,CWS,SW,SWP,0,7,other_water_systems
1080,CA1910033,0,0,0,0,0,0,0,0,0,0,CALIFORNIA WATER SERVICE CO. - DOMINGUEZ,CWS,SW,SWP,143632,33147,other_water_systems
1081,CA1910034,0,0,0,2,2,0,0,0,1,1,"DOWNEY - CITY, WATER DEPT.",CWS,GW,GW,109934,23478,carceral_serving_water_system
1082,CA1910035,0,0,0,4,3,0,0,0,1,1,KINNELOA IRRIGATION DIST.,CWS,GW,GW,1953,592,other_water_systems
1083,CA1910036,0,0,0,0,0,0,0,0,0,0,CALIFORNIA WATER SERVICE CO. - ELA,CWS,SW,SWP,152217,26227,carceral_serving_water_system
1084,CA1910038,0,0,0,0,0,0,0,0,0,0,"EL MONTE-CITY, WATER DEPT.",CWS,GW,GW,22968,3516,carceral_serving_water_system
1085,CA1910039,0,0,0,1,1,0,0,0,1,1,SAN GABRIEL VALLEY WATER CO.-EL MONTE,CWS,GW,GW,246000,46608,other_water_systems
1086,CA1910040,0,0,0,0,0,0,0,0,0,0,"EL SEGUNDO-CITY, WATER DEPT.",CWS,SW,SWP,16898,6228,other_water_systems
1087,CA1910041,0,0,0,0,0,0,0,0,0,0,THREE VALLEYS MWD,CWS,SW,SW,0,15,other_water_systems
1088,CA1910042,0,0,0,4,4,0,0,0,1,1,"PICO RIVERA - CITY, WATER DEPT.",CWS,GW,GW,40600,9474,other_water_systems
1089,CA1910043,0,0,0,0,0,0,0,0,0,0,"GLENDALE-CITY, WATER DEPT.",CWS,SW,SWP,188784,36011,carceral_serving_water_system
1090,CA1910044,0,0,0,1,1,0,0,0,1,1,"GLENDORA-CITY, WATER DEPT.",CWS,SW,SWP,52558,14053,carceral_serving_water_system
1091,CA1910045,0,0,0,0,0,0,0,0,0,0,ANTELOPE VALLEY EAST KERN WATER AGENCY,CWS,SW,SW,0,49,other_water_systems
1092,CA1910046,0,0,0,0,0,0,0,0,0,0,SUBURBAN WATER SYSTEMS-GLENDORA,CWS,SW,SWP,5249,1548,other_water_systems
1093,CA1910047,0,0,0,0,0,0,0,0,0,0,HAWTHORNE-CITY WATER DEPT.,CWS,SW,SWP,44729,6205,carceral_serving_water_system
1094,CA1910048,0,0,0,0,0,0,0,0,0,0,SANTA CLARITA VALLEY W.A.-IMPORTED DIVIS,CWS,SW,SW,0,26,other_water_systems
1095,CA1910049,0,0,0,0,0,0,0,0,0,0,"HUNTINGTON PARK-CITY, WATER DEPT.",CWS,SW,SWP,15275,5608,carceral_serving_water_system
1096,CA1910050,0,0,0,0,0,0,0,0,0,0,"COMMERCE-CITY, WATER DEPT.",CWS,SW,SWP,4203,977,other_water_systems
1097,CA1910051,0,0,0,1,1,0,0,0,1,1,"INGLEWOOD- CITY, WATER DEPT.",CWS,SW,SWP,80824,15942,other_water_systems
1098,CA1910052,0,0,0,0,0,0,0,0,0,0,CAL/AM WATER COMPANY - BALDWIN HILLS,CWS,SW,SWP,20859,6194,other_water_systems
1099,CA1910053,1,1,0,3,0,1,1,0,1,0,HEMLOCK MUTUAL WATER CO.,CWS,GW,GW,686,208,other_water_systems
1100,CA1910054,0,0,0,0,0,0,0,0,0,0,LA CANADA IRRIGATION DIST.,CWS,SW,SWP,9300,2949,other_water_systems
1101,CA1910056,0,0,0,0,0,0,0,0,0,0,LAKE ELIZABETH MUTUAL WATER CO.,CWS,SW,SWP,1790,725,other_water_systems
1102,CA1910059,0,0,0,0,0,0,0,0,0,0,SUBURBAN WATER SYSTEMS-LA MIRADA,CWS,GW,GW,56793,15309,other_water_systems
1103,CA1910060,0,0,0,0,0,0,0,0,0,0,LA PUENTE VALLEY CWD,CWS,GW,GW,8243,2498,other_water_systems
1104,CA1910061,0,0,0,0,0,0,0,0,0,0,LAS FLORES WATER CO.,CWS,SW,SWP,4847,1479,other_water_systems
1105,CA1910062,0,0,0,0,0,0,0,0,0,0,"LA VERNE, CITY WD",CWS,SW,SWP,32206,8819,carceral_serving_water_system
1106,CA1910063,0,0,0,0,0,0,0,0,0,0,LINCOLN AVENUE WATER CO.,CWS,SW,SW,16126,4493,other_water_systems
1107,CA1910064,0,0,0,4,4,0,0,0,1,1,LITTLEROCK CREEK IRRIGATION DIST.,CWS,GW,GW,3041,1357,other_water_systems
1108,CA1910065,0,0,0,0,0,0,0,0,0,0,LONG BEACH UTILITIES DEPARTMENT,CWS,SW,SWP,458222,90104,carceral_serving_water_system
1109,CA1910066,0,0,0,0,0,0,0,0,0,0,LEISURE LAKE MOBILE ESTATES,CWS,GW,GW,325,211,other_water_systems
1110,CA1910067,0,0,0,0,0,0,0,0,0,0,"LOS ANGELES-CITY, DEPT. OF WATER & POWER",CWS,SW,SW,3856043,708607,carceral_serving_water_system
1111,CA1910070,0,0,0,0,0,0,0,0,0,0,LOS ANGELES CWWD 40 REG 4 & 34 LANCASTER,CWS,SW,SWP,204673,52476,carceral_serving_water_system
1112,CA1910072,0,0,0,0,0,0,0,0,0,0,GSWC - WILLOWBROOK,CWS,SW,SWP,10685,1452,other_water_systems
1113,CA1910073,0,0,0,0,0,0,0,0,0,0,"LOMITA-CITY, WATER DEPT.",CWS,SW,SWP,20256,4452,other_water_systems
1114,CA1910075,0,0,0,0,0,0,0,0,0,0,LOS ANGELES CWWD 21-KAGEL CANYON,CWS,SW,SWP,579,263,other_water_systems
1115,CA1910077,0,0,0,0,0,0,0,0,0,0,GSWC - FLORENCE/GRAHAM,CWS,SW,SWP,63142,9744,other_water_systems
1116,CA1910079,0,0,0,0,0,0,0,0,0,0,"LYNWOOD-CITY, WATER DEPT.",CWS,SW,SWP,66967,9322,carceral_serving_water_system
1117,CA1910081,0,0,0,3,3,0,0,0,1,1,LYNWOOD PARK MUTUAL WATER CO.,CWS,GW,GW,2300,470,other_water_systems
1118,CA1910083,0,0,0,0,0,0,0,0,0,0,"MANHATTAN BEACH-CITY, WATER DEPT.",CWS,SW,SWP,33673,13437,other_water_systems
1119,CA1910084,0,0,0,0,0,0,0,0,0,0,MAYWOOD MUTUAL WATER CO. #1,CWS,SW,SWP,5500,1167,other_water_systems
1120,CA1910085,0,0,0,0,0,0,0,0,0,0,MAYWOOD MUTUAL WATER CO. #2,CWS,SW,SWP,6349,1924,other_water_systems
1121,CA1910086,0,0,0,3,3,0,0,0,1,1,MAYWOOD MUTUAL WATER CO. #3,CWS,SW,SWP,9500,2035,other_water_systems
1122,CA1910087,0,0,0,0,0,0,0,0,0,0,METROPOLITAN WATER DIST. OF SO. CAL.,CWS,SW,SW,0,309,other_water_systems
1123,CA1910090,0,0,0,1,1,0,0,0,1,1,"MONROVIA-CITY, WATER DEPT.",CWS,GW,GW,37931,9425,carceral_serving_water_system
1124,CA1910091,0,0,0,1,1,0,0,0,1,1,MONTEBELLO LAND & WATER CO.,CWS,GW,GW,26554,3956,carceral_serving_water_system
1125,CA1910092,1,1,0,1,0,1,1,0,1,0,"MONTEREY PARK-CITY, WATER DEPT.",CWS,GW,GW,62183,13616,carceral_serving_water_system
1126,CA1910096,0,0,0,0,0,0,0,0,0,0,SANTA CLARITA VALLEY W.A.-NEWHALL DIV.,CWS,SW,SWP,17498,3981,other_water_systems
1127,CA1910097,0,0,0,3,3,0,0,0,1,1,NORTHROP GRUMMAN CORP.,NTNCWS,GW,GW,6409,41,other_water_systems
1128,CA1910098,0,0,0,0,0,0,0,0,0,0,GSWC - NORWALK,CWS,SW,SWP,43133,9397,other_water_systems
1129,CA1910099,0,0,0,0,0,0,0,0,0,0,PARADISE RANCH MHP,CWS,GW,GW,360,95,other_water_systems
1130,CA1910101,0,0,0,2,2,0,0,0,1,1,ORCHARD DALE WATER DISTRICT,CWS,GW,GWP,25000,4345,other_water_systems
1131,CA1910102,0,0,0,0,0,0,0,0,0,0,PALMDALE WATER DIST.,CWS,SW,SW,126804,27257,other_water_systems
1132,CA1910103,0,0,0,0,0,0,0,0,0,0,PALM RANCH IRRIGATION DIST.,CWS,SW,SWP,5507,1713,other_water_systems
1133,CA1910104,0,0,0,0,0,0,0,0,0,0,CALIFORNIA WATER SERVICE CO. - PALOS VER,CWS,SW,SWP,71202,24413,other_water_systems
1134,CA1910105,0,0,0,1,1,0,0,0,1,1,"PARAMOUNT - CITY, WATER DEPT.",CWS,SW,SWP,55200,7537,other_water_systems
1135,CA1910108,0,0,0,0,0,0,0,0,0,0,CITY OF BELL GARDENS,CWS,SW,SWP,11305,1653,other_water_systems
1136,CA1910117,0,0,0,1,1,0,0,0,1,1,SAN GABRIEL VALLEY WATER CO-MONTEBELLO 2,CWS,SW,SWP,7250,1502,other_water_systems
1137,CA1910124,0,0,0,0,0,0,0,0,0,0,PASADENA WATER AND POWER,CWS,SW,SWP,161162,38338,carceral_serving_water_system
1138,CA1910125,0,0,0,0,0,0,0,0,0,0,PICO WD,CWS,GW,GW,22051,5281,other_water_systems
1139,CA1910126,0,0,0,0,0,0,0,0,0,0,"POMONA - CITY, WATER DEPT.",CWS,SW,SW,151713,30172,carceral_serving_water_system
1140,CA1910127,0,0,0,0,0,0,0,0,0,0,"COVINA-CITY, WATER DEPT.",CWS,SW,SWP,33300,8707,carceral_serving_water_system
1141,CA1910128,0,0,0,0,0,0,0,0,0,0,COVINA IRRIGATING CO.,CWS,SW,SW,0,12,other_water_systems
1142,CA1910130,0,0,0,0,0,0,0,0,0,0,QUARTZ HILL WATER DIST.,CWS,SW,SWP,19100,5842,other_water_systems
1143,CA1910134,0,0,0,0,0,0,0,0,0,0,CALIFORNIA WATER SERVICE CO. - HERM/REDO,CWS,SW,SWP,96708,26800,carceral_serving_water_system
1144,CA1910137,0,0,0,1,1,0,0,0,1,1,THE BOEING COMPANY - HDAIT,NTNCWS,GW,GW,60,9,other_water_systems
1145,CA1910138,0,0,0,0,0,0,0,0,0,0,LOS ANGELES WORLD AIRPORTS,NTNCWS,GW,GW,156,5,other_water_systems
1146,CA1910139,0,0,0,0,0,0,0,0,0,0,CAL/AM WATER COMPANY - SAN MARINO,CWS,SW,SWP,47124,14280,other_water_systems
1147,CA1910140,0,0,0,0,0,0,0,0,0,0,RUBIO CANON LAND & WATER ASSOCIATION,CWS,SW,SW,9600,3136,other_water_systems
1148,CA1910142,0,0,0,0,0,0,0,0,0,0,GSWC-SAN DIMAS,CWS,SW,SWP,56512,16168,carceral_serving_water_system
1149,CA1910143,0,0,0,0,0,0,0,0,0,0,"SAN FERNANDO-CITY, WATER DEPT.",CWS,GW,GW,23946,5380,other_water_systems
1150,CA1910144,0,0,0,0,0,0,0,0,0,0,SAN GABRIEL COUNTY WD,CWS,GW,GW,39345,9530,other_water_systems
1151,CA1910146,0,0,0,0,0,0,0,0,0,0,"SANTA MONICA-CITY, WATER DIVISION",CWS,SW,SWP,89947,16887,carceral_serving_water_system
1152,CA1910147,0,0,0,0,0,0,0,0,0,0,SUBURBAN WATER SYSTEMS - SATIVA,CWS,SW,SWP,4339,1315,other_water_systems
1153,CA1910148,0,0,0,0,0,0,0,0,0,0,"SIERRA MADRE-CITY, WATER DEPT.",CWS,SW,SWP,11000,3797,other_water_systems
1154,CA1910149,2,2,2,4,2,1,1,1,1,1,"SIGNAL HILL - CITY, WATER DEPT.",CWS,SW,SWP,11795,3035,carceral_serving_water_system
1155,CA1910152,0,0,0,0,0,0,0,0,0,0,"SOUTH GATE-CITY, WATER DEPT.",CWS,SW,SWP,76443,14414,carceral_serving_water_system
1156,CA1910153,3,0,0,1,1,1,0,0,1,1,SOUTH MONTEBELLO IRRIGATION DIST.,CWS,GW,GW,15021,2351,other_water_systems
1157,CA1910154,0,0,0,0,0,0,0,0,0,0,CITY OF SOUTH PASADENA,CWS,SW,SWP,25329,6131,other_water_systems
1158,CA1910155,0,0,0,0,0,0,0,0,0,0,GSWC - SOUTHWEST,CWS,SW,SWP,277856,52612,other_water_systems
1159,CA1910156,0,0,0,2,2,0,0,0,1,1,"BEVERLY HILLS-CITY, WATER DEPT.",CWS,SW,SWP,40856,10455,carceral_serving_water_system
1160,CA1910157,0,0,0,0,0,0,0,0,0,0,SUNNY SLOPE WATER CO.,CWS,GW,GW,25252,6326,other_water_systems
1161,CA1910158,2,2,1,4,2,1,1,1,1,1,STERLING MUTUAL WATER COMPANY,CWS,GW,GW,548,201,other_water_systems
1162,CA1910159,0,0,0,2,2,0,0,0,1,1,TRACT 180 MUTUAL WATER CO.,CWS,GW,GW,14000,1190,other_water_systems
1163,CA1910160,5,0,0,0,0,1,0,0,0,0,TRACT 349 MUTUAL WATER CO.,CWS,GW,GW,3132,949,other_water_systems
1164,CA1910161,0,0,0,0,0,0,0,0,0,0,LIBERTY UTILITIES - LYNWOOD,CWS,SW,SWP,24416,4379,other_water_systems
1165,CA1910163,0,0,0,0,0,0,0,0,0,0,VALENCIA HEIGHTS WATER CO.,CWS,SW,SWP,7775,1682,other_water_systems
1166,CA1910165,0,0,0,3,3,0,0,0,1,1,VALLEY VIEW MUTUAL WATER CO.,CWS,GW,GW,4613,1398,other_water_systems
1167,CA1910166,0,0,0,0,0,0,0,0,0,0,VALLEY WATER CO.,CWS,SW,SWP,10070,3610,other_water_systems
1168,CA1910167,0,0,0,0,0,0,0,0,0,0,"VERNON-CITY, WATER DEPT.",CWS,SW,SWP,28112,1032,carceral_serving_water_system
1169,CA1910169,0,0,0,4,2,0,0,0,1,1,WALNUT PARK MUTUAL WATER CO.,CWS,GW,GW,16180,2832,other_water_systems
1170,CA1910173,0,0,0,0,0,0,0,0,0,0,"WHITTIER-CITY, WATER DEPT.",CWS,GW,GW,49954,12001,carceral_serving_water_system
1171,CA1910174,0,0,0,0,0,0,0,0,0,0,SUBURBAN WATER SYSTEMS-WHITTIER,CWS,GW,GW,66045,18056,other_water_systems
1172,CA1910179,0,0,0,6,5,0,0,0,1,1,"BURBANK-CITY, WATER DEPT.",CWS,SW,SWP,104535,25690,carceral_serving_water_system
1173,CA1910185,0,0,0,0,0,0,0,0,0,0,LOS ANGELES CWWD 36-VAL VERDE,CWS,SW,SWP,6250,1570,other_water_systems
1174,CA1910186,0,0,0,0,0,0,0,0,0,0,CAL-AM WATER COMPANY - DUARTE,CWS,GW,GW,24258,7351,other_water_systems
1175,CA1910189,0,0,0,0,0,0,0,0,0,0,SAN GABRIEL VALLEY WATER CO-MONTEBELLO 1,CWS,GW,GWP,9300,1570,other_water_systems
1176,CA1910191,0,0,0,0,0,0,0,0,0,0,"NORWALK - CITY, WATER DEPT.",CWS,SW,SWP,17790,5398,other_water_systems
1177,CA1910194,0,0,0,0,0,0,0,0,0,0,ROWLAND WATER DISTRICT,CWS,SW,SWP,54660,13514,other_water_systems
1178,CA1910195,0,0,0,0,0,0,0,0,0,0,GSWC - HOLLYDALE,CWS,GW,GW,8073,1672,other_water_systems
1179,CA1910199,0,0,0,0,0,0,0,0,0,0,CALIFORNIA DOMESTIC WATER COMPANY,CWS,GW,GW,0,21,other_water_systems
1180,CA1910200,0,0,0,0,0,0,0,0,0,0,SUBURBAN WATER SYSTEMS-COVINA KNOLLS,CWS,SW,SWP,1437,496,other_water_systems
1181,CA1910203,0,0,0,0,0,0,0,0,0,0,"LOS ANGELES CWWD 40, R 24,27,33-PEARBLSM",CWS,SW,SWP,11243,2977,other_water_systems
1182,CA1910204,0,0,0,0,0,0,0,0,0,0,LOS ANGELES CWWD 29 & 80-MALIBU,CWS,SW,SWP,32792,8065,other_water_systems
1183,CA1910205,0,0,0,1,1,0,0,0,1,1,SUBURBAN WATER SYSTEMS-SAN JOSE,CWS,SW,SWP,168843,40233,carceral_serving_water_system
1184,CA1910211,0,0,0,0,0,0,0,0,0,0,LIBERTY UTILITIES - BELLFLOWER-NORWALK,CWS,SW,SWP,71786,16534,other_water_systems
1185,CA1910212,0,0,0,0,0,0,0,0,0,0,GSWC-SOUTH ARCADIA,CWS,GW,GW,26803,7606,other_water_systems
1186,CA1910213,0,0,0,0,0,0,0,0,0,0,"TORRANCE-CITY, WATER DEPT.",CWS,SW,SWP,106183,26916,carceral_serving_water_system
1187,CA1910218,0,0,0,0,0,0,0,0,0,0,LA HABRA HEIGHTS CWD,CWS,SW,SWP,5447,2002,other_water_systems
1188,CA1910223,0,0,0,0,0,0,0,0,0,0,GSWC-SOUTH SAN GABRIEL,CWS,SW,SWP,26074,5020,other_water_systems
1189,CA1910225,0,0,0,0,0,0,0,0,0,0,LAS VIRGENES MWD,CWS,SW,SW,72602,20162,carceral_serving_water_system
1190,CA1910234,0,0,0,0,0,0,0,0,0,0,WALNUT VALLEY WATER DISTRICT,CWS,SW,SWP,100941,27149,other_water_systems
1191,CA1910238,0,0,0,0,0,0,0,0,0,0,LOCKHEED MARTIN SKUNK WORKS,NTNCWS,GW,GW,500,7,other_water_systems
1192,CA1910239,0,0,0,0,0,0,0,0,0,0,"LAKEWOOD - CITY, WATER DEPT.",CWS,GW,GW,63083,20027,other_water_systems
1193,CA1910240,0,0,0,0,0,0,0,0,0,0,SANTA CLARITA VALLEY W.A.-VALENCIA DIVIS,CWS,SW,SW,108813,32473,carceral_serving_water_system
1194,CA1910241,0,0,0,0,0,0,0,0,0,0,LIBERTY UTILITIES - MESA CREST,CWS,SW,SWP,1601,710,other_water_systems
1195,CA1910242,0,0,0,0,0,0,0,0,0,0,CALIFORNIA WATER SERVICE CO-LAKE HUGHES,CWS,GW,GW,961,211,other_water_systems
1196,CA1910243,0,0,0,0,0,0,0,0,0,0,CALIFORNIA WATER SERVICE CO-LEONA VALLEY,CWS,SW,SWP,908,431,other_water_systems
1197,CA1910244,1,1,0,1,0,1,1,0,1,0,GREEN VALLEY CWD,CWS,GW,GW,1275,499,other_water_systems
1198,CA1910245,0,0,0,6,6,0,0,0,1,1,"SANTA FE SPRINGS - CITY, WATER DEPT.",CWS,SW,SWP,19219,6165,other_water_systems
1199,CA1910246,8,8,8,14,12,1,1,1,1,1,LAND PROJECTS MUTUAL WATER CO.,CWS,GW,GW,2800,548,other_water_systems
1200,CA1910247,0,0,0,0,0,0,0,0,0,0,SANTA CLARITA VALLEY W.A.-CASTAIC DIV.,CWS,SW,SWP,9999,1941,other_water_systems
1201,CA1910248,0,0,0,0,0,0,0,0,0,0,LOS ANGELES CWWD 37-ACTON,CWS,SW,SWP,4929,1456,other_water_systems
1202,CA1910249,0,0,0,1,1,0,0,0,1,1,WHITE FENCE FARMS MWC NO. 1,CWS,SW,SWP,1508,457,other_water_systems
1203,CA1910250,0,0,0,0,0,0,0,0,0,0,SANTA CLARITA VALLEY W.A.-PINETREE DIV.,CWS,SW,SWP,15998,2802,other_water_systems
1204,CA1910254,5,5,5,11,10,1,1,1,1,1,HUNGRY VALLEY STATE VEHICULAR REC AREA,NTNCWS,GW,GW,534,12,other_water_systems
1205,CA1910255,0,0,0,0,0,0,0,0,0,0,SANTA CLARITA VALLEY W.A.-TESORO DIV.,CWS,SW,SWP,6499,1225,other_water_systems
1206,CA1910443,0,0,0,0,0,0,0,0,0,0,"LOS ANGELES, CITY OF - CASTAIC PWR PLANT",NTNCWS,SW,SW,65,7,other_water_systems
1207,CA1910801,1,1,0,1,0,1,1,0,1,0,FENNER CANYON YOUTH CONSERVATION CAMP,CWS,GW,GW,100,1,carceral_water_system
1208,CA2000202,0,0,0,2,2,0,0,0,1,1,YOSEMITE LAKES COMMUNITY CHURCH,NTNCWS,GW,GW,551,9,other_water_systems
1209,CA2000206,0,0,0,1,1,0,0,0,1,1,ETAA FACILITIES LLC,NTNCWS,GW,GW,736,6,other_water_systems
1210,CA2000275,0,0,0,4,4,0,0,0,1,1,VALLEY CHILDREN'S HOSPITAL,NTNCWS,GW,GW,2500,17,other_water_systems
1211,CA2000293,0,0,0,3,3,0,0,0,1,1,MD 46 AHWAHNEE RESORTS,CWS,GW,GW,300,90,other_water_systems
1212,CA2000352,0,0,0,13,7,0,0,0,1,1,MADERA IRRIGATION DISTRICT,NTNCWS,GW,GW,145,5,other_water_systems
1213,CA2000370,0,0,0,0,0,0,0,0,0,0,TOM PISTACHIO WATER SYSTEM,NTNCWS,GW,GW,2100,14,other_water_systems
1214,CA2000384,0,0,0,0,0,0,0,0,0,0,FAIRMEAD LANDFILL,NTNCWS,GW,GW,72,4,other_water_systems
1215,CA2000501,4,4,4,0,0,1,1,1,0,0,BASS LAKE ANNEX 3,CWS,GW,GW,42,28,other_water_systems
1216,CA2000502,2,2,1,4,3,1,1,1,1,1,BASS LAKE HEIGHTS MUTUAL WATER,CWS,GW,GW,250,90,other_water_systems
1217,CA2000504,0,0,0,0,0,0,0,0,0,0,LA VINA RANCH COLD STORAGE,NTNCWS,GW,GW,162,15,other_water_systems
1218,CA2000506,48,42,41,1,0,1,1,1,1,0,SIERRA LINDA MUTUAL WATER CO,CWS,GW,GW,200,89,other_water_systems
1219,CA2000507,0,0,0,0,0,0,0,0,0,0,CALBEE AMERICA INCORPORATED,NTNCWS,GW,GW,244,7,other_water_systems
1220,CA2000509,0,0,0,4,4,0,0,0,1,1,CASCADEL MUTUAL WATER SYSTEM,CWS,GW,GW,137,120,other_water_systems
1221,CA2000511,0,0,0,1,1,0,0,0,1,1,MD 85 VALETA,CWS,GW,GW,45,20,other_water_systems
1222,CA2000512,12,11,10,6,5,1,1,1,1,1,EAST ACRES MUTUAL WATER COMPANY,CWS,GW,GW,250,85,other_water_systems
1223,CA2000521,1,1,0,1,0,1,1,0,1,0,BROADVIEW TERRACE MUTUAL WATER COMPANY,CWS,GW,GWP,498,178,other_water_systems
1224,CA2000524,7,4,3,3,2,1,1,1,1,1,SKY ACRES MUTUAL WATER CORP,CWS,GW,GW,175,64,other_water_systems
1225,CA2000526,3,3,2,12,11,1,1,1,1,1,PIKE RANCH MUTUAL WATER CO,CWS,GW,GW,74,20,other_water_systems
1226,CA2000527,16,16,16,0,0,1,1,1,0,0,YOSEMITE FORKS EST MUTUAL,CWS,GW,GW,110,99,other_water_systems
1227,CA2000529,0,0,0,3,1,0,0,0,1,1,BONADELLE RANCHOS NO. 2  MUTUAL WATER CO,CWS,GW,GW,50,23,other_water_systems
1228,CA2000530,1,1,0,1,0,1,1,0,1,0,CRASS MUTUAL WATER COMPANY,CWS,GW,GW,80,26,other_water_systems
1229,CA2000533,1,1,0,2,1,1,1,0,1,1,SUGAR PINE HOMEOWNERS ASSOC,CWS,GW,GW,120,58,other_water_systems
1230,CA2000534,4,4,4,1,1,1,1,1,1,1,LEISURE ACRES MUTUAL WATER COMPANY,CWS,GW,GW,45,24,other_water_systems
1231,CA2000538,13,13,12,1,0,1,1,1,1,0,CEDAR VALLEY MUTUAL WATER CO,CWS,GW,GW,137,67,other_water_systems
1232,CA2000544,33,33,33,0,0,1,1,1,0,0,MADERA CO MD1-HIDDEN LAKE ESTATES,CWS,SW,SW,162,49,other_water_systems
1233,CA2000549,1,1,1,2,2,1,1,1,1,1,MD 05 MOUNTAIN RANCHES,CWS,GW,GW,239,27,other_water_systems
1234,CA2000551,5,5,5,11,11,1,1,1,1,1,MD 07 MARINA VIEW HEIGHTS,CWS,GW,GW,200,83,other_water_systems
1235,CA2000552,35,27,27,3,3,1,1,1,1,1,MD 24 TEAFORD MEADOW LAKES,CWS,GW,GW,150,66,other_water_systems
1236,CA2000553,15,15,15,2,2,1,1,1,1,1,MD 28 RIPPERDAN SELF HELP,CWS,GW,GW,48,17,other_water_systems
1237,CA2000554,0,0,0,2,2,0,0,0,1,1,MD 33 FAIRMEAD,CWS,GW,GW,568,164,other_water_systems
1238,CA2000557,0,0,0,2,2,0,0,0,1,1,MD 43 MIAMI CREEK KNOLLS,CWS,GW,GW,100,26,other_water_systems
1239,CA2000558,1,1,0,1,0,1,1,0,1,0,COARSEGOLD MARKET,NTNCWS,GW,GW,115,5,other_water_systems
1240,CA2000561,16,16,16,2,2,1,1,1,1,1,MD 08 NORTH FORK WATER SYSTEM,CWS,GW,GW,264,75,other_water_systems
1241,CA2000573,18,10,10,0,0,1,1,1,0,0,THE VILLAGE,CWS,GW,GW,40,21,other_water_systems
1242,CA2000589,1,1,0,8,7,1,1,0,1,1,MAMMOTH POOL MOBILE HOME PARK,CWS,GW,GW,30,33,other_water_systems
1243,CA2000592,19,19,18,8,5,1,1,1,1,1,TWO TWENTY FOUR MOBILE HOME PK,CWS,GW,GW,35,15,other_water_systems
1244,CA2000593,0,0,0,0,0,0,0,0,0,0,OAKHURST MOBILE HOME ESTATES,CWS,GW,GW,138,116,other_water_systems
1245,CA2000595,0,0,0,50,50,0,0,0,1,1,MADERA MH & RV PARK,CWS,GW,GW,450,99,other_water_systems
1246,CA2000597,0,0,0,0,0,0,0,0,0,0,DAIRYLAND SCHOOL,NTNCWS,GW,GW,253,8,other_water_systems
1247,CA2000598,0,0,0,0,0,0,0,0,0,0,ALVIEW SCHOOL,NTNCWS,GW,GW,177,1,other_water_systems
1248,CA2000600,0,0,0,0,0,0,0,0,0,0,HOWARD ELEMENTARY SCHOOL,NTNCWS,GW,GW,618,7,other_water_systems
1249,CA2000601,0,0,0,0,0,0,0,0,0,0,LA VINA SCHOOL,NTNCWS,GW,GW,267,7,other_water_systems
1250,CA2000602,11,11,11,4,4,1,1,1,1,1,RIPPERDAN COMMUNITY DAY SCHOOL,NTNCWS,GW,GW,66,4,other_water_systems
1251,CA2000605,1,1,1,0,0,1,1,1,0,0,WHISPERING PINES MHP,CWS,GW,GW,38,30,other_water_systems
1252,CA2000607,0,0,0,1,1,0,0,0,1,1,SPRING VALLEY SCHOOL,NTNCWS,GW,GW,150,10,other_water_systems
1253,CA2000608,3,1,0,1,0,1,1,0,1,0,WILDWOOD MOBILE HOME PK INC,CWS,GW,GW,106,68,other_water_systems
1254,CA2000611,0,0,0,2,2,0,0,0,1,1,COARSEGOLD SCHOOL,NTNCWS,GW,GW,441,11,other_water_systems
1255,CA2000612,5,5,4,4,3,1,1,1,1,1,NORTH FORK ELEMENTARY SCHOOL,NTNCWS,GW,GW,500,18,other_water_systems
1256,CA2000616,0,0,0,2,0,0,0,0,1,0,WASUMA SCHOOL,NTNCWS,GW,GW,354,5,other_water_systems
1257,CA2000619,0,0,0,2,2,0,0,0,1,1,COLD SPRING GRANITE CO RAYMOND,NTNCWS,GW,GW,43,5,other_water_systems
1258,CA2000641,0,0,0,0,0,0,0,0,0,0,ALMADEN - MADERA,NTNCWS,GW,GW,60,3,other_water_systems
1259,CA2000647,3,1,0,30,24,1,1,0,1,1,JOHN HOVANNISIAN WATER SYSTEM,CWS,GW,GW,80,18,other_water_systems
1260,CA2000655,0,0,0,0,0,0,0,0,0,0,BALTIMORE AIRCOIIL COMPANY,NTNCWS,GW,GW,280,1,other_water_systems
1261,CA2000659,4,4,4,6,2,1,1,1,1,1,CBUSO MISSION BELL,NTNCWS,GW,GW,450,20,other_water_systems
1262,CA2000660,0,0,0,0,0,0,0,0,0,0,"ARDAGH GLASS, INC",NTNCWS,GW,GW,384,4,other_water_systems
1263,CA2000672,0,0,0,0,0,0,0,0,0,0,US HORTICULTURE LLC,NTNCWS,GW,GW,73,8,other_water_systems
1264,CA2000681,1,1,1,0,0,1,1,1,0,0,CERTAINTEED LLC,NTNCWS,GW,GW,170,1,other_water_systems
1265,CA2000682,0,0,0,0,0,0,0,0,0,0,AZTECA MILLING LP VALLEY GRAIN,NTNCWS,GW,GW,99,7,other_water_systems
1266,CA2000688,2,1,1,3,3,1,1,1,1,1,ECCO,CWS,GW,GW,100,20,other_water_systems
1267,CA2000690,40,28,28,5,5,1,1,1,1,1,MD 73 QUARTZ MOUNTAIN,CWS,GW,GW,375,127,other_water_systems
1268,CA2000692,0,0,0,2,2,0,0,0,1,1,MD 95 RANCHOS WEST,CWS,GW,GW,150,27,other_water_systems
1269,CA2000695,0,0,0,0,0,0,0,0,0,0,MADERA COMMUNITY COLLEGE,NTNCWS,GW,GW,750,5,other_water_systems
1270,CA2000724,0,0,0,2,2,0,0,0,1,1,SA 14 CHUK CHANSE SUBDIVISION,CWS,GW,GW,100,31,other_water_systems
1271,CA2000727,0,0,0,1,1,0,0,0,1,1,MD 36 EASTIN ARCOLA,CWS,GW,GW,84,16,other_water_systems
1272,CA2000728,0,0,0,2,2,0,0,0,1,1,MD 37 LA VINA,CWS,GW,GW,350,100,other_water_systems
1273,CA2000729,16,16,16,2,2,1,1,1,1,1,MADERA CO SA16 SUMNER HILL,CWS,SW,SW,135,41,other_water_systems
1274,CA2000733,1,1,1,0,0,1,1,1,0,0,PG&E OAKHURST SERVICE CENTER,NTNCWS,GW,GW,40,1,other_water_systems
1275,CA2000737,30,30,30,4,4,1,1,1,1,1,MD 42 STILL MEADOW,CWS,GW,GW,100,34,other_water_systems
1276,CA2000757,0,0,0,2,2,0,0,0,1,1,MD 63 MEADOW SPRINGS RANCH,CWS,GW,GW,300,87,other_water_systems
1277,CA2000760,0,0,0,0,0,0,0,0,0,0,DIXIELAND ELEMENTARY SCHOOL,NTNCWS,GW,GW,316,4,other_water_systems
1278,CA2000775,1,0,0,0,0,1,0,0,0,0,OAK CREEK MOBILE HOME PARK,CWS,GW,GW,370,198,other_water_systems
1279,CA2000794,0,0,0,0,0,0,0,0,0,0,B K LIGHTING INC,NTNCWS,GW,GW,90,2,other_water_systems
1280,CA2000800,1,1,1,0,0,1,1,1,0,0,MARQUEZ RENTAL,CWS,GW,GW,50,22,other_water_systems
1281,CA2000828,13,13,13,9,9,1,1,1,1,1,SHADY OAKS MOBILE HOME PARK LLC,CWS,GW,GW,23,21,other_water_systems
1282,CA2000832,0,0,0,0,0,0,0,0,0,0,SKP PARK OF THE SIERRAS INC,CWS,GW,GW,450,254,other_water_systems
1283,CA2000840,1,1,0,1,0,1,1,0,1,0,KIDZ CAN 2,NTNCWS,GW,GW,48,1,other_water_systems
1284,CA2000843,0,0,0,1,1,0,0,0,1,1,PONDEROSA TELEPHONE-SERVICE CT,NTNCWS,GW,GW,46,2,other_water_systems
1285,CA2000844,0,0,0,0,0,0,0,0,0,0,RIVERGOLD ELEMENTARY SCHOOL,NTNCWS,GW,GW,485,9,other_water_systems
1286,CA2000846,0,0,0,5,3,0,0,0,1,1,SIERRA VIEW SCHOOL,NTNCWS,GW,GW,250,23,other_water_systems
1287,CA2000848,0,0,0,0,0,0,0,0,0,0,BLACKHAWK CENTER WATER SYSTEM,NTNCWS,GW,GW,143,3,other_water_systems
1288,CA2000849,0,0,0,1,1,0,0,0,1,1,MD 60 DILLON ESTATES,CWS,GW,GW,150,38,other_water_systems
1289,CA2000851,54,44,44,2,2,1,1,1,1,1,MD 40 SUNSET RIDGE ESTATES,CWS,GW,GW,150,27,other_water_systems
1290,CA2000855,0,0,0,0,0,0,0,0,0,0,LAMANUZZI  PANTALEO CS  DEHY,NTNCWS,GW,GW,125,21,other_water_systems
1291,CA2000865,22,15,15,4,4,1,1,1,1,1,MD 58 SIERRA HIGHLANDS,CWS,GW,GW,75,25,other_water_systems
1292,CA2000866,11,11,11,1,1,1,1,1,1,1,AGRILAND FARMING,NTNCWS,GW,GW,60,4,other_water_systems
1293,CA2000920,15,15,15,10,6,1,1,1,1,1,SAN JOAQUIN WINE COMPANY,NTNCWS,GW,GW,90,5,other_water_systems
1294,CA2000947,0,0,0,3,3,0,0,0,1,1,MINARETS HIGH SCHOOL,NTNCWS,GW,GW,450,17,other_water_systems
1295,CA2000951,9,9,9,5,5,1,1,1,1,1,SWS LAND DEVELOPMENT INC,NTNCWS,GW,GW,529,2,other_water_systems
1296,CA2000953,0,0,0,0,0,0,0,0,0,0,NORTH FORK COMMUNITY DEVELOPMENT COUNCIL,NTNCWS,GW,GW,25,4,other_water_systems
1297,CA2000955,0,0,0,0,0,0,0,0,0,0,PG&E GREGG SUBSTATION AND GC YARD,NTNCWS,GW,GW,29,5,other_water_systems
1298,CA2000956,9,9,9,6,6,1,1,1,1,1,QUADY RESIDENCE AND WNERY,NTNCWS,GW,GW,32,3,other_water_systems
1299,CA2000961,1,1,1,0,0,1,1,1,0,0,TALLEY TRANSPORTATION INC,NTNCWS,GW,GW,35,3,other_water_systems
1300,CA2010001,0,0,0,0,0,0,0,0,0,0,CHOWCHILLA CITY WATER DEPT,CWS,GW,GW,13576,4185,other_water_systems
1301,CA2010002,0,0,0,0,0,0,0,0,0,0,CITY OF MADERA,CWS,GW,GW,65074,15112,carceral_serving_water_system
1302,CA2010003,0,0,0,0,0,0,0,0,0,0,BASS LAKE WATER COMPANY,CWS,SW,SW,4527,1013,other_water_systems
1303,CA2010004,0,0,0,0,0,0,0,0,0,0,MADERA CO CMD19-PARKWOOD,CWS,GW,GW,1637,496,other_water_systems
1304,CA2010005,13,13,12,12,2,1,1,1,1,1,YOSEMITE SPRING PARK UTIL CO,CWS,GW,GW,6448,1970,other_water_systems
1305,CA2010006,0,0,0,0,0,0,0,0,0,0,MADERA CO SA3-PARKSDALE,CWS,GW,GW,1789,542,other_water_systems
1306,CA2010007,0,0,0,0,0,0,0,0,0,0,CAL AM - OAKHURST,CWS,GW,GW,3412,1034,other_water_systems
1307,CA2010008,3,0,0,0,0,1,0,0,0,0,MADERA CO MD10A-MADERA RANCHOS,CWS,GW,GW,3172,945,other_water_systems
1308,CA2010009,1,1,0,1,0,1,1,0,1,0,BAKMAN WATER-ROLLING HILLS,CWS,GW,GW,1107,344,other_water_systems
1309,CA2010010,0,0,0,0,0,0,0,0,0,0,MADERA VALLEY WATER COMPANY,CWS,GW,GW,6428,1950,other_water_systems
1310,CA2010011,0,0,0,1,1,0,0,0,1,1,MADERA CO SA1-INDIAN LAKES,CWS,GW,GW,1562,473,other_water_systems
1311,CA2010012,0,0,0,0,0,0,0,0,0,0,CAL AM - RAYMOND,CWS,GW,GW,320,97,other_water_systems
1312,CA2010013,0,0,0,0,0,0,0,0,0,0,CAL AM - COARSEGOLD,CWS,GW,GW,83,25,other_water_systems
1313,CA2010014,0,0,0,0,0,0,0,0,0,0,CAL AM - GOLDSIDE,CWS,GW,GW,1026,311,other_water_systems
1314,CA2010015,0,0,0,0,0,0,0,0,0,0,WP&A-FIREBAUGH WATER SYSTEM,NTNCWS,SW,SW,303,10,other_water_systems
1315,CA2010016,1,1,0,1,0,1,1,0,1,0,RIVERSTONE/ROOTCREEK WATER DISTRICT,CWS,GW,GW,5507,1772,other_water_systems
1316,CA2010017,0,0,0,0,0,0,0,0,0,0,"TESORO VIEJO MASTER MWC, INC.",CWS,SW,SW,2640,853,other_water_systems
1317,CA2010018,0,0,0,0,0,0,0,0,0,0,PRESERVE AT MILLERTON LAKE WATER SYSTEM,CWS,GW,GW,600,243,other_water_systems
1318,CA2010800,0,0,0,0,0,0,0,0,0,0,CENTRAL CA WOMENS FACILITY,CWS,GW,GW,2256,656,carceral_water_system
1319,CA2010801,0,0,0,0,0,0,0,0,0,0,VALLEY STATE PRISON,CWS,GW,GW,3147,74,carceral_water_system
1320,CA2100508,0,0,0,0,0,0,0,0,0,0,MUIR BEACH COMMUNITY,CWS,GW,GW,336,162,other_water_systems
1321,CA2100519,2,2,2,0,0,1,1,1,0,0,ESTERO MUTUAL,CWS,SW,SW,206,145,other_water_systems
1322,CA2100527,0,0,0,0,0,0,0,0,0,0,MARIN FRENCH CHEESE CO,NTNCWS,SW,SW,143,5,other_water_systems
1323,CA2100538,1,1,0,1,0,1,1,0,1,0,TOMALES HIGH SCHOOL,NTNCWS,GW,GW,227,2,other_water_systems
1324,CA2100545,0,0,0,0,0,0,0,0,0,0,WALKER CREEK RANCH EDUCATIONAL CENTER,NTNCWS,GW,GW,212,17,other_water_systems
1325,CA2100549,0,0,0,0,0,0,0,0,0,0,BLUE MOUNTAIN CENTER,CWS,GW,GW,35,10,other_water_systems
1326,CA2100565,1,1,0,1,0,1,1,0,1,0,GREEN GULCH FARM,CWS,SW,GU,75,17,other_water_systems
1327,CA2100566,0,0,0,8,8,0,0,0,1,1,SKYWALKER RANCH,NTNCWS,GW,GW,250,21,other_water_systems
1328,CA2100579,1,1,1,2,2,1,1,1,1,1,NICASIO VALLEY RANCH MUTUAL,CWS,GW,GW,31,14,other_water_systems
1329,CA2100582,5,5,5,0,0,1,1,1,0,0,NICASIO SCHOOL,NTNCWS,SW,GU,40,5,other_water_systems
1330,CA2100584,0,0,0,0,0,0,0,0,0,0,MCEVOY RANCH WATER SYSTEM,NTNCWS,SW,SW,66,8,other_water_systems
1331,CA2110001,0,0,0,0,0,0,0,0,0,0,INVERNESS PUBLIC UTILITY DIST,CWS,SW,SW,1445,518,other_water_systems
1332,CA2110002,0,0,0,0,0,0,0,0,0,0,MARIN MUNICIPAL WATER DISTRICT,CWS,SW,SW,186895,62255,carceral_serving_water_system
1333,CA2110003,0,0,0,0,0,0,0,0,0,0,NORTH MARIN WATER DISTRICT,CWS,SW,SW,61683,20468,other_water_systems
1334,CA2110004,0,0,0,1,1,0,0,0,1,1,STINSON BEACH COUNTY WTR DIST,CWS,SW,SW,583,742,other_water_systems
1335,CA2110005,0,0,0,0,0,0,0,0,0,0,BOLINAS COMMUNITY PUD,CWS,SW,SW,2483,587,other_water_systems
1336,CA2110006,0,0,0,0,0,0,0,0,0,0,NORTH MARIN WD - PT. REYES,CWS,GW,GW,1800,781,other_water_systems
1337,CA2110007,0,0,0,0,0,0,0,0,0,0,COAST SPRINGS - CAL. WATER SERVICE (PUC),CWS,SW,SW,390,251,other_water_systems
1338,CA2110008,0,0,0,2,2,0,0,0,1,1,LAWSON S LANDING,CWS,GW,GW,946,45,other_water_systems
1339,CA2110350,0,0,0,0,0,0,0,0,0,0,NPS GGNRA,CWS,SW,SWP,18447,227,other_water_systems
1340,CA2110502,0,0,0,0,0,0,0,0,0,0,NPS PRNS - BEACHES,CWS,GW,GW,1560,7,other_water_systems
1341,CA2204054,0,0,0,2,2,0,0,0,1,1,MCPR- WOODLAND PARK,NTNCWS,GW,GW,35,2,other_water_systems
1342,CA2210001,0,0,0,0,0,0,0,0,0,0,MARIPOSA PUBLIC UTILITY DIST,CWS,SW,SW,2000,683,carceral_serving_water_system
1343,CA2210002,0,0,0,0,0,0,0,0,0,0,PONDEROSA BASIN MUTUAL WTR CO,CWS,GW,GW,798,314,other_water_systems
1344,CA2210003,0,0,0,0,0,0,0,0,0,0,DELAWARE NORTH PARKS SERVICES AT TENAYA,NTNCWS,GW,GW,800,55,other_water_systems
1345,CA2210503,0,0,0,0,0,0,0,0,0,0,YOSEMITE NPS-YOSEMITE VALLEY,CWS,GW,GW,1000,235,other_water_systems
1346,CA2210510,0,0,0,0,0,0,0,0,0,0,YOSEMITE NPS-WAWONA,CWS,SW,SW,150,141,other_water_systems
1347,CA2210515,0,0,0,0,0,0,0,0,0,0,YOSEMITE NPS-EL PORTAL,CWS,GW,GW,635,226,other_water_systems
1348,CA2210851,0,0,0,0,0,0,0,0,0,0,CDF  & FP - MT. BULLION,CWS,GW,GW,60,9,carceral_water_system
1349,CA2210900,0,0,0,2,2,0,0,0,1,1,CEDAR LODGE RESORT,CWS,GW,GW,656,7,other_water_systems
1350,CA2210901,0,0,0,2,2,0,0,0,1,1,MPWD-COULTERVILLE CSA 1,CWS,GW,GW,193,77,other_water_systems
1351,CA2210903,0,0,0,1,1,0,0,0,1,1,FISHCAMP MUTUAL WATER COMPANY,CWS,GW,GW,275,75,other_water_systems
1352,CA2210905,0,0,0,0,0,0,0,0,0,0,"MCCLURE BOAT CLUB, INC.",CWS,SW,SW,286,66,other_water_systems
1353,CA2210906,1,1,0,1,0,1,1,0,1,0,MARIPOSA PINES MUTUAL,CWS,GW,GW,284,87,other_water_systems
1354,CA2210907,0,0,0,0,0,0,0,0,0,0,MUSD - SIERRA FOOTHILL CHARTER SCHOOL,NTNCWS,SW,SWP,156,2,other_water_systems
1355,CA2210908,0,0,0,0,0,0,0,0,0,0,MUSD -COULTERVILLE - GREELEY HILL SCHOOL,NTNCWS,GW,GW,58,1,other_water_systems
1356,CA2210909,0,0,0,0,0,0,0,0,0,0,MUSD - MARIPOSA JUNIOR HIGH SCHOOL,NTNCWS,GW,GW,114,20,other_water_systems
1357,CA2210910,0,0,0,0,0,0,0,0,0,0,MUSD - WOODLAND ELEMENTARY SCHOOL,NTNCWS,GW,GW,510,23,other_water_systems
1358,CA2210918,1,1,0,1,0,1,1,0,1,0,TAVIS CORPORATION,NTNCWS,GW,GW,50,5,other_water_systems
1359,CA2210924,0,0,0,0,0,0,0,0,0,0,YOSEMITE WEST WATER SYSTEM,CWS,GW,GW,420,185,other_water_systems
1360,CA2210925,11,3,2,2,1,1,1,1,1,1,YOSEMITE TERRACE ESTATES,CWS,GW,GW,130,53,other_water_systems
1361,CA2210926,0,0,0,1,1,0,0,0,1,1,YOSEMITE VIEW LODGE,NTNCWS,GW,GW,750,8,other_water_systems
1362,CA2210937,0,0,0,0,0,0,0,0,0,0,MARIPOSA COUNTY PUBLIC WORKS DEPARTMENT,NTNCWS,GW,GW,55,6,other_water_systems
1363,CA2300502,0,0,0,2,2,0,0,0,1,1,ALBION MUTUAL WATER COMPANY,CWS,GW,GW,56,27,other_water_systems
1364,CA2300506,0,0,0,2,2,0,0,0,1,1,MEADOW ESTATES MUTUAL,CWS,GW,GW,100,35,other_water_systems
1365,CA2300507,0,0,0,0,0,0,0,0,0,0,CALPELLA COUNTY WATER DISTRICT,CWS,SW,SWP,548,185,other_water_systems
1366,CA2300514,1,1,0,5,0,1,1,0,1,0,ELK COUNTY WATER DISTRICT,CWS,SW,GU,380,99,other_water_systems
1367,CA2300541,1,1,1,0,0,1,1,1,0,0,HERITAGE HOUSE,NTNCWS,SW,SW,50,66,other_water_systems
1368,CA2300545,0,0,0,2,2,0,0,0,1,1,SHORELANDS ROAD & WATER COMPANY,CWS,GW,GW,78,47,other_water_systems
1369,CA2300584,0,0,0,0,0,0,0,0,0,0,MENDOCINO SCHOOL DISTRICT- MENDOCINO,NTNCWS,GW,GW,579,15,other_water_systems
1370,CA2300590,6,6,6,0,0,1,1,1,0,0,SURFWOOD MUTUAL WATER CORPORATION,CWS,SW,SW,160,107,other_water_systems
1371,CA2300591,0,0,0,2,2,0,0,0,1,1,PINE MOUNTAIN MUTUAL WATER CO.,CWS,SW,SW,310,124,other_water_systems
1372,CA2300596,0,0,0,0,0,0,0,0,0,0,BIG RIVER VISTA MUTUAL WATER COMPANY,CWS,GW,GW,36,19,other_water_systems
1373,CA2300604,0,0,0,0,0,0,0,0,0,0,POINT OF VIEW MUTUAL WATER CO,CWS,GW,GW,56,31,other_water_systems
1374,CA2300605,0,0,0,2,2,0,0,0,1,1,RIVER ESTATES MUTUAL WATER COMPANY,CWS,GW,GW,250,83,other_water_systems
1375,CA2300606,0,0,0,11,6,0,0,0,1,1,LAKE VIEW MUTUAL WATER CO.,CWS,GW,GW,90,29,other_water_systems
1376,CA2300609,0,0,0,0,0,0,0,0,0,0,SEAFAIR ROAD AND WATER COMPANY,CWS,GW,GW,50,31,other_water_systems
1377,CA2300610,0,0,0,0,0,0,0,0,0,0,CASPAR SOUTH SERVICE COMPANY,CWS,SW,GU,188,95,other_water_systems
1378,CA2300617,0,0,0,0,0,0,0,0,0,0,LITTLE RIVER INN,NTNCWS,GW,GW,95,1,other_water_systems
1379,CA2300628,0,0,0,0,0,0,0,0,0,0,MENDOCINO HOTEL,NTNCWS,GW,GW,50,1,other_water_systems
1380,CA2300634,0,0,0,0,0,0,0,0,0,0,OCEAN'S EDGE ESTATES,CWS,GW,GW,250,71,other_water_systems
1381,CA2300644,1,1,1,1,0,1,1,1,1,0,WOODSIDE RV PARK,CWS,SW,GU,280,78,other_water_systems
1382,CA2300646,0,0,0,0,0,0,0,0,0,0,BELLA SHORES MOBILE HOME PARK,CWS,GW,GW,80,60,other_water_systems
1383,CA2300663,0,0,0,5,4,0,0,0,1,1,BRANSCOMB MOBILE HOME PARK,CWS,SW,SW,42,14,other_water_systems
1384,CA2300667,0,0,0,0,0,0,0,0,0,0,"WOODS, THE (MENDOCINO)",CWS,GW,GW,157,115,other_water_systems
1385,CA2300668,0,0,0,0,0,0,0,0,0,0,POINT CABRILLO HIGHLANDS,CWS,GW,GW,42,21,other_water_systems
1386,CA2300705,0,0,0,1,1,0,0,0,1,1,LITTLE LAKE MOBILE HOME PARK,CWS,GW,GW,38,20,other_water_systems
1387,CA2300708,0,0,0,0,0,0,0,0,0,0,RIDGEWOOD WATER SYSTEM,CWS,SW,GU,235,167,other_water_systems
1388,CA2300717,1,1,0,1,0,1,1,0,1,0,CREEKSIDE CABINS & RV RESORT,CWS,GW,GW,124,55,other_water_systems
1389,CA2300730,0,0,0,0,0,0,0,0,0,0,WESTPORT COUNTY WATER DISTRICT,CWS,SW,SW,369,78,other_water_systems
1390,CA2300731,1,1,0,1,0,1,1,0,1,0,"CITY OF 10,000 BUDDHAS",CWS,GW,GW,400,50,other_water_systems
1391,CA2300735,0,0,0,2,2,0,0,0,1,1,HOLLY RANCH VILLAGE,CWS,GW,GW,50,19,other_water_systems
1392,CA2300743,0,0,0,0,0,0,0,0,0,0,DOLPHIN ISLE MARINA,CWS,GW,GW,560,86,other_water_systems
1393,CA2300755,1,1,1,0,0,1,1,1,0,0,POTTER VALLEY SCHOOL DISTRICT,NTNCWS,GW,GW,309,36,other_water_systems
1394,CA2300764,0,0,0,0,0,0,0,0,0,0,ANDERSON VALLEY HIGH SCHOOL,NTNCWS,GW,GW,300,8,other_water_systems
1395,CA2300770,0,0,0,0,0,0,0,0,0,0,ANDERSON VALLEY ELEMENTARY SCHOOL,NTNCWS,GW,GW,350,11,other_water_systems
1396,CA2300785,0,0,0,3,3,0,0,0,1,1,LEGGETT VALLEY SCHOOL,NTNCWS,GW,GW,100,5,other_water_systems
1397,CA2300802,0,0,0,0,0,0,0,0,0,0,HARVEST AT MENDOSAS,NTNCWS,SW,GU,45,3,other_water_systems
1398,CA2300804,0,0,0,0,0,0,0,0,0,0,GREEN REAL ESTATE ENTERPRISES LLC,NTNCWS,GW,GW,108,5,other_water_systems
1399,CA2300826,0,0,0,0,0,0,0,0,0,0,MANCHESTER UNION ELEMENTARY SCHOOL,NTNCWS,GW,GW,75,1,other_water_systems
1400,CA2300829,0,0,0,0,0,0,0,0,0,0,ROUND VALLEY HIGH SCHOOL,NTNCWS,GW,GW,186,1,other_water_systems
1401,CA2300830,0,0,0,1,0,0,0,0,1,0,ROUND VALLEY ELEMENTARY SCHOOL,NTNCWS,GW,GW,289,1,other_water_systems
1402,CA2300832,0,0,0,0,0,0,0,0,0,0,HILLS RANCH MUTUAL WATER COMPANY,CWS,GW,GW,79,48,other_water_systems
1403,CA2300837,1,1,0,2,1,1,1,0,1,1,YOKAYO TRIBE OF INDIANS,CWS,GW,GW,75,23,other_water_systems
1404,CA2300838,0,0,0,0,0,0,0,0,0,0,FLIGHT RIDGE,NTNCWS,GW,GW,206,7,other_water_systems
1405,CA2300846,0,0,0,0,0,0,0,0,0,0,MENDOCINO SCHOOL DISTRICT-ALBION SCHOOL,NTNCWS,GW,GW,25,2,other_water_systems
1406,CA2300847,1,1,0,1,0,1,1,0,1,0,WHALE GULCH SCHOOL,NTNCWS,SW,SW,60,1,other_water_systems
1407,CA2300852,0,0,0,0,0,0,0,0,0,0,FETZER VINEYARDS,NTNCWS,GW,GW,136,13,other_water_systems
1408,CA2300863,0,0,0,0,0,0,0,0,0,0,EEL RIVER CHARTER SCHOOL,NTNCWS,GW,GW,73,1,other_water_systems
1409,CA2300874,0,0,0,6,1,0,0,0,1,1,MONTESSORI DEL MAR LEARNING CENTER,NTNCWS,GW,GW,50,3,other_water_systems
1410,CA2300879,0,0,0,0,0,0,0,0,0,0,RAY'S STATION WINERY,NTNCWS,GW,GW,171,3,other_water_systems
1411,CA2300892,0,0,0,0,0,0,0,0,0,0,COVELO MOBILE HOME PARK,CWS,GW,GW,30,30,other_water_systems
1412,CA2300901,0,0,0,0,0,0,0,0,0,0,ANDERSON VALLEY BREWING COMPANY,NTNCWS,GW,GW,152,4,other_water_systems
1413,CA2300906,0,0,0,0,0,0,0,0,0,0,I & E  LATH MILL,NTNCWS,GW,GW,31,1,other_water_systems
1414,CA2300907,0,0,0,0,0,0,0,0,0,0,ROEDERER ESTATE WINERY,NTNCWS,GW,GW,25,2,other_water_systems
1415,CA2301010,0,0,0,0,0,0,0,0,0,0,MENDOCINO PRESBYTERIAN CHURCH,NTNCWS,GW,GW,90,3,other_water_systems
1416,CA2310001,1,1,0,1,0,1,1,0,1,0,"FORT BRAGG, CITY OF",CWS,SW,SW,6983,2869,other_water_systems
1417,CA2310002,0,0,0,2,2,0,0,0,1,1,ROGINA WATER COMPANY INC.,CWS,GW,GW,2554,1001,other_water_systems
1418,CA2310003,0,0,0,0,0,0,0,0,0,0,"UKIAH, CITY OF",CWS,SW,SW,16607,4940,carceral_serving_water_system
1419,CA2310004,0,0,0,0,0,0,0,0,0,0,"WILLITS, CITY OF",CWS,SW,SW,6175,2393,other_water_systems
1420,CA2310005,0,0,0,3,2,0,0,0,1,1,WILLOW COUNTY WATER DISTRICT,CWS,SW,SWP,3797,1079,other_water_systems
1421,CA2310006,0,0,0,0,0,0,0,0,0,0,MILLVIEW COUNTY WATER DISTRICT,CWS,SW,SW,5500,1715,other_water_systems
1422,CA2310007,0,0,0,0,0,0,0,0,0,0,NORTH GUALALA WATER COMPANY,CWS,SW,SW,2593,1060,other_water_systems
1423,CA2310008,0,0,0,0,0,0,0,0,0,0,REDWOOD VALLEY COUNTY WATER DISTRICT,CWS,SW,SW,5200,1317,other_water_systems
1424,CA2310009,0,0,0,0,0,0,0,0,0,0,BROOKTRAILS TOWNSHIP CSD,CWS,SW,SW,3632,1554,other_water_systems
1425,CA2310010,0,0,0,4,2,0,0,0,1,1,HOPLAND PUBLIC UTILITY DISTRICT,CWS,GW,GW,1076,327,other_water_systems
1426,CA2310011,0,0,0,0,0,0,0,0,0,0,LAYTONVILLE COUNTY WATER DISTRICT,CWS,GW,GW,1152,419,other_water_systems
1427,CA2310012,1,1,0,1,0,1,1,0,1,0,IRISH BEACH WATER DISTRICT,CWS,SW,SW,254,206,other_water_systems
1428,CA2310013,0,0,0,1,1,0,0,0,1,1,POINT ARENA WATER WORKS,CWS,GW,GW,667,202,other_water_systems
1429,CA2310800,0,0,0,0,0,0,0,0,0,0,CDF-PARLIN FORK CONSERVATION CAMP,NTNCWS,SW,SW,120,8,carceral_water_system
1430,CA2310801,0,0,0,2,2,0,0,0,1,1,CDF-CHAMBERLAIN CREEK CONSERVATION CAMP,NTNCWS,SW,SW,110,12,other_water_systems
1431,CA2400011,24,24,24,0,0,1,1,1,0,0,DOLE ATWATER PLANT,NTNCWS,GW,GW,1500,2,other_water_systems
1432,CA2400013,4,4,4,0,0,1,1,1,0,0,SENSIENT NATURAL INGREDIENTS LLC,NTNCWS,GW,GW,350,4,other_water_systems
1433,CA2400046,1,1,0,1,0,1,1,0,1,0,BLACK RASCAL WATER COMPANY,CWS,GW,GW,367,131,other_water_systems
1434,CA2400051,0,0,0,0,0,0,0,0,0,0,LIBERTY PACKING COMPANY LLC,NTNCWS,GW,GW,1020,4,other_water_systems
1435,CA2400053,0,0,0,2,1,0,0,0,1,1,EL NIDO MOBILE HOME PARK,CWS,GW,GW,137,50,other_water_systems
1436,CA2400055,0,0,0,0,0,0,0,0,0,0,"SAPUTO DAIRY FOODS USA, LLC",NTNCWS,GW,GW,320,1,other_water_systems
1437,CA2400062,0,0,0,3,3,0,0,0,1,1,SNELLING MERCED FALLS SCHOOL,NTNCWS,GW,GW,67,4,other_water_systems
1438,CA2400064,0,0,0,1,1,0,0,0,1,1,MERQUIN ELEMENTARY SCHOOL,NTNCWS,GW,GW,284,2,other_water_systems
1439,CA2400065,5,5,5,0,0,1,1,1,0,0,PLAINSBURG ELEMENTARY SCHOOL,NTNCWS,GW,GW,122,5,other_water_systems
1440,CA2400066,1,1,0,1,0,1,1,0,1,0,PLANADA ELEMENTARYSCHOOL,NTNCWS,GW,GW,567,1,other_water_systems
1441,CA2400071,0,0,0,0,0,0,0,0,0,0,WASHINGTON SCHOOL,NTNCWS,GW,GW,330,6,other_water_systems
1442,CA2400075,0,0,0,0,0,0,0,0,0,0,EL NIDO ELEMENTARY SCHOOL,NTNCWS,GW,GW,219,2,other_water_systems
1443,CA2400076,0,0,0,0,0,0,0,0,0,0,HOPETON SCHOOL,NTNCWS,GW,GW,42,3,other_water_systems
1444,CA2400078,0,0,0,0,0,0,0,0,0,0,TURLOCK GOLF & COUNTRY CLUB,NTNCWS,GW,GW,350,7,other_water_systems
1445,CA2400079,24,24,24,0,0,1,1,1,0,0,MCSWAIN ELEMENTARY SCHOOL,NTNCWS,GW,GW,1055,26,other_water_systems
1446,CA2400084,18,18,18,0,0,1,1,1,0,0,EVERGREEN MOBILE HOME PARK,CWS,GW,GW,36,11,other_water_systems
1447,CA2400091,1,1,1,0,0,1,1,1,0,0,CHARLESTON SCHOOL,NTNCWS,GW,GW,325,1,other_water_systems
1448,CA2400097,6,6,6,0,0,1,1,1,0,0,CRESSEY SCHOOL,NTNCWS,GW,GW,155,7,other_water_systems
1449,CA2400099,10,10,10,0,0,1,1,1,0,0,GRACE MENNONITE SCHOOL,NTNCWS,GW,GW,100,2,other_water_systems
1450,CA2400113,14,14,14,0,0,1,1,1,0,0,SCHELBY SCHOOL,NTNCWS,GW,GW,290,9,other_water_systems
1451,CA2400122,0,0,0,5,5,0,0,0,1,1,LONGVIEW MENNONITE SCHOOL,NTNCWS,GW,GW,120,1,other_water_systems
1452,CA2400128,1,1,0,6,2,1,1,0,1,1,COUNTRY CLUB COUNTY WD,CWS,GW,GW,64,23,other_water_systems
1453,CA2400134,0,0,0,2,0,0,0,0,1,0,BUHACH PRESCHOOL (KINDERCARE),NTNCWS,GW,GW,118,3,other_water_systems
1454,CA2400139,0,0,0,0,0,0,0,0,0,0,YOSEMITE WHOLESALE,NTNCWS,GW,GW,285,3,other_water_systems
1455,CA2400148,0,0,0,0,0,0,0,0,0,0,MERCED ADVENTIST CHURCH WATER SYS.,NTNCWS,GW,GW,153,4,other_water_systems
1456,CA2400154,0,0,0,0,0,0,0,0,0,0,INGOMAR PACKING,NTNCWS,GW,GW,685,4,other_water_systems
1457,CA2400162,7,7,7,0,0,1,1,1,0,0,HUGHSON NUT INC. - LIVINGSTON,NTNCWS,GW,GW,146,8,other_water_systems
1458,CA2400165,0,0,0,1,0,0,0,0,1,0,FOSTER FARMS DELHI FEEDMILL COLLIER ROAD,NTNCWS,GW,GW,248,2,other_water_systems
1459,CA2400166,0,0,0,0,0,0,0,0,0,0,FOSTER FARMS CHICKEN LIVEHAUL (SYCAMORE,NTNCWS,GW,GW,103,1,other_water_systems
1460,CA2400167,18,18,18,0,0,1,1,1,0,0,BALLICO CSD,CWS,GW,GW,238,73,other_water_systems
1461,CA2400169,0,0,0,0,0,0,0,0,0,0,E & J GALLO WINERY,NTNCWS,GW,GW,288,6,other_water_systems
1462,CA2400170,0,0,0,0,0,0,0,0,0,0,HILMAR CHEESE COMPANY,NTNCWS,GW,GW,1629,4,other_water_systems
1463,CA2400172,0,0,0,4,4,0,0,0,1,1,JOHN LATORACCA CORRECTIONAL FACILITY,CWS,GW,GW,800,12,carceral_water_system
1464,CA2400175,0,0,0,0,0,0,0,0,0,0,THE MORNING STAR PACKING COMPANY,NTNCWS,GW,GW,650,7,other_water_systems
1465,CA2400196,0,0,0,0,0,0,0,0,0,0,HENRY MILLER RECLAMATION DISTRICT,NTNCWS,GW,GW,43,10,other_water_systems
1466,CA2400200,0,0,0,1,0,0,0,0,1,0,SAN JOAQUIN VALLEY NATIONAL CEMETERY,NTNCWS,SW,SW,30,4,other_water_systems
1467,CA2400201,1,1,0,2,1,1,1,0,1,1,VOLTA COMMUNITY SD,CWS,GW,GW,406,44,other_water_systems
1468,CA2400206,0,0,0,1,1,0,0,0,1,1,JOSEPH GALLO CHEESE CO.,NTNCWS,GW,GW,407,4,other_water_systems
1469,CA2400209,2,2,2,0,0,1,1,1,0,0,SAN LUIS HILLS,CWS,SW,SW,779,65,other_water_systems
1470,CA2400211,0,0,0,0,0,0,0,0,0,0,RYEL FAMILY TRUST,NTNCWS,GW,GW,54,4,other_water_systems
1471,CA2400216,0,0,0,0,0,0,0,0,0,0,CAL TRANS CHP CHOWCHILLA RIVER FACILITY,NTNCWS,GW,GW,25,1,other_water_systems
1472,CA2400218,6,6,6,1,0,1,1,1,1,0,FOSTER FARMS FERTILIZER PLANT,NTNCWS,GW,GW,25,1,other_water_systems
1473,CA2400219,0,0,0,0,0,0,0,0,0,0,MERCED NEW LIFE SCHOOL,NTNCWS,GW,GW,36,2,other_water_systems
1474,CA2400223,0,0,0,0,0,0,0,0,0,0,"MINTURN NUT CO., INC.",NTNCWS,GW,GW,130,2,other_water_systems
1475,CA2400226,0,0,0,0,0,0,0,0,0,0,HARRIS WOOLF ALMONDS-BALLICO,NTNCWS,GW,GW,65,3,other_water_systems
1476,CA2400231,0,0,0,1,1,0,0,0,1,1,"JOHN B. SANFILIPPO & SON, INC.",NTNCWS,GW,GW,120,1,other_water_systems
1477,CA2400232,17,17,17,0,0,1,1,1,0,0,"AV THOMAS PRODUCE, INC.",NTNCWS,GW,GW,206,4,other_water_systems
1478,CA2400248,0,0,0,0,0,0,0,0,0,0,YOSEMITE VALLEY BEEF PACKING CO INC,NTNCWS,GW,GW,56,5,other_water_systems
1479,CA2400255,0,0,0,0,0,0,0,0,0,0,CLASSIC YAM WATER SYSTEM,NTNCWS,GW,GW,114,4,other_water_systems
1480,CA2400329,0,0,0,0,0,0,0,0,0,0,HILLTOP RANCH-LOONEY ROAD,NTNCWS,GW,GW,45,3,other_water_systems
1481,CA2400330,0,0,0,0,0,0,0,0,0,0,HILLTOP RANCH - TURLOCK ROAD,NTNCWS,GW,GW,125,3,other_water_systems
1482,CA2400332,0,0,0,0,0,0,0,0,0,0,DASH DREAM PLANT,NTNCWS,GW,GW,34,3,other_water_systems
1483,CA2400335,14,14,14,2,1,1,1,1,1,1,OLIVARES FARMS WATER SYSTEM,NTNCWS,GW,GW,28,5,other_water_systems
1484,CA2400336,2,2,2,0,0,1,1,1,0,0,DOREVA PRODUCE,NTNCWS,GW,GW,56,8,other_water_systems
1485,CA2400339,0,0,0,0,0,0,0,0,0,0,SELECT HARVEST USA,NTNCWS,GW,GW,140,12,other_water_systems
1486,CA2400342,6,6,6,0,0,1,1,1,0,0,"SELECT HARVEST PARTNERS #1, LP",NTNCWS,GW,GW,60,3,other_water_systems
1487,CA2400343,3,3,3,0,0,1,1,1,0,0,GEMPERLE EGG RANCH,NTNCWS,GW,GW,55,3,other_water_systems
1488,CA2400345,3,3,3,0,0,1,1,1,0,0,JS WEST MILLING CO HILMAR RANCH,NTNCWS,GW,GW,67,3,other_water_systems
1489,CA2400347,0,0,0,0,0,0,0,0,0,0,CLAUSEN MEAT COMPANY,NTNCWS,GW,GW,50,3,other_water_systems
1490,CA2400348,0,0,0,0,0,0,0,0,0,0,CITY OF MERCED WWTP,NTNCWS,GW,GW,30,4,other_water_systems
1491,CA2410001,37,37,37,0,0,1,1,1,0,0,CITY OF ATWATER,CWS,GW,GW,29479,8400,carceral_serving_water_system
1492,CA2410002,17,17,17,1,1,1,1,1,1,1,CITY OF DOS PALOS,CWS,SW,SW,7452,2525,other_water_systems
1493,CA2410003,1,1,0,1,0,1,1,0,1,0,CITY OF GUSTINE,CWS,GW,GW,5945,1912,other_water_systems
1494,CA2410004,75,75,74,2,1,1,1,1,1,1,CITY OF LIVINGSTON,CWS,GW,GW,14894,3584,other_water_systems
1495,CA2410005,1,1,0,1,0,1,1,0,1,0,CITY OF LOS BANOS,CWS,GW,GW,47347,13484,other_water_systems
1496,CA2410006,0,0,0,0,0,0,0,0,0,0,DELHI CWD,CWS,GW,GW,7784,2423,other_water_systems
1497,CA2410007,1,1,0,1,0,1,1,0,1,0,PLANADA CSD,CWS,GW,GW,4164,1120,other_water_systems
1498,CA2410008,0,0,0,0,0,0,0,0,0,0,CAL AM - MEADOWBROOK,CWS,GW,GW,5656,1714,other_water_systems
1499,CA2410009,0,0,0,0,0,0,0,0,0,0,CITY OF MERCED,CWS,GW,GW,92058,24363,carceral_serving_water_system
1500,CA2410010,25,25,24,1,0,1,1,1,1,0,WINTON WATER & SANITARY DIST,CWS,GW,GW,9745,2719,other_water_systems
1501,CA2410011,6,6,5,1,0,1,1,1,1,0,LE GRAND COMM SERVICES DIST,CWS,GW,GW,1739,456,other_water_systems
1502,CA2410012,0,0,0,0,0,0,0,0,0,0,HILMAR COUNTY WATER DISTRICT,CWS,GW,GW,5504,1668,other_water_systems
1503,CA2410018,0,0,0,0,0,0,0,0,0,0,SANTA NELLA COUNTY WATER DISTRICT,CWS,SW,SW,2211,672,other_water_systems
1504,CA2410021,0,0,0,0,0,0,0,0,0,0,USFWS SAN LUIS NWR COMPLEX,NTNCWS,GW,GW,196,3,other_water_systems
1505,CA2410700,1,1,0,4,3,1,1,0,1,1,CASTLE AIRPORT,CWS,GW,GW,1650,134,other_water_systems
1506,CA2410950,4,4,4,0,0,1,1,1,0,0,DWR - SAN LUIS DIVISION O&M,NTNCWS,SW,SW,150,3,other_water_systems
1507,CA2500503,1,1,0,2,0,1,1,0,1,0,CALIFORNIA PINES C.S.D.,CWS,GW,GW,862,175,other_water_systems
1508,CA2500513,0,0,0,0,0,0,0,0,0,0,MODOC VINEYARD  ACADEMY,NTNCWS,GW,GW,53,1,other_water_systems
1509,CA2500547,0,0,0,0,0,0,0,0,0,0,MDF-ADIN RANGER STATION,NTNCWS,GW,GW,50,1,other_water_systems
1510,CA2500801,1,1,0,7,5,1,1,0,1,1,NEWELL COUNTY WATER DISTRICT,CWS,GW,GW,629,120,other_water_systems
1511,CA2500911,0,0,0,0,0,0,0,0,0,0,ISOT COMMUNITY WATER SYSTEM,CWS,GW,GW,118,55,other_water_systems
1512,CA2510001,1,1,0,2,0,1,1,0,1,0,CITY OF ALTURAS,CWS,GW,GW,2715,1481,carceral_serving_water_system
1513,CA2510002,0,0,0,2,0,0,0,0,1,0,CEDARVILLE COUNTY WATER DIST.,CWS,GW,GW,600,293,other_water_systems
1514,CA2510800,0,0,0,1,0,0,0,0,1,0,CAL FIRE-DEVIL'S GARDEN CAMP,NTNCWS,GW,GW,120,1,other_water_systems
1515,CA2600501,0,0,0,1,1,0,0,0,1,1,BIRCHIM COMMUNITY SERVICE DISTRICT,CWS,GW,GW,150,76,other_water_systems
1516,CA2600532,0,0,0,1,1,0,0,0,1,1,LUNDY MUTUAL WATER COMPANY,CWS,GW,GW,70,32,other_water_systems
1517,CA2600538,1,1,0,1,0,1,1,0,1,0,LOWER ROCK CREEK MUTUAL WATER CO.,CWS,GW,GW,310,112,other_water_systems
1518,CA2600546,0,0,0,0,0,0,0,0,0,0,CROWLEY LAKE MUTUAL WATER COMPANY,CWS,GW,GW,175,57,other_water_systems
1519,CA2600547,1,1,0,2,1,1,1,0,1,1,CROWLEY LAKE TRAILER PARK,CWS,GW,GW,230,108,other_water_systems
1520,CA2600568,0,0,0,0,0,0,0,0,0,0,EDNA BEAMAN ELEMENTARY SCHOOL,NTNCWS,GW,GW,26,3,other_water_systems
1521,CA2600570,0,0,0,0,0,0,0,0,0,0,COLEVILLE HIGH SCHOOL,NTNCWS,GW,GW,216,4,other_water_systems
1522,CA2600620,0,0,0,1,1,0,0,0,1,1,MOUNTAIN MEADOWS MWC,CWS,GW,GW,505,121,other_water_systems
1523,CA2600621,0,0,0,0,0,0,0,0,0,0,WHITE MOUNTAIN MUTUAL WATER COMPANY,CWS,GW,GW,142,43,other_water_systems
1524,CA2600622,11,11,10,1,0,1,1,1,1,0,SIERRA EAST HOA,CWS,GW,GW,84,30,other_water_systems
1525,CA2600624,0,0,0,0,0,0,0,0,0,0,MAMMOTH MOUNTAIN SKI AREA - OUTPOST 14,NTNCWS,GW,GW,7736,25,other_water_systems
1526,CA2600699,0,0,0,0,0,0,0,0,0,0,CHALFANT VALLEY WEST M.W.C.,CWS,GW,GW,45,15,other_water_systems
1527,CA2600714,0,0,0,2,2,0,0,0,1,1,WHEELER CREST CSD,CWS,GW,GW,86,43,other_water_systems
1528,CA2600733,0,0,0,0,0,0,0,0,0,0,COLD WATER CANYON MWC,CWS,GW,GW,65,20,other_water_systems
1529,CA2610001,0,0,0,0,0,0,0,0,0,0,MAMMOTH CWD,CWS,SW,SW,8234,3452,other_water_systems
1530,CA2610002,1,1,0,2,1,1,1,0,1,1,JUNE LAKE PUD VILLAGE,CWS,SW,SW,2763,294,other_water_systems
1531,CA2610003,1,1,0,3,2,1,1,0,1,1,BRIDGEPORT PUD,CWS,GW,GW,851,260,carceral_serving_water_system
1532,CA2610004,3,3,2,1,0,1,1,1,1,0,JUNE LAKE PUD - DOWN CANYON,CWS,SW,SW,2810,388,other_water_systems
1533,CA2610005,0,0,0,0,0,0,0,0,0,0,LEE VINING PUBLIC UTILITY DISTRICT,CWS,GW,GW,672,68,other_water_systems
1534,CA2610700,0,0,0,0,0,0,0,0,0,0,USMC/MTN WARFARE TRNG CTR - BRIDGEPORT,CWS,GW,GW,1200,30,other_water_systems
1535,CA2610701,0,0,0,0,0,0,0,0,0,0,USMC - HOUSING COLEVILLE,CWS,GW,GW,424,116,other_water_systems
1536,CA2700014,0,0,0,0,0,0,0,0,0,0,SPENCE RD CULTIVATION WS,NTNCWS,GW,GW,25,1,other_water_systems
1537,CA2700032,0,0,0,0,0,0,0,0,0,0,RIVERVIEW FARMS WS,NTNCWS,GW,GW,40,1,other_water_systems
1538,CA2700101,1,1,0,7,6,1,1,0,1,1,PACIFIC RESERVE NURSERY WS,NTNCWS,GW,GW,25,1,other_water_systems
1539,CA2700147,0,0,0,1,1,0,0,0,1,1,FLRISH FARMS WS,NTNCWS,GW,GW,150,10,other_water_systems
1540,CA2700156,0,0,0,4,4,0,0,0,1,1,ONITSUKA BROTHERS WS,NTNCWS,GW,GW,50,3,other_water_systems
1541,CA2700503,1,1,0,1,0,1,1,0,1,0,ASSISI MWC,CWS,GW,GW,126,42,other_water_systems
1542,CA2700509,1,1,0,1,0,1,1,0,1,0,OAK MANOR WS,CWS,GW,GW,92,28,other_water_systems
1543,CA2700511,0,0,0,0,0,0,0,0,0,0,PSMCSD - NORMCO,CWS,GW,GW,928,273,other_water_systems
1544,CA2700518,10,10,10,0,0,1,1,1,0,0,WATSONVILLE PRODUCE INC,NTNCWS,GW,GW,98,4,other_water_systems
1545,CA2700522,0,0,0,0,0,0,0,0,0,0,CABANA HOLIDAY WS,CWS,GW,GW,400,146,other_water_systems
1546,CA2700523,0,0,0,22,22,0,0,0,1,1,CALERA CANYON HEIGHTS HOA,CWS,GW,GW,40,17,other_water_systems
1547,CA2700534,2,2,2,0,0,1,1,1,0,0,COLONIAL OAK WC INC,CWS,GW,GW,198,66,other_water_systems
1548,CA2700535,0,0,0,1,1,0,0,0,1,1,JOST POST WA,CWS,GW,GW,56,20,other_water_systems
1549,CA2700536,18,18,18,0,0,1,1,1,0,0,CORRAL DE TIERRA ESTATES WC,CWS,GW,GW,45,16,other_water_systems
1550,CA2700541,0,0,0,0,0,0,0,0,0,0,DEL MONTE FARMS RD WS #03,CWS,GW,GW,55,16,other_water_systems
1551,CA2700547,0,0,0,0,0,0,0,0,0,0,DESMOND RD WS #03,CWS,GW,GW,56,17,other_water_systems
1552,CA2700548,0,0,0,0,0,0,0,0,0,0,DOLAN RD MWC,CWS,GW,GW,120,40,other_water_systems
1553,CA2700552,8,8,8,0,0,1,1,1,0,0,ECHO VALLEY SCHOOL WS,NTNCWS,GW,GW,579,1,other_water_systems
1554,CA2700558,4,4,4,10,10,1,1,1,1,1,PENTECOSTAL WS,NTNCWS,GW,GW,29,2,other_water_systems
1555,CA2700577,0,0,0,0,0,0,0,0,0,0,ELKHORN SCHOOL WS,NTNCWS,GW,GW,694,1,other_water_systems
1556,CA2700579,10,10,10,0,0,1,1,1,0,0,ELKHORN RD WS #04,CWS,GW,GW,60,20,other_water_systems
1557,CA2700586,0,0,0,0,0,0,0,0,0,0,GABILAN WC,CWS,GW,GW,535,162,other_water_systems
1558,CA2700589,1,1,0,1,0,1,1,0,1,0,GLENN AVE WS #01,CWS,GW,GW,73,26,other_water_systems
1559,CA2700592,0,0,0,2,2,0,0,0,1,1,HARRISON RD WS #01,NTNCWS,GW,GW,40,4,other_water_systems
1560,CA2700594,1,1,0,5,4,1,1,0,1,1,HIDDEN VALLEY WA,CWS,GW,GW,174,32,other_water_systems
1561,CA2700606,0,0,0,0,0,0,0,0,0,0,HIDDEN VIEWS MHP WS,CWS,GW,GW,65,31,other_water_systems
1562,CA2700612,18,18,18,0,0,1,1,1,0,0,LAGUNA SECA WC,CWS,GW,GW,162,58,other_water_systems
1563,CA2700622,0,0,0,0,0,0,0,0,0,0,OUTLOOK WA,CWS,GW,GW,35,18,other_water_systems
1564,CA2700624,1,1,0,1,0,1,1,0,1,0,LEAFWOOD COMMUNITY WA,CWS,GW,GW,59,21,other_water_systems
1565,CA2700629,0,0,0,0,0,0,0,0,0,0,MANZANITA HILLS WA,CWS,GW,GW,75,31,other_water_systems
1566,CA2700634,0,0,0,0,0,0,0,0,0,0,CHETMOORE ACRES WA,CWS,GW,GW,59,23,other_water_systems
1567,CA2700638,0,0,0,16,16,0,0,0,1,1,MAHER RD WS #05,CWS,GW,GW,48,17,other_water_systems
1568,CA2700656,1,1,0,7,6,1,1,0,1,1,MORO COJO MWA,CWS,GW,GW,67,19,other_water_systems
1569,CA2700662,1,1,0,1,0,1,1,0,1,0,MURPHY HILL WS #01,CWS,GW,GWP,65,24,other_water_systems
1570,CA2700663,1,1,0,7,6,1,1,0,1,1,MURPHY HILL WS #02,CWS,GW,GW,66,13,other_water_systems
1571,CA2700665,10,10,10,0,0,1,1,1,0,0,OAK HEIGHTS W & R CO INC,CWS,GW,GW,105,35,other_water_systems
1572,CA2700669,0,0,0,0,0,0,0,0,0,0,ORCHARD LN WS #02,CWS,GW,GW,32,16,other_water_systems
1573,CA2700674,0,0,0,0,0,0,0,0,0,0,PARADISE LAKE MUTUAL WATER CO.,CWS,GW,GW,180,76,other_water_systems
1574,CA2700678,0,0,0,0,0,0,0,0,0,0,PARADISE RD WS #05,CWS,GW,GW,42,15,other_water_systems
1575,CA2700682,1,1,0,1,0,1,1,0,1,0,PARADISE RD WS #09,CWS,GW,GW,206,17,other_water_systems
1576,CA2700686,1,1,0,1,0,1,1,0,1,0,GARLEN COURT WS,CWS,GW,GW,65,17,other_water_systems
1577,CA2700687,0,0,0,0,0,0,0,0,0,0,PESANTE RD WS #02,CWS,GW,GW,120,40,other_water_systems
1578,CA2700691,1,1,0,1,0,1,1,0,1,0,PESANTE RD WS #06,CWS,GW,GW,50,16,other_water_systems
1579,CA2700702,2,2,2,0,0,1,1,1,0,0,PRUNEDALE MWC,CWS,GW,GW,277,84,other_water_systems
1580,CA2700703,0,0,0,0,0,0,0,0,0,0,CALVARY CHURCH INC WS,NTNCWS,GW,GW,68,5,other_water_systems
1581,CA2700705,0,0,0,0,0,0,0,0,0,0,PRUNEDALE SCHOOL WS,NTNCWS,GW,GW,655,1,other_water_systems
1582,CA2700709,0,0,0,6,6,0,0,0,1,1,RANCHO BORROMEO MWS,CWS,GW,GW,100,36,other_water_systems
1583,CA2700713,0,0,0,6,6,0,0,0,1,1,ROLLING HILLS RANCHO WA,CWS,SW,GU,184,56,other_water_systems
1584,CA2700727,1,1,1,0,0,1,1,1,0,0,SAN ANTONIO SCHOOL DISTRICT WS,NTNCWS,GW,GW,300,1,other_water_systems
1585,CA2700728,1,1,0,1,0,1,1,0,1,0,SAN ARDO WD,CWS,GW,GW,575,161,other_water_systems
1586,CA2700731,0,0,0,0,0,0,0,0,0,0,Z RANCH MWC,CWS,GW,GW,62,27,other_water_systems
1587,CA2700733,0,0,0,0,0,0,0,0,0,0,SAN JUAN RD WS #01,CWS,GW,GW,49,15,other_water_systems
1588,CA2700738,1,1,1,2,2,1,1,1,1,1,SAN MIGUEL WS #01,CWS,GW,GW,100,34,other_water_systems
1589,CA2700740,0,0,0,6,6,0,0,0,1,1,SAN MIGUEL WS #03,CWS,GW,GWP,45,16,other_water_systems
1590,CA2700766,0,0,0,0,0,0,0,0,0,0,STRAWBERRY RD WS #06,CWS,GW,GW,78,27,other_water_systems
1591,CA2700771,28,28,28,0,0,1,1,1,0,0,PSMCSD - SPRINGFIELD WS,CWS,GW,GW,200,34,other_water_systems
1592,CA2700772,5,5,5,0,0,1,1,1,0,0,STRUVE RD WS #02,CWS,GW,GW,166,105,other_water_systems
1593,CA2700773,0,0,0,0,0,0,0,0,0,0,PSMCSD - SUNNY MESA,CWS,GW,GW,880,268,other_water_systems
1594,CA2700775,0,0,0,22,22,0,0,0,1,1,TIERRA VERDE MWC,CWS,GW,GW,48,16,other_water_systems
1595,CA2700787,0,0,0,0,0,0,0,0,0,0,PSMCSD - VEGA RD WS,CWS,GW,GW,438,126,other_water_systems
1596,CA2700792,0,0,0,0,0,0,0,0,0,0,SUMMERHILL MHP WS,CWS,GW,GW,95,34,other_water_systems
1597,CA2700799,0,0,0,7,7,0,0,0,1,1,VISTA DEL TORO WS,CWS,GW,GW,92,28,other_water_systems
1598,CA2700837,0,0,0,0,0,0,0,0,0,0,BLACKIE RD WS #05,CWS,GW,GW,78,16,other_water_systems
1599,CA2700838,5,5,4,1,0,1,1,1,1,0,SPRING CANYON WA,CWS,GW,GW,90,33,other_water_systems
1600,CA2700842,0,0,0,0,0,0,0,0,0,0,BAUMANN RD WS #01,CWS,GW,GW,40,17,other_water_systems
1601,CA2700850,0,0,0,0,0,0,0,0,0,0,ALTMAN PLANTS WS #03 - ESPINOSA 303,NTNCWS,GW,GW,110,3,other_water_systems
1602,CA2700853,0,0,0,0,0,0,0,0,0,0,ALTMAN PLANTS WS #04 -ESP 420 (PREV CS1),NTNCWS,GW,GW,250,4,other_water_systems
1603,CA2700856,2,2,2,0,0,1,1,1,0,0,ALTMAN PLANTS WS #01 - SPENCE 20460,NTNCWS,GW,GW,25,5,other_water_systems
1604,CA2700875,1,1,0,3,2,1,1,0,1,1,PAJARO VALLEY GREENHOUSE WS,NTNCWS,GW,GW,80,1,other_water_systems
1605,CA2700964,0,0,0,4,4,0,0,0,1,1,BRADLEY UNION SCHOOL WS,NTNCWS,GW,GW,100,1,other_water_systems
1606,CA2700970,0,0,0,2,2,0,0,0,1,1,ROYAL SIERRA ESTATES WS,CWS,GW,GW,36,19,other_water_systems
1607,CA2700998,1,1,0,7,6,1,1,0,1,1,BUD ANTLE MARINA WS,NTNCWS,GW,GW,151,4,other_water_systems
1608,CA2701034,1,1,0,2,1,1,1,0,1,1,APPLE AVE WS #02,CWS,GW,GW,75,18,other_water_systems
1609,CA2701040,11,11,11,0,0,1,1,1,0,0,MCCOY RD  WS #05,CWS,GW,GW,92,24,other_water_systems
1610,CA2701046,0,0,0,18,18,0,0,0,1,1,CAMPHORA APARTMENTS,CWS,GW,GW,126,42,other_water_systems
1611,CA2701063,18,18,17,2,1,1,1,1,1,1,RIVER RD WS #25,CWS,GW,GW,65,19,other_water_systems
1612,CA2701068,0,0,0,0,0,0,0,0,0,0,IVERSON & JACKS APTS WS,CWS,GW,GW,86,31,other_water_systems
1613,CA2701152,0,0,0,6,6,0,0,0,1,1,FLORICULTURA PACIFIC WS,NTNCWS,GW,GW,82,2,other_water_systems
1614,CA2701153,1,1,0,1,0,1,1,0,1,0,GROWERS TRANSPLANTING WS,NTNCWS,GW,GW,58,1,other_water_systems
1615,CA2701171,0,0,0,2,2,0,0,0,1,1,CHEVRON OIL FIELD WS,NTNCWS,GW,GW,35,1,other_water_systems
1616,CA2701172,0,0,0,6,6,0,0,0,1,1,WILDHORSE CAFE WS,NTNCWS,GW,GW,367,6,other_water_systems
1617,CA2701187,0,0,0,0,0,0,0,0,0,0,AERA ENERGY LLC WS,NTNCWS,GW,GW,79,11,other_water_systems
1618,CA2701202,0,0,0,0,0,0,0,0,0,0,CAL AM WATER COMPANY - CHUALAR,CWS,GW,GW,1139,192,other_water_systems
1619,CA2701214,1,1,0,5,4,1,1,0,1,1,FIRESTONE BUSINESS PARK WS,NTNCWS,GW,GW,154,50,other_water_systems
1620,CA2701221,22,22,22,0,0,1,1,1,0,0,WASHINGTON  SCHOOL WS,NTNCWS,GW,GW,250,2,other_water_systems
1621,CA2701231,0,0,0,6,6,0,0,0,1,1,PRUNEDALE SHOPPING CENTER WS,NTNCWS,GW,GW,1650,45,other_water_systems
1622,CA2701241,27,27,26,1,0,1,1,1,1,0,ENCINAL RD WS #01,CWS,GW,GW,91,9,other_water_systems
1623,CA2701254,0,0,0,0,0,0,0,0,0,0,CARMEL RIVIERA MWC,CWS,SW,SW,584,176,other_water_systems
1624,CA2701257,0,0,0,0,0,0,0,0,0,0,CAL AM WATER COMPANY - GARRAPATA,CWS,SW,GU,30,43,other_water_systems
1625,CA2701263,0,0,0,0,0,0,0,0,0,0,PARTINGTON MWC,CWS,SW,SW,35,26,other_water_systems
1626,CA2701278,0,0,0,0,0,0,0,0,0,0,RANCHO CHAPARRAL MWC,CWS,SW,GU,58,20,other_water_systems
1627,CA2701279,0,0,0,6,6,0,0,0,1,1,COASTLANDS MWS (POST CREEK),CWS,SW,SW,129,32,other_water_systems
1628,CA2701280,0,0,0,7,7,0,0,0,1,1,NEPENTHE WS,CWS,SW,SW,550,11,other_water_systems
1629,CA2701295,0,0,0,0,0,0,0,0,0,0,ESALEN INSTITUTE WS,CWS,SW,SW,246,42,other_water_systems
1630,CA2701355,0,0,0,0,0,0,0,0,0,0,PRINCES CAMP RESORT WS,CWS,GW,GW,126,55,other_water_systems
1631,CA2701364,0,0,0,0,0,0,0,0,0,0,PEDRAZZI MWC,CWS,GW,GW,273,96,other_water_systems
1632,CA2701367,0,0,0,0,0,0,0,0,0,0,TIERRA MEADOWS HOA WS,CWS,GW,GW,58,21,other_water_systems
1633,CA2701403,0,0,0,0,0,0,0,0,0,0,PINE ST WS #01,CWS,GW,GW,36,17,other_water_systems
1634,CA2701423,0,0,0,0,0,0,0,0,0,0,ECHO VALLEY RD WS #05,CWS,GW,GW,45,16,other_water_systems
1635,CA2701452,0,0,0,1,1,0,0,0,1,1,MONTEREY DUNES MWA,CWS,GW,GW,243,124,other_water_systems
1636,CA2701498,1,1,0,1,0,1,1,0,1,0,HARBOR VIEW WA,CWS,GW,GW,75,29,other_water_systems
1637,CA2701503,0,0,0,0,0,0,0,0,0,0,MESA DEL TORO MWC,CWS,GW,GW,90,35,other_water_systems
1638,CA2701515,0,0,0,0,0,0,0,0,0,0,PSMCSD - MOSS LANDING HARBOR WS,CWS,GW,GW,520,144,other_water_systems
1639,CA2701550,0,0,0,0,0,0,0,0,0,0,GOLDEN STATE VINTNERS WS,NTNCWS,GW,GW,70,1,other_water_systems
1640,CA2701553,1,1,0,1,0,1,1,0,1,0,POND-DEROSA OAKS WC,CWS,GW,GW,216,75,other_water_systems
1641,CA2701570,0,0,0,0,0,0,0,0,0,0,LOS CARNEROS MWA,CWS,GW,GW,105,25,other_water_systems
1642,CA2701579,0,0,0,0,0,0,0,0,0,0,CAMPHORA STATION WS,NTNCWS,GW,GW,25,2,other_water_systems
1643,CA2701589,1,1,0,1,0,1,1,0,1,0,SUNNY ACRES MWS,CWS,GW,GW,45,15,other_water_systems
1644,CA2701633,1,1,0,1,0,1,1,0,1,0,PARADISE RD WS #21,CWS,GW,GW,48,16,other_water_systems
1645,CA2701647,0,0,0,0,0,0,0,0,0,0,GREEN ACRES WA,CWS,GW,GW,56,20,other_water_systems
1646,CA2701658,0,0,0,0,0,0,0,0,0,0,ARROYO CENTER WC,CWS,SW,GU,130,60,other_water_systems
1647,CA2701659,0,0,0,7,7,0,0,0,1,1,CHAMISAL WA,NTNCWS,GW,GW,396,20,other_water_systems
1648,CA2701670,0,0,0,0,0,0,0,0,0,0,PSMCSD - LANGLEY/VALLE PACIFICO WS,CWS,GW,GW,81,32,other_water_systems
1649,CA2701676,2,1,1,3,1,1,1,1,1,1,SAN LUCAS COUNTY WATER DISTRICT,CWS,GW,GW,315,94,other_water_systems
1650,CA2701679,1,1,0,5,4,1,1,0,1,1,SPRECKELS LN WS #02,NTNCWS,GW,GW,31,1,other_water_systems
1651,CA2701683,0,0,0,0,0,0,0,0,0,0,MOSS LANDING MWC,NTNCWS,GW,GW,260,3,other_water_systems
1652,CA2701687,0,0,0,0,0,0,0,0,0,0,VALLEY OAKS MHP WS,CWS,GW,GW,128,46,other_water_systems
1653,CA2701701,0,0,0,0,0,0,0,0,0,0,BRADLEY-LOCKWOOD RD WS,CWS,GW,GW,25,16,other_water_systems
1654,CA2701705,0,0,0,1,1,0,0,0,1,1,TASSAJARA SPRINGS WS,CWS,SW,GU,150,70,other_water_systems
1655,CA2701726,6,6,6,0,0,1,1,1,0,0,SPENCE RD WS #05,NTNCWS,GW,GW,25,4,other_water_systems
1656,CA2701731,1,1,0,1,0,1,1,0,1,0,BRANDON CREEK MWS,CWS,SW,SW,41,26,other_water_systems
1657,CA2701740,0,0,0,0,0,0,0,0,0,0,BLUFFS WS,CWS,GW,GW,120,44,other_water_systems
1658,CA2701742,0,0,0,0,0,0,0,0,0,0,CALIFORNIA ORCHARD WS,CWS,GW,GW,150,50,other_water_systems
1659,CA2701789,0,0,0,0,0,0,0,0,0,0,HOLLY HILLS MWC,CWS,GW,GWP,108,27,other_water_systems
1660,CA2701800,0,0,0,0,0,0,0,0,0,0,TULARCITOS MWC,CWS,GW,GW,90,46,other_water_systems
1661,CA2701820,6,6,5,7,6,1,1,1,1,1,CORDA RD WS,CWS,GW,GW,54,19,other_water_systems
1662,CA2701822,0,0,0,13,13,0,0,0,1,1,ROBLEY PROPERTY MWS,CWS,GW,GW,92,33,other_water_systems
1663,CA2701837,2,2,1,1,0,1,1,1,1,0,MERIDIAN RD WS #09,NTNCWS,GW,GW,37,5,other_water_systems
1664,CA2701876,0,0,0,6,6,0,0,0,1,1,MUSHROOM FARMS WS,NTNCWS,GW,GW,25,1,other_water_systems
1665,CA2701888,0,0,0,5,5,0,0,0,1,1,CACHAGUA MUTUAL WS (#4),CWS,GW,GW,55,24,other_water_systems
1666,CA2701897,0,0,0,0,0,0,0,0,0,0,BERRY DR WS #02,CWS,GW,GW,50,19,other_water_systems
1667,CA2701898,0,0,0,0,0,0,0,0,0,0,CLEAR RIDGE WA,CWS,SW,GU,123,41,other_water_systems
1668,CA2701904,0,0,0,0,0,0,0,0,0,0,SAN JERARDO COOP WS,CWS,GW,GW,249,134,other_water_systems
1669,CA2701906,0,0,0,12,12,0,0,0,1,1,LAKE SAN ANTONIO PARK WS,CWS,SW,SW,84,30,other_water_systems
1670,CA2701912,0,0,0,22,22,0,0,0,1,1,SPRECKELS LN WS #03,NTNCWS,GW,GW,45,5,other_water_systems
1671,CA2701918,0,0,0,6,6,0,0,0,1,1,LOMAS DEL SOL MWS,CWS,GW,GW,93,32,other_water_systems
1672,CA2701922,1,1,0,1,0,1,1,0,1,0,NATIVIDAD RD WS #02,NTNCWS,GW,GW,35,3,other_water_systems
1673,CA2701926,16,16,16,0,0,1,1,1,0,0,MORO RD WS #09,CWS,GW,GW,210,65,other_water_systems
1674,CA2701929,0,0,0,0,0,0,0,0,0,0,CWSC COUNTRY MEADOWS,CWS,GW,GW,621,107,other_water_systems
1675,CA2701931,0,0,0,0,0,0,0,0,0,0,MATSUI NURSERY WS,NTNCWS,GW,GW,165,1,other_water_systems
1676,CA2701935,0,0,0,0,0,0,0,0,0,0,MOUNT TORO RANCHOS MWA,CWS,GW,GW,45,15,other_water_systems
1677,CA2701940,0,0,0,6,6,0,0,0,1,1,MONTEREY MUSHROOMS WS,NTNCWS,GW,GW,554,18,other_water_systems
1678,CA2701946,0,0,0,6,6,0,0,0,1,1,MISIONERO VEGETABLES WS,NTNCWS,GW,GW,60,3,other_water_systems
1679,CA2701956,0,0,0,0,0,0,0,0,0,0,PIONEER PLACE MWS,CWS,GW,GW,64,22,other_water_systems
1680,CA2701959,1,1,0,1,0,1,1,0,1,0,TIERRA VISTA MWC,CWS,GW,GW,54,18,other_water_systems
1681,CA2702003,1,1,1,0,0,1,1,1,0,0,VIERRA MEADOWS MWC,CWS,GW,GW,65,25,other_water_systems
1682,CA2702004,0,0,0,0,0,0,0,0,0,0,CAL AM WATER COMPANY - RALPH LANE,CWS,GW,GW,96,27,other_water_systems
1683,CA2702007,3,3,3,0,0,1,1,1,0,0,PSMCSD - VIERRA ESTATES WS,CWS,GW,GW,164,48,other_water_systems
1684,CA2702009,20,20,19,2,1,1,1,1,1,1,LAGUNA SECA RECREATION WS,NTNCWS,GW,GW,1248,1,other_water_systems
1685,CA2702026,0,0,0,0,0,0,0,0,0,0,APRICOT LN WS,CWS,GW,GW,53,16,other_water_systems
1686,CA2702050,0,0,0,0,0,0,0,0,0,0,CHURCH OF THE GOOD SHEPHERD WS,NTNCWS,GW,GW,50,1,other_water_systems
1687,CA2702055,1,1,0,1,0,1,1,0,1,0,VIERRA KNOLLS MWC,CWS,GW,GW,66,22,other_water_systems
1688,CA2702073,1,1,0,1,0,1,1,0,1,0,SAN MIGUEL WS #22,CWS,GW,GW,93,31,other_water_systems
1689,CA2702094,0,0,0,0,0,0,0,0,0,0,PSMCSD - BLACKIE RD WS,CWS,GW,GW,60,21,other_water_systems
1690,CA2702110,0,0,0,0,0,0,0,0,0,0,DELANY WC,CWS,GW,GW,60,17,other_water_systems
1691,CA2702121,0,0,0,0,0,0,0,0,0,0,ROSEHART INDUSTRIAL PARK WS,NTNCWS,GW,GW,28,13,other_water_systems
1692,CA2702135,1,1,0,1,0,1,1,0,1,0,FOOTHILL WA,CWS,GW,GW,46,14,other_water_systems
1693,CA2702140,0,0,0,8,8,0,0,0,1,1,WOODSIDE WA,CWS,GW,GW,73,26,other_water_systems
1694,CA2702148,0,0,0,0,0,0,0,0,0,0,ASOLEADO MWC,CWS,GW,GW,101,36,other_water_systems
1695,CA2702163,1,1,1,0,0,1,1,1,0,0,HILLTOP MWA,NTNCWS,GW,GW,50,6,other_water_systems
1696,CA2702172,0,0,0,0,0,0,0,0,0,0,STONEPINE RESORT WS,NTNCWS,SW,GU,66,7,other_water_systems
1697,CA2702180,1,1,0,1,0,1,1,0,1,0,GRAVES SCHOOL WS,NTNCWS,GW,GW,56,1,other_water_systems
1698,CA2702198,0,0,0,0,0,0,0,0,0,0,FOOTHILL ESTATES WS,CWS,GW,GW,183,41,other_water_systems
1699,CA2702202,0,0,0,0,0,0,0,0,0,0,GROWERS COMPANY INC WS,NTNCWS,GW,GW,200,6,other_water_systems
1700,CA2702254,1,1,0,2,1,1,1,0,1,1,PACIFIC VALLEY SCHOOL WS,NTNCWS,GW,GW,25,5,other_water_systems
1701,CA2702256,0,0,0,0,0,0,0,0,0,0,NORTH SHORE ESTATES  WS,CWS,GW,GW,60,33,other_water_systems
1702,CA2702259,12,12,12,0,0,1,1,1,0,0,LHOIST NORTH AMERICA WS,NTNCWS,GW,GW,49,1,other_water_systems
1703,CA2702268,0,0,0,6,6,0,0,0,1,1,NEW CAMALDOLI HERMITAGE WS,CWS,GW,GW,44,48,other_water_systems
1704,CA2702293,0,0,0,0,0,0,0,0,0,0,ROD MCLELLAN BOTANICALS WS,NTNCWS,GW,GW,69,6,other_water_systems
1705,CA2702296,0,0,0,0,0,0,0,0,0,0,CAPURRO & SON  WS,NTNCWS,GW,GW,65,1,other_water_systems
1706,CA2702299,0,0,0,0,0,0,0,0,0,0,POST RANCH INN WS,CWS,GW,GW,416,58,other_water_systems
1707,CA2702315,0,0,0,16,16,0,0,0,1,1,CORRAL DE TIERRA COUNTRY CLUB WS,NTNCWS,GW,GW,705,1,other_water_systems
1708,CA2702317,0,0,0,0,0,0,0,0,0,0,MISSION SCHOOL WS,NTNCWS,GW,GW,100,1,other_water_systems
1709,CA2702320,0,0,0,0,0,0,0,0,0,0,HITCHCOCK RD WS #01,CWS,GW,GW,175,13,other_water_systems
1710,CA2702322,0,0,0,0,0,0,0,0,0,0,CAPTAIN COOPER SCHOOL WS,NTNCWS,SW,GU,95,1,other_water_systems
1711,CA2702323,1,1,0,1,0,1,1,0,1,0,DEETJEN'S BIG SUR INN WS,NTNCWS,SW,SW,35,8,other_water_systems
1712,CA2702325,0,0,0,10,10,0,0,0,1,1,FERNWOOD WS,CWS,SW,GU,133,12,other_water_systems
1713,CA2702328,0,0,0,0,0,0,0,0,0,0,VENTANA BIG SUR INN WS,CWS,SW,SW,193,26,other_water_systems
1714,CA2702336,1,1,0,1,0,1,1,0,1,0,MONTEREY BAY NURSERY WS,NTNCWS,GW,GW,61,3,other_water_systems
1715,CA2702368,0,0,0,0,0,0,0,0,0,0,PRUNETREE SHOPPING CENTER WS,NTNCWS,GW,GW,2000,41,other_water_systems
1716,CA2702370,0,0,0,6,6,0,0,0,1,1,SPCA WS,NTNCWS,GW,GW,135,8,other_water_systems
1717,CA2702373,0,0,0,0,0,0,0,0,0,0,PHENEGER CREEK WS,NTNCWS,SW,GU,256,2,other_water_systems
1718,CA2702374,1,1,0,1,0,1,1,0,1,0,COUNTRYSIDE ESTATES MWC,CWS,GW,GW,243,17,other_water_systems
1719,CA2702388,0,0,0,6,6,0,0,0,1,1,ROYAL OAK PLACE WS,CWS,GW,GW,60,20,other_water_systems
1720,CA2702405,17,17,17,0,0,1,1,1,0,0,JENSEN MHP WS,CWS,GW,GW,129,39,other_water_systems
1721,CA2702409,10,10,9,1,0,1,1,1,1,0,EL CAMINO WC INC,CWS,GW,GW,133,21,other_water_systems
1722,CA2702412,0,0,0,0,0,0,0,0,0,0,DOLE FRESH VEGETABLES WS,NTNCWS,GW,GW,900,1,other_water_systems
1723,CA2702431,0,0,0,0,0,0,0,0,0,0,FOOTHILL RD WS #01,NTNCWS,GW,GW,25,4,other_water_systems
1724,CA2702439,0,0,0,0,0,0,0,0,0,0,WOODLAND HEIGHTS MWC,CWS,GW,GW,57,37,other_water_systems
1725,CA2702452,0,0,0,0,0,0,0,0,0,0,EL CAMINO MACHINE & WELDING WS,NTNCWS,GW,GW,25,3,other_water_systems
1726,CA2702453,7,7,7,0,0,1,1,1,0,0,MARINA LANDFILL WS,NTNCWS,GW,GW,55,5,other_water_systems
1727,CA2702456,0,0,0,0,0,0,0,0,0,0,MONTEREY ONE WATER (FORMERLY MRWPCA),NTNCWS,GW,GW,73,1,other_water_systems
1728,CA2702466,0,0,0,0,0,0,0,0,0,0,SAN VICENTE MWC,CWS,GW,GW,69,21,other_water_systems
1729,CA2702482,0,0,0,0,0,0,0,0,0,0,ALTMAN PLANTS WS #05 -ESP 325 (PREV CS2),NTNCWS,GW,GW,25,1,other_water_systems
1730,CA2702484,1,1,0,3,2,1,1,0,1,1,GROWERS SERVICE ASSN WS (ICE),NTNCWS,GW,GW,500,40,other_water_systems
1731,CA2702487,0,0,0,0,0,0,0,0,0,0,DRISCOLL STRAWBERRY WS,NTNCWS,GW,GW,85,8,other_water_systems
1732,CA2702490,0,0,0,0,0,0,0,0,0,0,CENTRAL BAY HIGH SCHOOL WS,NTNCWS,GW,GW,70,1,other_water_systems
1733,CA2702496,0,0,0,0,0,0,0,0,0,0,KENDALL-JACKSON WINERY WS,NTNCWS,GW,GW,45,1,other_water_systems
1734,CA2702519,0,0,0,0,0,0,0,0,0,0,ALISAL RD WS #3 - 2262 ALISAL RD,NTNCWS,GW,GW,25,1,other_water_systems
1735,CA2702520,1,1,0,7,6,1,1,0,1,1,ARROYO SECO ESTATES MWS,CWS,GW,GW,70,27,other_water_systems
1736,CA2702521,0,0,0,1,1,0,0,0,1,1,SANTA LUCIA PRESERVE WS,CWS,GW,GW,917,184,other_water_systems
1737,CA2702539,0,0,0,0,0,0,0,0,0,0,SCHEID VINEYARD WS,NTNCWS,GW,GW,105,2,other_water_systems
1738,CA2702550,18,18,18,0,0,1,1,1,0,0,GRANGE HALL WS,NTNCWS,GW,GW,25,1,other_water_systems
1739,CA2702554,0,0,0,0,0,0,0,0,0,0,HIDDEN CANYON RANCH MWC,CWS,GW,GW,116,33,other_water_systems
1740,CA2702571,1,1,1,0,0,1,1,1,0,0,GARDEN COURT WS #01,NTNCWS,GW,GW,25,1,other_water_systems
1741,CA2702584,0,0,0,0,0,0,0,0,0,0,HITCHCOCK RD WS #02,NTNCWS,GW,GW,100,4,other_water_systems
1742,CA2702588,0,0,0,0,0,0,0,0,0,0,CANADA WOODS WC,CWS,SW,GU,356,183,other_water_systems
1743,CA2702595,0,0,0,0,0,0,0,0,0,0,CACHAGUA COMM CTR WS,NTNCWS,SW,SW,33,2,other_water_systems
1744,CA2702607,1,1,0,1,0,1,1,0,1,0,MCCAHON FLORAL WS,NTNCWS,GW,GW,29,1,other_water_systems
1745,CA2702608,6,6,6,0,0,1,1,1,0,0,THIMIO MWC,CWS,GW,GW,60,21,other_water_systems
1746,CA2702613,0,0,0,0,0,0,0,0,0,0,ESTANCIA WINERY WS,NTNCWS,GW,GW,70,1,other_water_systems
1747,CA2702615,0,0,0,0,0,0,0,0,0,0,ESPERANZA RD WS,NTNCWS,GW,GW,160,1,other_water_systems
1748,CA2702616,4,4,4,0,0,1,1,1,0,0,ALTMAN PLANTS WS #02 - SPENCE 20140,NTNCWS,GW,GW,25,3,other_water_systems
1749,CA2702620,0,0,0,1,1,0,0,0,1,1,HARRINGTON RD WS #07,NTNCWS,GW,GW,25,2,other_water_systems
1750,CA2702643,0,0,0,0,0,0,0,0,0,0,CYPRESS CENTER WS,NTNCWS,GW,GW,440,17,other_water_systems
1751,CA2702652,0,0,0,6,6,0,0,0,1,1,DOLAN RD WATER SYSTEM #2,NTNCWS,GW,GW,50,4,other_water_systems
1752,CA2702681,0,0,0,0,0,0,0,0,0,0,HARTNELL RD WS #1,NTNCWS,GW,GW,69,1,other_water_systems
1753,CA2702704,0,0,0,0,0,0,0,0,0,0,HARRIS RD WS #10,NTNCWS,GW,GW,284,4,other_water_systems
1754,CA2702708,0,0,0,16,16,0,0,0,1,1,OLD STAGE RD WS #21,NTNCWS,GW,GW,25,1,other_water_systems
1755,CA2702812,0,0,0,0,0,0,0,0,0,0,"KIND REAL ESTATE, LLC WS",NTNCWS,GW,GW,25,3,other_water_systems
1756,CA2702816,0,0,0,12,12,0,0,0,1,1,MERRILL GARDENS IRIS CANYON WS,CWS,GW,GW,161,4,other_water_systems
1757,CA2702830,11,11,10,1,0,1,1,1,1,0,OP MURPHY & SONS WS,NTNCWS,GW,GW,25,1,other_water_systems
1758,CA2704520,1,1,0,1,0,1,1,0,1,0,WILLIAMS - RC FARMS WS,CWS,GW,GW,35,1,other_water_systems
1759,CA2704623,5,5,5,0,0,1,1,1,0,0,TOP INDUSTRIES WS,NTNCWS,GW,GW,50,5,other_water_systems
1760,CA2706552,0,0,0,0,0,0,0,0,0,0,ALVAREZ BROTHERS WS,NTNCWS,GW,GW,70,10,other_water_systems
1761,CA2708852,7,7,7,4,4,1,1,1,1,1,FAITH AND FAMILY FARMS WS,NTNCWS,GW,GW,25,3,other_water_systems
1762,CA2710001,0,0,0,0,0,0,0,0,0,0,ALCO WATER SERVICE,CWS,GW,GW,30142,9136,other_water_systems
1763,CA2710004,0,0,0,0,0,0,0,0,0,0,CAL AM WATER COMPANY - MONTEREY,CWS,SW,GU,92450,38257,other_water_systems
1764,CA2710005,0,0,0,1,1,0,0,0,1,1,CASTROVILLE COMMUNITY SERVICES DISTRICT,CWS,GW,GW,7515,2360,other_water_systems
1765,CA2710006,0,0,0,0,0,0,0,0,0,0,CAL AM WATER COMPANY - AMBLER PARK,CWS,GW,GW,980,410,other_water_systems
1766,CA2710007,0,0,0,3,2,0,0,0,1,1,"GONZALES, CITY OF",CWS,GW,GW,8576,1961,other_water_systems
1767,CA2710008,0,0,0,0,0,0,0,0,0,0,"GREENFIELD, CITY OF",CWS,GW,GW,18967,3880,other_water_systems
1768,CA2710009,0,0,0,0,0,0,0,0,0,0,CWSC KING CITY,CWS,GW,GW,16156,2863,other_water_systems
1769,CA2710010,0,0,0,0,0,0,0,0,0,0,CWSC SALINAS,CWS,GW,GW,113074,24025,carceral_serving_water_system
1770,CA2710011,0,0,0,1,0,0,0,0,1,0,"SOLEDAD, CITY OF",CWS,GW,GW,18648,4400,other_water_systems
1771,CA2710012,0,0,0,0,0,0,0,0,0,0,CWSC SALINAS HILLS,CWS,GW,GW,5290,2350,other_water_systems
1772,CA2710013,0,0,0,0,0,0,0,0,0,0,CWSC LAS LOMAS,CWS,GW,GW,2083,625,other_water_systems
1773,CA2710016,0,0,0,0,0,0,0,0,0,0,LITTLE BEAR WATER COMPANY,CWS,GW,GW,2327,703,other_water_systems
1774,CA2710017,0,0,0,0,0,0,0,0,0,0,MARINA COAST WATER DISTRICT,CWS,GW,GW,36987,10218,other_water_systems
1775,CA2710018,0,0,0,0,0,0,0,0,0,0,SEASIDE MUNICIPAL WATER SYSTEM,CWS,GW,GW,2800,792,other_water_systems
1776,CA2710019,0,0,0,0,0,0,0,0,0,0,CWSC OAK HILLS,CWS,GW,GW,3160,883,other_water_systems
1777,CA2710020,0,0,0,0,0,0,0,0,0,0,PSMCSD - PAJARO,CWS,GW,GW,6500,463,other_water_systems
1778,CA2710021,0,0,0,0,0,0,0,0,0,0,CAL AM WATER COMPANY - TORO,CWS,GW,GW,1065,419,other_water_systems
1779,CA2710022,0,0,0,0,0,0,0,0,0,0,CAL AM WATER COMPANY - HIDDEN HILLS,CWS,GW,GW,1106,453,other_water_systems
1780,CA2710023,0,0,0,3,3,0,0,0,1,1,TASCO SPRECKELS WATER COMPANY,CWS,GW,GW,672,328,other_water_systems
1781,CA2710300,0,0,0,4,0,0,0,0,1,0,CSP-PFEIFFER BIG SUR,CWS,GW,GW,585,128,other_water_systems
1782,CA2710702,0,0,0,0,0,0,0,0,0,0,FORT HUNTER LIGGETT,CWS,GW,GW,2753,185,other_water_systems
1783,CA2710705,0,0,0,1,1,0,0,0,1,1,CAMP ROBERTS - CALIFORNIA NATIONAL GUARD,NTNCWS,GW,GW,385,343,other_water_systems
1784,CA2710850,0,0,0,3,2,0,0,0,1,1,CORRECTIONAL TRAINING FACILITY - SOLEDAD,CWS,GW,GW,4269,2769,carceral_water_system
1785,CA2710851,0,0,0,2,2,0,0,0,1,1,SALINAS VALLEY STATE PRISON,CWS,GW,GW,2930,2209,carceral_water_system
1786,CA2800012,0,0,0,0,0,0,0,0,0,0,LMR MAIN STREET PARTNERS LLC,NTNCWS,SW,SWP,26,1,other_water_systems
1787,CA2800015,1,1,0,1,0,1,1,0,1,0,SOMERSTON WINERY,NTNCWS,GW,GW,28,3,other_water_systems
1788,CA2800020,0,0,0,0,0,0,0,0,0,0,UPPER VALLEY DISPOSAL SERVICE,NTNCWS,GW,GW,25,1,other_water_systems
1789,CA2800023,0,0,0,3,3,0,0,0,1,1,RUTHERFORD HILL MUTUAL WATER,NTNCWS,GW,GW,232,2,other_water_systems
1790,CA2800024,0,0,0,0,0,0,0,0,0,0,DUCKHORN VINEYARDS,NTNCWS,GW,GW,25,1,other_water_systems
1791,CA2800027,0,0,0,0,0,0,0,0,0,0,NICKEL & NICKEL WINERY,NTNCWS,GW,GW,148,2,other_water_systems
1792,CA2800034,0,0,0,0,0,0,0,0,0,0,HONIG WINERY,NTNCWS,GW,GW,70,3,other_water_systems
1793,CA2800035,0,0,0,0,0,0,0,0,0,0,RIVER RANCH FARM WORKER CENTER,CWS,GW,GW,66,6,other_water_systems
1794,CA2800039,0,0,0,0,0,0,0,0,0,0,CALISTOGA FARM WORKER CENTER,CWS,GW,GW,65,4,other_water_systems
1795,CA2800040,0,0,0,0,0,0,0,0,0,0,MONDAVI FARM WORKER CENTER,CWS,GW,GW,66,3,other_water_systems
1796,CA2800041,1,1,0,1,0,1,1,0,1,0,DARIOUSH WINERY,NTNCWS,GW,GW,25,1,other_water_systems
1797,CA2800043,1,1,0,2,1,1,1,0,1,1,CASTELLO DI AMOROSA,NTNCWS,GW,GW,833,7,other_water_systems
1798,CA2800047,0,0,0,0,0,0,0,0,0,0,ASHES & DIAMONDS WINERY,NTNCWS,GW,GW,25,1,other_water_systems
1799,CA2800059,0,0,0,0,0,0,0,0,0,0,SUTTER HOME WINERY,NTNCWS,SW,SWP,417,1,other_water_systems
1800,CA2800112,0,0,0,1,1,0,0,0,1,1,"PCSH, LLC",NTNCWS,GW,GW,25,1,other_water_systems
1801,CA2800129,0,0,0,3,3,0,0,0,1,1,STERLING VINEYARDS,NTNCWS,GW,GW,100,1,other_water_systems
1802,CA2800299,0,0,0,1,1,0,0,0,1,1,FAR NIENTE WINERY,NTNCWS,GW,GW,30,2,other_water_systems
1803,CA2800301,1,1,0,5,4,1,1,0,1,1,LAIRD FAMILY ESTATE,NTNCWS,GW,GW,55,1,other_water_systems
1804,CA2800516,0,0,0,1,1,0,0,0,1,1,TUCKER ACRES MUTUAL WATER CO.,CWS,GW,GW,200,22,other_water_systems
1805,CA2800521,0,0,0,0,0,0,0,0,0,0,CIRCLE OAKS WATER DISTRICT,CWS,SW,SW,500,190,other_water_systems
1806,CA2800525,1,1,0,2,1,1,1,0,1,1,LA TIERRA HEIGHTS MUTUAL,CWS,GW,GW,67,19,other_water_systems
1807,CA2800526,0,0,0,0,0,0,0,0,0,0,BERRYESSA ESTATES (LBRID),CWS,SW,SW,498,185,other_water_systems
1808,CA2800527,0,0,0,0,0,0,0,0,0,0,LINDA FALLS TERRACE MUTUAL,CWS,GW,GW,35,17,other_water_systems
1809,CA2800528,0,0,0,0,0,0,0,0,0,0,LINDA VISTA MUTUAL WATER CO,CWS,GW,GW,90,36,other_water_systems
1810,CA2800530,2,2,2,2,2,1,1,1,1,1,MEYERS WATER CO.,CWS,GW,GW,250,102,other_water_systems
1811,CA2800531,2,2,1,15,6,1,1,1,1,1,NAPA RIVER RANCH,CWS,GW,GW,70,14,other_water_systems
1812,CA2800532,0,0,0,1,1,0,0,0,1,1,VAILIMA ESTATES MUTUAL WATER,CWS,GW,GW,25,15,other_water_systems
1813,CA2800536,0,0,0,0,0,0,0,0,0,0,GRGICH HILLS,NTNCWS,GW,GW,25,1,other_water_systems
1814,CA2800543,1,1,0,1,0,1,1,0,1,0,CAPELL VALLEY ESTATES,CWS,SW,SW,208,63,other_water_systems
1815,CA2800556,1,1,0,2,1,1,1,0,1,1,OAKVILLE GROCERY CO.,NTNCWS,GW,GW,25,1,other_water_systems
1816,CA2800561,0,0,0,0,0,0,0,0,0,0,FREEMARK ABBEY WINERY,NTNCWS,GW,GW,55,3,other_water_systems
1817,CA2800562,0,0,0,0,0,0,0,0,0,0,TPWC DBA THE PRISONER WINE COMPANY,NTNCWS,GW,GW,200,1,other_water_systems
1818,CA2800569,0,0,0,2,2,0,0,0,1,1,AETNA SPRINGS GOLF COURSE,NTNCWS,GW,GW,100,2,other_water_systems
1819,CA2800580,0,0,0,0,0,0,0,0,0,0,SYAR INDUSTRIES,NTNCWS,GW,GW,130,7,other_water_systems
1820,CA2800588,1,1,0,1,0,1,1,0,1,0,NAPA VALLEY COUNTRY CLUB,NTNCWS,GW,GW,400,1,other_water_systems
1821,CA2800593,1,1,0,4,3,1,1,0,1,1,R RANCH AT THE LAKE,CWS,GW,GW,28,16,other_water_systems
1822,CA2800609,0,0,0,0,0,0,0,0,0,0,PHELPS VINEYARDS,NTNCWS,GW,GW,19412,10,other_water_systems
1823,CA2800625,0,0,0,0,0,0,0,0,0,0,ADVENTIST HEALTH - ST. HELENA HOSPITAL,CWS,GW,GW,817,196,other_water_systems
1824,CA2800648,2,2,1,1,0,1,1,1,1,0,WINE COUNTRY INN,NTNCWS,GW,GW,60,1,other_water_systems
1825,CA2800736,2,2,1,3,2,1,1,1,1,1,DOMAINE CHANDON,NTNCWS,GW,GW,200,6,other_water_systems
1826,CA2800741,0,0,0,0,0,0,0,0,0,0,ST. HELENA PURLIEU LLC,NTNCWS,GW,GW,25,1,other_water_systems
1827,CA2800840,0,0,0,0,0,0,0,0,0,0,NAPA COUNTY SCHOOLS: POPE VALLEY,NTNCWS,SW,SW,100,1,other_water_systems
1828,CA2800847,0,0,0,0,0,0,0,0,0,0,NVUSD: CARNEROS SCHOOL,NTNCWS,GW,GW,100,1,other_water_systems
1829,CA2800848,0,0,0,0,0,0,0,0,0,0,NVUSD: STONEBRIDGE SCHOOL,NTNCWS,GW,GW,100,1,other_water_systems
1830,CA2800970,1,1,0,1,0,1,1,0,1,0,HOWELL MOUNTAIN SCHOOL,NTNCWS,GW,GW,100,2,other_water_systems
1831,CA2801002,1,1,1,2,1,1,1,1,1,1,ETUDE WINES,NTNCWS,GW,GW,50,1,other_water_systems
1832,CA2801004,0,0,0,0,0,0,0,0,0,0,CHATEAU MONTELENA WINERY,NTNCWS,GW,GW,125,4,other_water_systems
1833,CA2801006,0,0,0,0,0,0,0,0,0,0,CLOS DU VAL WINE CO.,NTNCWS,GW,GW,100,2,other_water_systems
1834,CA2801007,1,1,0,1,0,1,1,0,1,0,CLOS PEGASE WINERY,NTNCWS,GW,GW,155,3,other_water_systems
1835,CA2801008,0,0,0,1,1,0,0,0,1,1,ARTESA VINEYARDS & WINERY,NTNCWS,GW,GW,76,2,other_water_systems
1836,CA2801011,0,0,0,0,0,0,0,0,0,0,DOMAINE CARNEROS,NTNCWS,GW,GW,652,3,other_water_systems
1837,CA2801012,0,0,0,0,0,0,0,0,0,0,ALPHA OMEGA WINERY,NTNCWS,GW,GW,25,1,other_water_systems
1838,CA2801015,0,0,0,1,1,0,0,0,1,1,FRANK FAMILY VINEYARDS,NTNCWS,GW,GW,50,1,other_water_systems
1839,CA2801016,1,1,0,1,0,1,1,0,1,0,HESS WINERY,CWS,GW,GW,250,5,other_water_systems
1840,CA2801024,0,0,0,0,0,0,0,0,0,0,MUMM OF NAPA VALLEY,NTNCWS,GW,GW,50,1,other_water_systems
1841,CA2801026,0,0,0,1,1,0,0,0,1,1,OPUS ONE WINERY,NTNCWS,GW,GW,100,1,other_water_systems
1842,CA2801027,1,1,0,2,1,1,1,0,1,1,PEJU PROVINCE,NTNCWS,SW,SW,27,2,other_water_systems
1843,CA2801028,0,0,0,0,0,0,0,0,0,0,CARDINALE ESTATE,NTNCWS,GW,GW,88,1,other_water_systems
1844,CA2801029,0,0,0,0,0,0,0,0,0,0,PINE RIDGE WINERY,NTNCWS,GW,GW,75,2,other_water_systems
1845,CA2801031,1,1,0,2,1,1,1,0,1,1,RAYMOND VINEYARD & CELLAR,NTNCWS,GW,GW,490,2,other_water_systems
1846,CA2801033,0,0,0,1,1,0,0,0,1,1,ROMBAUER VINEYARDS,NTNCWS,GW,GW,150,5,other_water_systems
1847,CA2801035,0,0,0,0,0,0,0,0,0,0,ROUND HILL WINERY,NTNCWS,GW,GW,100,1,other_water_systems
1848,CA2801036,0,0,0,0,0,0,0,0,0,0,SCHRAMSBERG WINERY,NTNCWS,GW,GW,161,22,other_water_systems
1849,CA2801037,1,1,0,3,2,1,1,0,1,1,SEQUOIA GROVE VINEYARDS,NTNCWS,GW,GW,25,1,other_water_systems
1850,CA2801038,1,1,0,4,3,1,1,0,1,1,SILVER OAK WINE CELLARS,NTNCWS,GW,GW,188,1,other_water_systems
1851,CA2801041,0,0,0,0,0,0,0,0,0,0,SILVERADO VINEYARDS,NTNCWS,GW,GW,100,3,other_water_systems
1852,CA2801046,0,0,0,0,0,0,0,0,0,0,ST. SUPERY WINERY,NTNCWS,GW,GW,40,1,other_water_systems
1853,CA2801047,0,0,0,0,0,0,0,0,0,0,STAGS LEAP WINE CELLARS,NTNCWS,GW,GW,40,2,other_water_systems
1854,CA2801049,0,0,0,0,0,0,0,0,0,0,THE RANCH WINERY,NTNCWS,GW,GW,200,6,other_water_systems
1855,CA2801055,0,0,0,1,1,0,0,0,1,1,WILLIAM HILL WINERY,NTNCWS,GW,GW,25,1,other_water_systems
1856,CA2801056,0,0,0,0,0,0,0,0,0,0,Z D WINES,NTNCWS,GW,GW,95,1,other_water_systems
1857,CA2801057,1,1,1,0,0,1,1,1,0,0,DAVIS ESTATES,NTNCWS,GW,GW,84,2,other_water_systems
1858,CA2801070,0,0,0,3,3,0,0,0,1,1,BERINGER VINEYARDS,NTNCWS,GW,GW,300,1,other_water_systems
1859,CA2801073,0,0,0,1,1,0,0,0,1,1,BELLA UNION WINERY,NTNCWS,GW,GW,238,1,other_water_systems
1860,CA2801075,0,0,0,0,0,0,0,0,0,0,CAKEBREAD CELLAR,NTNCWS,GW,GW,100,7,other_water_systems
1861,CA2801076,0,0,0,2,2,0,0,0,1,1,CAYMUS VINEYARDS,NTNCWS,GW,GW,42,1,other_water_systems
1862,CA2801080,5,1,0,1,0,1,1,0,1,0,MILTON ROAD WATER COMPANY,CWS,GW,GW,44,24,other_water_systems
1863,CA2801084,1,1,0,3,2,1,1,0,1,1,RUTHERFORD HILL WINERY,NTNCWS,GW,GW,110,1,other_water_systems
1864,CA2801086,0,0,0,2,2,0,0,0,1,1,STAGS  LEAP WINERY,NTNCWS,GW,GW,32,4,other_water_systems
1865,CA2801088,2,2,1,6,3,1,1,1,1,1,V. SATTUI WINERY,NTNCWS,GW,GW,45,2,other_water_systems
1866,CA2803907,0,0,0,0,0,0,0,0,0,0,MINER FAMILY WINERY,NTNCWS,GW,GW,25,1,other_water_systems
1867,CA2803912,0,0,0,2,2,0,0,0,1,1,BEAULIEU VINEYARD,NTNCWS,GW,GW,100,1,other_water_systems
1868,CA2810001,2,2,2,1,1,1,1,1,1,1,HOWELL MOUNTAIN MUTUAL WATER COMPANY,CWS,SW,SW,1498,399,other_water_systems
1869,CA2810002,7,7,7,0,0,1,1,1,0,0,"CALISTOGA, CITY OF",CWS,SW,SW,5610,2229,other_water_systems
1870,CA2810003,0,0,0,0,0,0,0,0,0,0,"NAPA, CITY OF",CWS,SW,SW,85005,24950,carceral_serving_water_system
1871,CA2810004,6,6,6,0,0,1,1,1,0,0,"ST. HELENA, CITY OF",CWS,SW,SW,5386,2551,other_water_systems
1872,CA2810005,0,0,0,7,2,0,0,0,1,1,"AMERICAN CANYON, CITY OF",CWS,SW,SW,20990,6868,other_water_systems
1873,CA2810007,0,0,0,1,1,0,0,0,1,1,TOWN OF YOUNTVILLE,CWS,SW,SWP,2751,837,other_water_systems
1874,CA2810008,1,1,0,1,0,1,1,0,1,0,VETERANS HOME OF CALIFORNIA,CWS,SW,SW,0,10,other_water_systems
1875,CA2810009,1,1,0,6,4,1,1,0,1,1,BERRYESSA PINES WATER SYSTEM,CWS,SW,SW,261,78,other_water_systems
1876,CA2810012,0,0,0,0,0,0,0,0,0,0,PACIFIC UNION COLLEGE,CWS,GW,GW,1958,313,other_water_systems
1877,CA2810013,0,0,0,2,2,0,0,0,1,1,BERRYESSA HIGHLANDS,CWS,SW,SW,669,248,other_water_systems
1878,CA2810014,1,1,0,5,3,1,1,0,1,1,SPANISH FLAT WATER DISTRICT,CWS,SW,SW,230,97,other_water_systems
1879,CA2810302,0,0,0,1,1,0,0,0,1,1,CAL FIRE SONOMA-LAKE-NAPA UNIT HQ,NTNCWS,GW,GW,65,7,other_water_systems
1880,CA2900330,0,0,0,2,2,0,0,0,1,1,SIERRA FAMILY MEDICAL CLINIC,NTNCWS,GW,GW,125,2,other_water_systems
1881,CA2900502,5,5,5,1,1,1,1,1,1,1,FLORISTON WATER SYSTEM,CWS,SW,GU,110,45,other_water_systems
1882,CA2900507,1,1,0,1,0,1,1,0,1,0,TAHOE TIMBER TRAILS,NTNCWS,GW,GW,254,559,other_water_systems
1883,CA2900508,2,2,2,0,0,1,1,1,0,0,KINGVALE PROPERTY OWNERS & WATER USERS,NTNCWS,GW,GW,180,85,other_water_systems
1884,CA2900511,3,3,3,0,0,1,1,1,0,0,SHADY LAKE WATER ASSOCIATION,CWS,GW,GW,90,28,other_water_systems
1885,CA2900523,1,1,0,4,3,1,1,0,1,1,WASHINGTON WATER DISTRICT,CWS,SW,SW,330,115,other_water_systems
1886,CA2900529,0,0,0,0,0,0,0,0,0,0,GOLD COUNTRY HOME PARK - WATER SYSTEM,CWS,GW,GW,60,27,other_water_systems
1887,CA2900530,0,0,0,1,1,0,0,0,1,1,ROUGH & READY VILLAGE,CWS,GW,GW,268,56,other_water_systems
1888,CA2900531,1,1,1,0,0,1,1,1,0,0,CREEKSIDE VILLAGE,CWS,GW,GW,300,131,other_water_systems
1889,CA2900532,0,0,0,2,2,0,0,0,1,1,PENN VALLEY SHOPPING CENTER,NTNCWS,GW,GW,332,16,other_water_systems
1890,CA2900535,0,0,0,0,0,0,0,0,0,0,PLEASANT RIDGE SCHOOL,NTNCWS,GW,GW,250,4,other_water_systems
1891,CA2900536,0,0,0,0,0,0,0,0,0,0,CLEAR CREEK SCHOOL,NTNCWS,GW,GW,160,8,other_water_systems
1892,CA2900541,0,0,0,0,0,0,0,0,0,0,CHRISTIAN ENCOUNTER MINISTRIES,CWS,GW,GW,35,16,other_water_systems
1893,CA2900546,0,0,0,2,2,0,0,0,1,1,SIERRA FRIENDS CENTER,CWS,GW,GW,25,13,other_water_systems
1894,CA2900548,1,1,0,2,1,1,1,0,1,1,SIERRA ESTATES MUTUAL WATER COMPANY,CWS,GW,GW,100,32,other_water_systems
1895,CA2900562,0,0,0,0,0,0,0,0,0,0,ANANDA VILLAGE,CWS,GW,GW,233,98,other_water_systems
1896,CA2900563,0,0,0,0,0,0,0,0,0,0,BITNEY SPRINGS CENTER WATER SYSTEM,NTNCWS,SW,SW,536,14,other_water_systems
1897,CA2900578,0,0,0,0,0,0,0,0,0,0,TWIN RIDGES GRIZZLY HILL SCHOOL,NTNCWS,GW,GW,125,11,other_water_systems
1898,CA2900587,0,0,0,0,0,0,0,0,0,0,MOUNTAIN VALLEY CHILD AND FAMILY SERVICE,NTNCWS,GW,GW,50,10,other_water_systems
1899,CA2900593,0,0,0,0,0,0,0,0,0,0,TWIN RIDGES OAK TREE SCHOOL,NTNCWS,GW,GW,120,8,other_water_systems
1900,CA2900601,2,2,1,2,1,1,1,1,1,1,"NCSOS, MCCOURTNEY RD.",NTNCWS,GW,GW,25,3,other_water_systems
1901,CA2900618,0,0,0,0,0,0,0,0,0,0,NELSON INDUSTRIAL PARK,NTNCWS,GW,GW,62,8,other_water_systems
1902,CA2900626,0,0,0,0,0,0,0,0,0,0,STREETER INDUSTRIAL PLAZA,NTNCWS,GW,GW,35,4,other_water_systems
1903,CA2901208,0,0,0,0,0,0,0,0,0,0,DONNER TRAIL ELEMENTARY SCHOOL,NTNCWS,GW,GW,60,1,other_water_systems
1904,CA2904011,0,0,0,5,5,0,0,0,1,1,FOTTW,NTNCWS,GW,GW,44,1,other_water_systems
1905,CA2910001,0,0,0,0,0,0,0,0,0,0,CITY OF GRASS VALLEY,CWS,SW,SW,4947,2486,other_water_systems
1906,CA2910002,1,1,1,0,0,1,1,1,0,0,CITY OF NEVADA CITY,CWS,SW,SW,3148,1433,carceral_serving_water_system
1907,CA2910003,0,0,0,0,0,0,0,0,0,0,"TRUCKEE-DONNER PUD, MAIN",CWS,GW,GW,36730,13657,other_water_systems
1908,CA2910004,0,0,0,0,0,0,0,0,0,0,"NEVADA ID - E. GEORGE, BANNER MOUNTAIN",CWS,SW,SW,17154,6154,other_water_systems
1909,CA2910006,0,0,0,0,0,0,0,0,0,0,NEVADA ID - LOMA RICA,CWS,SW,SW,14072,4994,other_water_systems
1910,CA2910010,0,0,0,0,0,0,0,0,0,0,TRUCKEE-DONNER PUD - HIRSCHDALE,CWS,GW,GW,85,25,other_water_systems
1911,CA2910011,0,0,0,3,3,0,0,0,1,1,PLAVADA COMMUNITY ASSOCIATION,CWS,GW,GW,376,269,other_water_systems
1912,CA2910013,0,0,0,0,0,0,0,0,0,0,WASHINGTON RIDGE C.C.,CWS,GW,GW,62,3,carceral_water_system
1913,CA2910014,0,0,0,0,0,0,0,0,0,0,NEVADA ID - LAKE OF PINES,CWS,SW,SW,6870,2470,other_water_systems
1914,CA2910016,1,1,1,3,3,1,1,1,1,1,DONNER SUMMIT PUBLIC UTILITY DISTRICT,CWS,SW,SW,310,362,other_water_systems
1915,CA2910023,0,0,0,0,0,0,0,0,0,0,NEVADA ID - LAKE WILDWOOD,CWS,SW,SW,9108,3229,other_water_systems
1916,CA3000519,2,2,1,3,2,1,1,1,1,1,HYNES ESTATES MUTUAL WATER CO.,CWS,GW,GW,139,51,other_water_systems
1917,CA3000585,0,0,0,0,0,0,0,0,0,0,PAGE AVENUE MUTUAL WATER COMPANY,CWS,GW,GW,119,37,other_water_systems
1918,CA3000618,1,1,0,2,1,1,1,0,1,1,LIBERTY PARK WATER ASSOCIATION,CWS,GW,GW,85,27,other_water_systems
1919,CA3000734,0,0,0,0,0,0,0,0,0,0,KNOTT S BERRY FARM,NTNCWS,SW,SWP,3000,63,other_water_systems
1920,CA3000759,0,0,0,0,0,0,0,0,0,0,CANYON RV PARK,NTNCWS,GW,GW,260,166,other_water_systems
1921,CA3000819,1,1,0,3,2,1,1,0,1,1,LOS ALAMITOS RACE COURSE,NTNCWS,GW,GW,1600,1,other_water_systems
1922,CA3000825,0,0,0,0,0,0,0,0,0,0,SOUTH MIDWAY CITY MUTUAL WATER CO.,CWS,GW,GW,825,56,other_water_systems
1923,CA3000980,0,0,0,0,0,0,0,0,0,0,SMWD-NICHOLS INSTITUTE,NTNCWS,SW,SWP,1600,2,other_water_systems
1924,CA3010001,0,0,0,2,0,0,0,0,1,0,CITY OF ANAHEIM,CWS,SW,SW,337159,62205,carceral_serving_water_system
1925,CA3010002,0,0,0,0,0,0,0,0,0,0,CITY OF BREA,CWS,SW,SWP,47589,12943,other_water_systems
1926,CA3010003,0,0,0,0,0,0,0,0,0,0,CITY OF BUENA PARK,CWS,SW,SWP,81998,19074,carceral_serving_water_system
1927,CA3010004,0,0,0,0,0,0,0,0,0,0,MESA  WATER DISTRICT,CWS,SW,SWP,110000,24475,carceral_serving_water_system
1928,CA3010008,0,0,0,1,1,0,0,0,1,1,EASTSIDE WATER ASSOCIATION,CWS,GW,GW,2000,285,other_water_systems
1929,CA3010010,0,0,0,0,0,0,0,0,0,0,CITY OF FULLERTON,CWS,SW,SWP,141874,31411,carceral_serving_water_system
1930,CA3010017,0,0,0,0,0,0,0,0,0,0,LAGUNA BEACH COUNTY WD,CWS,SW,SWP,18404,8750,other_water_systems
1931,CA3010018,0,0,0,2,2,0,0,0,1,1,CITY OF LA HABRA,CWS,SW,SWP,63118,13248,other_water_systems
1932,CA3010022,0,0,0,0,0,0,0,0,0,0,GOLDEN STATE WC - WEST ORANGE COUNTY,CWS,SW,SWP,114185,28175,other_water_systems
1933,CA3010023,0,0,0,0,0,0,0,0,0,0,CITY OF NEWPORT BEACH,CWS,SW,SWP,68572,26469,other_water_systems
1934,CA3010027,0,0,0,0,0,0,0,0,0,0,CITY OF ORANGE,CWS,SW,SWP,117150,35528,carceral_serving_water_system
1935,CA3010030,0,0,0,3,1,0,0,0,1,1,CITY OF SAN JUAN CAPISTRANO,CWS,SW,SWP,38347,11016,other_water_systems
1936,CA3010035,0,0,0,0,0,0,0,0,0,0,GOLDEN STATE WC - PLACENTIA/YORBA LINDA,CWS,SW,SWP,50196,13029,other_water_systems
1937,CA3010036,0,0,0,0,0,0,0,0,0,0,CITY OF SAN CLEMENTE,CWS,SW,SWP,51545,17587,other_water_systems
1938,CA3010037,0,0,0,0,0,0,0,0,0,0,YORBA LINDA WATER DISTRICT,CWS,SW,SWP,84140,25497,other_water_systems
1939,CA3010038,0,0,0,1,0,0,0,0,1,0,CITY OF SANTA ANA,CWS,SW,SWP,308189,45561,carceral_serving_water_system
1940,CA3010041,0,0,0,3,3,0,0,0,1,1,CITY OF SEAL BEACH,CWS,SW,SWP,24937,5449,carceral_serving_water_system
1941,CA3010042,0,0,0,0,0,0,0,0,0,0,SOUTH COAST WATER DISTRICT,CWS,SW,SWP,40937,13386,other_water_systems
1942,CA3010046,0,0,0,0,0,0,0,0,0,0,CITY OF TUSTIN,CWS,SW,SWP,66600,14160,other_water_systems
1943,CA3010047,0,0,0,0,0,0,0,0,0,0,GOLDEN STATE WC - COWAN HEIGHTS,CWS,SW,SWP,7006,2534,other_water_systems
1944,CA3010053,0,0,0,0,0,0,0,0,0,0,CITY OF HUNTINGTON BEACH,CWS,SW,SWP,201000,53337,carceral_serving_water_system
1945,CA3010062,0,0,0,0,0,0,0,0,0,0,CITY OF GARDEN GROVE,CWS,SW,SWP,174226,34420,carceral_serving_water_system
1946,CA3010064,0,0,0,0,0,0,0,0,0,0,CITY OF WESTMINSTER,CWS,SW,SWP,95256,20733,other_water_systems
1947,CA3010068,0,0,0,0,0,0,0,0,0,0,EAST ORANGE COUNTY WD - RZ,CWS,SW,SWP,3222,1209,other_water_systems
1948,CA3010069,0,0,0,0,0,0,0,0,0,0,CITY OF FOUNTAIN VALLEY,CWS,SW,SWP,56747,16888,other_water_systems
1949,CA3010071,0,0,0,0,0,0,0,0,0,0,JOINT REGIONAL WATER SUPPLY SYSTEM,CWS,SW,SWP,0,44,other_water_systems
1950,CA3010073,0,0,0,0,0,0,0,0,0,0,MOULTON NIGUEL WATER DISTRICT,CWS,SW,SWP,170236,53620,other_water_systems
1951,CA3010079,0,0,0,0,0,0,0,0,0,0,EL TORO WATER DISTRICT,CWS,SW,SWP,47911,9534,other_water_systems
1952,CA3010082,0,0,0,0,0,0,0,0,0,0,SERRANO WATER DISTRICT,CWS,SW,SW,5659,2357,other_water_systems
1953,CA3010092,0,0,0,1,1,0,0,0,1,1,IRVINE RANCH WATER DISTRICT,CWS,SW,SW,433652,130276,carceral_serving_water_system
1954,CA3010093,0,0,0,0,0,0,0,0,0,0,EAST ORANGE COUNTY WD - WZ,CWS,SW,SWP,0,16,other_water_systems
1955,CA3010094,0,0,0,0,0,0,0,0,0,0,TRABUCO CANYON WATER DISTRICT,CWS,SW,SWP,13659,4112,carceral_serving_water_system
1956,CA3010097,0,0,0,1,1,0,0,0,1,1,MIDWAY CITY MUTUAL WC,CWS,GW,GW,1305,198,other_water_systems
1957,CA3010100,0,0,0,0,0,0,0,0,0,0,CITY OF LA PALMA,CWS,SW,SWP,15948,4368,other_water_systems
1958,CA3010101,0,0,0,0,0,0,0,0,0,0,SANTA MARGARITA WATER DISTRICT,CWS,SW,SWP,166600,55982,other_water_systems
1959,CA3010120,0,0,0,0,0,0,0,0,0,0,SAN JUAN BASIN AUTHORITY,CWS,GW,GW,0,2,other_water_systems
1960,CA3100011,0,0,0,0,0,0,0,0,0,0,AUBURN VALLEY COMMUNITY SERVICE DIS,CWS,GW,GW,290,143,other_water_systems
1961,CA3100014,1,1,0,3,2,1,1,0,1,1,BAKER RANCH WATER CORP,CWS,GW,GW,150,31,other_water_systems
1962,CA3100029,1,1,1,0,0,1,1,1,0,0,TAHOE CITY PUD - TIMBERLAND,CWS,GW,GW,200,138,other_water_systems
1963,CA3100038,1,1,1,1,1,1,1,1,1,1,HEATHER GLEN COMMUNITY SERVICE DIST,CWS,SW,SW,250,101,other_water_systems
1964,CA3100040,0,0,0,1,1,0,0,0,1,1,SHADY GLEN COMM WATER SYSTEM,CWS,SW,SW,200,121,other_water_systems
1965,CA3100041,0,0,0,1,1,0,0,0,1,1,ALPINE MEADOWS PROPERTY OWNERS ASSO,CWS,SW,SW,250,129,other_water_systems
1966,CA3100043,0,0,0,0,0,0,0,0,0,0,GOLD HILL MOBILEHOME PARK,CWS,GW,GW,75,32,other_water_systems
1967,CA3100061,0,0,0,0,0,0,0,0,0,0,MARIAH APARTMENTS,CWS,GW,GW,52,28,other_water_systems
1968,CA3100069,0,0,0,0,0,0,0,0,0,0,AUBURN RIDGE WOODS,CWS,GW,GW,75,54,other_water_systems
1969,CA3100072,1,1,0,1,0,1,1,0,1,0,LIVE OAK WALDORF SCHOOL,NTNCWS,GW,GW,200,1,other_water_systems
1970,CA3100083,0,0,0,3,3,0,0,0,1,1,OPHIR ELEMENTARY SCHOOL WATER SYSTEM,NTNCWS,GW,GW,260,1,other_water_systems
1971,CA3100105,0,0,0,0,0,0,0,0,0,0,CLIPPER GAP HEAD START,NTNCWS,GW,GW,25,1,other_water_systems
1972,CA3100528,0,0,0,0,0,0,0,0,0,0,GOLDEN HILLS MUTUAL WATER CO,CWS,SW,SWP,84,32,other_water_systems
1973,CA3100538,0,0,0,0,0,0,0,0,0,0,ROSECREST MUTUAL,CWS,GW,GW,31,15,other_water_systems
1974,CA3103291,0,0,0,2,2,0,0,0,1,1,NYACK WATER SYSTEM,NTNCWS,GW,GW,450,6,other_water_systems
1975,CA3103294,0,0,0,2,2,0,0,0,1,1,PALISADES TAHOE 8200 WATER SYSTEM,NTNCWS,GW,GW,1500,4,other_water_systems
1976,CA3103310,0,0,0,0,0,0,0,0,0,0,EMIGRANT GAP MUTUAL WATER CO.,CWS,GW,GW,125,43,other_water_systems
1977,CA3103835,0,0,0,0,0,0,0,0,0,0,LAKEVIEW HILLS COMMUNITY ASSOC,CWS,SW,SWP,499,153,other_water_systems
1978,CA3103836,0,0,0,0,0,0,0,0,0,0,HIDDEN VALLEY COMMUNITY ASSOCIATION,CWS,SW,SWP,499,165,other_water_systems
1979,CA3104508,0,0,0,1,1,0,0,0,1,1,HUPPE MOORE LANDSCAPE,NTNCWS,GW,GW,30,1,other_water_systems
1980,CA3105779,0,0,0,0,0,0,0,0,0,0,EASTERN REGIONAL SANITARY LANDFILL WATER,NTNCWS,GW,GW,25,8,other_water_systems
1981,CA3106937,1,1,0,2,1,1,1,0,1,1,LOOMIS LAND INC SENIOR CARE VILLA WATER,NTNCWS,GW,GW,30,1,other_water_systems
1982,CA3107084,0,0,0,0,0,0,0,0,0,0,TURKEY CREEK GOLF CLUB,NTNCWS,GW,GW,250,1,other_water_systems
1983,CA3107310,1,1,0,5,2,1,1,0,1,1,VETERINARY DEVELOPMENT COMPANY,NTNCWS,GW,GW,40,1,other_water_systems
1984,CA3107322,0,0,0,0,0,0,0,0,0,0,NORTHSTAR AT TAHOE COMSTOCK WATER SYSTEM,NTNCWS,GW,GW,25,2,other_water_systems
1985,CA3107329,0,0,0,1,1,0,0,0,1,1,ANTELOPE OAKS WATER SYSTEM,NTNCWS,GW,GW,100,2,other_water_systems
1986,CA3107339,0,0,0,0,0,0,0,0,0,0,FOLSOM LAKE MUTUAL WATER CO,CWS,SW,SWP,333,101,other_water_systems
1987,CA3107342,0,0,0,0,0,0,0,0,0,0,LINCOLN HIGH SCHOOL FARM,NTNCWS,GW,GW,50,1,other_water_systems
1988,CA3110001,0,0,0,0,0,0,0,0,0,0,NORTH TAHOE PUD - MAIN,CWS,SW,SW,6321,3241,other_water_systems
1989,CA3110003,0,0,0,0,0,0,0,0,0,0,FORESTHILL PUBLIC UTILITY DIST,CWS,SW,SW,6700,2060,other_water_systems
1990,CA3110004,0,0,0,0,0,0,0,0,0,0,CITY OF LINCOLN,CWS,SW,SWP,51252,22127,other_water_systems
1991,CA3110005,0,0,0,0,0,0,0,0,0,0,PLACER CWA - AUBURN/BOWMAN,CWS,SW,SW,27294,8539,other_water_systems
1992,CA3110006,0,0,0,0,0,0,0,0,0,0,PLACER CWA - COLFAX,CWS,SW,SW,3149,955,other_water_systems
1993,CA3110008,0,0,0,0,0,0,0,0,0,0,CITY OF ROSEVILLE,CWS,SW,SW,149779,50722,other_water_systems
1994,CA3110009,0,0,0,0,0,0,0,0,0,0,MEADOW VISTA CWD,CWS,SW,SW,5787,1539,other_water_systems
1995,CA3110010,0,0,0,0,0,0,0,0,0,0,TAHOE CITY PUD - MAIN,CWS,GW,GW,5661,2902,other_water_systems
1996,CA3110011,0,0,0,0,0,0,0,0,0,0,TAHOE CITY PUD - MCKINNEY/QUAIL,CWS,SW,SW,844,560,other_water_systems
1997,CA3110012,1,1,0,3,2,1,1,0,1,1,AGATE BAY WATER COMPANY,CWS,SW,SW,2500,584,other_water_systems
1998,CA3110013,0,0,0,0,0,0,0,0,0,0,TAHOE CITY PUD - TAHOE CEDARS,CWS,GW,GW,793,1181,other_water_systems
1999,CA3110015,0,0,0,0,0,0,0,0,0,0,FULTON WATER COMPANY,CWS,SW,SW,2593,926,other_water_systems
2000,CA3110017,0,0,0,0,0,0,0,0,0,0,SIERRA LAKES COUNTY WATER DIST,CWS,SW,SW,824,841,other_water_systems
2001,CA3110018,0,0,0,1,1,0,0,0,1,1,TAHOE PARK WATER COMPANY,CWS,GW,GW,750,438,other_water_systems
2002,CA3110019,0,0,0,0,0,0,0,0,0,0,SQUAW VALLEY MWC,CWS,GW,GW,756,270,other_water_systems
2003,CA3110020,0,0,0,0,0,0,0,0,0,0,OLYMPIC VALLEY PSD,CWS,GW,GW,1165,897,other_water_systems
2004,CA3110022,0,0,0,1,1,0,0,0,1,1,MCKINNEY WATER DISTRICT,CWS,GW,GW,853,253,other_water_systems
2005,CA3110023,2,2,2,0,0,1,1,1,0,0,NORTH TAHOE PUD - CARNELIAN WOODS,CWS,GW,GW,524,272,other_water_systems
2006,CA3110024,0,0,0,0,0,0,0,0,0,0,PLACER CWA - ALTA,CWS,SW,SW,748,270,other_water_systems
2007,CA3110025,0,0,0,0,0,0,0,0,0,0,PLACER CWA - FOOTHILL,CWS,SW,SW,89544,27694,carceral_serving_water_system
2008,CA3110026,0,0,0,0,0,0,0,0,0,0,NEVADA ID - NORTH AUBURN,CWS,SW,SW,6870,2384,carceral_serving_water_system
2009,CA3110028,0,0,0,0,0,0,0,0,0,0,NORTHSTAR C.S.D.,CWS,SW,SW,15445,953,other_water_systems
2010,CA3110029,1,1,1,0,0,1,1,1,0,0,ALPINE SPRINGS COUNTY WATER DISTRICT,CWS,GW,GW,2200,663,other_water_systems
2011,CA3110031,0,0,0,0,0,0,0,0,0,0,WARD WELL WATER COMPANY,CWS,GW,GW,425,226,other_water_systems
2012,CA3110034,0,0,0,0,0,0,0,0,0,0,CHRISTIAN VALLEY PARK CSD,CWS,SW,SW,1800,633,other_water_systems
2013,CA3110035,0,0,0,0,0,0,0,0,0,0,PCWA - WEIMAR,CWS,SW,SW,1694,613,other_water_systems
2014,CA3110036,0,0,0,0,0,0,0,0,0,0,NORTH TAHOE PUD - DOLLAR COVE,CWS,GW,GWP,507,275,other_water_systems
2015,CA3110040,0,0,0,0,0,0,0,0,0,0,PLACER CWA - BIANCHI ESTATES,CWS,SW,SWP,110,38,other_water_systems
2016,CA3110041,0,0,0,0,0,0,0,0,0,0,MIDWAY HEIGHTS C. W. D.,CWS,SW,SWP,1491,452,other_water_systems
2017,CA3110042,1,1,0,1,0,1,1,0,1,0,TAHOE SWISS VILLAGE UTILITY,CWS,GW,GW,3411,413,other_water_systems
2018,CA3110043,0,0,0,0,0,0,0,0,0,0,TAHOE CITY PUD - MADDEN CREEK,CWS,GW,GW,300,183,other_water_systems
2019,CA3110044,0,0,0,0,0,0,0,0,0,0,TAHOE CITY PUD - ALPINE PEAKS,CWS,GW,GW,201,97,other_water_systems
2020,CA3110047,0,0,0,1,1,0,0,0,1,1,TALMONT RESORT IMPROVEMENT DISTRICT,CWS,GW,GW,300,346,other_water_systems
2021,CA3110048,0,0,0,0,0,0,0,0,0,0,PLACER CSA - SHERIDAN,CWS,GW,GW,637,193,other_water_systems
2022,CA3110049,0,0,0,0,0,0,0,0,0,0,TAHOE PARK WATER CO - SKYLAND/NIELSEN,CWS,GW,GW,50,91,other_water_systems
2023,CA3110050,0,0,0,0,0,0,0,0,0,0,PLACER CWA - APPLEGATE,CWS,SW,SW,190,68,other_water_systems
2024,CA3110051,0,0,0,0,0,0,0,0,0,0,NORTHSTAR CSD - MARTIS VALLEY,CWS,GW,GW,4384,1284,other_water_systems
2025,CA3110124,0,0,0,0,0,0,0,0,0,0,PLACER CWA - MONTE VISTA,CWS,SW,SW,46,17,other_water_systems
2026,CA3110150,0,0,0,0,0,0,0,0,0,0,CAL AM - WEST PLACER,CWS,SW,SWP,7412,2246,other_water_systems
2027,CA3200048,0,0,0,0,0,0,0,0,0,0,PNF MT HOUGH RANGER STATION,NTNCWS,GW,GW,100,1,other_water_systems
2028,CA3200078,1,1,0,1,0,1,1,0,1,0,FRCCSD OLD MILL RANCH,CWS,GW,GW,32,36,other_water_systems
2029,CA3200102,0,0,0,0,0,0,0,0,0,0,WHITEHAWK RANCH MWC,CWS,SW,SW,765,200,other_water_systems
2030,CA3200104,8,8,8,3,3,1,1,1,1,1,GRIZZLY LAKE CSD-DELLEKER,CWS,GW,GW,1314,351,other_water_systems
2031,CA3200107,0,0,0,5,5,0,0,0,1,1,GRIZZLY LAKE CSD-CROCKER/WELCH,CWS,GW,GW,215,73,other_water_systems
2032,CA3200111,0,0,0,0,0,0,0,0,0,0,FEATHER RIVER COMMUNITY COLLEGE,NTNCWS,GW,GW,600,300,other_water_systems
2033,CA3200114,0,0,0,0,0,0,0,0,0,0,EVERGREEN MOTEL & MHP,CWS,GW,GW,28,40,other_water_systems
2034,CA3200127,0,0,0,0,0,0,0,0,0,0,ARLINGTON HEIGHTS MHP,CWS,GW,GW,33,39,other_water_systems
2035,CA3200134,1,1,0,18,17,1,1,0,1,1,BLAIRSDEN WATER USERS ASSN,CWS,GW,GW,200,50,other_water_systems
2036,CA3200138,1,1,0,1,0,1,1,0,1,0,MEADOW EDGE MHP,CWS,GW,GW,53,31,other_water_systems
2037,CA3200141,1,1,0,1,0,1,1,0,1,0,SIERRA PACIFIC INDUSTRIES QUINCY,NTNCWS,GW,GW,300,1,other_water_systems
2038,CA3200148,1,1,0,1,0,1,1,0,1,0,FEATHER RIVER RV & MHP,CWS,GW,GW,741,18,other_water_systems
2039,CA3200155,1,1,0,1,0,1,1,0,1,0,FRCCSD HOT SPRINGS,CWS,GW,GW,25,17,other_water_systems
2040,CA3200166,0,0,0,0,0,0,0,0,0,0,PG&E RODGERS FLAT SERVICE CENTER,NTNCWS,GW,GW,39,1,other_water_systems
2041,CA3200188,0,0,0,0,0,0,0,0,0,0,GREENHORN CREEK CSD,CWS,GW,GW,280,136,other_water_systems
2042,CA3200189,1,1,0,1,0,1,1,0,1,0,VALIVU ESTATES MHP,CWS,GW,GW,54,19,other_water_systems
2043,CA3200195,0,0,0,0,0,0,0,0,0,0,GREENHAVEN HOA,CWS,GW,GW,38,18,other_water_systems
2044,CA3200509,1,1,0,1,0,1,1,0,1,0,CLIO PUBLIC UTILITY DISTRICT,CWS,GW,GW,79,53,other_water_systems
2045,CA3200510,0,0,0,0,0,0,0,0,0,0,IVCSD CRESCENT MILLS,CWS,GW,GW,258,79,other_water_systems
2046,CA3205001,0,0,0,0,0,0,0,0,0,0,WALKER RANCH CSD,CWS,GW,GW,150,171,other_water_systems
2047,CA3205003,1,1,0,1,0,1,1,0,1,0,GOLD MOUNTAIN CSD,CWS,GW,GW,135,101,other_water_systems
2048,CA3205005,1,1,0,1,0,1,1,0,1,0,GRIZZLY CREEK RANCH SNJ,NTNCWS,GW,GW,300,1,other_water_systems
2049,CA3205006,0,0,0,0,0,0,0,0,0,0,GRIZZLY RANCH CSD,CWS,GW,GW,102,65,other_water_systems
2050,CA3210001,0,0,0,0,0,0,0,0,0,0,IVCSD-GREENVILLE,CWS,GW,GW,630,269,other_water_systems
2051,CA3210003,0,0,0,0,0,0,0,0,0,0,CITY OF PORTOLA,CWS,SW,SWP,2100,1154,other_water_systems
2052,CA3210004,0,0,0,0,0,0,0,0,0,0,AMERICAN VALLEY CSD,CWS,GW,GW,4093,1613,other_water_systems
2053,CA3210005,1,1,0,1,0,1,1,0,1,0,GRAEAGLE WATER COMPANY,CWS,SW,SW,737,939,other_water_systems
2054,CA3210006,1,1,0,1,0,1,1,0,1,0,LAKE ALMANOR COUNTRY CLUB MWC,CWS,GW,GW,6000,1714,other_water_systems
2055,CA3210007,0,0,0,0,0,0,0,0,0,0,WEST ALMANOR M.W.C.,CWS,GW,GW,1394,500,other_water_systems
2056,CA3210009,1,1,1,0,0,1,1,1,0,0,CHESTER PUBLIC U.D.,CWS,GW,GW,2145,1300,other_water_systems
2057,CA3210010,0,0,0,1,1,0,0,0,1,1,HAMILTON BRANCH CSD,CWS,GW,GW,1874,644,other_water_systems
2058,CA3210011,0,0,0,0,0,0,0,0,0,0,PLUMAS EUREKA CSD,CWS,GW,GW,1534,557,other_water_systems
2059,CA3301011,1,1,0,6,3,1,1,0,1,1,STONE CREEK WATER COMPANY,CWS,GW,GW,152,21,other_water_systems
2060,CA3301018,1,1,1,1,1,1,1,1,1,1,ANZA PINES MOBILE HOME PARK,CWS,GW,GW,90,47,other_water_systems
2061,CA3301028,0,0,0,0,0,0,0,0,0,0,BALDY MOUNTAIN RANCH,CWS,GW,GW,80,80,other_water_systems
2062,CA3301031,0,0,0,2,2,0,0,0,1,1,BANNING HTS. MUTUAL WATER CO.,CWS,SW,SW,567,178,other_water_systems
2063,CA3301040,0,0,0,2,0,0,0,0,1,0,RIVERDALE ESTATES,CWS,GW,GW,300,186,other_water_systems
2064,CA3301045,11,0,0,4,2,1,0,0,1,1,BLYTHE MOBILE HOME ESTATES,CWS,GW,GW,35,24,other_water_systems
2065,CA3301055,0,0,0,0,0,0,0,0,0,0,HARMONY HAVEN,CWS,GW,GW,54,12,other_water_systems
2066,CA3301107,1,1,0,17,5,1,1,0,1,1,CARVER TRACT MUTUAL WATER COMP,CWS,GW,GW,600,188,other_water_systems
2067,CA3301114,0,0,0,0,0,0,0,0,0,0,CHERRY VALLEY WATER COMPANY,CWS,GW,GW,210,75,other_water_systems
2068,CA3301115,0,0,0,0,0,0,0,0,0,0,CHIRIACO SUMMIT WATER DIST.,CWS,SW,SWP,544,40,other_water_systems
2069,CA3301133,1,1,0,2,0,1,1,0,1,0,DOUG JONES WATER,NTNCWS,GW,GW,50,2,other_water_systems
2070,CA3301145,0,0,0,0,0,0,0,0,0,0,MOUNTAIN CENTER CAFE,CWS,GW,GW,77,16,other_water_systems
2071,CA3301147,1,1,0,1,0,1,1,0,1,0,CVUSD FACILITIES/M&O,NTNCWS,GW,GW,50,7,other_water_systems
2072,CA3301164,0,0,0,0,0,0,0,0,0,0,GENESIS SOLAR LLC,NTNCWS,GW,GW,45,4,other_water_systems
2073,CA3301169,0,0,0,3,1,0,0,0,1,1,MURRIETA PALMS MOBILE HOME PARK,CWS,GW,GW,237,71,other_water_systems
2074,CA3301171,0,0,0,0,0,0,0,0,0,0,BRADFORD RUN RV,CWS,GW,GW,84,59,other_water_systems
2075,CA3301176,0,0,0,0,0,0,0,0,0,0,GRIMMWAY ENTERPRISES - CAL ORGANIC THERM,NTNCWS,GW,GW,360,1,other_water_systems
2076,CA3301180,1,1,0,1,0,1,1,0,1,0,ANZA MUTUAL WATER COMPANY,CWS,GW,GW,224,85,other_water_systems
2077,CA3301186,0,0,0,0,0,0,0,0,0,0,LADERA GOLF COURSE,NTNCWS,GW,GW,1806,7,other_water_systems
2078,CA3301209,1,1,0,1,0,1,1,0,1,0,DESERT VIEW TRAILER PARK,CWS,GW,GW,60,22,other_water_systems
2079,CA3301226,0,0,0,0,0,0,0,0,0,0,MWD - EAGLE MOUNTAIN,CWS,SW,SW,16,25,other_water_systems
2080,CA3301238,0,0,0,0,0,0,0,0,0,0,EISENHOWER MEDICAL CENTER(WATER),NTNCWS,GW,GW,2300,7,other_water_systems
2081,CA3301267,36,8,7,1,0,1,1,1,1,0,FISHERMAN'S RETREAT,CWS,GW,GW,402,172,other_water_systems
2082,CA3301280,0,0,0,0,0,0,0,0,0,0,GOLDEN ERA PRODUCTIONS,CWS,GW,GW,500,29,other_water_systems
2083,CA3301283,0,0,0,3,3,0,0,0,1,1,GLEN EDEN SUN CLUB,CWS,SW,SWP,566,407,other_water_systems
2084,CA3301294,1,1,0,3,0,1,1,0,1,0,GLEN IVY HOT SPRINGS,CWS,GW,GW,1047,49,other_water_systems
2085,CA3301305,4,4,3,4,3,1,1,1,1,1,"WHITE'S STEEL, INC.",NTNCWS,GW,GW,85,1,other_water_systems
2086,CA3301308,0,0,0,0,0,0,0,0,0,0,COTTONWOOD SCHOOL,NTNCWS,GW,GW,202,7,other_water_systems
2087,CA3301309,0,0,0,4,4,0,0,0,1,1,HAMILTON SCHOOL,NTNCWS,GW,GW,666,20,other_water_systems
2088,CA3301330,12,12,12,1,0,1,1,1,1,0,INDIAN OAKS TRAILER PARK,CWS,GW,GW,90,63,other_water_systems
2089,CA3301355,0,0,0,0,0,0,0,0,0,0,ANZA RV RESORT,CWS,GW,GW,120,117,other_water_systems
2090,CA3301373,2,2,1,7,2,1,1,1,1,1,OASIS DATE GARDENS,NTNCWS,GW,GW,832,4,other_water_systems
2091,CA3301380,12,12,11,4,1,1,1,1,1,1,SAN ANTONIO MOBILE HOME PARK,CWS,GW,GW,340,68,other_water_systems
2092,CA3301381,0,0,0,0,0,0,0,0,0,0,CSA 51,CWS,GW,GW,350,77,other_water_systems
2093,CA3301385,1,1,0,1,0,1,1,0,1,0,"JOJOBA HILLS SKP RESORT, INC.",NTNCWS,GW,GW,912,283,other_water_systems
2094,CA3301388,1,1,0,3,2,1,1,0,1,1,DESERT DUNES GOLF CLUB LTD,NTNCWS,GW,GW,125,3,other_water_systems
2095,CA3301428,0,0,0,3,3,0,0,0,1,1,BLYTHE - MESA RANCH,CWS,GW,GW,558,188,other_water_systems
2096,CA3301482,3,3,2,2,0,1,1,1,1,0,ORTEGA OAKS RV PARK&CAMPGROUND,CWS,GW,GW,180,77,other_water_systems
2097,CA3301491,12,12,12,1,0,1,1,1,1,0,ALPINE VILLAGE,CWS,GW,GW,198,60,other_water_systems
2098,CA3301494,0,0,0,2,2,0,0,0,1,1,PALM SPRINGS AERIAL TRAMWAY,NTNCWS,SW,SWP,1626,3,other_water_systems
2099,CA3301502,1,1,1,1,1,1,1,1,1,1,PARADISE VALLEY MWC,CWS,GW,GW,30,36,other_water_systems
2100,CA3301511,1,1,0,3,2,1,1,0,1,1,PINYON CREST HOA,CWS,GW,GW,104,90,other_water_systems
2101,CA3301512,1,1,1,1,0,1,1,1,1,0,PINYON PINES COUNTY WATER DIST,CWS,GW,GW,232,82,other_water_systems
2102,CA3301528,0,0,0,0,0,0,0,0,0,0,OAK HAVEN ASSOCIATION,CWS,GW,GW,92,36,other_water_systems
2103,CA3301529,12,12,11,5,2,1,1,1,1,1,RAMONA WATER COMPANY,CWS,GW,GW,250,95,other_water_systems
2104,CA3301534,0,0,0,0,0,0,0,0,0,0,RANCHO CALIMESA MOBILE HOME PARK,CWS,GW,GW,302,207,other_water_systems
2105,CA3301535,0,0,0,1,1,0,0,0,1,1,RANCHO CARRILLO MWC,CWS,GW,GW,210,75,other_water_systems
2106,CA3301541,0,0,0,0,0,0,0,0,0,0,RECHE CANYON MUTUAL WATER CO.,CWS,GW,GW,150,53,other_water_systems
2107,CA3301577,14,14,14,0,0,1,1,1,0,0,CSA 62,CWS,GW,GW,538,156,other_water_systems
2108,CA3301588,0,0,0,0,0,0,0,0,0,0,ROYAL CARRIZO HOA,CWS,GW,GW,25,20,other_water_systems
2109,CA3301622,0,0,0,0,0,0,0,0,0,0,SILENT VALLEY CLUB,NTNCWS,GW,GW,241,800,other_water_systems
2110,CA3301630,6,0,0,2,2,1,0,0,1,1,BLYTHE - HIDDEN BEACHES,CWS,GW,GW,393,123,other_water_systems
2111,CA3301676,2,2,2,0,0,1,1,1,0,0,THOMAS MOUNTAIN WATER COMPANY,CWS,GW,GW,157,56,other_water_systems
2112,CA3301682,0,0,0,0,0,0,0,0,0,0,TRAILS END MUTUAL WATER COMPANY,CWS,GW,GW,52,34,other_water_systems
2113,CA3301717,1,1,0,2,1,1,1,0,1,1,VALLEY VIEW TRAILER PARK,CWS,GW,GW,135,37,other_water_systems
2114,CA3301775,0,0,0,1,0,0,0,0,1,0,HIGH VALLEYS WATER DISTRICT,CWS,GW,GWP,733,244,other_water_systems
2115,CA3301800,1,1,1,0,0,1,1,1,0,0,STONEWOOD CANYON ESTATES,CWS,GW,GW,40,26,other_water_systems
2116,CA3301863,0,0,0,0,0,0,0,0,0,0,OLIVET UNIVERSITY,CWS,GW,GW,212,48,other_water_systems
2117,CA3301877,9,1,1,0,0,1,1,1,0,0,BLOCK 77 WATER COMPANY,CWS,GW,GW,59,18,other_water_systems
2118,CA3301879,0,0,0,1,1,0,0,0,1,1,SHARONDALE MESA HOA,CWS,GW,GW,323,244,other_water_systems
2119,CA3301935,1,1,0,3,0,1,1,0,1,0,"BAGDASARIAN PACKING THERMAL, LLC",NTNCWS,GW,GW,250,3,other_water_systems
2120,CA3301937,1,1,0,1,0,1,1,0,1,0,MESQUITE MUTUAL WATER CO.,CWS,GW,GWP,42,16,other_water_systems
2121,CA3301939,2,2,1,1,0,1,1,1,1,0,JEWEL DATE CO. INC.,NTNCWS,GW,GW,88,3,other_water_systems
2122,CA3301943,1,1,1,1,1,1,1,1,1,1,PLANTATION ON THE LAKE PARK,CWS,GW,GW,897,581,other_water_systems
2123,CA3301961,0,0,0,0,0,0,0,0,0,0,OUTDOOR RESORTS RANCHO CA,NTNCWS,GW,GW,400,603,other_water_systems
2124,CA3301979,1,1,0,1,0,1,1,0,1,0,MADISON CENTER WATER SYSTEM,NTNCWS,GW,GW,68,3,other_water_systems
2125,CA3301990,4,4,3,4,2,1,1,1,1,1,AMEZCUA - GARCIA WATER,CWS,GW,GW,316,79,other_water_systems
2126,CA3303003,0,0,0,1,1,0,0,0,1,1,GALINDO HOUSING FACILITY,CWS,GW,GW,50,38,other_water_systems
2127,CA3303026,0,0,0,3,3,0,0,0,1,1,GRANITE CONSTRUCTION COMPANY,NTNCWS,GW,GW,40,5,other_water_systems
2128,CA3303035,1,1,0,3,0,1,1,0,1,0,THERMAL PARK,CWS,GW,GW,73,22,other_water_systems
2129,CA3303071,0,0,0,0,0,0,0,0,0,0,MORONGO GOLF COURSE AT TUKWET CNYN,NTNCWS,GW,GW,185,7,other_water_systems
2130,CA3303072,0,0,0,0,0,0,0,0,0,0,GOOSE CREEK GOLF CLUB,NTNCWS,GW,GW,246,4,other_water_systems
2131,CA3303092,1,1,0,2,1,1,1,0,1,1,MECCA ARCO TRAVEL CENTER,NTNCWS,GW,GW,1847,4,other_water_systems
2132,CA3303112,1,1,0,1,0,1,1,0,1,0,GRIMMWAY FARMS COACHELLA VALLEY FACILITY,NTNCWS,GW,GW,245,1,other_water_systems
2133,CA3310001,0,0,0,0,0,0,0,0,0,0,COACHELLA VWD: COVE COMMUNITY,CWS,GW,GW,270000,111186,other_water_systems
2134,CA3310002,0,0,0,0,0,0,0,0,0,0,BEAUMONT CHERRY VALLEY WD,CWS,GW,GW,49241,20878,other_water_systems
2135,CA3310003,1,0,0,2,2,1,0,0,1,1,BLYTHE - CITY OF,CWS,GW,GW,9874,3424,carceral_serving_water_system
2136,CA3310004,0,0,0,0,0,0,0,0,0,0,BOX SPRINGS MUTUAL WC,CWS,SW,SWP,3542,640,other_water_systems
2137,CA3310005,0,0,0,0,0,0,0,0,0,0,DESERT WATER AGENCY,CWS,SW,SW,74025,23358,other_water_systems
2138,CA3310006,0,0,0,1,1,0,0,0,1,1,"BANNING, CITY OF",CWS,GW,GW,30683,11535,other_water_systems
2139,CA3310007,0,0,0,1,1,0,0,0,1,1,COACHELLA WATER AUTHORITY,CWS,GW,GW,42835,9363,other_water_systems
2140,CA3310008,0,0,0,2,1,0,0,0,1,1,MISSION SPRINGS WD,CWS,GW,GW,43223,13484,other_water_systems
2141,CA3310009,0,0,0,0,0,0,0,0,0,0,EASTERN MUNICIPAL WD,CWS,SW,SWP,651058,167890,carceral_serving_water_system
2142,CA3310012,0,0,0,0,0,0,0,0,0,0,ELSINORE VALLEY MWD,CWS,SW,SW,165586,47390,other_water_systems
2143,CA3310016,0,0,0,1,1,0,0,0,1,1,"HEMET, CITY OF",CWS,SW,SWP,33828,9601,other_water_systems
2144,CA3310017,0,0,0,2,2,0,0,0,1,1,SOUTH MESA WC,CWS,GW,GW,10108,3063,other_water_systems
2145,CA3310018,0,0,0,0,0,0,0,0,0,0,HOME GARDENS COUNTY WD,CWS,SW,SWP,3095,860,other_water_systems
2146,CA3310019,0,0,0,2,2,0,0,0,1,1,IDYLLWILD WATER DISTRICT,CWS,GW,GW,2963,1681,other_water_systems
2147,CA3310020,0,0,0,1,1,0,0,0,1,1,INDIO WATER AUTHORITY,CWS,GW,GW,83486,25299,carceral_serving_water_system
2148,CA3310021,0,0,0,0,0,0,0,0,0,0,JURUPA COMMUNITY SD,CWS,SW,SWP,134049,33574,other_water_systems
2149,CA3310022,1,1,1,1,1,1,1,1,1,1,LAKE HEMET MWD,CWS,GW,GW,52913,14421,other_water_systems
2150,CA3310025,0,0,0,2,0,0,0,0,1,0,"NORCO, CITY OF",CWS,SW,SWP,25037,7447,other_water_systems
2151,CA3310026,0,0,0,1,1,0,0,0,1,1,NUEVO WATER COMPANY,CWS,SW,SWP,6733,1887,other_water_systems
2152,CA3310028,0,0,0,0,0,0,0,0,0,0,RIVERSIDE CSA #122-MESA VERDE,CWS,GW,GW,766,328,other_water_systems
2153,CA3310029,0,0,0,2,2,0,0,0,1,1,"PERRIS, CITY OF",CWS,SW,SWP,7854,2557,other_water_systems
2154,CA3310030,0,0,0,3,3,0,0,0,1,1,PINE COVE WATER DISTRICT,CWS,GW,GW,1540,1116,other_water_systems
2155,CA3310031,0,0,0,0,0,0,0,0,0,0,"RIVERSIDE, CITY OF",CWS,SW,GU,298398,66422,carceral_serving_water_system
2156,CA3310032,0,0,0,0,0,0,0,0,0,0,"SAN JACINTO, CITY OF",CWS,GW,GW,18950,4552,other_water_systems
2157,CA3310033,0,0,0,0,0,0,0,0,0,0,SANTA ANA RIVER WATER COMPANY,CWS,GW,GW,6306,1757,other_water_systems
2158,CA3310036,0,0,0,0,0,0,0,0,0,0,WESTERN MWD - MURRIETA DIVISION,CWS,SW,SWP,17077,2863,other_water_systems
2159,CA3310037,0,0,0,1,1,0,0,0,1,1,"CORONA, CITY OF",CWS,SW,SWP,168575,44573,other_water_systems
2160,CA3310038,0,0,0,0,0,0,0,0,0,0,RANCHO CALIFORNIA WATER DISTRICT,CWS,SW,SWP,144088,44217,other_water_systems
2161,CA3310040,0,0,0,2,2,0,0,0,1,1,FERN VALLEY WD,CWS,SW,SW,900,1177,other_water_systems
2162,CA3310044,0,0,0,0,0,0,0,0,0,0,RUBIDOUX COMMUNITY SD,CWS,GW,GW,36827,6820,other_water_systems
2163,CA3310046,0,0,0,4,3,0,0,0,1,1,FARM MUTUAL W.C. (THE),CWS,SW,SWP,4026,1265,other_water_systems
2164,CA3310047,0,0,0,0,0,0,0,0,0,0,CABAZON WATER DISTRICT,CWS,GW,GW,2271,989,other_water_systems
2165,CA3310048,0,0,0,0,0,0,0,0,0,0,COACHELLA VWD: I.D. NO. 8,CWS,GW,GW,4600,1644,other_water_systems
2166,CA3310049,0,0,0,0,0,0,0,0,0,0,WESTERN MWD,CWS,SW,SWP,84209,22054,other_water_systems
2167,CA3310051,0,0,0,0,0,0,0,0,0,0,MYOMA DUNES MUTUAL WATER COMPANY,CWS,GW,GW,9445,2574,other_water_systems
2168,CA3310052,0,0,0,0,0,0,0,0,0,0,LAKE HEMET-GARNER VALLEY,CWS,GW,GW,709,284,other_water_systems
2169,CA3310074,0,0,0,1,1,0,0,0,1,1,TEMESCAL VALLEY WATER DISTRICT,CWS,SW,SWP,21153,6567,other_water_systems
2170,CA3310075,0,0,0,0,0,0,0,0,0,0,WESTERN MWD (ARLINGTON),CWS,SW,SWP,0,7,other_water_systems
2171,CA3310076,0,0,0,0,0,0,0,0,0,0,WESTERN MWD (ID A - RAINBOW),CWS,SW,SWP,192,47,other_water_systems
2172,CA3310078,0,0,0,0,0,0,0,0,0,0,WEST PALM SPRINGS VILLAGE,CWS,GW,GW,496,265,other_water_systems
2173,CA3310080,0,0,0,0,0,0,0,0,0,0,LAKE HEMET MWD-CAMP GROUND,CWS,GW,GW,600,287,other_water_systems
2174,CA3310081,0,0,0,0,0,0,0,0,0,0,PALM SPRINGS CREST,CWS,GW,GW,384,178,other_water_systems
2175,CA3310082,0,0,0,0,0,0,0,0,0,0,NORTH PERRIS WATER SYSTEM,CWS,GW,GW,4500,1389,other_water_systems
2176,CA3310083,0,0,0,0,0,0,0,0,0,0,CHINO BASIN DESALTER AUTH. - DESALTER 2,CWS,GW,GW,0,7,other_water_systems
2177,CA3310084,0,0,0,0,0,0,0,0,0,0,DESERT SAGE YOUTH WELLNESS CENTER,NTNCWS,GW,GW,90,2,other_water_systems
2178,CA3310800,0,0,0,4,2,0,0,0,1,1,CALIFORNIA REHABILITATION CENTER - NORCO,CWS,SW,SWP,4300,1357,carceral_water_system
2179,CA3310801,0,0,0,4,3,0,0,0,1,1,BAUTISTA CC NO. 36,CWS,GW,GW,77,1,carceral_water_system
2180,CA3310802,0,0,0,1,1,0,0,0,1,1,CHUCKAWALLA VALLEY STATE PRISON,CWS,GW,GW,5994,1865,carceral_water_system
2181,CA3400101,1,1,0,1,0,1,1,0,1,0,HOOD WATER MAINTENCE DIST [SWS],CWS,GW,GW,271,82,other_water_systems
2182,CA3400103,1,1,0,4,3,1,1,0,1,1,B & W RESORT MARINA,CWS,GW,GW,100,37,other_water_systems
2183,CA3400106,1,1,0,1,0,1,1,0,1,0,EAST WALNUT GROVE [SWS],CWS,GW,GW,300,169,other_water_systems
2184,CA3400107,1,1,1,0,0,1,1,1,0,0,RIVER'S EDGE MARINA & RESORT,CWS,GW,GW,210,83,other_water_systems
2185,CA3400121,0,0,0,0,0,0,0,0,0,0,EL DORADO MOBILE HOME PARK,CWS,GW,GW,318,128,other_water_systems
2186,CA3400122,0,0,0,0,0,0,0,0,0,0,EL DORADO WEST MHP,CWS,GW,GW,203,128,other_water_systems
2187,CA3400125,4,4,4,0,0,1,1,1,0,0,FREEPORT MARINA,CWS,GW,GW,45,27,other_water_systems
2188,CA3400128,0,0,0,3,3,0,0,0,1,1,HAPPY HARBOR (SWS),CWS,GW,GW,60,45,other_water_systems
2189,CA3400130,1,1,1,6,3,1,1,1,1,1,MAGNOLIA MUTUAL WATER,CWS,GW,GW,90,34,other_water_systems
2190,CA3400135,0,0,0,0,0,0,0,0,0,0,KORTHS PIRATES LAIR,CWS,GW,GW,55,64,other_water_systems
2191,CA3400137,0,0,0,0,0,0,0,0,0,0,LINCOLN CHAN-HOME RANCH,CWS,GW,GW,33,19,other_water_systems
2192,CA3400138,1,1,1,4,4,1,1,1,1,1,LOCKE WATER WORKS CO [SWS],CWS,GW,GW,80,44,other_water_systems
2193,CA3400139,0,0,0,0,0,0,0,0,0,0,SACRAMENTO INTERNATIONAL AIRPORT [SWS],NTNCWS,SW,SWP,41717,67,other_water_systems
2194,CA3400149,1,1,0,1,0,1,1,0,1,0,RANCHO MARINA,CWS,GW,GW,250,77,other_water_systems
2195,CA3400155,0,0,0,6,3,0,0,0,1,1,SEQUOIA WATER ASSOC,CWS,GW,GW,54,18,other_water_systems
2196,CA3400156,1,1,0,1,0,1,1,0,1,0,SOUTHWEST TRACT W M D [SWS],CWS,GW,GWP,103,33,other_water_systems
2197,CA3400164,0,0,0,0,0,0,0,0,0,0,"VIEIRA'S RESORT, INC",CWS,GW,GW,200,107,other_water_systems
2198,CA3400169,0,0,0,2,2,0,0,0,1,1,SPINDRIFT MARINA,CWS,GW,GW,100,50,other_water_systems
2199,CA3400172,0,0,0,1,0,0,0,0,1,0,TOKAY PARK WATER CO,CWS,GW,GW,653,198,other_water_systems
2200,CA3400173,1,1,0,1,0,1,1,0,1,0,NORTHGATE 880 [SWS],NTNCWS,GW,GW,2926,278,other_water_systems
2201,CA3400179,0,0,0,1,1,0,0,0,1,1,MC CLELLAN MHP,CWS,GW,GW,700,199,other_water_systems
2202,CA3400180,1,1,0,1,0,1,1,0,1,0,BRANCH CENTER [SWS],NTNCWS,GW,GW,1700,40,carceral_serving_water_system
2203,CA3400181,0,0,0,0,0,0,0,0,0,0,LAGUNA DEL SOL INC,CWS,GW,GW,445,112,other_water_systems
2204,CA3400190,0,0,0,0,0,0,0,0,0,0,IMPERIAL MANOR MOBILEHOME COMMUNITY,CWS,GW,GW,280,187,other_water_systems
2205,CA3400191,0,0,0,0,0,0,0,0,0,0,ELEVEN OAKS MOBILE HOME COMMUNITY,CWS,GW,GW,262,136,other_water_systems
2206,CA3400192,0,0,0,0,0,0,0,0,0,0,TUNNEL TRAILER PARK,CWS,GW,GW,48,21,other_water_systems
2207,CA3400217,0,0,0,0,0,0,0,0,0,0,HOMETOWN COLONIAL ESTATES LLC,CWS,GW,GW,400,146,other_water_systems
2208,CA3400229,1,1,0,1,0,1,1,0,1,0,RIO COSUMNES CORRECTIONAL CENTER [SWS],CWS,GW,GW,2800,13,carceral_water_system
2209,CA3400232,0,0,0,1,1,0,0,0,1,1,RANCHO SECO NGS (SMUD),NTNCWS,GW,GW,51,2,other_water_systems
2210,CA3400240,0,0,0,0,0,0,0,0,0,0,H C MUDDOX CO,NTNCWS,GW,GW,80,2,other_water_systems
2211,CA3400248,0,0,0,0,0,0,0,0,0,0,FRANKLIN ELEMENTARY SCHOOL,NTNCWS,GW,GW,650,13,other_water_systems
2212,CA3400250,0,0,0,2,2,0,0,0,1,1,PLEASANT GROVE ELEMENTARY SCHOOL,NTNCWS,GW,GW,185,10,other_water_systems
2213,CA3400251,0,0,0,2,2,0,0,0,1,1,SIERRA ENTERPRISE ELEMENTARY SCHOOL,NTNCWS,GW,GW,430,13,other_water_systems
2214,CA3400253,0,0,0,0,0,0,0,0,0,0,COSUMNES RIVER ELEMENTARY SCHOOL,NTNCWS,GW,GW,560,8,other_water_systems
2215,CA3400254,0,0,0,2,2,0,0,0,1,1,DILLARD ELEMENTARY SCHOOL,NTNCWS,GW,GW,350,4,other_water_systems
2216,CA3400267,1,1,0,1,0,1,1,0,1,0,BATES ELEMENTARY SCHOOL,NTNCWS,GW,GW,375,10,other_water_systems
2217,CA3400268,1,1,0,1,0,1,1,0,1,0,WALNUT GROVE ELEMENTARY SCHOOL,NTNCWS,GW,GW,200,2,other_water_systems
2218,CA3400271,0,0,0,1,0,0,0,0,1,0,ARCOHE ELEM SCHOOL - MAIN CAMPUS,NTNCWS,GW,GW,465,2,other_water_systems
2219,CA3400273,2,2,1,2,1,1,1,1,1,1,WILTON BIBLE CHURCH,NTNCWS,GW,GW,210,5,other_water_systems
2220,CA3400278,0,0,0,6,6,0,0,0,1,1,AMERICAN RIVER COLLEGE,NTNCWS,GW,GW,2000,32,other_water_systems
2221,CA3400296,0,0,0,0,0,0,0,0,0,0,SAC CITY MOBILE HOME COMMUNITY LP,CWS,GW,GW,350,164,other_water_systems
2222,CA3400331,0,0,0,0,0,0,0,0,0,0,WESTERNER MOBILE HOME PARK,CWS,GW,GW,65,49,other_water_systems
2223,CA3400335,0,0,0,0,0,0,0,0,0,0,HOLIDAY MOBILE VILLAGE,CWS,GW,GW,200,115,other_water_systems
2224,CA3400342,1,1,0,1,0,1,1,0,1,0,KIEFER LANDFILL [SWS],NTNCWS,GW,GW,50,3,other_water_systems
2225,CA3400358,0,0,0,0,0,0,0,0,0,0,"6200 FRANKLIN, LLC  (SWS)",NTNCWS,GW,GW,200,4,other_water_systems
2226,CA3400364,1,1,0,1,0,1,1,0,1,0,JEAN HARVIE SCHOOL [SWS],NTNCWS,GW,GW,30,2,other_water_systems
2227,CA3400391,1,1,0,2,1,1,1,0,1,1,BRADSHAW CHRISTIAN SCHOOL,NTNCWS,GW,GW,1000,4,other_water_systems
2228,CA3400394,1,1,0,4,0,1,1,0,1,0,DELTA SHORES RESORT,NTNCWS,GW,GW,278,189,other_water_systems
2229,CA3400397,0,0,0,3,3,0,0,0,1,1,LAGUNA VILLAGE RV PARK,CWS,GW,GW,28,28,other_water_systems
2230,CA3400401,0,0,0,0,0,0,0,0,0,0,PLANTATION MOBILE HOME PARK,CWS,GW,GW,22,21,other_water_systems
2231,CA3400402,0,0,0,3,3,0,0,0,1,1,SHELDON ACRES DEV CENTER,NTNCWS,GW,GW,100,1,other_water_systems
2232,CA3400416,0,0,0,0,0,0,0,0,0,0,PAPE MACHINERY,NTNCWS,GW,GW,44,1,other_water_systems
2233,CA3400425,0,0,0,0,0,0,0,0,0,0,SACRAMENTO RENDERING,NTNCWS,GW,GW,300,5,other_water_systems
2234,CA3400429,0,0,0,0,0,0,0,0,0,0,ADESA OF SACRAMENTO,NTNCWS,GW,GW,320,4,other_water_systems
2235,CA3400433,0,0,0,0,0,0,0,0,0,0,EDGEWATER MOBILE HOME PARK,CWS,GW,GW,40,22,other_water_systems
2236,CA3400434,0,0,0,3,3,0,0,0,1,1,CARSON LANDSCAPE INDUSTRIES,NTNCWS,GW,GW,175,2,other_water_systems
2237,CA3400452,0,0,0,0,0,0,0,0,0,0,SILVERADO WATER SYSTEM,NTNCWS,GW,GW,40,5,other_water_systems
2238,CA3400453,0,0,0,4,4,0,0,0,1,1,"MATSUDA'S BY GREEN ACRES, LLC",NTNCWS,GW,GW,125,4,other_water_systems
2239,CA3400454,0,0,0,5,5,0,0,0,1,1,VILLAGE BRADSHAW,NTNCWS,GW,GW,100,6,other_water_systems
2240,CA3400456,0,0,0,0,0,0,0,0,0,0,STAFFORD MEAT COMPANY,NTNCWS,GW,GW,32,4,other_water_systems
2241,CA3400473,1,1,0,4,3,1,1,0,1,1,METRO AIR PARK WATER SYSTEM,NTNCWS,SW,SWP,2500,17,other_water_systems
2242,CA3400475,0,0,0,0,0,0,0,0,0,0,HEDGE TRAINING FACILITY,NTNCWS,GW,GW,25,3,other_water_systems
2243,CA3410001,0,0,0,0,0,0,0,0,0,0,SACRAMENTO SUBURBAN WATER DISTRICT,CWS,SW,SWP,194444,46822,other_water_systems
2244,CA3410002,1,1,0,1,0,1,1,0,1,0,SCWA - ARDEN PARK VISTA,CWS,GW,GW,10101,3061,other_water_systems
2245,CA3410003,0,0,0,0,0,0,0,0,0,0,GOLDEN STATE WATER CO - ARDEN WATER SERV,CWS,GW,GW,5637,1729,other_water_systems
2246,CA3410004,0,0,0,1,1,0,0,0,1,1,CARMICHAEL WATER DISTRICT,CWS,SW,GU,41193,11716,other_water_systems
2247,CA3410005,0,0,0,1,1,0,0,0,1,1,RANCHO MURIETA COMMUNITY SERVI,CWS,SW,SW,5728,2869,other_water_systems
2248,CA3410006,0,0,0,0,0,0,0,0,0,0,CITRUS HEIGHTS WATER DISTRICT,CWS,SW,SWP,67758,20250,other_water_systems
2249,CA3410007,0,0,0,0,0,0,0,0,0,0,DEL PASO MANOR COUNTY WATER DI,CWS,GW,GW,4520,1800,other_water_systems
2250,CA3410008,0,0,0,0,0,0,0,0,0,0,ELK GROVE WATER DISTRICT,CWS,GW,GW,43551,13020,other_water_systems
2251,CA3410009,0,0,0,0,0,0,0,0,0,0,FAIR OAKS WATER DISTRICT,CWS,SW,SWP,36226,14277,other_water_systems
2252,CA3410010,0,0,0,0,0,0,0,0,0,0,CAL AM - SUBURBAN ROSEMONT,CWS,SW,SWP,53882,16328,other_water_systems
2253,CA3410011,0,0,0,0,0,0,0,0,0,0,"GALT, CITY OF",CWS,GW,GW,26536,7862,other_water_systems
2254,CA3410012,0,0,0,0,0,0,0,0,0,0,CAL AM - ISLETON,CWS,GW,GW,1591,482,other_water_systems
2255,CA3410013,0,0,0,0,0,0,0,0,0,0,CAL AM - LINCOLN OAKS,CWS,SW,SWP,47665,14444,other_water_systems
2256,CA3410014,0,0,0,0,0,0,0,0,0,0,"FOLSOM, CITY OF - MAIN",CWS,SW,SW,75728,23372,other_water_systems
2257,CA3410015,0,0,0,0,0,0,0,0,0,0,GOLDEN STATE WATER CO. - CORDOVA,CWS,SW,SW,47106,14882,other_water_systems
2258,CA3410016,0,0,0,0,0,0,0,0,0,0,ORANGE VALE WATER COMPANY,CWS,SW,SWP,16861,5730,other_water_systems
2259,CA3410017,0,0,0,0,0,0,0,0,0,0,CAL AM - PARKWAY,CWS,SW,SWP,49464,14989,other_water_systems
2260,CA3410018,0,0,0,0,0,0,0,0,0,0,RIO LINDA/ELVERTA COMMUNITY WATER DIST,CWS,GW,GW,15404,4656,other_water_systems
2261,CA3410020,0,0,0,0,0,0,0,0,0,0,CITY OF SACRAMENTO MAIN,CWS,SW,SW,518161,146193,carceral_serving_water_system
2262,CA3410021,0,0,0,0,0,0,0,0,0,0,SAN JUAN WATER DISTRICT,CWS,SW,SW,29308,10929,other_water_systems
2263,CA3410022,0,0,0,3,3,0,0,0,1,1,OLYMPIA MOBILODGE,CWS,GW,GW,450,200,other_water_systems
2264,CA3410023,0,0,0,0,0,0,0,0,0,0,CAL AM - FRUITRIDGE VISTA,CWS,SW,SWP,15220,4612,other_water_systems
2265,CA3410026,0,0,0,0,0,0,0,0,0,0,CALIFORNIA STATE FAIR,CWS,GW,GW,9290,269,other_water_systems
2266,CA3410027,0,0,0,0,0,0,0,0,0,0,CAL AM - SECURITY PARK,NTNCWS,SW,SWP,102,31,other_water_systems
2267,CA3410029,1,1,0,1,0,1,1,0,1,0,SCWA - LAGUNA/VINEYARD,CWS,SW,SW,179933,49527,other_water_systems
2268,CA3410030,0,0,0,0,0,0,0,0,0,0,"FOLSOM, CITY OF - ASHLAND",CWS,SW,SWP,3538,1078,other_water_systems
2269,CA3410031,0,0,0,0,0,0,0,0,0,0,CAL AM - ANTELOPE,CWS,SW,SWP,35241,10679,other_water_systems
2270,CA3410032,1,1,0,1,0,1,1,0,1,0,FOLSOM STATE PRISON,CWS,SW,SW,4524,2790,carceral_water_system
2271,CA3410033,0,0,0,0,0,0,0,0,0,0,FLORIN COUNTY WATER DISTRICT,CWS,GW,GW,7831,2404,other_water_systems
2272,CA3410045,0,0,0,0,0,0,0,0,0,0,CAL AM - ARDEN,CWS,SW,SWP,3970,1203,other_water_systems
2273,CA3410047,0,0,0,0,0,0,0,0,0,0,CAL AM - WALNUT GROVE,CWS,GW,GW,650,197,other_water_systems
2274,CA3410704,1,1,0,1,0,1,1,0,1,0,SCWA MATHER-SUNRISE,CWS,SW,SWP,28235,8556,other_water_systems
2275,CA3410802,0,0,0,0,0,0,0,0,0,0,RICHARD A. MCGEE TRAINING CENTER,NTNCWS,GW,GW,975,27,other_water_systems
2276,CA3500006,1,1,1,1,1,1,1,1,1,1,CSA NO. 31 STONEGATE WS,CWS,SW,SW,252,77,other_water_systems
2277,CA3500505,3,3,3,4,3,1,1,1,1,1,THOUSAND TRAILS SAN BENITO PRESERVE,CWS,GW,GW,1017,365,other_water_systems
2278,CA3500507,13,13,13,10,1,1,1,1,1,1,BITTERWATER-TULLY SCHOOL WS,NTNCWS,SW,SW,45,2,other_water_systems
2279,CA3500509,0,0,0,0,0,0,0,0,0,0,TRES PINOS CWD,CWS,GW,GW,350,121,other_water_systems
2280,CA3500510,0,0,0,0,0,0,0,0,0,0,MCMAHON ROAD MUTUAL WATER COMPANY,CWS,GW,GW,102,32,other_water_systems
2281,CA3500511,0,0,0,1,1,0,0,0,1,1,CASA DE FRUTA ORCHARDS,CWS,GW,GW,53,20,other_water_systems
2282,CA3500521,0,0,0,0,0,0,0,0,0,0,SOUTHSIDE ELEMENTARY SCHOOL,NTNCWS,GW,GW,300,2,other_water_systems
2283,CA3500527,0,0,0,1,1,0,0,0,1,1,VALENZUELA WATER SYSTEM,CWS,GW,GW,55,17,other_water_systems
2284,CA3500549,0,0,0,2,0,0,0,0,1,0,ROSA MORADA MUTUAL WATER COMPANY,CWS,GW,GW,138,21,other_water_systems
2285,CA3500550,1,1,0,4,2,1,1,0,1,1,SAN JUSTO MUTUAL WATER COMPANY,CWS,GW,GW,160,61,other_water_systems
2286,CA3500552,0,0,0,0,0,0,0,0,0,0,VENTURE ESTATES MWC,CWS,GW,GW,50,18,other_water_systems
2287,CA3500556,1,1,0,1,0,1,1,0,1,0,MISSION FARM R.V. PARK,CWS,GW,GW,110,173,other_water_systems
2288,CA3500562,1,1,0,1,0,1,1,0,1,0,MCALPINE LAKE & PARK,NTNCWS,GW,GW,111,113,other_water_systems
2289,CA3500563,0,0,0,0,0,0,0,0,0,0,PACIFIC SCIENTIFIC ENERGETIC MATS. COMP.,NTNCWS,GW,GW,554,2,other_water_systems
2290,CA3500571,0,0,0,0,0,0,0,0,0,0,SAN BENITO HIGH SCHOOL,NTNCWS,GW,GW,3310,61,other_water_systems
2291,CA3500575,0,0,0,0,0,0,0,0,0,0,SPRINGWOOD ESTATES MWC,CWS,GW,GW,50,15,other_water_systems
2292,CA3500576,1,1,1,2,2,1,1,1,1,1,AROMAS HILLS MUTUAL WATER ASSOCIATION,CWS,GW,GW,40,10,other_water_systems
2293,CA3500578,0,0,0,0,0,0,0,0,0,0,LOS MADRONES MWC,CWS,GW,GW,36,15,other_water_systems
2294,CA3500579,0,0,0,3,3,0,0,0,1,1,VINEYARD ESTATES MWC,CWS,GW,GW,90,26,other_water_systems
2295,CA3500581,7,4,3,6,2,1,1,1,1,1,RANCHO SAN JOAQUIN MWC,CWS,GW,GW,914,30,other_water_systems
2296,CA3500801,1,1,0,4,1,1,1,0,1,1,WILLOW GROVE UNION ELEMENTARY SCHOOL,NTNCWS,GW,GW,25,4,other_water_systems
2297,CA3500804,2,2,2,0,0,1,1,1,0,0,BAYER RESEARCH AND DEVELOPMENT LLC,NTNCWS,GW,GW,28,6,other_water_systems
2298,CA3500805,0,0,0,6,4,0,0,0,1,1,TRI-CAL INCORPORATED,NTNCWS,GW,GW,35,5,other_water_systems
2299,CA3500810,2,2,2,2,2,1,1,1,1,1,WHISPERING PINES INN,CWS,GW,GW,38,2,other_water_systems
2300,CA3500823,7,6,6,8,7,1,1,1,1,1,BEST ROAD MWC,CWS,SW,GU,133,48,other_water_systems
2301,CA3500825,0,0,0,0,0,0,0,0,0,0,UNION HEIGHTS MWC,CWS,GW,GW,98,29,other_water_systems
2302,CA3500830,0,0,0,0,0,0,0,0,0,0,FALLON ROAD LABOR HOUSING,CWS,GW,GW,84,7,other_water_systems
2303,CA3500836,1,1,0,1,0,1,1,0,1,0,BETABEL RV RESORT,CWS,GW,GW,49,176,other_water_systems
2304,CA3500900,0,0,0,0,0,0,0,0,0,0,ASHFORD HIGHLANDS MWC,CWS,GW,GW,132,56,other_water_systems
2305,CA3500904,0,0,0,1,1,0,0,0,1,1,HOLLISTER RANCH ESTATES,CWS,GW,GW,150,37,other_water_systems
2306,CA3500905,0,0,0,0,0,0,0,0,0,0,ANZAR HIGH SCHOOL,NTNCWS,GW,GW,268,9,other_water_systems
2307,CA3500910,0,0,0,0,0,0,0,0,0,0,DUNNEVILLE ESTATES CSA #50,CWS,GW,GW,120,30,other_water_systems
2308,CA3500911,0,0,0,0,0,0,0,0,0,0,CREEKBRIDGE MUTUAL WATER COMPANY,CWS,GW,GW,69,22,other_water_systems
2309,CA3500912,0,0,0,0,0,0,0,0,0,0,COMSTOCK MUTUAL WATER COMPANY,CWS,GW,GW,100,33,other_water_systems
2310,CA3500913,0,0,0,0,0,0,0,0,0,0,"TAYLOR FARMS RETAIL, INC.",NTNCWS,GW,GW,1055,12,other_water_systems
2311,CA3500917,0,0,0,2,2,0,0,0,1,1,"TRUE LEAF FARMS, LLC.",NTNCWS,GW,GW,372,8,other_water_systems
2312,CA3500919,1,1,1,0,0,1,1,1,0,0,WILLIS CONSTRUCTION WS,NTNCWS,GW,GW,56,7,other_water_systems
2313,CA3500925,1,1,0,3,2,1,1,0,1,1,PAICINES RANCH,NTNCWS,GW,GW,52,17,other_water_systems
2314,CA3500926,0,0,0,0,0,0,0,0,0,0,T & A ONIONS,NTNCWS,GW,GW,165,1,other_water_systems
2315,CA3500927,2,2,2,3,3,1,1,1,1,1,ENZA ZADEN RESEARCH,NTNCWS,GW,GW,65,2,other_water_systems
2316,CA3500928,1,1,1,0,0,1,1,1,0,0,"GEORGE CHIALA FARMS, INC..",NTNCWS,GW,GW,350,1,other_water_systems
2317,CA3510001,1,1,1,2,2,1,1,1,1,1,"HOLLISTER, CITY OF",CWS,SW,SWP,25941,7861,carceral_serving_water_system
2318,CA3510002,1,1,0,1,0,1,1,0,1,0,"SAN JUAN BAUTISTA, CITY OF",CWS,GW,GW,2335,834,other_water_systems
2319,CA3510003,0,0,0,0,0,0,0,0,0,0,SUNNYSLOPE COUNTY WATER DIST,CWS,SW,SWP,24750,7465,other_water_systems
2320,CA3510004,0,0,0,0,0,0,0,0,0,0,AROMAS WATER DISTRICT,CWS,GW,GW,2988,956,other_water_systems
2321,CA3510006,0,0,0,0,0,0,0,0,0,0,MISSION OAKS MOBILE HOME PARK,CWS,GW,GW,550,238,other_water_systems
2322,CA3510007,1,1,0,1,0,1,1,0,1,0,SAN BENITO COUNTY WATER DISTRICT,CWS,SW,SW,25,2,other_water_systems
2323,CA3510008,0,0,0,0,0,0,0,0,0,0,SAN JUAN OAKS MWC,CWS,GW,GW,159,48,other_water_systems
2324,CA3510009,0,0,0,0,0,0,0,0,0,0,FIRECLAY TILE,NTNCWS,GW,GW,100,4,other_water_systems
2325,CA3600008,1,1,0,1,0,1,1,0,1,0,APPLE VALLEY FOOTHILL CWD,CWS,GW,GW,776,235,other_water_systems
2326,CA3600009,1,1,0,1,0,1,1,0,1,0,APPLE VALLEY HEIGHTS CWD,CWS,GW,GW,1048,298,other_water_systems
2327,CA3600010,0,0,0,0,0,0,0,0,0,0,LIBERTY-BELLVIEW HEIGHTS,CWS,GW,GW,170,50,other_water_systems
2328,CA3600012,19,19,19,0,0,1,1,1,0,0,APPLE VALLEY VIEW MWC,CWS,GW,GW,297,90,other_water_systems
2329,CA3600022,0,0,0,4,2,0,0,0,1,1,BAKER COMMUNITY SERVICES DISTRICT,CWS,GW,GW,1000,109,other_water_systems
2330,CA3600025,21,21,20,5,1,1,1,1,1,1,BAR-LEN MWC,CWS,GW,GW,124,42,other_water_systems
2331,CA3600027,12,12,11,14,1,1,1,1,1,1,BAR  H  MWC,CWS,GW,GW,260,45,other_water_systems
2332,CA3600031,0,0,0,0,0,0,0,0,0,0,BIG PINE TRACT,CWS,GW,GW,300,136,other_water_systems
2333,CA3600036,0,0,0,0,0,0,0,0,0,0,CALICO GHOST TOWN,NTNCWS,GW,GW,24728,158,other_water_systems
2334,CA3600062,0,0,0,0,0,0,0,0,0,0,CAILLIER WATER SYSTEM,NTNCWS,GW,GW,1006,5,other_water_systems
2335,CA3600064,0,0,0,0,0,0,0,0,0,0,CAMP WATERMAN MWC,CWS,GW,GW,55,60,other_water_systems
2336,CA3600070,0,0,0,1,1,0,0,0,1,1,CENTER WATER CO,CWS,GW,GW,662,50,other_water_systems
2337,CA3600071,1,1,0,19,13,1,1,0,1,1,CHAMISAL MWC,CWS,GW,GW,84,29,other_water_systems
2338,CA3600086,20,20,20,3,3,1,1,1,1,1,DAGGETT COMM SVCS DIST,CWS,GW,GW,795,196,other_water_systems
2339,CA3600087,0,0,0,0,0,0,0,0,0,0,DEER LODGE WATER SYSTEM,CWS,SW,SWP,845,195,other_water_systems
2340,CA3600088,0,0,0,4,1,0,0,0,1,1,DESERT DAWN MWC,CWS,GW,GW,150,42,other_water_systems
2341,CA3600089,0,0,0,5,1,0,0,0,1,1,DESERT SPRINGS MWC,CWS,GW,GW,325,79,other_water_systems
2342,CA3600094,0,0,0,0,0,0,0,0,0,0,DOGWOOD BLUE JAY CYN IMP,CWS,GW,GW,227,81,other_water_systems
2343,CA3600106,0,0,0,19,6,0,0,0,1,1,FOREST HOME CHRISTIAN CC,NTNCWS,GW,GW,1600,137,other_water_systems
2344,CA3600107,1,1,0,5,4,1,1,0,1,1,FOREST PARK MWC,CWS,GW,GW,406,95,other_water_systems
2345,CA3600108,0,0,0,0,0,0,0,0,0,0,GLEN HELEN WATER SYSTEM,NTNCWS,GW,GW,5670,11,other_water_systems
2346,CA3600114,20,20,20,0,0,1,1,1,0,0,CSA 70 W-3 HACIENDA,CWS,GW,GW,611,165,other_water_systems
2347,CA3600123,4,4,3,4,1,1,1,1,1,1,HI DESERT MWC,CWS,GW,GW,112,42,other_water_systems
2348,CA3600133,1,1,0,2,1,1,1,0,1,1,OAK GLEN RETREAT,CWS,GW,GW,576,202,other_water_systems
2349,CA3600139,0,0,0,1,1,0,0,0,1,1,JUBILEE MWC,CWS,GW,GW,759,230,other_water_systems
2350,CA3600141,0,0,0,0,0,0,0,0,0,0,MITSUBISHI CEMENT PLANT CUSHENBURY,NTNCWS,GW,GW,160,1,other_water_systems
2351,CA3600152,0,0,0,0,0,0,0,0,0,0,LOMA LINDA UNIVERSITY,CWS,GW,GW,17233,97,other_water_systems
2352,CA3600154,0,0,0,1,1,0,0,0,1,1,LOS RIOS RANCHO WATER SYSTEM,NTNCWS,GW,GW,1046,7,other_water_systems
2353,CA3600155,15,0,0,2,2,1,0,0,1,1,RIVER RANCH MHP,CWS,GW,GW,176,138,other_water_systems
2354,CA3600156,0,0,0,2,2,0,0,0,1,1,LUCERNE VALLEY MWC,CWS,GW,GW,275,69,other_water_systems
2355,CA3600157,0,0,0,2,1,0,0,0,1,1,LUCERNE VISTA MWC,CWS,GW,GW,224,61,other_water_systems
2356,CA3600158,0,0,0,1,0,0,0,0,1,0,LYTLE SPRINGS WC,CWS,GW,GW,475,141,other_water_systems
2357,CA3600166,0,0,0,0,0,0,0,0,0,0,MILL CREEK MSC,CWS,GW,GW,315,102,other_water_systems
2358,CA3600172,1,1,0,1,0,1,1,0,1,0,MP MINE OPERATIONS LLC,CWS,GW,GW,576,9,other_water_systems
2359,CA3600180,0,0,0,2,2,0,0,0,1,1,NAVAJO MWC,CWS,GW,GW,264,80,other_water_systems
2360,CA3600184,5,5,5,6,6,1,1,1,1,1,NORTH SHORE MWC,CWS,GW,GW,7,33,other_water_systems
2361,CA3600185,0,0,0,0,0,0,0,0,0,0,OAK GLEN DOMESTIC WATER,CWS,GW,GW,175,50,other_water_systems
2362,CA3600187,0,0,0,10,5,0,0,0,1,1,OLIVE DELL RANCH,CWS,GW,GW,350,100,other_water_systems
2363,CA3600192,0,0,0,0,0,0,0,0,0,0,PG & E PIPELINE OPERATION,NTNCWS,GW,GW,50,10,other_water_systems
2364,CA3600193,0,0,0,3,3,0,0,0,1,1,PARK MOABI,NTNCWS,GW,GW,64267,103,other_water_systems
2365,CA3600196,0,0,0,2,2,0,0,0,1,1,CSA 70 W-4 PIONEERTOWN,CWS,GW,GW,455,123,other_water_systems
2366,CA3600200,0,0,0,2,2,0,0,0,1,1,RANCHERITOS MWC,CWS,GW,GW,812,292,other_water_systems
2367,CA3600209,0,0,0,2,2,0,0,0,1,1,ROCKY COMFORT MUTUAL WATER CO,CWS,SW,SWP,160,33,other_water_systems
2368,CA3600215,0,0,0,5,5,0,0,0,1,1,GILBERT STREET COMPLEX,CWS,GW,GW,3833,15,carceral_serving_water_system
2369,CA3600220,0,0,0,0,0,0,0,0,0,0,CSA 42 ORO GRANDE,CWS,GW,GW,533,144,other_water_systems
2370,CA3600222,3,3,2,5,4,1,1,1,1,1,JUNIPER RIVIERA CWD,CWS,GW,GW,924,280,other_water_systems
2371,CA3600226,20,20,20,0,0,1,1,1,0,0,CSA 70-F MORONGO,CWS,GW,GW,307,83,other_water_systems
2372,CA3600258,0,0,0,4,4,0,0,0,1,1,SKY FOREST MWC,CWS,SW,SWP,492,159,other_water_systems
2373,CA3600260,0,0,0,1,1,0,0,0,1,1,SMILEY PARK COUNTRY CLUB,CWS,GW,GW,370,103,other_water_systems
2374,CA3600262,0,0,0,0,0,0,0,0,0,0,SNOWCREST HEIGHTS IMP ASSOC,CWS,GW,GW,600,125,other_water_systems
2375,CA3600270,0,0,0,0,0,0,0,0,0,0,GOLDEN STATE WATER MORONGO DELNORTE,CWS,GW,GW,378,171,other_water_systems
2376,CA3600279,0,0,0,0,0,0,0,0,0,0,GOLDEN STATE WATER DESERT VIEW,CWS,GW,GW,120,63,other_water_systems
2377,CA3600283,0,0,0,3,3,0,0,0,1,1,DEPARTMENT OF WATER AND POWER,CWS,GW,GW,234,132,other_water_systems
2378,CA3600297,11,11,10,3,2,1,1,1,1,1,GORDON ACRES WATER CO,CWS,GW,GW,200,67,other_water_systems
2379,CA3600301,0,0,0,4,4,0,0,0,1,1,STRAWBERRY LODGE MWC,CWS,GW,GW,381,137,other_water_systems
2380,CA3600306,0,0,0,1,1,0,0,0,1,1,THUNDERBIRD CWD,CWS,GW,GW,1036,314,other_water_systems
2381,CA3600345,0,0,0,1,1,0,0,0,1,1,WEST END MWC,CWS,GW,GW,90,32,other_water_systems
2382,CA3600372,0,0,0,3,3,0,0,0,1,1,PALMS RIVER RESORT,CWS,GW,GW,531,205,other_water_systems
2383,CA3600382,0,0,0,0,0,0,0,0,0,0,MWD OF SO CAL IRON MOUNTAIN,CWS,SW,SW,49,38,other_water_systems
2384,CA3600383,0,0,0,0,0,0,0,0,0,0,MWD OF SO CAL GENE PLANT,CWS,SW,SW,136,61,other_water_systems
2385,CA3600385,1,1,0,6,5,1,1,0,1,1,BROOKSIDE MHP,CWS,GW,GW,65,19,other_water_systems
2386,CA3600386,0,0,0,0,0,0,0,0,0,0,FOOTHILL ESTATES MHP,CWS,GW,GW,70,46,other_water_systems
2387,CA3600388,0,0,0,8,5,0,0,0,1,1,DESERT VIEW MOBILE PARK,CWS,GW,GW,20,28,other_water_systems
2388,CA3600391,14,14,14,0,0,1,1,1,0,0,HILLCREST MOBILE ESTATES,CWS,GW,GW,493,181,other_water_systems
2389,CA3600393,0,0,0,2,2,0,0,0,1,1,LONE WOLF COLONY,NTNCWS,GW,GW,125,147,other_water_systems
2390,CA3600397,0,0,0,8,2,0,0,0,1,1,MOSS MOBILE MANOR,CWS,GW,GW,290,21,other_water_systems
2391,CA3600399,0,0,0,2,2,0,0,0,1,1,PARADISE MOBILE ESTATES,CWS,GW,GW,190,38,other_water_systems
2392,CA3600400,0,0,0,0,0,0,0,0,0,0,APPLE VALLEY VILLAGE MHE,CWS,GW,GW,180,93,other_water_systems
2393,CA3600432,0,0,0,0,0,0,0,0,0,0,LUCERNE VALLEY ELEMENTARY SCHOOL,NTNCWS,GW,GW,742,15,other_water_systems
2394,CA3600446,0,0,0,3,3,0,0,0,1,1,UPPER LITTLE BEAR MOUNTAIN CLUB,CWS,GW,GW,36,36,other_water_systems
2395,CA3600478,1,1,0,3,2,1,1,0,1,1,LYTLE CREEK ADMINISTRATION SITE,NTNCWS,GW,GW,100,6,other_water_systems
2396,CA3600504,35,35,34,6,2,1,1,1,1,1,KNOLL ENTERPRISES,CWS,GW,GW,500,25,other_water_systems
2397,CA3600585,0,0,0,2,2,0,0,0,1,1,THOUSAND PINES CHRISTIAN,NTNCWS,GW,GW,15034,44,other_water_systems
2398,CA3600597,0,0,0,1,1,0,0,0,1,1,PALI OVERNIGHT ADVENTURES,NTNCWS,GW,GW,754,43,other_water_systems
2399,CA3600707,1,1,0,8,4,1,1,0,1,1,SNOW SUMMIT,NTNCWS,GW,GW,75500,4,other_water_systems
2400,CA3600785,1,1,0,2,1,1,1,0,1,1,LAKE JODIE WATER SYSTEM,CWS,GW,GW,250,59,other_water_systems
2401,CA3600790,0,0,0,0,0,0,0,0,0,0,NEWBERRY ELEMENTARY SCHOOL,NTNCWS,GW,GW,255,2,other_water_systems
2402,CA3600797,0,0,0,0,0,0,0,0,0,0,AERONAUTICAL SYSTEMS,NTNCWS,GW,GW,126,35,other_water_systems
2403,CA3601010,0,0,0,1,1,0,0,0,1,1,CRYSTAL LAKE PROPERTY OWNERS,CWS,GW,GW,186,60,other_water_systems
2404,CA3601013,0,0,0,4,4,0,0,0,1,1,DARR WATER CO,NTNCWS,GW,GW,543,4,other_water_systems
2405,CA3601015,20,20,20,2,2,1,1,1,1,1,IRONWOOD CAMP,CWS,GW,GW,219,74,other_water_systems
2406,CA3601036,1,1,0,9,1,1,1,0,1,1,CALICO LAKE HOMEOWNERS,CWS,GW,GW,150,56,other_water_systems
2407,CA3601045,0,0,0,2,2,0,0,0,1,1,BEAR VALLEY MHP,CWS,GW,GW,150,98,other_water_systems
2408,CA3601048,1,1,0,3,2,1,1,0,1,1,BARTON FLATS WATER SYSTEM,CWS,SW,SW,1070,16,other_water_systems
2409,CA3601057,0,0,0,1,1,0,0,0,1,1,MOUNTAIN VIEW CONTINUATION SCHOOL,NTNCWS,GW,GW,25,4,other_water_systems
2410,CA3601061,0,0,0,1,1,0,0,0,1,1,CALPORTLAND ORO GRANDE PLANT,NTNCWS,GW,GW,150,1,other_water_systems
2411,CA3601062,0,0,0,0,0,0,0,0,0,0,CEMEX CALIF CEMENT LLC VV,NTNCWS,GW,GW,100,7,other_water_systems
2412,CA3601064,0,0,0,11,11,0,0,0,1,1,"OMYA CALIFORNIA, A DIVISION OF OMYA INC",NTNCWS,GW,GW,100,9,other_water_systems
2413,CA3601082,0,0,0,4,4,0,0,0,1,1,CASTLE MOUNTAIN MINE,NTNCWS,GW,GW,125,6,other_water_systems
2414,CA3601085,1,1,0,3,2,1,1,0,1,1,RANCHO PINO VERDE,CWS,GW,GW,66,3,other_water_systems
2415,CA3601095,0,0,0,0,0,0,0,0,0,0,LUCERNE VALLEY HIGH SCHOOL,NTNCWS,GW,GW,552,11,other_water_systems
2416,CA3601106,0,0,0,0,0,0,0,0,0,0,HITCHIN LUCERNE INC,NTNCWS,GW,GW,140,5,other_water_systems
2417,CA3601122,0,0,0,11,9,0,0,0,1,1,PRIMM VALLEY GOLF CLUB,NTNCWS,GW,GW,50,1,other_water_systems
2418,CA3601130,11,11,11,1,1,1,1,1,1,1,CEMEX CALIF CEMENT LLC AV,NTNCWS,GW,GW,100,7,other_water_systems
2419,CA3601133,0,0,0,0,0,0,0,0,0,0,WAGON TRAIN ROAD LLC,NTNCWS,GW,GW,25,3,other_water_systems
2420,CA3601135,0,0,0,0,0,0,0,0,0,0,ARROWHEAD REGIONAL MEDICAL CENTER,NTNCWS,GW,GWP,7000,1,other_water_systems
2421,CA3601145,0,0,0,2,2,0,0,0,1,1,VICTOR VALLEY  WASTEWATER RECLAM,NTNCWS,GW,GW,80,2,other_water_systems
2422,CA3601150,1,1,0,3,2,1,1,0,1,1,BIG BEAR ADMINISTRATION,NTNCWS,GW,GW,81075,60,other_water_systems
2423,CA3601155,0,0,0,4,4,0,0,0,1,1,SPECIALTY MINERALS INC,NTNCWS,GW,GW,67,1,other_water_systems
2424,CA3601159,22,22,22,0,0,1,1,1,0,0,CALIFORNIA STEEL INDUSTRIES,NTNCWS,SW,SWP,500,12,other_water_systems
2425,CA3601179,1,1,0,3,2,1,1,0,1,1,EL MIRAGE SCHOOL,NTNCWS,GW,GW,50,9,other_water_systems
2426,CA3601181,0,0,0,1,1,0,0,0,1,1,IVANPAH SOLAR THERMAL POWER PLANT,NTNCWS,GW,GW,56,5,other_water_systems
2427,CA3601182,0,0,0,0,0,0,0,0,0,0,HIGH DESERT DETENTION CENTER,CWS,GW,GW,3035,1,carceral_water_system
2428,CA3601184,0,0,0,1,1,0,0,0,1,1,MOJAVE SOLAR PROJECT ALPHA POWER PLANT,NTNCWS,GW,GW,45,4,other_water_systems
2429,CA3601185,0,0,0,1,1,0,0,0,1,1,MOJAVE SOLAR PROJECT BETA POWER PLANT,NTNCWS,GW,GW,45,4,other_water_systems
2430,CA3601186,0,0,0,1,1,0,0,0,1,1,RANCHERITOS #2,CWS,NA,NA,294,105,other_water_systems
2431,CA3610001,0,0,0,3,3,0,0,0,1,1,"ADELANTO, CITY OF",CWS,GW,GW,39930,8318,carceral_serving_water_system
2432,CA3610002,1,1,1,0,0,1,1,1,0,0,ALPINE WATER USERS ASSOCIATION,CWS,SW,SWP,2534,952,other_water_systems
2433,CA3610003,0,0,0,1,1,0,0,0,1,1,LIBERTY UTILITIES (AV RANCHOS) CORP.,CWS,GW,GW,62890,20780,carceral_serving_water_system
2434,CA3610004,0,0,0,0,0,0,0,0,0,0,WEST VALLEY WATER DISTRICT,CWS,SW,SW,98055,23436,other_water_systems
2435,CA3610005,0,0,0,0,0,0,0,0,0,0,LAKE ARROWHEAD CSD,CWS,SW,SW,7038,7927,other_water_systems
2436,CA3610006,0,0,0,0,0,0,0,0,0,0,WATER FACILITIES AUTHORITY-JPA,CWS,SW,SW,0,6,other_water_systems
2437,CA3610008,0,0,0,0,0,0,0,0,0,0,BIG BEAR CITY CSD,CWS,SW,GU,12738,6205,other_water_systems
2438,CA3610009,0,0,0,0,0,0,0,0,0,0,BIGHORN - DESERT VIEW WATER AGENCY,CWS,GW,GW,3347,1751,other_water_systems
2439,CA3610011,0,0,0,0,0,0,0,0,0,0,CEDARPINES PARK MWC,CWS,SW,SWP,2458,745,other_water_systems
2440,CA3610012,0,0,0,7,7,0,0,0,1,1,"CHINO, CITY OF",CWS,SW,SWP,86435,23052,other_water_systems
2441,CA3610013,0,0,0,1,1,0,0,0,1,1,"LOMA LINDA, CITY OF",CWS,GW,GW,25129,5804,other_water_systems
2442,CA3610014,0,0,0,1,1,0,0,0,1,1,"COLTON, CITY OF",CWS,GW,GW,46525,10417,other_water_systems
2443,CA3610015,0,0,0,0,0,0,0,0,0,0,CRESTLINE VILLAGE CWD - DIVISION 10,CWS,SW,SWP,11650,4892,other_water_systems
2444,CA3610016,1,1,0,1,0,1,1,0,1,0,GLEN MARTIN MWC,CWS,GW,GW,450,337,other_water_systems
2445,CA3610018,0,0,0,0,0,0,0,0,0,0,CUCAMONGA VALLEY WATER DISTRICT,CWS,SW,SW,203882,48409,carceral_serving_water_system
2446,CA3610019,0,0,0,0,0,0,0,0,0,0,SAN BERNARDINO VALLEY WD,CWS,GW,GW,109608,1,other_water_systems
2447,CA3610021,1,1,0,4,3,1,1,0,1,1,FALLSVALE SERVICE COMPANY,CWS,GW,GW,995,492,other_water_systems
2448,CA3610022,0,0,0,0,0,0,0,0,0,0,DWP - FAWNSKIN,CWS,SW,GU,1269,725,other_water_systems
2449,CA3610023,2,1,1,1,1,1,1,1,1,1,GREEN VALLEY MWC,CWS,SW,SWP,3062,1170,other_water_systems
2450,CA3610024,0,0,0,0,0,0,0,0,0,0,HESPERIA WD,CWS,GW,GW,100744,27785,other_water_systems
2451,CA3610025,0,0,0,0,0,0,0,0,0,0,JOSHUA BASIN WATER DISTRICT,CWS,GW,GW,7414,4921,other_water_systems
2452,CA3610026,0,0,0,0,0,0,0,0,0,0,SBDNO COUNTY SERVICE AREA 70 CEDAR GLEN,CWS,SW,SWP,1243,336,other_water_systems
2453,CA3610028,0,0,0,0,0,0,0,0,0,0,MARYGOLD MWC,CWS,GW,GW,3055,951,other_water_systems
2454,CA3610029,0,0,0,2,2,0,0,0,1,1,MONTE VISTA WD,CWS,SW,SWP,56422,11972,other_water_systems
2455,CA3610030,0,0,0,2,2,0,0,0,1,1,MARIANA RANCHOS CWD,CWS,GW,GW,1502,455,other_water_systems
2456,CA3610031,0,0,0,6,6,0,0,0,1,1,MUSCOY MWC NO. 1,CWS,GW,GW,13000,1453,other_water_systems
2457,CA3610032,3,0,0,0,0,1,0,0,0,0,"NEEDLES, CITY OF",CWS,GW,GW,8766,1706,other_water_systems
2458,CA3610033,0,0,0,0,0,0,0,0,0,0,MT BALDY HOMEOWNERS ASSN.,CWS,GW,GW,1700,115,other_water_systems
2459,CA3610034,0,0,0,0,0,0,0,0,0,0,ONTARIO MUNICIPAL UTILITIES COMPANY,CWS,SW,SWP,185010,39412,carceral_serving_water_system
2460,CA3610036,0,0,0,0,0,0,0,0,0,0,"CHINO HILLS, CITY OF",CWS,SW,SWP,77058,21799,other_water_systems
2461,CA3610037,0,0,0,0,0,0,0,0,0,0,REDLANDS CITY MUD-WATER DIV,CWS,SW,SW,78025,23872,other_water_systems
2462,CA3610038,0,0,0,0,0,0,0,0,0,0,"RIALTO, CITY OF",CWS,SW,SWP,54453,11996,other_water_systems
2463,CA3610039,0,0,0,0,0,0,0,0,0,0,SAN BERNARDINO CITY,CWS,GW,GW,214665,45305,carceral_serving_water_system
2464,CA3610041,0,0,0,0,0,0,0,0,0,0,SAN GABRIEL VALLEY WC - FONTANA,CWS,SW,SW,237600,47234,carceral_serving_water_system
2465,CA3610043,0,0,0,0,0,0,0,0,0,0,GOLDEN STATE WATER CO - BARSTOW,CWS,GW,GW,32661,9029,other_water_systems
2466,CA3610044,0,0,0,0,0,0,0,0,0,0,BIG BEAR LAKE DWP - BIG BEAR SYSTEM,CWS,GW,GW,26067,15837,other_water_systems
2467,CA3610045,0,0,0,0,0,0,0,0,0,0,LACSD - RIMFOREST,CWS,SW,SWP,817,292,other_water_systems
2468,CA3610046,1,1,0,2,0,1,1,0,1,0,VALLEY VIEW PARK MWC,CWS,SW,SWP,499,218,other_water_systems
2469,CA3610047,0,0,0,1,1,0,0,0,1,1,GOLDEN STATE WATER CO - WRIGHTWOOD,CWS,GW,GW,4177,2812,other_water_systems
2470,CA3610048,0,0,0,0,0,0,0,0,0,0,TERRACE WATER COMPANY,CWS,GW,GWP,2400,608,other_water_systems
2471,CA3610049,0,0,0,0,0,0,0,0,0,0,TWENTYNINE PALMS WATER DISTRICT,CWS,GW,GW,18795,7423,other_water_systems
2472,CA3610050,0,0,0,0,0,0,0,0,0,0,"UPLAND, CITY OF",CWS,SW,SW,78376,20160,other_water_systems
2473,CA3610051,1,1,0,3,2,1,1,0,1,1,VALLEY OF ENCHANTMENT MWC,CWS,SW,SWP,1992,823,other_water_systems
2474,CA3610052,0,0,0,0,0,0,0,0,0,0,VICTORVILLE WATER DISTRICT,CWS,SW,SWP,124653,38282,carceral_serving_water_system
2475,CA3610053,0,0,0,0,0,0,0,0,0,0,WESTERN HEIGHTS WATER COMPANY,CWS,SW,SWP,7521,2307,other_water_systems
2476,CA3610055,2,2,2,2,0,1,1,1,1,0,YUCAIPA VALLEY WATER DISTRICT,CWS,SW,SW,52010,13617,other_water_systems
2477,CA3610057,0,0,0,1,1,0,0,0,1,1,RIVERSIDE HIGHLAND WATER COMPANY,CWS,GW,GW,18681,6217,other_water_systems
2478,CA3610060,0,0,0,0,0,0,0,0,0,0,BDVWA - GOAT MOUNTAIN ID,CWS,GW,GW,1118,585,other_water_systems
2479,CA3610062,0,0,0,2,2,0,0,0,1,1,RUNNING SPRINGS WATER DISTRICT,CWS,SW,SWP,5268,3037,other_water_systems
2480,CA3610063,0,0,0,0,0,0,0,0,0,0,GOLDEN STATE WATER CO - MORONGO DEL SUR,CWS,GW,GW,1717,829,other_water_systems
2481,CA3610064,0,0,0,0,0,0,0,0,0,0,EAST VALLEY WATER DISTRICT,CWS,SW,SW,108686,21584,other_water_systems
2482,CA3610073,0,0,0,0,0,0,0,0,0,0,HI DESERT WD,CWS,GW,GW,26221,11070,other_water_systems
2483,CA3610075,0,0,0,0,0,0,0,0,0,0,CHINO BASIN DESALTER AUTH. - DESALTER 1,CWS,GW,GW,0,3,other_water_systems
2484,CA3610082,0,0,0,0,0,0,0,0,0,0,SAN ANTONIO CANYON MSC,CWS,GW,GW,119,64,other_water_systems
2485,CA3610085,0,0,0,0,0,0,0,0,0,0,SAN ANTONIO WATER COMPANY,CWS,GW,GW,3111,1219,other_water_systems
2486,CA3610086,0,0,0,0,0,0,0,0,0,0,WEST END CONSOLIDATED WATER COMPANY,CWS,GW,GW,0,2,other_water_systems
2487,CA3610093,0,0,0,1,1,0,0,0,1,1,ARROWHEAD VILLAS MUTUAL SERVICE COMPANY,CWS,SW,SWP,2654,798,other_water_systems
2488,CA3610105,0,0,0,0,0,0,0,0,0,0,GOLDEN STATE WATER CO - APPLE VLY NORTH,CWS,GW,GW,2069,756,other_water_systems
2489,CA3610107,0,0,0,0,0,0,0,0,0,0,GOLDEN STATE WATER CO - APPLE VLY SOUTH,CWS,GW,GW,6189,1947,other_water_systems
2490,CA3610108,0,0,0,0,0,0,0,0,0,0,GOLDEN STATE WATER CO - LUCERNE,CWS,GW,GW,583,320,other_water_systems
2491,CA3610109,0,0,0,0,0,0,0,0,0,0,SHEEP CREEK WATER COMPANY,CWS,GW,GW,3954,1198,other_water_systems
2492,CA3610110,0,0,0,0,0,0,0,0,0,0,ARROWBEAR PARK CWD,CWS,GW,GW,1856,957,other_water_systems
2493,CA3610112,0,0,0,0,0,0,0,0,0,0,HELENDALE COMMUNITY SERVICE DISTRICT,CWS,GW,GW,6347,2867,other_water_systems
2494,CA3610114,0,0,0,0,0,0,0,0,0,0,CLAWA,CWS,SW,SW,2320,1236,other_water_systems
2495,CA3610117,0,0,0,3,3,0,0,0,1,1,DEVORE WC,CWS,GW,GW,1574,477,other_water_systems
2496,CA3610118,0,0,0,0,0,0,0,0,0,0,LIBERTY -YERMO,CWS,GW,GW,1049,287,other_water_systems
2497,CA3610120,1,1,0,1,0,1,1,0,1,0,PHELAN PINON HILLS CSD,CWS,GW,GW,23585,7204,other_water_systems
2498,CA3610121,0,0,0,2,2,0,0,0,1,1,SBDNO COUNTY SERVICE AREA 64,CWS,GW,GW,14870,4019,other_water_systems
2499,CA3610125,0,0,0,2,2,0,0,0,1,1,SBDNO COUNTY SERVICE AREA 70J,CWS,GW,GW,12784,3455,other_water_systems
2500,CA3610129,0,0,0,0,0,0,0,0,0,0,MOJAVE WATER AGENCY,CWS,GW,GW,0,5,other_water_systems
2501,CA3610130,1,1,0,7,6,1,1,0,1,1,CALTRANS - MOUNTAIN PASS JPOE CVEF,NTNCWS,GW,GW,149,1,other_water_systems
2502,CA3610701,0,0,0,1,1,0,0,0,1,1,USMC NEBO (BARSTOW),CWS,GW,GWP,1126,419,other_water_systems
2503,CA3610702,0,0,0,1,1,0,0,0,1,1,USMC YERMO ANNEX,NTNCWS,GW,GW,743,58,other_water_systems
2504,CA3610703,0,0,0,2,2,0,0,0,1,1,USMC - 29 PALMS,CWS,GW,GW,15939,2480,other_water_systems
2505,CA3610705,0,0,0,1,0,0,0,0,1,0,US ARMY FORT IRWIN,CWS,GW,GW,800,3315,other_water_systems
2506,CA3610708,0,0,0,3,3,0,0,0,1,1,BARSTOW ARMY HELIPORT,NTNCWS,GW,GW,150,4,other_water_systems
2507,CA3610800,0,0,0,1,1,0,0,0,1,1,CDF - OAK GLEN CONSERVATION CAMP,CWS,GW,GW,83,1,carceral_water_system
2508,CA3610801,0,0,0,2,1,0,0,0,1,1,CDF - PILOT ROCK CONSERVATION CAMP,CWS,GW,GW,65,5,other_water_systems
2509,CA3610850,4,4,4,0,0,1,1,1,0,0,CALIFORNIA INSTITUTION FOR MEN,CWS,GW,GW,10667,1912,carceral_water_system
2510,CA3610851,0,0,0,1,1,0,0,0,1,1,CALIFORNIA INSTITUTION FOR WOMEN,CWS,GW,GWP,1116,1063,carceral_water_system
2511,CA3610854,0,0,0,3,3,0,0,0,1,1,SEARLES VALLEY MINERALS OPERATIONS INC,CWS,GW,GW,1818,756,other_water_systems
2512,CA3700018,13,13,13,6,6,1,1,1,1,1,CAMPO ELEMENTARY SCHOOL,NTNCWS,GW,GW,300,3,other_water_systems
2513,CA3700041,2,2,2,1,1,1,1,1,1,1,BARRETT LAKE MH AND RV LLC,CWS,GW,GW,300,102,other_water_systems
2514,CA3700044,0,0,0,0,0,0,0,0,0,0,AUERBACH FARMS,NTNCWS,GW,GW,25068,8,other_water_systems
2515,CA3700071,6,1,1,5,5,1,1,1,1,1,HEAVENLY OAKS,CWS,GW,GW,300,103,other_water_systems
2516,CA3700073,4,0,0,0,0,1,0,0,0,0,H & J WATER COMPANY,CWS,GW,GW,86,39,other_water_systems
2517,CA3700074,4,0,0,0,0,1,0,0,0,0,CUYAMACA WATER DISTRICT,CWS,GW,GW,525,185,other_water_systems
2518,CA3700117,0,0,0,0,0,0,0,0,0,0,MOUNTAIN EMPIRE HIGH SCHOOL,NTNCWS,GW,GW,1000,12,other_water_systems
2519,CA3700118,1,1,0,1,0,1,1,0,1,0,CAMP LOCKETT MIDDLE SCHOOL,NTNCWS,GW,GW,150,4,other_water_systems
2520,CA3700174,1,1,0,4,3,1,1,0,1,1,DIAMOND JACK'S RV RANCH,NTNCWS,GW,GW,127,45,other_water_systems
2521,CA3700277,0,0,0,1,1,0,0,0,1,1,SUNRISE ESTATES MUTUAL WATER COMPANY,CWS,GW,GW,150,46,other_water_systems
2522,CA3700291,1,1,1,13,13,1,1,1,1,1,"OCOTILLO OASIS, LLC",CWS,GW,GW,100,55,other_water_systems
2523,CA3700422,0,0,0,0,0,0,0,0,0,0,LAGUNA MOUNTIAN MUTUAL WATER CO.,CWS,GW,GW,100,30,other_water_systems
2524,CA3700859,0,0,0,0,0,0,0,0,0,0,RANCHO DEL CAMPO WATER SYSTEM,CWS,GW,GW,290,110,other_water_systems
2525,CA3700866,0,0,0,5,4,0,0,0,1,1,DEL DIOS MUTUAL WATER COMPANY,CWS,SW,SWP,330,148,other_water_systems
2526,CA3700880,0,0,0,0,0,0,0,0,0,0,CAMP DENVER FOX,NTNCWS,GW,GW,71,15,other_water_systems
2527,CA3700897,14,14,14,1,1,1,1,1,1,1,GUATAY MUTUAL BENEFIT CORPORATION,CWS,GW,GW,100,32,other_water_systems
2528,CA3700900,19,0,0,6,6,1,0,0,1,1,LAKE HENSHAW RESORT INC.,CWS,GW,GW,9913,112,other_water_systems
2529,CA3700905,0,0,0,7,3,0,0,0,1,1,PINE HILLS MUTUAL WATER COMPANY,CWS,GW,GW,760,232,other_water_systems
2530,CA3700906,1,1,1,1,1,1,1,1,1,1,CAMP STEVENS,CWS,GW,GW,78,24,other_water_systems
2531,CA3700909,1,1,0,5,3,1,1,0,1,1,JULIAN COMMUNITY SERVICES DISTRICT,CWS,GW,GW,1517,188,other_water_systems
2532,CA3700912,1,1,1,3,3,1,1,1,1,1,YMCA CAMP MARSTON/RAINTREE,NTNCWS,GW,GW,310,21,other_water_systems
2533,CA3700918,10,3,3,8,6,1,1,1,1,1,RANCHO SANTA TERESA MW CO.,CWS,GW,GW,102,38,other_water_systems
2534,CA3700919,0,0,0,0,0,0,0,0,0,0,LAKE WOHLFORD RESORT,CWS,SW,SW,250,137,other_water_systems
2535,CA3700922,0,0,0,2,2,0,0,0,1,1,LIVE OAK SPRINGS WATER SYSTEM,CWS,GW,GW,317,92,other_water_systems
2536,CA3700923,1,1,0,8,3,1,1,0,1,1,LAKE MORENA'S OAK SHORES MWC,CWS,GW,GW,670,201,other_water_systems
2537,CA3700924,11,11,11,0,0,1,1,1,0,0,LAKE MORENA VIEWS MWC,CWS,GW,GW,360,130,other_water_systems
2538,CA3700933,0,0,0,8,2,0,0,0,1,1,PALOMAR MOUNTAIN MUTUAL WATER CO.,CWS,GW,GW,560,197,other_water_systems
2539,CA3700934,35,35,35,2,2,1,1,1,1,1,PAUMA VALLEY WATER COMPANY,CWS,GW,GW,185,76,other_water_systems
2540,CA3700936,0,0,0,3,3,0,0,0,1,1,RANCHO ESTATES MUTUAL WATER CO.,CWS,GW,GW,200,90,other_water_systems
2541,CA3700937,1,1,1,1,1,1,1,1,1,1,LAZY H MUTUAL WATER COMPANY,CWS,GW,GW,142,43,other_water_systems
2542,CA3700938,0,0,0,1,1,0,0,0,1,1,YUIMA MUNICIPAL WATER DISTRICT IDA,CWS,SW,SW,769,210,other_water_systems
2543,CA3700953,0,0,0,6,6,0,0,0,1,1,TECATE VISTA MUTUAL WATER COMPANY,NTNCWS,GW,GW,204,9,other_water_systems
2544,CA3700958,0,0,0,5,5,0,0,0,1,1,LOS TULES MUTUAL WATER COMPANY,CWS,GW,GW,238,116,other_water_systems
2545,CA3700962,1,1,1,6,6,1,1,1,1,1,OAKVALE PARK,CWS,GW,GW,190,88,other_water_systems
2546,CA3700963,0,0,0,0,0,0,0,0,0,0,POTRERO ELEMENTARY SCHOOL,NTNCWS,GW,GW,300,19,other_water_systems
2547,CA3700968,0,0,0,2,2,0,0,0,1,1,SAN PASQUAL ACADEMY,CWS,GW,GW,298,64,other_water_systems
2548,CA3701005,1,1,1,0,0,1,1,1,0,0,SPENCER VALLEY SCHOOL DISTRICT,NTNCWS,GW,GW,40,8,other_water_systems
2549,CA3701010,13,13,13,0,0,1,1,1,0,0,WARNER UNIFIED SCHOOL DISTRICT,NTNCWS,GW,GW,250,15,other_water_systems
2550,CA3701184,6,6,5,12,11,1,1,1,1,1,BUTTERFIELD RANCH,CWS,GW,GW,353,308,other_water_systems
2551,CA3701341,9,9,9,0,0,1,1,1,0,0,QUIET OAKS MOBILE HOME PARK,CWS,GW,GW,120,45,other_water_systems
2552,CA3701408,0,0,0,3,3,0,0,0,1,1,YUIMA MUNICIPAL WATER DISTRICT,CWS,SW,SWP,360,105,other_water_systems
2553,CA3701476,13,9,9,1,1,1,1,1,1,1,INDIAN HILLS CAMP,CWS,GW,GW,244,48,other_water_systems
2554,CA3701747,0,0,0,0,0,0,0,0,0,0,NORTH PEAK MUTUAL WATER COMPANY,CWS,GW,GW,298,89,other_water_systems
2555,CA3701780,0,0,0,1,1,0,0,0,1,1,RICHARDSON BEARDSLEY PARK INC.,CWS,GW,GW,28,21,other_water_systems
2556,CA3701793,7,7,7,11,11,1,1,1,1,1,TWIN LAKES RESORT,CWS,GW,GW,200,153,other_water_systems
2557,CA3701837,1,0,0,2,1,1,0,0,1,1,WYNOLA WATER DISTRICT,CWS,GW,GW,120,74,other_water_systems
2558,CA3701909,0,0,0,0,0,0,0,0,0,0,CUYAMACA OUTDOOR SCHOOL,NTNCWS,GW,GW,500,21,other_water_systems
2559,CA3701934,0,0,0,0,0,0,0,0,0,0,PINE VALLEY BIBLE CONFERENCE CENTER,CWS,GW,GW,255,58,other_water_systems
2560,CA3701961,13,0,0,4,4,1,0,0,1,1,PINE VALLEY TRAILER PARK,CWS,GW,GW,200,92,other_water_systems
2561,CA3701982,0,0,0,2,2,0,0,0,1,1,PALOMAR CHRISTIAN CONFERENCE CENTER,CWS,GW,GW,13050,22,other_water_systems
2562,CA3701988,0,0,0,11,10,0,0,0,1,1,ALPINE OAKS ESTATES LLC,CWS,GW,GW,125,68,other_water_systems
2563,CA3701995,6,6,5,7,6,1,1,1,1,1,WILLOWSIDE TERRACE WATER ASSOCIATION,CWS,GW,GW,100,32,other_water_systems
2564,CA3702104,0,0,0,6,0,0,0,0,1,0,MHC TT INC. (DBA PIO PICO),CWS,GW,GW,828,512,other_water_systems
2565,CA3702236,0,0,0,0,0,0,0,0,0,0,PALOMAR OBSERVATORY,CWS,GW,GW,9158,25,other_water_systems
2566,CA3702283,0,0,0,6,6,0,0,0,1,1,MOUNT LAGUNA IMPROVEMENT ASSN.,NTNCWS,GW,GW,578,168,other_water_systems
2567,CA3702338,7,7,7,1,1,1,1,1,1,1,RAMONA OAKS RV RESORT,NTNCWS,GW,GW,250,130,other_water_systems
2568,CA3702354,0,0,0,10,7,0,0,0,1,1,WARNER SPRINGS ESTATES,CWS,GW,GW,443,307,other_water_systems
2569,CA3702364,1,1,1,0,0,1,1,1,0,0,CLOVER FLAT ELEMENTARY SCHOOL,NTNCWS,GW,GW,160,5,other_water_systems
2570,CA3705073,0,0,0,1,1,0,0,0,1,1,SAN YSIDRO HEALTH - MHFM,NTNCWS,GW,GW,30,1,other_water_systems
2571,CA3710001,1,1,1,0,0,1,1,1,0,0,CAL-AM WATER CORONADO,CWS,SW,SWP,106000,21412,other_water_systems
2572,CA3710002,0,0,0,0,0,0,0,0,0,0,VALLECITOS WD,CWS,SW,SWP,112000,22419,other_water_systems
2573,CA3710004,0,0,0,1,1,0,0,0,1,1,"DEL MAR, CITY OF",CWS,SW,SWP,3929,1869,other_water_systems
2574,CA3710005,0,0,0,0,0,0,0,0,0,0,CARLSBAD MWD,CWS,SW,SWP,95158,28238,other_water_systems
2575,CA3710006,0,0,0,0,0,0,0,0,0,0,"ESCONDIDO, CITY OF",CWS,SW,SW,137941,26959,other_water_systems
2576,CA3710008,0,0,0,0,0,0,0,0,0,0,FALLBROOK PUD,CWS,SW,SWP,35237,9189,other_water_systems
2577,CA3710009,0,0,0,0,0,0,0,0,0,0,DESCANSO COMMUNITY WATER DISTRICT,CWS,GW,GW,870,317,other_water_systems
2578,CA3710010,0,0,0,0,0,0,0,0,0,0,HELIX WATER DISTRICT,CWS,SW,SW,277418,56598,other_water_systems
2579,CA3710011,0,0,0,0,0,0,0,0,0,0,JACUMBA COMMUNITY SD,CWS,GW,GW,561,244,other_water_systems
2580,CA3710012,0,0,0,0,0,0,0,0,0,0,RANCHO PAUMA MUTUAL WC,CWS,GW,GW,899,387,other_water_systems
2581,CA3710013,0,0,0,2,2,0,0,0,1,1,LAKESIDE WD,CWS,SW,SWP,35500,6958,other_water_systems
2582,CA3710014,0,0,0,0,0,0,0,0,0,0,"OCEANSIDE, CITY OF",CWS,SW,SWP,171063,44519,other_water_systems
2583,CA3710015,0,0,0,0,0,0,0,0,0,0,"POWAY, CITY OF",CWS,SW,SW,49833,14139,other_water_systems
2584,CA3710016,0,0,0,0,0,0,0,0,0,0,RAINBOW MUNICIPAL WD,CWS,SW,SWP,23536,8849,carceral_serving_water_system
2585,CA3710018,0,0,0,0,0,0,0,0,0,0,RINCON DEL DIABLO MWD (ID-1),CWS,SW,SWP,29206,7531,other_water_systems
2586,CA3710019,0,0,0,0,0,0,0,0,0,0,RAMONA MUNICIPAL WD,CWS,SW,SWP,37047,9596,other_water_systems
2587,CA3710020,0,0,0,4,4,0,0,0,1,1,"SAN DIEGO, CITY OF",CWS,SW,SW,1368395,282245,carceral_serving_water_system
2588,CA3710021,0,0,0,1,1,0,0,0,1,1,SAN DIEGUITO WD,CWS,SW,SWP,40096,12125,other_water_systems
2589,CA3710023,0,0,0,0,0,0,0,0,0,0,SANTA FE I.D.,CWS,SW,SW,21578,6539,other_water_systems
2590,CA3710025,0,0,0,0,0,0,0,0,0,0,SWEETWATER AUTHORITY,CWS,SW,SW,189371,33366,carceral_serving_water_system
2591,CA3710026,0,0,0,0,0,0,0,0,0,0,VALLEY CENTER MWD,CWS,SW,SWP,29938,9768,other_water_systems
2592,CA3710027,0,0,0,0,0,0,0,0,0,0,VISTA IRRIGATION DISTRICT,CWS,SW,SW,130583,27782,carceral_serving_water_system
2593,CA3710029,0,0,0,0,0,0,0,0,0,0,OLIVENHAIN MWD,CWS,SW,SWP,86441,22716,other_water_systems
2594,CA3710034,0,0,0,0,0,0,0,0,0,0,OTAY WATER DISTRICT,CWS,SW,SWP,240290,50664,carceral_serving_water_system
2595,CA3710036,0,0,0,1,1,0,0,0,1,1,BORREGO WD,CWS,GW,GW,3429,2049,other_water_systems
2596,CA3710037,0,0,0,0,0,0,0,0,0,0,PADRE DAM MWD,CWS,SW,SWP,93217,23277,carceral_serving_water_system
2597,CA3710039,0,0,0,0,0,0,0,0,0,0,PINE VALLEY MUTUAL WC,CWS,GW,GW,2645,721,other_water_systems
2598,CA3710041,1,1,0,5,4,1,1,0,1,1,MAJESTIC PINES COMMUNITY SD,CWS,GW,GW,1768,706,other_water_systems
2599,CA3710042,0,0,0,0,0,0,0,0,0,0,SAN DIEGO COUNTY WATER AUTHORITY,CWS,SW,SW,0,102,other_water_systems
2600,CA3710044,0,0,0,0,0,0,0,0,0,0,RINCON DEL DIABLO MWD (ID-A),CWS,SW,SWP,3316,1059,other_water_systems
2601,CA3710045,0,0,0,0,0,0,0,0,0,0,CARLSBAD DESALINATION PLANT,CWS,SW,SW,0,1,other_water_systems
2602,CA3710047,0,0,0,2,0,0,0,0,1,0,CAMPO HILLS-COUNTY PUBLIC WORKS WASTEWTR,CWS,SW,GU,500,222,other_water_systems
2603,CA3710048,0,0,0,2,2,0,0,0,1,1,GSA TECATE PORT OF ENTRY,NTNCWS,GW,GW,400,8,other_water_systems
2604,CA3710049,0,0,0,2,2,0,0,0,1,1,PINE VALLEY BORDER PATROL STATION,NTNCWS,GW,GW,36604,4,other_water_systems
2605,CA3710051,0,0,0,0,0,0,0,0,0,0,DHS BOULEVARD BORDER PATROL,NTNCWS,GW,GW,66255,4,other_water_systems
2606,CA3710052,6,6,6,2,2,1,1,1,1,1,DHS BORDER PATROL I-8 CHECKPOINT,NTNCWS,SW,GU,60,2,other_water_systems
2607,CA3710053,11,11,11,14,2,1,1,1,1,1,DHS BORDER PATROL HWY 94 CHECKPOINT,NTNCWS,SW,GU,27338,1,other_water_systems
2608,CA3710055,7,7,6,1,0,1,1,1,1,0,PINE HILL EGG RANCH,NTNCWS,GW,GW,80,4,other_water_systems
2609,CA3710700,0,0,0,1,0,0,0,0,1,0,CAMP PENDLETON (NORTH),CWS,GW,GW,12972,1605,other_water_systems
2610,CA3710702,0,0,0,0,0,0,0,0,0,0,CAMP PENDLETON (SOUTH),CWS,GW,GW,42998,7761,other_water_systems
2611,CA3710707,1,1,1,0,0,1,1,1,0,0,USN SAN CLEMENTE ISLAND,NTNCWS,SW,SWP,800,268,other_water_systems
2612,CA3710750,0,0,0,0,0,0,0,0,0,0,NAS NORTH ISLAND & NAB CORONADO,CWS,SW,SWP,36990,1415,other_water_systems
2613,CA3710800,0,0,0,1,0,0,0,0,1,0,PUERTA LA CRUZ CC #14,CWS,GW,GW,125,6,carceral_water_system
2614,CA3710802,0,0,0,0,0,0,0,0,0,0,LA CIMA FIRE CENTER,CWS,GW,GW,65,9,carceral_water_system
2615,CA3810001,0,0,0,0,0,0,0,0,0,0,SAN FRANCISCO REGIONAL WATER SYSTEM,CWS,SW,SW,600,256,other_water_systems
2616,CA3810003,0,0,0,0,0,0,0,0,0,0,HHW&P MOCCASIN COMPOUND-SFPUC,CWS,SW,SWP,410,89,other_water_systems
2617,CA3810008,0,0,0,0,0,0,0,0,0,0,THOMAS SHAFT WHOLESALE,CWS,SW,SWP,1,1,other_water_systems
2618,CA3810010,0,0,0,0,0,0,0,0,0,0,SAN FRANCISCO INTERNATIONAL AIRPORT,NTNCWS,SW,SWP,183386,441,other_water_systems
2619,CA3810011,0,0,0,0,0,0,0,0,0,0,SFPUC CITY DISTRIBUTION DIVISION,CWS,SW,SWP,848019,171099,carceral_serving_water_system
2620,CA3810700,0,0,0,0,0,0,0,0,0,0,PRESIDIO OF SAN FRANCISCO,CWS,SW,SW,3500,1228,other_water_systems
2621,CA3810702,0,0,0,0,0,0,0,0,0,0,TREASURE ISLAND,CWS,SW,SWP,3864,186,other_water_systems
2622,CA3900504,0,0,0,0,0,0,0,0,0,0,CLEMENTS WATER WORKS #43,CWS,GW,GW,264,83,other_water_systems
2623,CA3900505,0,0,0,2,0,0,0,0,1,0,FARMINGTON WATER COMPANY,CWS,GW,GW,270,78,other_water_systems
2624,CA3900511,1,1,1,1,1,1,1,1,1,1,SJC MICKE GROVE PARK,NTNCWS,GW,GW,1025,8,other_water_systems
2625,CA3900512,0,0,0,0,0,0,0,0,0,0,MORADA ACRES WATER SYSTEM,CWS,GW,GW,105,32,other_water_systems
2626,CA3900517,0,0,0,0,0,0,0,0,0,0,ALMOND PARK WATER SYSTEM,CWS,GW,GW,60,20,other_water_systems
2627,CA3900523,0,0,0,0,0,0,0,0,0,0,MORADA MANOR WATER SYSTEM,CWS,GW,GW,112,34,other_water_systems
2628,CA3900543,0,0,0,0,0,0,0,0,0,0,MAURLAND MANOR WATER SYSTEM,CWS,GW,GWP,92,28,other_water_systems
2629,CA3900558,0,0,0,0,0,0,0,0,0,0,RANCHO SAN JOAQUIN WATER SYS,CWS,GW,GW,172,52,other_water_systems
2630,CA3900559,0,0,0,0,0,0,0,0,0,0,WINE COUNTRY APARTMENTS,CWS,GW,GW,40,16,other_water_systems
2631,CA3900561,0,0,0,0,0,0,0,0,0,0,LODI LAKE MOBILE HOME PARK,CWS,GW,GW,104,54,other_water_systems
2632,CA3900563,0,0,0,0,0,0,0,0,0,0,GAYLA MANOR PWS,CWS,GW,GW,178,54,other_water_systems
2633,CA3900568,0,0,0,0,0,0,0,0,0,0,CARIBOU MOBILE PARK PWS,CWS,GW,GW,180,72,other_water_systems
2634,CA3900569,0,0,0,1,1,0,0,0,1,1,EL RIO MOBILE HOME PARK,CWS,GW,GW,60,28,other_water_systems
2635,CA3900579,16,16,16,2,0,1,1,1,1,0,CENTURY MOBILE HOME PARK,CWS,GW,GW,50,19,other_water_systems
2636,CA3900581,1,1,0,1,0,1,1,0,1,0,HARNEY LANE MIGRANT CENTER WS,NTNCWS,GW,GW,500,100,other_water_systems
2637,CA3900586,0,0,0,1,1,0,0,0,1,1,B&G MOBILE HOME PARK LLC WS,CWS,GW,GW,50,22,other_water_systems
2638,CA3900596,0,0,0,2,0,0,0,0,1,0,VILLA CEREZOS,CWS,GW,GW,200,82,other_water_systems
2639,CA3900602,0,0,0,1,1,0,0,0,1,1,TAHAMA VILLAGE MOBILE HOME PARK,CWS,GW,GW,200,68,other_water_systems
2640,CA3900606,2,2,1,1,0,1,1,1,1,0,A1 WINSTONS MOBILE HOME PARK,CWS,GW,GW,75,30,other_water_systems
2641,CA3900607,0,0,0,3,3,0,0,0,1,1,COUNTRY SQUIRE MOBILE ESTATES & WATER SY,CWS,GW,GW,131,49,other_water_systems
2642,CA3900624,2,2,2,0,0,1,1,1,0,0,IL VINETO,CWS,GW,GW,160,83,other_water_systems
2643,CA3900637,3,3,3,2,1,1,1,1,1,1,BIG WHEEL MOBILE HOME PARK,CWS,GW,GW,120,63,other_water_systems
2644,CA3900649,1,1,0,7,2,1,1,0,1,1,GLENWOOD MOBILE HOME PARK,CWS,GW,GW,100,50,other_water_systems
2645,CA3900653,0,0,0,0,0,0,0,0,0,0,ISLANDER MARINA,CWS,GW,GW,150,75,other_water_systems
2646,CA3900661,0,0,0,0,0,0,0,0,0,0,MAPACHE TRAILER PARK,CWS,GW,GW,275,99,other_water_systems
2647,CA3900664,0,0,0,1,0,0,0,0,1,0,NEW HOPE LANDING GENERAL STORE,CWS,GW,GW,125,44,other_water_systems
2648,CA3900682,0,0,0,0,0,0,0,0,0,0,LOCKEFORD MOBILE HOME PARK WTR SYS,CWS,GW,GW,123,43,other_water_systems
2649,CA3900701,1,1,1,1,1,1,1,1,1,1,CURRIER ESTATES WATER CORP,CWS,GW,GW,148,37,other_water_systems
2650,CA3900702,0,0,0,0,0,0,0,0,0,0,CORRAL HOLLOW PWS,CWS,GW,GW,145,44,other_water_systems
2651,CA3900705,0,0,0,2,0,0,0,0,1,0,FINNLEES TRAILER PARK,CWS,GW,GW,55,26,other_water_systems
2652,CA3900714,0,0,0,0,0,0,0,0,0,0,SUNNYSIDE ESTATES WATER SYSTEM,CWS,SW,SWP,69,21,other_water_systems
2653,CA3900719,1,1,0,2,1,1,1,0,1,1,MOKELUMNE MOBILE SENIOR PARK,CWS,GW,GW,55,25,other_water_systems
2654,CA3900720,0,0,0,0,0,0,0,0,0,0,SHADED TERRACE PWS,CWS,GW,GW,238,72,other_water_systems
2655,CA3900721,1,1,1,3,1,1,1,1,1,1,WOODBRIDGE MOBILE ESTATES,CWS,GW,GW,110,37,other_water_systems
2656,CA3900722,0,0,0,0,0,0,0,0,0,0,MORADA ESTATES PWS,CWS,GW,GW,290,88,other_water_systems
2657,CA3900724,0,0,0,0,0,0,0,0,0,0,ELKHORN ESTATES WATER SYSTEM,CWS,GW,GW,234,71,other_water_systems
2658,CA3900732,1,1,1,2,2,1,1,1,1,1,V & P TRAILER COURT WATER SYSTEM,CWS,GW,GW,35,15,other_water_systems
2659,CA3900733,0,0,0,1,1,0,0,0,1,1,COUNTRY CLUB VISTA MUTUAL WATER CO,CWS,GW,GW,75,31,other_water_systems
2660,CA3900742,1,1,1,1,1,1,1,1,1,1,J M EAGLE (WS),NTNCWS,GW,GW,100,15,other_water_systems
2661,CA3900748,0,0,0,0,0,0,0,0,0,0,ESCALON USD- COLLEGEVILLE SCH,NTNCWS,GW,GW,100,1,other_water_systems
2662,CA3900751,18,18,18,0,0,1,1,1,0,0,MARTINEZ APARTMENTS,CWS,GW,GW,26,9,other_water_systems
2663,CA3900755,4,4,4,1,1,1,1,1,1,1,SHADY REST TRAILER COURT,CWS,GW,GW,150,49,other_water_systems
2664,CA3900756,0,0,0,0,0,0,0,0,0,0,LINDEN USD-GLENWOOD SCHOOL,NTNCWS,GW,GW,100,1,other_water_systems
2665,CA3900757,0,0,0,0,0,0,0,0,0,0,LINDEN USD-WATERLOO ELEMENTARY,NTNCWS,GW,GW,225,1,other_water_systems
2666,CA3900762,2,2,2,0,0,1,1,1,0,0,RIVERSIDE MOBILE HOME PARK,CWS,GW,GW,55,58,other_water_systems
2667,CA3900796,0,0,0,0,0,0,0,0,0,0,BTQC-ESCALON,NTNCWS,GW,GW,110,1,other_water_systems
2668,CA3900798,0,0,0,1,1,0,0,0,1,1,FRANZIA WINERY,NTNCWS,GW,GW,250,1,other_water_systems
2669,CA3900805,0,0,0,1,1,0,0,0,1,1,MOREHEAD PARK,CWS,GW,GW,300,115,other_water_systems
2670,CA3900813,0,0,0,1,1,0,0,0,1,1,HAVEN ACRES RIVER CLUB INC,CWS,GW,GW,100,51,other_water_systems
2671,CA3900815,0,0,0,2,2,0,0,0,1,1,DELICATO VINEYARDS,NTNCWS,GW,GW,805,5,other_water_systems
2672,CA3900825,0,0,0,1,1,0,0,0,1,1,OWENS-BROCKWAY GLASS CONTAINER INC,NTNCWS,GW,GW,280,1,other_water_systems
2673,CA3900831,1,1,1,1,1,1,1,1,1,1,ARBOR MOBILE HOME PARK WS,CWS,GW,GW,340,173,other_water_systems
2674,CA3900835,0,0,0,0,0,0,0,0,0,0,WAYSIDE MOTEL APARTMENTS WTR SYS,CWS,GW,GW,70,25,other_water_systems
2675,CA3900837,0,0,0,1,1,0,0,0,1,1,LODI HOMES,CWS,GW,GW,39,12,other_water_systems
2676,CA3900842,0,0,0,0,0,0,0,0,0,0,DOUBLE L MOBILE ESTATES,CWS,GW,GW,320,150,other_water_systems
2677,CA3900844,0,0,0,1,1,0,0,0,1,1,COUNTRY MANOR MHP,CWS,GW,GW,75,41,other_water_systems
2678,CA3900846,0,0,0,0,0,0,0,0,0,0,OAK VIEW UNION ELEMENTARY SCH,NTNCWS,GW,GW,350,1,other_water_systems
2679,CA3900848,0,0,0,2,2,0,0,0,1,1,LODI USD-TURNER ACADEMY AT TOKAY COLONY,NTNCWS,GW,GW,166,2,other_water_systems
2680,CA3900849,0,0,0,2,2,0,0,0,1,1,LODI USD-LIVE OAK SCHOOL,NTNCWS,GW,GW,100,1,other_water_systems
2681,CA3900850,0,0,0,2,2,0,0,0,1,1,LODI USD-HOUSTON SCHOOL,NTNCWS,GW,GW,405,4,other_water_systems
2682,CA3900907,0,0,0,1,1,0,0,0,1,1,BEL AIR MOBILE ESTATE,CWS,GW,GW,325,117,other_water_systems
2683,CA3900921,1,1,0,3,0,1,1,0,1,0,CARDOZA VILLA CORP,CWS,GW,GW,30,12,other_water_systems
2684,CA3900927,0,0,0,0,0,0,0,0,0,0,SPRING CREEK ESTATES PWS,CWS,GW,GW,119,36,other_water_systems
2685,CA3900964,0,0,0,1,1,0,0,0,1,1,SAHARA MOBILE COURT,CWS,GW,GW,300,162,other_water_systems
2686,CA3900978,14,14,14,0,0,1,1,1,0,0,SJ COUNTY-REDWOOD SCHOOL,NTNCWS,GW,GW,83,1,other_water_systems
2687,CA3900983,11,11,11,3,1,1,1,1,1,1,CHERRY LANE TRAILER PARK,CWS,GW,GW,100,43,other_water_systems
2688,CA3900991,1,1,0,4,3,1,1,0,1,1,LA TORRES PARK,CWS,GW,GW,40,14,other_water_systems
2689,CA3900993,0,0,0,0,0,0,0,0,0,0,NEW JERUSALEM SCHOOL,NTNCWS,GW,GW,210,1,other_water_systems
2690,CA3901014,0,0,0,0,0,0,0,0,0,0,BANTA ELEMENTARY SCHOOL,NTNCWS,GW,GW,200,1,other_water_systems
2691,CA3901031,3,3,3,3,1,1,1,1,1,1,132 INVESTMENTS WATER SYSTEM,CWS,GW,GW,252,93,other_water_systems
2692,CA3901032,0,0,0,0,0,0,0,0,0,0,LODI USD-TURNER ACADEMY,NTNCWS,GW,GW,120,3,other_water_systems
2693,CA3901074,0,0,0,6,2,0,0,0,1,1,TWIN OAKS MOBILE PARK,CWS,GW,GW,238,85,other_water_systems
2694,CA3901075,0,0,0,0,0,0,0,0,0,0,FAIRWAY ESTATES PWS CSA-18,CWS,GW,GW,149,45,other_water_systems
2695,CA3901080,7,7,6,1,0,1,1,1,1,0,ALPINE MEATS INC,NTNCWS,GW,GW,270,1,other_water_systems
2696,CA3901081,1,1,1,2,2,1,1,1,1,1,MOBILE VILLAS TRAILER PARK,CWS,GW,GW,130,36,other_water_systems
2697,CA3901082,0,0,0,0,0,0,0,0,0,0,ST JOSEPHS HOSPITAL,NTNCWS,GW,GW,150,1,other_water_systems
2698,CA3901085,1,1,1,2,2,1,1,1,1,1,LODI USD-DAVIS SCHOOL,NTNCWS,GW,GW,630,1,other_water_systems
2699,CA3901086,1,1,0,2,1,1,1,0,1,1,PACIFIC BELL UE17L WATER SYSTEM,NTNCWS,GW,GW,150,1,other_water_systems
2700,CA3901090,0,0,0,3,1,0,0,0,1,1,NORTH VALLEY SCHOOL PWS,NTNCWS,GW,GW,35,1,other_water_systems
2701,CA3901092,0,0,0,0,0,0,0,0,0,0,SAN JOAQUIN WATER WORKS #2,CWS,GW,GW,310,94,other_water_systems
2702,CA3901107,1,1,0,1,0,1,1,0,1,0,JEFFERSON ESD-JEFFERSON SCHOOL,NTNCWS,GW,GW,60,1,other_water_systems
2703,CA3901113,0,0,0,0,0,0,0,0,0,0,WALNUT ACRES,CWS,GW,GW,106,32,other_water_systems
2704,CA3901114,0,0,0,0,0,0,0,0,0,0,KING ISLAND TRAILER PARK WATER SYSTEM,CWS,GW,GW,236,76,other_water_systems
2705,CA3901159,0,0,0,0,0,0,0,0,0,0,WILKINSON MANOR A-ZONE PWS,CWS,GW,GWP,125,38,other_water_systems
2706,CA3901163,0,0,0,0,0,0,0,0,0,0,MUSD-NEW HAVEN SCHOOL,NTNCWS,GW,GW,300,3,other_water_systems
2707,CA3901167,0,0,0,0,0,0,0,0,0,0,EUSD-VAN ALLEN SCHOOL,NTNCWS,GW,GW,200,1,other_water_systems
2708,CA3901169,42,42,42,2,0,1,1,1,1,0,MUSD-NILE GARDEN SCHOOL,NTNCWS,GW,GW,804,3,other_water_systems
2709,CA3901172,0,0,0,0,0,0,0,0,0,0,PAR COUNTRY ESTATES CSA-16,CWS,GW,GW,178,54,other_water_systems
2710,CA3901176,2,2,2,0,0,1,1,1,0,0,PHILLIPS FARMS,NTNCWS,GW,GW,330,2,other_water_systems
2711,CA3901179,0,0,0,0,0,0,0,0,0,0,LODI WINE & BUSINESS CENTER,NTNCWS,GW,GW,61,1,other_water_systems
2712,CA3901181,0,0,0,1,1,0,0,0,1,1,NORTHWEST PIPE COMPANY,NTNCWS,GW,GW,82,3,other_water_systems
2713,CA3901194,0,0,0,0,0,0,0,0,0,0,VALIMET INC,NTNCWS,GW,GW,48,6,other_water_systems
2714,CA3901197,0,0,0,2,2,0,0,0,1,1,"OAK RIDGE WINERY, LLC",NTNCWS,GW,GW,50,8,other_water_systems
2715,CA3901209,0,0,0,0,0,0,0,0,0,0,ST MARYS HIGH SCHOOL,NTNCWS,GW,GW,950,11,other_water_systems
2716,CA3901213,19,19,19,0,0,1,1,1,0,0,SUNNY ROAD WATER SYSTEM,CWS,GW,GW,34,12,other_water_systems
2717,CA3901215,0,0,0,1,1,0,0,0,1,1,SAN JUAN VISTA,CWS,GW,GW,201,72,other_water_systems
2718,CA3901216,0,0,0,0,0,0,0,0,0,0,SANTOS RANCH PWS #5-CSA #35,CWS,GW,GW,320,97,other_water_systems
2719,CA3901217,1,1,1,0,0,1,1,1,0,0,HAYNES BOARD & CARE HOME,CWS,GW,GW,41,15,other_water_systems
2720,CA3901245,0,0,0,0,0,0,0,0,0,0,CALIFORNIA FRUIT PROCESSORS,NTNCWS,GW,GW,150,2,other_water_systems
2721,CA3901248,0,0,0,1,1,0,0,0,1,1,FLAG CITY WATER SYSTEM,NTNCWS,GW,GW,135,41,other_water_systems
2722,CA3901258,1,1,0,2,1,1,1,0,1,1,AT&T CALIFORNIA - UER47,NTNCWS,GW,GW,30,1,other_water_systems
2723,CA3901276,0,0,0,0,0,0,0,0,0,0,HANOT FOUNDATION INC,CWS,GW,GW,38,15,other_water_systems
2724,CA3901278,1,1,0,2,1,1,1,0,1,1,PLUG CONNECTION LODI,NTNCWS,GW,GW,100,1,other_water_systems
2725,CA3901282,1,1,1,1,1,1,1,1,1,1,CBUSO DBA WOODBRIDGE WINERY,NTNCWS,GW,GW,150,11,other_water_systems
2726,CA3901285,0,0,0,0,0,0,0,0,0,0,VICTOR SERVICE CENTER,NTNCWS,GW,GW,50,1,other_water_systems
2727,CA3901290,0,0,0,1,1,0,0,0,1,1,FISHER NURSERY,NTNCWS,GW,GW,50,1,other_water_systems
2728,CA3901303,0,0,0,0,0,0,0,0,0,0,ACAMPO WATER SYSTEM,CWS,GW,GW,231,70,other_water_systems
2729,CA3901304,0,0,0,0,0,0,0,0,0,0,ENCLAVE AT THE DELTA,CWS,GW,GW,39,15,other_water_systems
2730,CA3901305,1,1,0,1,0,1,1,0,1,0,CARMELO INDUSTRIAL PARK,NTNCWS,GW,GW,30,1,other_water_systems
2731,CA3901306,0,0,0,3,3,0,0,0,1,1,KELLOGG GARDEN PRODUCTS,NTNCWS,GW,GW,185,2,other_water_systems
2732,CA3901309,1,1,0,1,0,1,1,0,1,0,GLASSFAB TEMPERING SERVICES INC.,NTNCWS,GW,GW,50,1,other_water_systems
2733,CA3901312,0,0,0,1,1,0,0,0,1,1,TURNER ROAD VINTNERS (EAST),NTNCWS,GW,GW,80,1,other_water_systems
2734,CA3901315,0,0,0,1,1,0,0,0,1,1,GAF MATERIALS CO,NTNCWS,GW,GW,30,1,other_water_systems
2735,CA3901318,0,0,0,2,2,0,0,0,1,1,S M S BRINERS INC,NTNCWS,GW,GW,30,1,other_water_systems
2736,CA3901319,2,2,2,1,1,1,1,1,1,1,KNAPHEIDE TRUCK EQUIPMENT COMPANY,NTNCWS,GW,GW,40,1,other_water_systems
2737,CA3901320,0,0,0,1,1,0,0,0,1,1,CHARGIN-SOSSAMON WATER SYSTEM,NTNCWS,GW,GW,50,1,other_water_systems
2738,CA3901322,0,0,0,0,0,0,0,0,0,0,MANTECA INDUSTRIAL PRK CSA-30,NTNCWS,GW,GW,76,23,other_water_systems
2739,CA3901323,0,0,0,1,1,0,0,0,1,1,COZAD WATER SYSTEM,NTNCWS,GW,GW,85,10,other_water_systems
2740,CA3901331,0,0,0,1,1,0,0,0,1,1,RIPON USD-COLONY OAK SCHOOL,NTNCWS,GW,GW,100,13,other_water_systems
2741,CA3901336,1,1,0,2,1,1,1,0,1,1,WESTERN PALLET SUPPLY & LOGISTICS,NTNCWS,GW,GW,60,1,other_water_systems
2742,CA3901337,0,0,0,0,0,0,0,0,0,0,MORADA ESTATES N PWS #46,CWS,GW,GW,426,129,other_water_systems
2743,CA3901338,1,1,0,2,1,1,1,0,1,1,"DYNATECT RO-LAB, INC.",NTNCWS,GW,GW,40,1,other_water_systems
2744,CA3901343,1,1,1,0,0,1,1,1,0,0,DEVIL MOUNTAIN WHOLESALE NURSERY,NTNCWS,GW,GW,25,1,other_water_systems
2745,CA3901345,0,0,0,2,0,0,0,0,1,0,NORMANS NURSERY,NTNCWS,GW,GW,200,1,other_water_systems
2746,CA3901348,0,0,0,0,0,0,0,0,0,0,FAIROAKS PWS #44,CWS,GW,GW,1172,355,other_water_systems
2747,CA3901350,0,0,0,1,1,0,0,0,1,1,BOETHING TREELAND FARMS INC,NTNCWS,GW,GW,203,5,other_water_systems
2748,CA3901354,1,1,0,20,13,1,1,0,1,1,LARSEN RANCH 39-40/WATER SYSTEM,NTNCWS,GW,GW,30,11,other_water_systems
2749,CA3901368,0,0,0,2,0,0,0,0,1,0,OM SCOTT & SONS/HYPONEX CORP,NTNCWS,GW,GW,50,5,other_water_systems
2750,CA3901369,2,2,2,0,0,1,1,1,0,0,BASALITE - TRACY,NTNCWS,GW,GW,25,2,other_water_systems
2751,CA3901373,0,0,0,0,0,0,0,0,0,0,EUSD-GATEWAY CHARTER,NTNCWS,GW,GW,25,1,other_water_systems
2752,CA3901377,0,0,0,4,2,0,0,0,1,1,FRENCH CAMP GOLF COURSE,NTNCWS,GW,GW,327,99,other_water_systems
2753,CA3901378,6,6,6,0,0,1,1,1,0,0,SAN-I-PAK INC,NTNCWS,GW,GW,25,1,other_water_systems
2754,CA3901382,1,1,1,2,0,1,1,1,1,0,O-G PACKING CO,NTNCWS,GW,GW,25,2,other_water_systems
2755,CA3901387,9,9,9,0,0,1,1,1,0,0,STOCKTON BAPTIST CHURCH,NTNCWS,GW,GW,25,1,other_water_systems
2756,CA3901390,0,0,0,0,0,0,0,0,0,0,FRANK C ALEGRE TRUCKING INC WS,NTNCWS,GW,GW,25,1,other_water_systems
2757,CA3901392,0,0,0,1,1,0,0,0,1,1,"ENVIROPLEX, INC",NTNCWS,GW,GW,25,1,other_water_systems
2758,CA3901394,2,2,2,0,0,1,1,1,0,0,CALVA PRODUCTS CO INC,NTNCWS,GW,GW,50,1,other_water_systems
2759,CA3901400,1,1,0,1,0,1,1,0,1,0,VALLEY LANDSCAPING & MAINT INC,NTNCWS,GW,GW,25,1,other_water_systems
2760,CA3901404,0,0,0,0,0,0,0,0,0,0,BEAR CREEK WINERY,NTNCWS,GW,GW,25,1,other_water_systems
2761,CA3901407,1,1,0,1,0,1,1,0,1,0,BURLINGTON NORTHERN SANTA FE,NTNCWS,GW,GW,31,1,other_water_systems
2762,CA3901409,1,1,0,1,0,1,1,0,1,0,VALPICO INDUSTRIAL PARK,NTNCWS,GW,GW,60,1,other_water_systems
2763,CA3901414,13,13,12,4,2,1,1,1,1,1,MCLAUGHLIN WASTE EQUIPMENT INC,NTNCWS,GW,GW,25,1,other_water_systems
2764,CA3901417,0,0,0,2,2,0,0,0,1,1,J B HUNT TRANSPORT INC,NTNCWS,GW,GW,25,1,other_water_systems
2765,CA3901418,19,19,19,0,0,1,1,1,0,0,AUSTIN INDUSTRIAL PARK WATER SYSTEM,NTNCWS,GW,GW,25,1,other_water_systems
2766,CA3901421,0,0,0,0,0,0,0,0,0,0,VIEJO LTD,NTNCWS,GW,GW,163,2,other_water_systems
2767,CA3901423,0,0,0,5,2,0,0,0,1,1,DOWN RIVER AN ITW COMPANY,NTNCWS,GW,GW,25,1,other_water_systems
2768,CA3901424,2,2,1,3,0,1,1,1,1,0,DURHAM FERRY COMMUNITY SCHOOL,NTNCWS,GW,GW,31,5,other_water_systems
2769,CA3901425,9,9,9,0,0,1,1,1,0,0,MORADA PRODUCE,NTNCWS,GW,GW,25,5,other_water_systems
2770,CA3901429,0,0,0,0,0,0,0,0,0,0,MUSCO FAMILY OLIVE CO,NTNCWS,GW,GW,348,1,other_water_systems
2771,CA3901442,1,1,0,1,0,1,1,0,1,0,TARDITI RENTALS WATER,NTNCWS,GW,GW,27,7,other_water_systems
2772,CA3901456,0,0,0,2,0,0,0,0,1,0,PRIMA FRUTTA PACKING,NTNCWS,GW,GW,25,2,other_water_systems
2773,CA3901461,0,0,0,0,0,0,0,0,0,0,JENSEN PRECAST,NTNCWS,GW,GW,25,1,other_water_systems
2774,CA3901463,0,0,0,0,0,0,0,0,0,0,TULARE FARMS LLLP WATER SYSTEM,NTNCWS,GW,GW,39,1,other_water_systems
2775,CA3901466,0,0,0,0,0,0,0,0,0,0,PARK GREEN HOUSES WATER SYSTEM,NTNCWS,GW,GW,25,1,other_water_systems
2776,CA3901473,0,0,0,0,0,0,0,0,0,0,DIEDE TRUCKING WATER SYSTEM,NTNCWS,GW,GW,25,1,other_water_systems
2777,CA3901474,12,12,12,0,0,1,1,1,0,0,FREMONT ONE,CWS,GW,GW,39,15,other_water_systems
2778,CA3901477,0,0,0,0,0,0,0,0,0,0,TRACY MATRL RECVRY/SLD WASTE WS,NTNCWS,GW,GW,25,1,other_water_systems
2779,CA3901480,0,0,0,0,0,0,0,0,0,0,ABF FREIGHT WATER SYSTEM,NTNCWS,GW,GW,25,1,other_water_systems
2780,CA3901481,12,12,12,0,0,1,1,1,0,0,PNP STOCKTON #80,NTNCWS,GW,GW,25,1,other_water_systems
2781,CA3901486,42,42,41,1,0,1,1,1,1,0,CENTRAL VALLEY BAPTIST CHURCH WS,NTNCWS,GW,GW,556,2,other_water_systems
2782,CA3902136,1,1,1,0,0,1,1,1,0,0,LINDEN USD-CHARTVILLE SCHOOL,NTNCWS,GW,GW,40,1,other_water_systems
2783,CA3902172,0,0,0,0,0,0,0,0,0,0,A SAMBADO & SON 39-321,NTNCWS,GW,GW,25,15,other_water_systems
2784,CA3902180,0,0,0,0,0,0,0,0,0,0,SUTTER HOME WINERY INC.,NTNCWS,GW,GW,463,1,other_water_systems
2785,CA3902181,0,0,0,0,0,0,0,0,0,0,"SCHULTE ROAD WAREHOUSE 3, LLC WTR SYS",NTNCWS,GW,GW,25,1,other_water_systems
2786,CA3902184,0,0,0,0,0,0,0,0,0,0,"DLJ PROPERTIES, LLC",NTNCWS,GW,GW,40,1,other_water_systems
2787,CA3902189,18,18,18,0,0,1,1,1,0,0,GICO MANAGEMENT,NTNCWS,GW,GW,60,1,other_water_systems
2788,CA3902211,0,0,0,0,0,0,0,0,0,0,"FC TRACY HOLDINGS, LLC",NTNCWS,GW,GW,219,2,other_water_systems
2789,CA3902212,0,0,0,0,0,0,0,0,0,0,JAHANT WOODS CELLARS,NTNCWS,GW,GW,115,5,other_water_systems
2790,CA3902215,0,0,0,0,0,0,0,0,0,0,MCMANIS FAMILY VINEYARDS INC.,NTNCWS,GW,GW,100,7,other_water_systems
2791,CA3910001,0,0,0,0,0,0,0,0,0,0,CALIFORNIA WATER SERVICE - STOCKTON,CWS,SW,SWP,175026,44274,other_water_systems
2792,CA3910002,0,0,0,0,0,0,0,0,0,0,SAN JOAQUIN COUNTY - COLONIAL HEIGHTS,CWS,SW,SWP,1841,559,other_water_systems
2793,CA3910003,0,0,0,0,0,0,0,0,0,0,"ESCALON, CITY OF",CWS,GW,GW,7264,2527,other_water_systems
2794,CA3910004,0,0,0,0,0,0,0,0,0,0,"LODI, CITY OF",CWS,SW,SW,68272,29520,other_water_systems
2795,CA3910005,22,22,22,1,1,1,1,1,1,1,"MANTECA, CITY OF",CWS,SW,SWP,84928,26685,other_water_systems
2796,CA3910006,0,0,0,0,0,0,0,0,0,0,STOCKTON EAST WATER DISTRICT,CWS,SW,SW,50,3,other_water_systems
2797,CA3910007,0,0,0,2,0,0,0,0,1,0,"RIPON, CITY OF",CWS,GW,GW,15769,5144,other_water_systems
2798,CA3910008,0,0,0,0,0,0,0,0,0,0,LOCKEFORD COMMUNITY SERV. DIST.,CWS,GW,GW,2500,846,other_water_systems
2799,CA3910009,0,0,0,0,0,0,0,0,0,0,SAN JOAQUIN COUNTY - THORNTON,CWS,GW,GW,964,292,other_water_systems
2800,CA3910010,0,0,0,0,0,0,0,0,0,0,SAN JOAQUIN COUNTY - LINCOLN VILLAGE,CWS,SW,SWP,5990,1815,other_water_systems
2801,CA3910011,0,0,0,0,0,0,0,0,0,0,"TRACY, CITY OF",CWS,SW,SW,94538,27078,other_water_systems
2802,CA3910012,3,3,2,3,2,1,1,1,1,1,CITY OF STOCKTON,CWS,SW,SW,190688,50687,carceral_serving_water_system
2803,CA3910014,12,12,12,0,0,1,1,1,0,0,SAN JOAQUIN COUNTY-RAYMUS VILLAGE,CWS,GW,GW,1086,329,other_water_systems
2804,CA3910015,0,0,0,0,0,0,0,0,0,0,CITY OF LATHROP,CWS,SW,SWP,35080,10412,other_water_systems
2805,CA3910017,0,0,0,0,0,0,0,0,0,0,SAN JOAQUIN COUNTY-MOKELUMNE ACRES,CWS,GW,GW,3802,1152,other_water_systems
2806,CA3910018,0,0,0,0,0,0,0,0,0,0,SAN JOAQUIN RIVER CLUB INC,CWS,GW,GW,600,385,other_water_systems
2807,CA3910019,0,0,0,0,0,0,0,0,0,0,LINDEN COUNTY WATER DISTRICT,CWS,GW,GW,1784,617,other_water_systems
2808,CA3910020,0,0,0,0,0,0,0,0,0,0,STOCKTON VERDE MOBILE HOME PARK,CWS,GW,GW,722,293,other_water_systems
2809,CA3910022,1,1,1,0,0,1,1,1,0,0,LITTLE POTATO SLOUGH MUTUAL,CWS,SW,SW,1510,202,other_water_systems
2810,CA3910023,0,0,0,0,0,0,0,0,0,0,OAKWOOD LAKE WATER DISTRICT-SUBDIVISION,CWS,GW,GW,1479,448,other_water_systems
2811,CA3910024,0,0,0,0,0,0,0,0,0,0,SAN JOAQUIN COUNTY - WILKINSON MANOR,CWS,GW,GW,851,258,other_water_systems
2812,CA3910025,0,0,0,0,0,0,0,0,0,0,LAWRENCE LIVERMORE NATIONAL LAB-SITE 300,NTNCWS,SW,SWP,230,109,other_water_systems
2813,CA3910027,0,0,0,0,0,0,0,0,0,0,CITY OF MOUNTAIN HOUSE,CWS,SW,SW,24235,7334,other_water_systems
2814,CA3910701,0,0,0,0,0,0,0,0,0,0,"DEFENSE DISTRIB. DEPOT, SHARPE SITE",CWS,GW,GW,525,37,other_water_systems
2815,CA3910702,0,0,0,0,0,0,0,0,0,0,DEFENSE DISTRIB. DEPOT -  TRACY SITE,NTNCWS,GW,GW,1200,86,other_water_systems
2816,CA3910803,3,3,3,0,0,1,1,1,0,0,CDCR CALIFORNIA HEALTH CARE FACILITY,CWS,SW,SWP,5551,84,carceral_water_system
2817,CA4000200,0,0,0,2,2,0,0,0,1,1,BASSI RANCH MUTUAL WATER CO.,CWS,GW,GW,85,27,other_water_systems
2818,CA4000202,0,0,0,0,0,0,0,0,0,0,EDNA VALLEY RANCH EAST,CWS,GW,GW,132,40,other_water_systems
2819,CA4000203,0,0,0,6,0,0,0,0,1,0,IRISH HILLS MUTUAL WATER CO,CWS,GW,GW,135,58,other_water_systems
2820,CA4000205,0,0,0,0,0,0,0,0,0,0,TIGER WATER SUPPLY,NTNCWS,GW,GW,1600,3,other_water_systems
2821,CA4000206,0,0,0,4,2,0,0,0,1,1,LAUREATE WATER COMPANY,CWS,GW,GW,700,7,other_water_systems
2822,CA4000208,0,0,0,1,0,0,0,0,1,0,"SPEEDLING, INC",NTNCWS,GW,GW,40,1,other_water_systems
2823,CA4000209,0,0,0,4,3,0,0,0,1,1,BALL TAGAWA GROWERS,NTNCWS,GW,GW,60,1,other_water_systems
2824,CA4000211,0,0,0,1,0,0,0,0,1,0,GREENHEART FARMS,NTNCWS,GW,GW,90,6,other_water_systems
2825,CA4000213,0,0,0,7,1,0,0,0,1,1,TOYOTA SAN LUIS OBISPO,NTNCWS,GW,GW,57,1,other_water_systems
2826,CA4000214,0,0,0,2,2,0,0,0,1,1,BARON CANYON MUTUAL WATER CO.,CWS,GW,GW,81,25,other_water_systems
2827,CA4000216,7,7,7,4,2,1,1,1,1,1,TANK FARM BUSINESS PARK,NTNCWS,GW,GW,45,15,other_water_systems
2828,CA4000221,0,0,0,0,0,0,0,0,0,0,LAETITIA VINEYARD & WINERY INC,NTNCWS,GW,GW,270,1,other_water_systems
2829,CA4000222,0,0,0,0,0,0,0,0,0,0,AVILA BEACH COMMUNITY SERVICES DISTRICT,CWS,SW,SWP,1630,388,other_water_systems
2830,CA4000224,0,0,0,2,2,0,0,0,1,1,PRECISION MUTUAL WATER COMPANY,NTNCWS,GW,GW,25,6,other_water_systems
2831,CA4000226,0,0,0,2,0,0,0,0,1,0,PACIFIC DUNES RANCH,CWS,GW,GW,710,215,other_water_systems
2832,CA4000230,0,0,0,0,0,0,0,0,0,0,CANYON CREST MUTUAL BENEFIT WC,CWS,SW,SWP,133,54,other_water_systems
2833,CA4000501,1,1,0,22,17,1,1,0,1,1,HALCYON WATER SYSTEM,CWS,GW,GW,105,46,other_water_systems
2834,CA4000506,7,7,7,1,1,1,1,1,1,1,WOODLAND PARK MUTUAL WATER CO,CWS,GW,GW,488,163,other_water_systems
2835,CA4000507,0,0,0,1,1,0,0,0,1,1,GARDEN FARMS C.W.D.,CWS,GW,GW,440,117,other_water_systems
2836,CA4000523,0,0,0,0,0,0,0,0,0,0,S & T MUTUAL WATER COMPANY,CWS,GW,GW,591,179,other_water_systems
2837,CA4000554,2,2,1,1,0,1,1,1,1,0,GREEN RIVER MUTUAL WATER CO.,CWS,GW,GW,350,124,other_water_systems
2838,CA4000555,2,2,2,0,0,1,1,1,0,0,GUADALUPE COOLING COMPANY,NTNCWS,GW,GW,35,1,other_water_systems
2839,CA4000563,16,16,15,4,1,1,1,1,1,1,HIGUERA APARTMENTS,CWS,GW,GW,30,24,other_water_systems
2840,CA4000568,2,2,2,0,0,1,1,1,0,0,SAN SIMEON CSD,CWS,GW,GW,462,206,other_water_systems
2841,CA4000589,0,0,0,0,0,0,0,0,0,0,PG&E,NTNCWS,SW,SW,1200,1,other_water_systems
2842,CA4000590,1,1,1,2,0,1,1,1,1,0,COUNTY OF MONTEREY-LAKE NACIMIENTO,NTNCWS,SW,GU,1521,377,other_water_systems
2843,CA4000598,1,1,0,3,2,1,1,0,1,1,CUYAMA LANE WATER COMPANY,NTNCWS,GW,GW,25,20,other_water_systems
2844,CA4000604,0,0,0,0,0,0,0,0,0,0,PARAGON TRIANGLE WATER SUPPLY,NTNCWS,GW,GW,50,1,other_water_systems
2845,CA4000620,0,0,0,0,0,0,0,0,0,0,USASA-POM ENCLAVE - CAMP ROBERTS,NTNCWS,GW,GW,100,1,other_water_systems
2846,CA4000623,1,1,0,11,1,1,1,0,1,1,MUTUAL WATER ASSOCIATION,NTNCWS,GW,GW,30,8,other_water_systems
2847,CA4000631,14,14,14,2,2,1,1,1,1,1,ALMIRA WATER ASSOCIATION,CWS,GW,GW,40,20,other_water_systems
2848,CA4000637,0,0,0,3,0,0,0,0,1,0,COUNTRY HILLS ESTATES,CWS,GW,GW,60,26,other_water_systems
2849,CA4000648,16,16,16,2,2,1,1,1,1,1,KEN MAR GARDENS,CWS,GW,GW,84,49,other_water_systems
2850,CA4000649,0,0,0,0,0,0,0,0,0,0,LOS ROBLES MOBILE HOME ESTATES,CWS,GW,GW,420,160,other_water_systems
2851,CA4000650,0,0,0,1,1,0,0,0,1,1,MESA DUNES MOBILE HOME ESTATES,CWS,GW,GW,600,313,other_water_systems
2852,CA4000653,1,1,1,0,0,1,1,1,0,0,RANCHO COLINA MOBILE HOME PARK,CWS,GW,GW,250,127,other_water_systems
2853,CA4000654,16,16,16,0,0,1,1,1,0,0,RESTHAVEN MOBILE HOME PARK,CWS,GW,GW,99,80,other_water_systems
2854,CA4000660,1,0,0,2,2,1,0,0,1,1,BEAR VALLEY WATER COMPANY,CWS,GW,GW,45,18,other_water_systems
2855,CA4000670,0,0,0,0,0,0,0,0,0,0,WALNUT HILLS MUTUAL WATER CO,CWS,GW,GW,486,23,other_water_systems
2856,CA4000671,1,1,0,3,2,1,1,0,1,1,ELKS LODGE #322,NTNCWS,GW,GW,40,1,other_water_systems
2857,CA4000675,0,0,0,0,0,0,0,0,0,0,BRANCH ELEMENTARY SCHOOL,NTNCWS,GW,GW,253,1,other_water_systems
2858,CA4000678,0,0,0,0,0,0,0,0,0,0,TALLEY FARMS LABOR HOUSING,NTNCWS,GW,GW,75,22,other_water_systems
2859,CA4000684,0,0,0,1,1,0,0,0,1,1,RAGGED POINT INN,NTNCWS,SW,GU,100,3,other_water_systems
2860,CA4000689,1,1,0,1,0,1,1,0,1,0,SYCAMORE MINERAL SPRINGS RESORT,NTNCWS,GW,GW,200,2,other_water_systems
2861,CA4000692,0,0,0,0,0,0,0,0,0,0,PASO ROBLES CHEVROLET CADILLAC,NTNCWS,GW,GW,25,1,other_water_systems
2862,CA4000693,0,0,0,0,0,0,0,0,0,0,CRESTON ELEMENTARY SCHOOL,NTNCWS,GW,GW,100,1,other_water_systems
2863,CA4000705,0,0,0,2,2,0,0,0,1,1,LAGUNA NEGRA MUTUAL WATER CO.,CWS,GW,GW,80,29,other_water_systems
2864,CA4000716,0,0,0,1,1,0,0,0,1,1,AVILA VALLEY MUTUAL WATER CO,CWS,SW,SWP,75,28,other_water_systems
2865,CA4000722,0,0,0,0,0,0,0,0,0,0,"FIERO LANE WATER COMPANY, INC.",NTNCWS,SW,SWP,324,98,other_water_systems
2866,CA4000725,1,1,1,1,0,1,1,1,1,0,141 SUBURBAN ROAD WATER SUPPLY,NTNCWS,GW,GW,25,1,other_water_systems
2867,CA4000730,0,0,0,0,0,0,0,0,0,0,HOLDGRAFER & ASSOCIATES,NTNCWS,GW,GW,30,1,other_water_systems
2868,CA4000732,12,12,12,1,0,1,1,1,1,0,CARRISA PLAINS ELEMENTARY,NTNCWS,GW,GW,65,1,other_water_systems
2869,CA4000734,0,0,0,0,0,0,0,0,0,0,NOLL PROPERTIES,NTNCWS,GW,GW,100,3,other_water_systems
2870,CA4000741,0,0,0,1,1,0,0,0,1,1,"H2O, INC",CWS,GW,GW,70,25,other_water_systems
2871,CA4000744,0,0,0,1,1,0,0,0,1,1,AFUERA DE CHORRO WATER COMPANY,CWS,GW,GW,79,25,other_water_systems
2872,CA4000749,0,0,0,0,0,0,0,0,0,0,TERRA DE ORO WATER COMPANY,CWS,GW,GW,38,17,other_water_systems
2873,CA4000750,16,16,16,1,1,1,1,1,1,1,RIM ROCK WATER COMPANY,CWS,GW,GW,55,25,other_water_systems
2874,CA4000752,0,0,0,3,0,0,0,0,1,0,"TMC SUBURBAN, LLC",NTNCWS,GW,GW,25,1,other_water_systems
2875,CA4000753,0,0,0,1,1,0,0,0,1,1,SLO PARTNERS,NTNCWS,GW,GW,40,2,other_water_systems
2876,CA4000765,0,0,0,0,0,0,0,0,0,0,VARIAN RANCH MUTUAL WATER,CWS,GW,GW,106,49,other_water_systems
2877,CA4000766,0,0,0,1,1,0,0,0,1,1,WASTE CONNECTIONS WATER CO,NTNCWS,GW,GW,35,1,other_water_systems
2878,CA4000768,0,0,0,0,0,0,0,0,0,0,J M SIMS WATER SUPPLY,NTNCWS,GW,GW,34,1,other_water_systems
2879,CA4000770,0,0,0,0,0,0,0,0,0,0,HORIZON LANE WATER SUPPLY,NTNCWS,GW,GW,32,1,other_water_systems
2880,CA4000771,0,0,0,2,0,0,0,0,1,0,RANCHO NIPOMO WATER COMPANY,CWS,GW,GW,44,45,other_water_systems
2881,CA4000774,0,0,0,0,0,0,0,0,0,0,PLEASANT VALLEY ELEMENTARY,NTNCWS,GW,GW,100,1,other_water_systems
2882,CA4000775,4,4,4,0,0,1,1,1,0,0,MUSTANG SPRINGS MUTUAL WATER,CWS,GW,GW,30,16,other_water_systems
2883,CA4000777,0,0,0,1,1,0,0,0,1,1,"STRASBAUGH, INC",NTNCWS,GW,GW,200,1,other_water_systems
2884,CA4000778,0,0,0,0,0,0,0,0,0,0,PARSONS WATER SUPPLY,NTNCWS,GW,GW,30,1,other_water_systems
2885,CA4000780,1,1,0,3,2,1,1,0,1,1,MADONNA INN WATER COMPANY,NTNCWS,GW,GW,650,1,other_water_systems
2886,CA4000781,0,0,0,1,1,0,0,0,1,1,PASO 360,NTNCWS,GW,GW,135,1,other_water_systems
2887,CA4000789,0,0,0,0,0,0,0,0,0,0,SPANISH LAKES MUTUAL WATER CO,CWS,GW,GW,125,45,other_water_systems
2888,CA4000800,0,0,0,0,0,0,0,0,0,0,PORT SAN LUIS HARBOR DISTRICT,NTNCWS,SW,SWP,132,40,other_water_systems
2889,CA4000802,0,0,0,0,0,0,0,0,0,0,SANTA YSABEL RANCH MWC,CWS,GW,GW,238,152,other_water_systems
2890,CA4000803,0,0,0,0,0,0,0,0,0,0,RANCHO SALINAS  MBWC,CWS,GW,GW,50,20,other_water_systems
2891,CA4000805,0,0,0,1,1,0,0,0,1,1,CALLENDER GROVE MUTUAL WATER,CWS,GW,GW,126,37,other_water_systems
2892,CA4000806,1,1,0,4,2,1,1,0,1,1,VACHELL WATER SYSTEM,NTNCWS,GW,GW,150,1,other_water_systems
2893,CA4000808,0,0,0,0,0,0,0,0,0,0,MONTE SERENO MUTUAL BENEFIT WATER,CWS,GW,GW,65,26,other_water_systems
2894,CA4000815,11,7,7,0,0,1,1,1,0,0,LAS VENTANAS RANCH,CWS,GW,GW,108,36,other_water_systems
2895,CA4000817,0,0,0,0,0,0,0,0,0,0,EAST AIRPORT FIERO LANE WATER COMPANY,NTNCWS,GW,GW,50,35,other_water_systems
2896,CA4000819,0,0,0,1,1,0,0,0,1,1,EDNA VALLEY VINEYARDS,NTNCWS,GW,GW,25,1,other_water_systems
2897,CA4000825,0,0,0,0,0,0,0,0,0,0,"DAOU VINEYARDS, LLC",NTNCWS,GW,GW,1025,6,other_water_systems
2898,CA4000834,0,0,0,0,0,0,0,0,0,0,ANZA VINEYARD ESTATES MUTUAL WATER CO,CWS,GW,GW,60,6,other_water_systems
2899,CA4000835,3,0,0,0,0,1,0,0,0,0,INDEPENDENCE WATER SYSTEM,NTNCWS,GW,GW,25,2,other_water_systems
2900,CA4000837,1,0,0,0,0,1,0,0,0,0,PLAYA DULCE,NTNCWS,GW,GW,35,1,other_water_systems
2901,CA4000839,0,0,0,2,2,0,0,0,1,1,ADA'S LODGES,CWS,GW,GW,25,1,other_water_systems
2902,CA4000843,0,0,0,0,0,0,0,0,0,0,COURTSIDE CELLARS,NTNCWS,GW,GW,125,1,other_water_systems
2903,CA4000844,0,0,0,0,0,0,0,0,0,0,COASTAL CHRISTIAN SCHOOL,NTNCWS,GW,GW,650,1,other_water_systems
2904,CA4000846,0,0,0,0,0,0,0,0,0,0,BOOKER WINERY,NTNCWS,GW,GW,56,1,other_water_systems
2905,CA4000852,0,0,0,1,1,0,0,0,1,1,ZOO MED-WINTERHAVEN,NTNCWS,GW,GW,85,1,other_water_systems
2906,CA4000853,0,0,0,0,0,0,0,0,0,0,GRAN CIELO MUTUAL WATER COMPANY,CWS,GW,GW,160,42,other_water_systems
2907,CA4000856,0,0,0,0,0,0,0,0,0,0,ADELAIDA VINEYARDS & WINERY,NTNCWS,GW,GW,77,1,other_water_systems
2908,CA4010001,0,0,0,0,0,0,0,0,0,0,CITY OF ARROYO GRANDE UTILITIES DIVISION,CWS,SW,SWP,17963,6854,other_water_systems
2909,CA4010002,0,0,0,0,0,0,0,0,0,0,ATASCADERO MUTUAL WATER CO,CWS,GW,GW,30618,10961,other_water_systems
2910,CA4010003,1,1,1,0,0,1,1,1,0,0,SAN MIGUELITO MWC,CWS,SW,SWP,1600,685,other_water_systems
2911,CA4010004,0,0,0,0,0,0,0,0,0,0,CITY OF GROVER BEACH PUBLIC WORKS DEPT,CWS,SW,SW,12701,4999,other_water_systems
2912,CA4010005,0,0,0,1,1,0,0,0,1,1,OCEANO COMM SERVICES DIST.,CWS,SW,SWP,7601,2207,other_water_systems
2913,CA4010006,0,0,0,0,0,0,0,0,0,0,CAYUCOS BEACH MUTUAL WATER COMPANY,CWS,SW,SWP,2369,778,other_water_systems
2914,CA4010007,0,0,0,0,0,0,0,0,0,0,CITY OF PASO ROBLES WATER DIVISION,CWS,SW,SW,31176,10822,other_water_systems
2915,CA4010008,3,3,3,1,1,1,1,1,1,1,PISMO BEACH WATER DEPARTMENT,CWS,SW,SWP,8036,5335,other_water_systems
2916,CA4010009,0,0,0,0,0,0,0,0,0,0,SAN LUIS OBISPO WATER DEPARTMENT,CWS,SW,SW,47788,17012,other_water_systems
2917,CA4010010,0,0,0,0,0,0,0,0,0,0,SAN MIGUEL COMMUNITY SERVICES DISTRICT,CWS,GW,GW,2600,907,other_water_systems
2918,CA4010011,0,0,0,0,0,0,0,0,0,0,MORRO BAY PW DEPT - WATER DIVISION,CWS,SW,SWP,13757,5892,other_water_systems
2919,CA4010012,14,14,14,0,0,1,1,1,0,0,HERITAGE RANCH CSD,CWS,SW,SW,2956,1963,other_water_systems
2920,CA4010014,1,1,1,0,0,1,1,1,0,0,CAMBRIA COMM SERVICES DIST,CWS,SW,GU,5532,4034,other_water_systems
2921,CA4010015,0,0,0,0,0,0,0,0,0,0,MORRO ROCK MUTUAL WATER CO,CWS,SW,SWP,1874,650,other_water_systems
2922,CA4010016,0,0,0,0,0,0,0,0,0,0,LOS OSOS COMMUNITY SERVICES DISTRICT,CWS,GW,GW,7086,2776,other_water_systems
2923,CA4010017,0,0,0,0,0,0,0,0,0,0,GOLDEN STATE WATER COMPANY - LOS OSOS,CWS,GW,GW,5949,2683,other_water_systems
2924,CA4010018,0,0,0,0,0,0,0,0,0,0,GOLDEN STATE WATER COMPANY - NIPOMO,CWS,GW,GW,4506,1492,other_water_systems
2925,CA4010019,0,0,0,0,0,0,0,0,0,0,TEMPLETON CSD,CWS,GW,GW,8011,3004,other_water_systems
2926,CA4010022,0,0,0,0,0,0,0,0,0,0,LOPEZ PROJECT,CWS,SW,SW,0,31,other_water_systems
2927,CA4010023,0,0,0,0,0,0,0,0,0,0,GOLDEN STATE WATER COMPANY - EDNA,CWS,GW,GW,1477,602,other_water_systems
2928,CA4010024,0,0,0,0,0,0,0,0,0,0,SLO CWWD NO. 23 - SANTA MARGARITA,CWS,GW,GW,1291,506,other_water_systems
2929,CA4010025,0,0,0,0,0,0,0,0,0,0,SLO CWD NO. 10 - CAYUCOS WTP,CWS,SW,SW,0,3,other_water_systems
2930,CA4010026,0,0,0,0,0,0,0,0,0,0,NIPOMO COMM SERVICES DIST,CWS,SW,SWP,13771,4512,other_water_systems
2931,CA4010027,9,9,9,8,6,1,1,1,1,1,NACIMIENTO WATER COMPANY,CWS,SW,SW,2181,663,other_water_systems
2932,CA4010028,0,0,0,0,0,0,0,0,0,0,SLO CSA NO. 16 - SHANDON,CWS,SW,SWP,1085,362,other_water_systems
2933,CA4010030,0,0,0,0,0,0,0,0,0,0,CHORRO VALLEY PIPELINE - SLO COUNTY,CWS,SW,SWP,0,2,other_water_systems
2934,CA4010040,0,0,0,0,0,0,0,0,0,0,GOLDEN STATE WATER COMPANY-CYPRESS RIDGE,CWS,GW,GW,2026,966,other_water_systems
2935,CA4010080,0,0,0,0,0,0,0,0,0,0,NACIMIENTO WATER PROJECT,CWS,SW,SW,0,5,other_water_systems
2936,CA4010081,0,0,0,2,2,0,0,0,1,1,WOODLANDS DEVELOPMENT,CWS,GW,GW,3862,1544,other_water_systems
2937,CA4010300,0,0,0,0,0,0,0,0,0,0,HEARST MONUMENT STATE PARK,NTNCWS,SW,SW,200,16,other_water_systems
2938,CA4010830,0,0,0,0,0,0,0,0,0,0,CALIFORNIA MENS COLONY,CWS,SW,SW,15000,12,carceral_water_system
2939,CA4010832,0,0,0,1,1,0,0,0,1,1,ATASCADERO STATE HOSPITAL,CWS,GW,GW,4100,875,carceral_water_system
2940,CA4010901,0,0,0,0,0,0,0,0,0,0,SLOCSA #10A - CAYUCOS,CWS,SW,SWP,1200,784,other_water_systems
2941,CA4100503,0,0,0,6,5,0,0,0,1,1,BUTANO CANYON MUTUAL,CWS,SW,SW,150,94,other_water_systems
2942,CA4100509,0,0,0,0,0,0,0,0,0,0,COUNTY SERVICE AREA 7,CWS,SW,SW,300,75,other_water_systems
2943,CA4100510,0,0,0,0,0,0,0,0,0,0,REDWOOD TERRACE MUTUAL,CWS,SW,GU,56,18,other_water_systems
2944,CA4100512,0,0,0,3,0,0,0,0,1,0,LOMA MAR MUTUAL,CWS,SW,SW,65,34,other_water_systems
2945,CA4100513,0,0,0,0,0,0,0,0,0,0,PESCADERO HIGH SCHOOL,NTNCWS,GW,GW,192,1,other_water_systems
2946,CA4100522,0,0,0,0,0,0,0,0,0,0,REDWOOD GLEN CAMP & CONFERENCE CTR,CWS,SW,SW,68,13,other_water_systems
2947,CA4100529,1,1,1,0,0,1,1,1,0,0,CAMP LOMA MAR,CWS,SW,SW,208,21,other_water_systems
2948,CA4100538,0,0,0,0,0,0,0,0,0,0,CAMP JONES GULCH,CWS,GW,GW,357,65,other_water_systems
2949,CA4100540,0,0,0,12,10,0,0,0,1,1,OKU INCORPORATED,CWS,GW,GW,35,10,other_water_systems
2950,CA4100551,2,1,1,5,4,1,1,1,1,1,MARCHI CENTRAL FARM,CWS,GW,GW,50,10,other_water_systems
2951,CA4100555,0,0,0,1,1,0,0,0,1,1,PORTOLA IMPROVEMENT ASSOCIATION MWC,CWS,SW,GU,90,34,other_water_systems
2952,CA4100582,0,0,0,0,0,0,0,0,0,0,COUNTY SERVICE AREA 11,CWS,GW,GW,450,102,other_water_systems
2953,CA4100583,0,0,0,3,1,0,0,0,1,1,BIANCHI FLOWERS INC,CWS,GW,GW,65,13,other_water_systems
2954,CA4100603,2,2,2,1,1,1,1,1,1,1,COSTANOA CAMPGROUND,NTNCWS,GW,GW,583,96,other_water_systems
2955,CA4100605,1,1,0,1,0,1,1,0,1,0,SKYLAWN MEMORIAL PARK (SKYLAWN INC),NTNCWS,GW,GW,50,3,other_water_systems
2956,CA4110001,0,0,0,0,0,0,0,0,0,0,MID-PENINSULA WATER DISTRICT,CWS,SW,SWP,28050,8117,other_water_systems
2957,CA4110002,0,0,0,0,0,0,0,0,0,0,CITY OF BRISBANE,CWS,SW,SWP,3390,1293,other_water_systems
2958,CA4110003,0,0,0,0,0,0,0,0,0,0,CITY OF BURLINGAME,CWS,SW,SWP,31447,8739,other_water_systems
2959,CA4110005,0,0,0,0,0,0,0,0,0,0,GUADALUPE VALLEY MID,CWS,SW,SWP,1472,746,other_water_systems
2960,CA4110006,0,0,0,0,0,0,0,0,0,0,CALIFORNIA WATER SERVICE - BEAR GULCH,CWS,SW,SW,60903,18550,other_water_systems
2961,CA4110007,0,0,0,0,0,0,0,0,0,0,CALIFORNIA WATER SERVICE - SAN CARLOS,CWS,SW,SWP,35328,10461,other_water_systems
2962,CA4110008,0,0,0,0,0,0,0,0,0,0,CALIFORNIA WATER SERVICE - SAN MATEO,CWS,SW,SWP,102663,25435,other_water_systems
2963,CA4110009,0,0,0,0,0,0,0,0,0,0,CALIFORNIA WATER SERVICE-S SAN FRANCISCO,CWS,SW,SWP,64121,16428,other_water_systems
2964,CA4110010,0,0,0,0,0,0,0,0,0,0,MONTARA WATER AND SANITARY DISTRICT,CWS,SW,SW,6034,1684,other_water_systems
2965,CA4110011,0,0,0,0,0,0,0,0,0,0,COASTSIDE COUNTY WATER DISTRICT,CWS,SW,SW,18839,6571,other_water_systems
2966,CA4110012,4,4,4,0,0,1,1,1,0,0,CUESTA LA HONDA GUILD INC,CWS,SW,SW,832,297,other_water_systems
2967,CA4110013,0,0,0,0,0,0,0,0,0,0,CITY OF DALY CITY,CWS,SW,SWP,108599,23428,other_water_systems
2968,CA4110016,0,0,0,0,0,0,0,0,0,0,TOWN OF HILLSBOROUGH,CWS,SW,SWP,11387,4302,other_water_systems
2969,CA4110017,0,0,0,0,0,0,0,0,0,0,MENLO PARK MUNICIPAL WATER,CWS,SW,SWP,19297,4175,other_water_systems
2970,CA4110018,0,0,0,0,0,0,0,0,0,0,CITY OF MILLBRAE,CWS,SW,SWP,22795,6613,other_water_systems
2971,CA4110019,0,0,0,0,0,0,0,0,0,0,O'CONNOR TRACT CO-OPERATIVE WATER CO.,CWS,GW,GW,2789,359,other_water_systems
2972,CA4110020,0,0,0,2,2,0,0,0,1,1,PALO ALTO PARK MUTUAL WATER COMPANY,CWS,GW,GW,2900,692,other_water_systems
2973,CA4110021,0,0,0,1,1,0,0,0,1,1,ESTERO MUNICIPAL IMPROVEMENT DISTRICT,CWS,SW,SWP,36556,8010,other_water_systems
2974,CA4110022,0,0,0,0,0,0,0,0,0,0,CITY OF REDWOOD CITY,CWS,SW,SWP,91874,24630,carceral_serving_water_system
2975,CA4110023,0,0,0,0,0,0,0,0,0,0,CITY OF SAN BRUNO,CWS,SW,SWP,44745,11206,other_water_systems
2976,CA4110024,0,0,0,0,0,0,0,0,0,0,CITY OF EAST PALO ALTO,CWS,SW,SWP,29519,3906,other_water_systems
2977,CA4110025,0,0,0,0,0,0,0,0,0,0,NORTH COAST COUNTY WATER DIST,CWS,SW,SWP,38546,11905,other_water_systems
2978,CA4110027,0,0,0,0,0,0,0,0,0,0,WESTBOROUGH WATER DISTRICT,CWS,SW,SWP,13486,3906,other_water_systems
2979,CA4200505,0,0,0,4,1,0,0,0,1,1,CACHUMA VILLAGE,CWS,GW,GW,60,24,other_water_systems
2980,CA4200531,0,0,0,0,0,0,0,0,0,0,RANCHO MARCELINO WATER,CWS,GW,GW,240,87,other_water_systems
2981,CA4200556,0,0,0,8,8,0,0,0,1,1,FOSTER ROAD MUTUAL WATER COMPANY,CWS,GW,GW,150,49,other_water_systems
2982,CA4200560,0,0,0,0,0,0,0,0,0,0,SISQUOC,CWS,GW,GW,135,77,other_water_systems
2983,CA4200572,0,0,0,3,1,0,0,0,1,1,LAS POSITAS MUTUAL WATER COMPANY,CWS,GW,GW,200,62,other_water_systems
2984,CA4200578,0,0,0,5,1,0,0,0,1,1,PAINTED CAVE,CWS,GW,GW,160,91,other_water_systems
2985,CA4200579,0,0,0,0,0,0,0,0,0,0,ROSARIO PARK,CWS,GW,GW,38,19,other_water_systems
2986,CA4200580,0,0,0,1,1,0,0,0,1,1,SAN MARCOS MUTUAL WATER COMPANY,CWS,SW,GU,120,38,other_water_systems
2987,CA4200612,0,0,0,0,0,0,0,0,0,0,MEADOWLARK RANCHES MUTUAL WATER COMPANY,CWS,GW,GW,150,45,other_water_systems
2988,CA4200616,0,0,0,1,1,0,0,0,1,1,SKYLINE PARK,CWS,GW,GW,295,96,other_water_systems
2989,CA4200618,0,0,0,0,0,0,0,0,0,0,MIDLAND SCHOOL,CWS,GW,GW,150,49,other_water_systems
2990,CA4200619,0,0,0,0,0,0,0,0,0,0,SANTA YNEZ RANCHO ESTATES,CWS,GW,GW,304,92,other_water_systems
2991,CA4200630,1,1,0,1,0,1,1,0,1,0,LOS PRIETOS BOY'S CAMP,NTNCWS,GW,GW,40,7,other_water_systems
2992,CA4200633,1,1,0,2,1,1,1,0,1,1,LINGATE LANE MUTUAL WATER COMPANY,CWS,GW,GW,55,20,other_water_systems
2993,CA4200634,1,1,0,63,61,1,1,0,1,1,MORETON BAY PROFESSIONAL PLAZA,NTNCWS,GW,GW,25,8,other_water_systems
2994,CA4200639,1,1,1,3,3,1,1,1,1,1,TIERRA DE ESPERANZA,NTNCWS,GW,GW,145,11,other_water_systems
2995,CA4200666,0,0,0,2,2,0,0,0,1,1,KINECTA FCU,NTNCWS,GW,GW,104,1,other_water_systems
2996,CA4200678,0,0,0,1,1,0,0,0,1,1,SANTA ANITA MUTUAL WATER COMPANY,CWS,GW,GW,38,19,other_water_systems
2997,CA4200691,1,1,0,1,0,1,1,0,1,0,SABLE OFFSHORE CORP POPCO,NTNCWS,GW,GW,40,3,other_water_systems
2998,CA4200693,1,1,0,3,0,1,1,0,1,0,ELLWOOD MUTUAL WATER COMPANY,CWS,GW,GW,186,56,other_water_systems
2999,CA4200702,0,0,0,1,1,0,0,0,1,1,VIEJA MUTUAL WATER COMPANY,CWS,GW,GW,60,26,other_water_systems
3000,CA4200703,1,1,0,1,0,1,1,0,1,0,EL CAPITAN MUTUAL WATER COMPANY,CWS,GW,GW,325,29,other_water_systems
3001,CA4200714,0,0,0,0,0,0,0,0,0,0,SAN AUGUSTINE MUTUAL WATER COMPANY,CWS,GW,GW,43,23,other_water_systems
3002,CA4200718,0,0,0,3,3,0,0,0,1,1,MAJESTIC TOWNSGATE WATER SYSTEM,NTNCWS,GW,GW,200,2,other_water_systems
3003,CA4200721,0,0,0,0,0,0,0,0,0,0,NAPLES,CWS,SW,SW,66,23,other_water_systems
3004,CA4200725,1,1,0,1,0,1,1,0,1,0,GAVIOTA OIL HEATING FACILITY,NTNCWS,SW,SW,25,3,other_water_systems
3005,CA4200731,0,0,0,1,1,0,0,0,1,1,ALEGRIA DOMESTIC MUTUAL WATER COMPANY,CWS,GW,GW,54,17,other_water_systems
3006,CA4200733,0,0,0,4,4,0,0,0,1,1,MONTECITO SEA MEADOWS,CWS,GW,GW,70,28,other_water_systems
3007,CA4200743,1,1,0,1,0,1,1,0,1,0,SABLE OFFSHORE CORP LAS FLORES CANYON,NTNCWS,GW,GW,70,5,other_water_systems
3008,CA4200747,0,0,0,1,1,0,0,0,1,1,VISTA DE LAS CRUCES,NTNCWS,GW,GW,50,2,other_water_systems
3009,CA4200800,0,0,0,2,0,0,0,0,1,0,EAST VALLEY FARMS MUTUAL WATER COMPANY,CWS,GW,GW,142,44,other_water_systems
3010,CA4200802,0,0,0,0,0,0,0,0,0,0,OAK TRAIL RANCH,CWS,GW,GW,102,31,other_water_systems
3011,CA4200804,0,0,0,3,3,0,0,0,1,1,WALKING M RANCHES,CWS,GW,GW,54,19,other_water_systems
3012,CA4200807,0,0,0,0,0,0,0,0,0,0,WOODSTOCK RANCH,CWS,GW,GW,325,117,other_water_systems
3013,CA4200814,4,4,4,1,1,1,1,1,1,1,JONATA HOMEOWNERS ASSOCIATION,CWS,GW,GW,30,14,other_water_systems
3014,CA4200822,5,5,5,0,0,1,1,1,0,0,SANTA RITA WATER,CWS,GW,GW,59,18,other_water_systems
3015,CA4200827,0,0,0,2,0,0,0,0,1,0,SANTA YNEZ ROBLAR MOBILE HOME PARK,CWS,GW,GW,25,19,other_water_systems
3016,CA4200832,1,1,1,0,0,1,1,1,0,0,SURE FRESH PRODUCE,NTNCWS,GW,GW,100,3,other_water_systems
3017,CA4200833,1,1,1,1,1,1,1,1,1,1,BONITA SCHOOL,NTNCWS,GW,GW,589,1,other_water_systems
3018,CA4200837,0,0,0,0,0,0,0,0,0,0,RANCHO YNECITA,CWS,GW,GW,129,39,other_water_systems
3019,CA4200842,2,2,1,1,0,1,1,1,1,0,SAINT MARIE MOBILE HOME PARK,CWS,GW,GW,320,80,other_water_systems
3020,CA4200848,0,0,0,0,0,0,0,0,0,0,VISTA HILLS MUTUAL WATER COMPANY,CWS,GW,GW,75,22,other_water_systems
3021,CA4200851,1,1,0,7,0,1,1,0,1,0,ROLLING HILLS MUTUAL WATER COMPANY,CWS,GW,GW,66,21,other_water_systems
3022,CA4200854,0,0,0,3,3,0,0,0,1,1,"IMERYS FILTRATION MINERALS, INC",NTNCWS,GW,GW,200,22,other_water_systems
3023,CA4200862,0,0,0,0,0,0,0,0,0,0,MESA HILLS MUTUAL WATER COMPANY,CWS,GW,GW,34,18,other_water_systems
3024,CA4200866,1,1,1,0,0,1,1,1,0,0,FIRESTONE VINEYARD,NTNCWS,GW,GW,68,8,other_water_systems
3025,CA4200867,1,1,1,2,2,1,1,1,1,1,RAY WATER COMPANY,CWS,GW,GW,40,14,other_water_systems
3026,CA4200870,0,0,0,4,2,0,0,0,1,1,CASMALIA COMMUNITY SERVICES DISTRICT,CWS,GW,GW,234,53,other_water_systems
3027,CA4200879,1,1,0,4,0,1,1,0,1,0,CUYAMA ELEMENTARY SCHOOL,NTNCWS,GW,GW,250,1,other_water_systems
3028,CA4200881,0,0,0,1,1,0,0,0,1,1,OAK TRAIL ESTATES,CWS,GW,GW,211,64,other_water_systems
3029,CA4200885,0,0,0,1,0,0,0,0,1,0,CHALK HILL ESTATES HOA,CWS,GW,GW,38,15,other_water_systems
3030,CA4200891,0,0,0,0,0,0,0,0,0,0,BOBCAT SPRINGS MUTUAL WATER COMPANY,CWS,GW,GW,115,46,other_water_systems
3031,CA4200907,2,2,1,1,0,1,1,1,1,0,HEALTH SANITATION SERVICES RECYCLING CTR,NTNCWS,GW,GW,25,2,other_water_systems
3032,CA4200918,0,0,0,2,2,0,0,0,1,1,LOS PRIETOS COMPLEX,CWS,GW,GW,845,39,other_water_systems
3033,CA4200924,0,0,0,0,0,0,0,0,0,0,EL RANCHO TAJIGUAS,CWS,GW,GW,40,20,other_water_systems
3034,CA4200930,0,0,0,0,0,0,0,0,0,0,CAMBRIA WINERY,NTNCWS,GW,GW,150,2,other_water_systems
3035,CA4200943,0,0,0,2,2,0,0,0,1,1,TEIXEIRA FARMS - FRONTIER COOLING,NTNCWS,GW,GW,80,2,other_water_systems
3036,CA4200947,0,0,0,3,3,0,0,0,1,1,BETTER COOLING PRODUCE,NTNCWS,GW,GW,35,2,other_water_systems
3037,CA4200961,0,0,0,3,3,0,0,0,1,1,PACIFIC COAST ENERGY COMPANY,NTNCWS,GW,GW,50,4,other_water_systems
3038,CA4200962,0,0,0,0,0,0,0,0,0,0,WINDSET FARMS GREENHOUSES,NTNCWS,GW,GW,900,1,other_water_systems
3039,CA4200963,0,0,0,2,2,0,0,0,1,1,CHISAN ORCHIDS NURSERY,NTNCWS,GW,GW,35,4,other_water_systems
3040,CA4200969,0,0,0,1,1,0,0,0,1,1,AAA KINDNESS CARE HOME,CWS,GW,GW,45,2,other_water_systems
3041,CA4200974,0,0,0,0,0,0,0,0,0,0,MAIN STREET PRODUCE,NTNCWS,GW,GW,45,7,other_water_systems
3042,CA4200977,0,0,0,1,1,0,0,0,1,1,RESOURCE CENTER,NTNCWS,GW,GW,85,4,other_water_systems
3043,CA4200983,0,0,0,0,0,0,0,0,0,0,ARCTIC COLD,NTNCWS,GW,GW,623,1,other_water_systems
3044,CA4210001,0,0,0,0,0,0,0,0,0,0,CARPINTERIA VALLEY WATER DISTRICT,CWS,SW,SWP,15996,4431,other_water_systems
3045,CA4210002,0,0,0,0,0,0,0,0,0,0,LOS ALAMOS COMMUNITY SERVICES DISTRICT,CWS,GW,GW,1534,615,other_water_systems
3046,CA4210003,0,0,0,2,0,0,0,0,1,0,GUADALUPE WATER DEPARTMENT,CWS,SW,SWP,8897,2452,other_water_systems
3047,CA4210004,0,0,0,0,0,0,0,0,0,0,GOLETA WATER DISTRICT,CWS,SW,SW,84462,16433,carceral_serving_water_system
3048,CA4210005,0,0,0,0,0,0,0,0,0,0,SAN VICENTE WATER COMPANY,CWS,GW,GW,550,278,other_water_systems
3049,CA4210006,0,0,0,0,0,0,0,0,0,0,LOMPOC-CITY WATER UTILITY DIV,CWS,SW,SW,40473,9888,other_water_systems
3050,CA4210007,0,0,0,1,1,0,0,0,1,1,MONTECITO WATER DIST,CWS,SW,SW,11962,4653,other_water_systems
3051,CA4210009,0,0,0,2,2,0,0,0,1,1,CUYAMA COMMUNITY SERVICES DISTRICT,CWS,GW,GW,700,254,other_water_systems
3052,CA4210010,0,0,0,0,0,0,0,0,0,0,CITY OF SANTA BARBARA WATER DEPARTMENT,CWS,SW,SW,98872,27491,other_water_systems
3053,CA4210011,0,0,0,0,0,0,0,0,0,0,CITY OF SANTA MARIA UTILITIES DEPARTMENT,CWS,SW,SWP,109477,22664,carceral_serving_water_system
3054,CA4210013,1,1,1,1,1,1,1,1,1,1,SOLVANG WATER DIVISION,CWS,SW,SWP,6126,2106,other_water_systems
3055,CA4210016,0,0,0,1,1,0,0,0,1,1,GOLDEN STATE WATER COMPANY - ORCUTT,CWS,SW,SWP,34102,11982,other_water_systems
3056,CA4210017,0,0,0,0,0,0,0,0,0,0,VANDENBERG VILLAGE COMM. SERV. DIST.,CWS,GW,GW,7308,2577,other_water_systems
3057,CA4210018,0,0,0,0,0,0,0,0,0,0,CITY OF BUELLTON WATER DIVISION,CWS,SW,SWP,5161,1832,other_water_systems
3058,CA4210019,0,0,0,0,0,0,0,0,0,0,MISSION HILLS CSD,CWS,GW,GW,3600,1313,other_water_systems
3059,CA4210020,0,0,0,0,0,0,0,0,0,0,SANTA YNEZ RIVER WATER CONS. DIST. ID#1,CWS,SW,SWP,7022,2639,other_water_systems
3060,CA4210021,0,0,0,0,0,0,0,0,0,0,GOLDEN STATE WATER COMPANY - TANGLEWOOD,CWS,SW,SWP,1947,448,carceral_serving_water_system
3061,CA4210022,0,0,0,0,0,0,0,0,0,0,GOLDEN STATE WATER COMPANY - LAKE MARIE,CWS,GW,GW,545,207,other_water_systems
3062,CA4210024,0,0,0,0,0,0,0,0,0,0,LA CUMBRE MUTUAL WATER CO,CWS,SW,SWP,4861,1469,other_water_systems
3063,CA4210028,0,0,0,0,0,0,0,0,0,0,CACHUMA PROJECT,CWS,SW,SWP,0,40,other_water_systems
3064,CA4210030,0,0,0,0,0,0,0,0,0,0,CENTRAL COAST WATER AUTHORITY,CWS,SW,SW,0,10,other_water_systems
3065,CA4210700,0,0,0,0,0,0,0,0,0,0,"AMERICAN WATER O&M, LLC - VSFB",CWS,SW,SWP,14971,1161,carceral_serving_water_system
3066,CA4300516,0,0,0,0,0,0,0,0,0,0,ALDERCROFT HEIGHTS COUNTY WATER DISTRICT,CWS,SW,SW,338,116,other_water_systems
3067,CA4300517,0,0,0,0,0,0,0,0,0,0,CHEMEKETA PARK MUTUAL WATER COMPANY,CWS,SW,SW,346,153,other_water_systems
3068,CA4300520,1,1,0,1,0,1,1,0,1,0,RAINERI MUTUAL WATER COMPANY,CWS,SW,SW,145,44,other_water_systems
3069,CA4300521,1,1,0,1,0,1,1,0,1,0,KENNON WATER COMPANY,CWS,SW,SWP,142,43,other_water_systems
3070,CA4300522,1,1,0,1,0,1,1,0,1,0,LAKE CANYON MUTUAL WATER COMPANY,CWS,SW,SW,156,56,other_water_systems
3071,CA4300525,0,0,0,0,0,0,0,0,0,0,MELODY WOODS WATER COMPANY,CWS,GW,GW,168,51,other_water_systems
3072,CA4300526,0,0,0,0,0,0,0,0,0,0,OAKMONT WATER SYSTEM,CWS,SW,SWP,61,26,other_water_systems
3073,CA4300542,0,0,0,0,0,0,0,0,0,0,SAN MARTIN COUNTY WATER DISTRICT,CWS,GW,GW,631,191,other_water_systems
3074,CA4300543,0,0,0,0,0,0,0,0,0,0,WEST SAN MARTIN WATER WORKS INC,CWS,GW,GW,1173,325,other_water_systems
3075,CA4300545,0,0,0,0,0,0,0,0,0,0,SARATOGA HEIGHTS MUTUAL WATER COMPANY,CWS,SW,SWP,258,92,other_water_systems
3076,CA4300550,0,0,0,0,0,0,0,0,0,0,VISTA GRANDE WATER USERS ASSOCIATION,CWS,SW,SWP,79,24,other_water_systems
3077,CA4300551,0,0,0,2,2,0,0,0,1,1,HAPPY ACRES MWC,CWS,GW,GW,220,79,other_water_systems
3078,CA4300560,0,0,0,2,2,0,0,0,1,1,GREEN MOUNTAIN WATER COMPANY,CWS,GW,GW,80,38,other_water_systems
3079,CA4300562,1,1,0,5,4,1,1,0,1,1,ROSEVIEW HEIGHTS MUTUAL WATER COMPANY,CWS,SW,SWP,148,53,other_water_systems
3080,CA4300563,0,0,0,1,1,0,0,0,1,1,MT. PLEASANT WATER USERS ASSOCIATION,CWS,SW,SWP,300,90,other_water_systems
3081,CA4300567,0,0,0,1,1,0,0,0,1,1,BURCHELL ROAD WATER ASSOCIATION,CWS,GW,GW,65,27,other_water_systems
3082,CA4300571,0,0,0,2,2,0,0,0,1,1,SULLIVAN MUTUAL WATER,CWS,GW,GW,53,16,other_water_systems
3083,CA4300573,1,1,0,4,3,1,1,0,1,1,GREEN ACRES MUTUAL WATER,CWS,GW,GW,53,18,other_water_systems
3084,CA4300575,3,3,3,2,2,1,1,1,1,1,TWIN VALLEY INC,CWS,GW,GW,317,96,other_water_systems
3085,CA4300577,0,0,0,0,0,0,0,0,0,0,RANCHO ROBLES MUTUAL WATER COMPANY,CWS,GW,GW,103,37,other_water_systems
3086,CA4300578,0,0,0,0,0,0,0,0,0,0,ANGELO LANE WATER COMPANY,CWS,GW,GW,52,15,other_water_systems
3087,CA4300593,0,0,0,1,1,0,0,0,1,1,MORGAN HILL USD-MACHADO SCHOOL,NTNCWS,GW,GW,60,1,other_water_systems
3088,CA4300596,0,0,0,0,0,0,0,0,0,0,COYOTE CREEK GOLF CLUB,NTNCWS,GW,GW,101,6,other_water_systems
3089,CA4300603,0,0,0,0,0,0,0,0,0,0,OAK DELL PARK,CWS,GW,GW,104,53,other_water_systems
3090,CA4300605,0,0,0,3,3,0,0,0,1,1,GILROY USD-RUCKER SCHOOL,NTNCWS,GW,GW,536,1,other_water_systems
3091,CA4300608,0,0,0,0,0,0,0,0,0,0,GAVILAN JOINT COMMUNITY COLLEGE DISTRICT,NTNCWS,GW,GW,989,38,other_water_systems
3092,CA4300610,0,0,0,1,1,0,0,0,1,1,ANCHORPOINT CHRISTIAN SCHOOL,NTNCWS,GW,GW,100,1,other_water_systems
3093,CA4300611,1,1,0,1,0,1,1,0,1,0,CASA DE FRUTA WATER SYSTEM,CWS,GW,GW,250,37,other_water_systems
3094,CA4300615,0,0,0,1,1,0,0,0,1,1,THOUSAND TRAILS - MORGAN HILL,CWS,GW,GW,508,320,other_water_systems
3095,CA4300630,1,1,1,4,2,1,1,1,1,1,FOOTHILL MUTUAL WATER COMPANY,CWS,GW,GW,36,9,other_water_systems
3096,CA4300637,1,1,0,2,1,1,1,0,1,1,LOS RANCHOS DE UVAS WATER COMPANY,CWS,GW,GW,58,22,other_water_systems
3097,CA4300638,0,0,0,2,2,0,0,0,1,1,SAN MARTIN FOOTHILLS WATER COMPANY,CWS,GW,GW,145,44,other_water_systems
3098,CA4300716,1,1,0,5,1,1,1,0,1,1,LUPIN LODGE,CWS,SW,SW,300,30,other_water_systems
3099,CA4300721,0,0,0,0,0,0,0,0,0,0,LOMA PRIETA JUSD-LOMA PRIETA SCHOOL,NTNCWS,GW,GW,560,8,other_water_systems
3100,CA4300740,0,0,0,0,0,0,0,0,0,0,MOUNTAIN SPRINGS MUTUAL WATER COMPANY,CWS,SW,SWP,40,18,other_water_systems
3101,CA4300741,0,0,0,3,3,0,0,0,1,1,MIREVAL IMPROVEMENT ASSOCIATION,CWS,SW,SWP,60,15,other_water_systems
3102,CA4300760,0,0,0,0,0,0,0,0,0,0,SANTA TERESA MEADOWS WATER COMPANY,CWS,GW,GW,68,23,other_water_systems
3103,CA4300770,0,0,0,0,0,0,0,0,0,0,THREE SPRINGS RANCH MUTUAL WATER COMPANY,CWS,GW,GW,110,33,other_water_systems
3104,CA4300771,4,0,0,1,0,1,0,0,1,0,NEW AVENUE MUTUAL WATER COMPANY,CWS,GW,GW,302,108,other_water_systems
3105,CA4300779,0,0,0,1,1,0,0,0,1,1,LAKESIDE SD-LAKESIDE SCHOOL,NTNCWS,GW,GW,127,4,other_water_systems
3106,CA4300783,0,0,0,0,0,0,0,0,0,0,HKN LLC,NTNCWS,GW,GW,50,5,other_water_systems
3107,CA4300791,0,0,0,0,0,0,0,0,0,0,"WESTERN DIGITAL TECHNOLOGIES, INC.",NTNCWS,GW,GW,3069,6,other_water_systems
3108,CA4300792,0,0,0,0,0,0,0,0,0,0,ABORN HEIGHTS WATER MUTUAL ASSOCIATION,CWS,GW,GW,45,38,other_water_systems
3109,CA4300808,1,1,0,2,1,1,1,0,1,1,O'CONNOR HOSPITAL,NTNCWS,SW,SWP,2500,2,other_water_systems
3110,CA4300816,0,0,0,2,2,0,0,0,1,1,EL CAMINO HOSPITAL,NTNCWS,SW,SWP,3000,8,other_water_systems
3111,CA4300831,0,0,0,4,4,0,0,0,1,1,MT. EDEN MUTUAL WATER COMPANY,CWS,SW,SWP,165,64,other_water_systems
3112,CA4300832,0,0,0,0,0,0,0,0,0,0,SOUTH COUNTY RETIREMENT HOME,CWS,GW,GW,46,3,other_water_systems
3113,CA4300833,0,0,0,7,5,0,0,0,1,1,SANTA CLARA VALLEY MEDICAL CENTER,NTNCWS,SW,SWP,3000,19,other_water_systems
3114,CA4300834,0,0,0,0,0,0,0,0,0,0,CAMP SARATOGA,CWS,SW,SW,450,15,other_water_systems
3115,CA4300856,0,0,0,0,0,0,0,0,0,0,SPRING VALLEY HEIGHTS ASSOCIATION INC,CWS,SW,SWP,66,21,other_water_systems
3116,CA4300859,0,0,0,0,0,0,0,0,0,0,LEARNING SERVICES CORP.,NTNCWS,GW,GW,48,4,other_water_systems
3117,CA4300909,0,0,0,0,0,0,0,0,0,0,LICK OBSERVATORY-UCSC,CWS,SW,SW,284,32,other_water_systems
3118,CA4300912,0,0,0,1,1,0,0,0,1,1,MECCHI WATER COMPANY,CWS,GW,GW,104,27,other_water_systems
3119,CA4300924,0,0,0,1,1,0,0,0,1,1,PARKWAY LAKES RV PARK,CWS,GW,GW,250,121,other_water_systems
3120,CA4300929,0,0,0,0,0,0,0,0,0,0,MURIEL WRIGHT RESIDENTIAL CENTER,NTNCWS,GW,GWP,46,4,other_water_systems
3121,CA4300941,1,1,0,3,0,1,1,0,1,0,MONTEREY MUSHROOMS,NTNCWS,GW,GW,361,173,other_water_systems
3122,CA4300951,1,1,0,1,0,1,1,0,1,0,REFORESTATION TECHNOLOGIES INTERNATIONAL,NTNCWS,GW,GW,40,1,other_water_systems
3123,CA4300957,0,0,0,0,0,0,0,0,0,0,CHRISTOPHER RANCH L.L.C.,NTNCWS,GW,GW,994,29,other_water_systems
3124,CA4300964,0,0,0,0,0,0,0,0,0,0,"NEWBY ISLAND LANDFILL, REPUBLIC SERVICES",NTNCWS,GW,GW,67,1,other_water_systems
3125,CA4300971,0,0,0,0,0,0,0,0,0,0,PG&E METCALF,NTNCWS,GW,GW,100,1,other_water_systems
3126,CA4300976,0,0,0,0,0,0,0,0,0,0,SEED TESTING REAL ESTATE II LLC,NTNCWS,GW,GW,40,1,other_water_systems
3127,CA4300978,1,1,0,1,0,1,1,0,1,0,BRUSH AND OLD WELL MUTUAL WATER COMPANY,CWS,SW,SWP,70,27,other_water_systems
3128,CA4300979,0,0,0,0,0,0,0,0,0,0,QUAIL CREEK ESTATES MUTUAL WATER COMPANY,CWS,GW,GW,55,39,other_water_systems
3129,CA4300986,0,0,0,0,0,0,0,0,0,0,CINNABAR HILLS GOLF CLUB,NTNCWS,SW,SWP,500,7,other_water_systems
3130,CA4300988,0,0,0,0,0,0,0,0,0,0,GEORGE CHIALA FARMS INC,NTNCWS,GW,GW,250,1,other_water_systems
3131,CA4300992,0,0,0,0,0,0,0,0,0,0,GOLDEN HEIGHTS MUTUAL WATER COMPANY,CWS,GW,GW,66,21,other_water_systems
3132,CA4300993,0,0,0,0,0,0,0,0,0,0,Z BEST PRODUCTS,NTNCWS,GW,GW,90,1,other_water_systems
3133,CA4300994,0,0,0,0,0,0,0,0,0,0,COYOTE VALLEY RV RESORT,CWS,GW,GW,500,202,other_water_systems
3134,CA4300996,1,1,1,0,0,1,1,1,0,0,VALLEY VIEW RANCHES,CWS,GW,GW,45,16,other_water_systems
3135,CA4300997,0,0,0,0,0,0,0,0,0,0,NASA AMES RESEARCH CENTER,CWS,SW,SWP,15294,288,other_water_systems
3136,CA4300999,0,0,0,0,0,0,0,0,0,0,UVAS PINES RV PARK,CWS,GW,GW,68,43,other_water_systems
3137,CA4301004,0,0,0,1,1,0,0,0,1,1,EMERALD VALLEY MUTUAL WATER COMPANY,CWS,GW,GW,43,13,other_water_systems
3138,CA4301013,0,0,0,1,1,0,0,0,1,1,ROCKWOOD ESTATES MUTUAL WATER COMPANY,CWS,GW,GW,30,11,other_water_systems
3139,CA4310001,0,0,0,0,0,0,0,0,0,0,CWSC LOS ALTOS SUBURBAN,CWS,SW,SWP,70175,18526,other_water_systems
3140,CA4310004,1,1,1,0,0,1,1,1,0,0,CITY OF GILROY,CWS,GW,GW,58108,15419,other_water_systems
3141,CA4310005,0,0,0,1,1,0,0,0,1,1,CITY OF MILPITAS,CWS,SW,SWP,77961,15696,carceral_serving_water_system
3142,CA4310006,0,0,0,0,0,0,0,0,0,0,CITY OF MORGAN HILL,CWS,GW,GW,47374,14867,carceral_serving_water_system
3143,CA4310007,0,0,0,0,0,0,0,0,0,0,CITY OF MOUNTAIN VIEW,CWS,SW,SWP,81756,17823,other_water_systems
3144,CA4310009,0,0,0,0,0,0,0,0,0,0,CITY OF PALO ALTO,CWS,SW,SWP,67901,19975,other_water_systems
3145,CA4310011,1,1,1,2,2,1,1,1,1,1,SAN JOSE WATER,CWS,SW,SW,1010207,222941,carceral_serving_water_system
3146,CA4310012,0,0,0,0,0,0,0,0,0,0,CITY OF SANTA CLARA,CWS,SW,SWP,132476,24078,other_water_systems
3147,CA4310013,0,0,0,0,0,0,0,0,0,0,STANFORD UNIVERSITY,CWS,SW,SWP,33827,1476,other_water_systems
3148,CA4310014,0,0,0,74,74,0,0,0,1,1,CITY OF SUNNYVALE,CWS,SW,SWP,156234,29156,carceral_serving_water_system
3149,CA4310018,0,0,0,0,0,0,0,0,0,0,CITY OF CUPERTINO,CWS,SW,SWP,16336,4627,other_water_systems
3150,CA4310019,0,0,0,0,0,0,0,0,0,0,CITY OF SAN JOSE - NSJ/ALVISO,CWS,SW,SWP,37991,2201,other_water_systems
3151,CA4310020,3,0,0,0,0,1,0,0,0,0,CITY OF SAN JOSE - EVG/EDV/COY,CWS,SW,SWP,98198,24020,other_water_systems
3152,CA4310021,0,0,0,3,3,0,0,0,1,1,PURISSIMA HILLS WATER DISTRICT,CWS,SW,SWP,6245,2143,other_water_systems
3153,CA4310022,0,0,0,2,2,0,0,0,1,1,GREAT OAKS WC INC,CWS,GW,GW,110088,21418,other_water_systems
3154,CA4310027,0,0,0,0,0,0,0,0,0,0,SANTA CLARA VALLEY WATER DISTRICT,CWS,SW,SW,0,1,other_water_systems
3155,CA4400502,0,0,0,0,0,0,0,0,0,0,TROUT GULCH MUTUAL WATER COMPANY,CWS,GW,GW,614,186,other_water_systems
3156,CA4400517,1,1,0,2,1,1,1,0,1,1,LAKEVIEW APARTMENTS,CWS,GW,GW,43,6,other_water_systems
3157,CA4400526,1,1,0,2,1,1,1,0,1,1,BIG REDWOOD PARK WATER,CWS,SW,SWP,182,66,other_water_systems
3158,CA4400528,5,5,5,2,2,1,1,1,1,1,LAUREL COMMUNITY LEAGUE,CWS,SW,GU,64,23,other_water_systems
3159,CA4400530,0,0,0,0,0,0,0,0,0,0,LAND OF MEDICINE BUDDHA,NTNCWS,GW,GW,89,16,other_water_systems
3160,CA4400543,1,1,0,1,0,1,1,0,1,0,R A FARMS,NTNCWS,GW,GW,48,5,other_water_systems
3161,CA4400557,0,0,0,5,5,0,0,0,1,1,ST FRANCIS TRACT WATER SYSTEM,CWS,GW,GW,118,29,other_water_systems
3162,CA4400558,0,0,0,0,0,0,0,0,0,0,SAN ANDREAS MUTUAL WATER CO,CWS,GW,GW,378,135,other_water_systems
3163,CA4400559,2,2,2,5,5,1,1,1,1,1,SUMMIT MUTUAL WATER COMPANY,CWS,SW,SW,152,54,other_water_systems
3164,CA4400571,0,0,0,0,0,0,0,0,0,0,DAVENPORT COUNTY SANITATION,CWS,SW,SW,350,108,other_water_systems
3165,CA4400572,1,1,0,4,3,1,1,0,1,1,FERN GROVE WATER CLUB,CWS,GW,GW,187,67,other_water_systems
3166,CA4400582,0,0,0,0,0,0,0,0,0,0,PINE TREE LANE MUTUAL WATER CO,CWS,GW,GW,80,36,other_water_systems
3167,CA4400585,0,0,0,2,2,0,0,0,1,1,RIDGEVIEW ESTATES MWC,CWS,GW,GW,50,18,other_water_systems
3168,CA4400595,0,0,0,0,0,0,0,0,0,0,VILLA DEL MONTE MWC,CWS,SW,SW,419,128,other_water_systems
3169,CA4400598,0,0,0,0,0,0,0,0,0,0,"PURESOURCE WATER, INC",CWS,GW,GW,204,77,other_water_systems
3170,CA4400599,0,0,0,0,0,0,0,0,0,0,SUNSET BEACH MUTUAL WATER CO,CWS,SW,SWP,182,65,other_water_systems
3171,CA4400604,1,1,0,12,0,1,1,0,1,0,BRACKEN BRAE COUNTRY CLUB,CWS,GW,GW,40,24,other_water_systems
3172,CA4400605,0,0,0,0,0,0,0,0,0,0,CRESTWOOD HEIGHTS WATER ASSN,CWS,GW,GW,126,45,other_water_systems
3173,CA4400608,0,0,0,4,2,0,0,0,1,1,FOREST SPRINGS,CWS,SW,SWP,385,126,other_water_systems
3174,CA4400611,1,1,0,2,1,1,1,0,1,1,JARVIS MUTUAL WATER SYSTEM,CWS,GW,GW,125,38,other_water_systems
3175,CA4400613,0,0,0,2,2,0,0,0,1,1,LAS COLINAS ROAD & WATER ASSN,CWS,GW,GW,70,24,other_water_systems
3176,CA4400617,1,1,0,1,0,1,1,0,1,0,SUMMIT WEST MUTUAL WATER CO.,CWS,SW,SWP,479,145,other_water_systems
3177,CA4400618,1,1,0,1,0,1,1,0,1,0,RIDGE MUTUAL WATER COMPANY,CWS,SW,SWP,213,76,other_water_systems
3178,CA4400621,5,5,5,2,2,1,1,1,1,1,RIVER GROVE MUTUAL WATER ASSN,CWS,SW,SW,54,25,other_water_systems
3179,CA4400624,0,0,0,0,0,0,0,0,0,0,RANCHO CORRALITOS,CWS,GW,GW,87,31,other_water_systems
3180,CA4400625,0,0,0,0,0,0,0,0,0,0,VISTA ROBLES ASSOCIATION,CWS,GW,GW,53,19,other_water_systems
3181,CA4400631,0,0,0,5,5,0,0,0,1,1,LAS CUMBRES MUTUAL WATER CO,CWS,SW,SW,402,125,other_water_systems
3182,CA4400634,1,1,1,0,0,1,1,1,0,0,APTOS HILLS MUTUAL WATER CO,CWS,GW,GW,32,12,other_water_systems
3183,CA4400642,0,0,0,0,0,0,0,0,0,0,CATHEDRAL WOOD MUTUAL WATER COMPANY,CWS,SW,SW,60,20,other_water_systems
3184,CA4400645,0,0,0,2,2,0,0,0,1,1,HIDDEN MEADOW MUTUAL WATER CO,CWS,GW,GW,45,18,other_water_systems
3185,CA4400652,0,0,0,0,0,0,0,0,0,0,"CATHEDRAL HILLS MWC, INC",CWS,GW,GW,60,26,other_water_systems
3186,CA4400660,1,0,0,0,0,1,0,0,0,0,RANCHO SAN ANDREAS,CWS,GW,GW,200,11,other_water_systems
3187,CA4400664,1,1,1,0,0,1,1,1,0,0,JARDINES DEL VALLE,CWS,GW,GW,130,7,other_water_systems
3188,CA4400665,0,0,0,0,0,0,0,0,0,0,MEADOWRIDGE MUTUAL WATER CO,CWS,GW,GW,42,18,other_water_systems
3189,CA4400667,0,0,0,0,0,0,0,0,0,0,EMERALD CITY MUTUAL WATER CO,CWS,GW,GW,26,11,other_water_systems
3190,CA4400684,0,0,0,0,0,0,0,0,0,0,APTOS RIDGE MUTUAL WATER CO,CWS,GW,GW,52,16,other_water_systems
3191,CA4400692,0,0,0,0,0,0,0,0,0,0,ALLAN LANE WATER ASSOCIATION,CWS,GW,GW,54,17,other_water_systems
3192,CA4400723,0,0,0,1,1,0,0,0,1,1,MISSION SPRINGS CONFERENCE CENTER,CWS,GW,GW,1310,141,other_water_systems
3193,CA4400725,1,1,0,5,3,1,1,0,1,1,SANTA CRUZ COUNTY FAIRGROUNDS,NTNCWS,GW,GW,550,35,other_water_systems
3194,CA4400750,1,1,0,2,1,1,1,0,1,1,APTOS HIGH SCHOOL,NTNCWS,GW,GW,1925,6,other_water_systems
3195,CA4400751,0,0,0,1,1,0,0,0,1,1,BONNY DOON SCHOOL,NTNCWS,GW,GW,160,10,other_water_systems
3196,CA4400753,0,0,0,0,0,0,0,0,0,0,CABRILLO COLLEGE,NTNCWS,GW,GW,12000,2,other_water_systems
3197,CA4400754,0,0,0,0,0,0,0,0,0,0,MONTE VISTA CHRISTIAN SCHOOL,CWS,GW,GW,1083,43,other_water_systems
3198,CA4400755,0,0,0,3,3,0,0,0,1,1,MONTEREY BAY ACADEMY,CWS,GW,GW,400,78,other_water_systems
3199,CA4400756,1,1,0,3,1,1,1,0,1,1,MOUNTAIN ELEMENTARY SCHOOL,NTNCWS,GW,GW,240,1,other_water_systems
3200,CA4400757,1,1,0,3,2,1,1,0,1,1,ALIANZA CHARTER SCHOOL/WCSA,NTNCWS,GW,GW,967,3,other_water_systems
3201,CA4400758,1,1,0,1,0,1,1,0,1,0,RENAISSANCE HIGH SCHOOL,NTNCWS,GW,GW,250,2,other_water_systems
3202,CA4400762,1,1,0,2,1,1,1,0,1,1,ROUNTREE FACILITY(PREV. SHERIFF'S REHAB),CWS,GW,GW,235,5,carceral_water_system
3203,CA4400763,0,0,0,1,1,0,0,0,1,1,BUENA VISTA MIGRANT CENTER,CWS,GW,GW,455,140,other_water_systems
3204,CA4400764,0,0,0,0,0,0,0,0,0,0,MOUNT MADONNA CENTER,CWS,GW,GW,170,31,other_water_systems
3205,CA4400800,0,0,0,1,1,0,0,0,1,1,BIG CREEK LUMBER COMPANY,NTNCWS,GW,GW,70,13,other_water_systems
3206,CA4400801,7,7,7,5,3,1,1,1,1,1,LOCKHEED MARTIN SPACE SYSTEMS,NTNCWS,SW,SW,100,36,other_water_systems
3207,CA4400850,2,2,1,8,5,1,1,1,1,1,THE WILLOWS RESORT,CWS,GW,GW,54,69,other_water_systems
3208,CA4400875,0,0,0,0,0,0,0,0,0,0,SANTA CRUZ WALDORF SCHOOL,NTNCWS,GW,GW,190,1,other_water_systems
3209,CA4400904,0,0,0,0,0,0,0,0,0,0,CASSIN RANCH (DRISCOLL'S),NTNCWS,GW,GW,30,8,other_water_systems
3210,CA4400905,2,2,1,1,0,1,1,1,1,0,KITAYAMA BROTHERS,NTNCWS,GW,GW,50,3,other_water_systems
3211,CA4410001,0,0,0,9,8,0,0,0,1,1,BIG BASIN WATER COMPANY,CWS,GW,GW,1120,540,other_water_systems
3212,CA4410002,1,1,0,1,0,1,1,0,1,0,SLVWD - FELTON WATER SYSTEM,CWS,SW,SW,4340,1353,other_water_systems
3213,CA4410008,1,1,0,2,0,1,1,0,1,0,"MT. HERMON ASSOCIATION, INC.",CWS,GW,GW,2850,491,other_water_systems
3214,CA4410010,0,0,0,0,0,0,0,0,0,0,SANTA CRUZ WATER DEPARTMENT,CWS,SW,SW,95017,25429,carceral_serving_water_system
3215,CA4410011,0,0,0,0,0,0,0,0,0,0,"WATSONVILLE, CITY OF",CWS,SW,SW,65231,14955,other_water_systems
3216,CA4410013,0,0,0,0,0,0,0,0,0,0,SCOTTS VALLEY WATER DISTRICT,CWS,GW,GW,11147,3945,other_water_systems
3217,CA4410014,1,1,0,3,0,1,1,0,1,0,SAN LORENZO VALLEY WATER DIST,CWS,SW,SW,21145,6467,carceral_serving_water_system
3218,CA4410016,0,0,0,0,0,0,0,0,0,0,FOREST LAKES MWC,CWS,SW,GU,1067,326,other_water_systems
3219,CA4410017,0,0,0,0,0,0,0,0,0,0,SOQUEL CREEK WATER DISTRICT,CWS,SW,SWP,40788,14493,other_water_systems
3220,CA4410018,0,0,0,0,0,0,0,0,0,0,CENTRAL WATER DISTRICT,CWS,GW,GW,2726,826,other_water_systems
3221,CA4410800,3,3,3,18,11,1,1,1,1,1,BEN LOMOND CONSERVATION CAMP,NTNCWS,GW,GW,100,12,carceral_water_system
3222,CA4500003,1,1,0,1,0,1,1,0,1,0,MEL MAR MUTUAL WATER CO,CWS,GW,GW,300,91,other_water_systems
3223,CA4500006,4,4,3,1,0,1,1,1,1,0,"SHASTA CSA - SUGARLOAF, #2",CWS,SW,SW,160,61,other_water_systems
3224,CA4500007,0,0,0,0,0,0,0,0,0,0,VERDE VALE WATER COMPANY,CWS,GW,GW,356,108,other_water_systems
3225,CA4500008,0,0,0,0,0,0,0,0,0,0,LAKESHORE VILLA MUTUAL WATER CO,CWS,GW,GW,88,40,other_water_systems
3226,CA4500009,0,0,0,0,0,0,0,0,0,0,CORTLAND PINES MUTUAL WATER CO,CWS,GW,GW,92,33,other_water_systems
3227,CA4500011,0,0,0,0,0,0,0,0,0,0,ANDREINI BUSINESS PARK WATER SYSTEM,NTNCWS,GW,GW,130,1,other_water_systems
3228,CA4500012,0,0,0,0,0,0,0,0,0,0,CASCADE RACQUET CLUB MUTUAL WATER,CWS,GW,GW,89,27,other_water_systems
3229,CA4500013,1,1,0,1,0,1,1,0,1,0,LAKESIDE WOODS MUTUAL WATER CO,CWS,GW,GW,310,112,other_water_systems
3230,CA4500014,0,0,0,0,0,0,0,0,0,0,LAKESHORE HEIGHTS MUTUAL WATER,CWS,SW,SW,264,68,other_water_systems
3231,CA4500015,1,1,0,1,0,1,1,0,1,0,"SHASTA CSA - CASTELLA, #3",CWS,SW,SW,252,101,other_water_systems
3232,CA4500016,1,1,0,1,0,1,1,0,1,0,LAKEHEAD SUBD MUTUAL WATER CO,CWS,GW,GW,70,17,other_water_systems
3233,CA4500022,0,0,0,0,0,0,0,0,0,0,DEL ORO WATER CO. - HAT CREEK DISTRICT,CWS,SW,SW,211,64,other_water_systems
3234,CA4500023,1,1,1,0,0,1,1,1,0,0,HAT CREEK HIGHLANDS MUTUAL WATER CO,CWS,SW,SW,88,50,other_water_systems
3235,CA4500027,1,1,0,1,0,1,1,0,1,0,BIG SPRINGS MUTUAL WATER SYSTEM,CWS,GW,GW,97,42,other_water_systems
3236,CA4500028,1,1,0,1,0,1,1,0,1,0,"SHASTA CSA - CRAGVIEW, #23",CWS,SW,SW,218,66,other_water_systems
3237,CA4500035,0,0,0,0,0,0,0,0,0,0,SISKIYOU FOREST PRODUCTS,NTNCWS,GW,GW,75,2,other_water_systems
3238,CA4500036,1,1,0,1,0,1,1,0,1,0,COLEMAN NATIONAL FISH HATCHERY,NTNCWS,GW,GW,46,1,other_water_systems
3239,CA4500037,0,0,0,0,0,0,0,0,0,0,SHASTA-SUSTAINABLE RESOURCES MANAGEMENT,NTNCWS,GW,GW,45,8,other_water_systems
3240,CA4500041,1,1,0,2,1,1,1,0,1,1,ANDERSON UNION HIGH SCHOOL,NTNCWS,GW,GW,700,23,other_water_systems
3241,CA4500054,0,0,0,0,0,0,0,0,0,0,BALLS FERRY FISHING RESORT,CWS,GW,GW,408,75,other_water_systems
3242,CA4500062,1,1,0,1,0,1,1,0,1,0,LONE TREE MOBILE HOME PARK,CWS,GW,GW,85,26,other_water_systems
3243,CA4500063,1,1,0,1,0,1,1,0,1,0,CEDAR CREEK MOBILEHOME PARK,CWS,GW,GW,40,20,other_water_systems
3244,CA4500066,0,0,0,2,2,0,0,0,1,1,CLEAR CREEK MOBILE PARK,CWS,GW,GW,75,40,other_water_systems
3245,CA4500081,1,1,0,1,0,1,1,0,1,0,LAZY LANDING MOBILE HOME PARK,CWS,GW,GW,250,112,other_water_systems
3246,CA4500082,0,0,0,0,0,0,0,0,0,0,MIDWAY MOBILEHOME PARK,CWS,GW,GW,50,29,other_water_systems
3247,CA4500089,1,1,0,1,0,1,1,0,1,0,PINE RIDGE PARK ESTATES,CWS,GW,GW,44,26,other_water_systems
3248,CA4500092,0,0,0,1,1,0,0,0,1,1,RIVER BREEZE MOBILE HOME PARK,CWS,GW,GW,87,32,other_water_systems
3249,CA4500093,0,0,0,0,0,0,0,0,0,0,CANYON CREEK MHP,CWS,GW,GW,35,24,other_water_systems
3250,CA4500094,0,0,0,0,0,0,0,0,0,0,RIVERLAND MOBILEHOME PARK,CWS,GW,GW,274,93,other_water_systems
3251,CA4500098,0,0,0,1,1,0,0,0,1,1,ANDERSON MOBILE HOME PARK,CWS,GW,GW,70,21,other_water_systems
3252,CA4500101,1,1,0,1,0,1,1,0,1,0,LAKE SHASTA PINES RV PARK & CAMPGROUND,CWS,GW,GW,168,42,other_water_systems
3253,CA4500102,1,1,0,2,1,1,1,0,1,1,NORTH REDDING RV VILLAGE,CWS,GW,GW,78,76,other_water_systems
3254,CA4500104,0,0,0,0,0,0,0,0,0,0,SUNRISE MOBILEHOME PARK,CWS,GW,GW,37,16,other_water_systems
3255,CA4500106,1,1,0,2,1,1,1,0,1,1,RIO VISTA MOBILEHOME ESTATES,CWS,GW,GW,26,19,other_water_systems
3256,CA4500107,1,1,1,0,0,1,1,1,0,0,COTTONWOOD RIDGE MANUFACTURED HOUSING CO,CWS,GW,GW,205,73,other_water_systems
3257,CA4500113,1,1,0,1,0,1,1,0,1,0,HOLIDAY HARBOR INC,NTNCWS,GW,GW,232,53,other_water_systems
3258,CA4500149,0,0,0,0,0,0,0,0,0,0,REDDING TRAVEL CENTER,NTNCWS,GW,GW,120,1,other_water_systems
3259,CA4500160,1,1,0,2,1,1,1,0,1,1,PACHECO ELEMENTARY SCHOOL,NTNCWS,GW,GW,450,2,other_water_systems
3260,CA4500161,1,1,0,3,2,1,1,0,1,1,PRAIRIE ELEMENTARY SCHOOL,NTNCWS,GW,GW,375,1,other_water_systems
3261,CA4500163,1,1,0,1,0,1,1,0,1,0,JUNCTION SCHOOL DISTRICT,NTNCWS,GW,GW,700,2,other_water_systems
3262,CA4500170,1,1,0,2,1,1,1,0,1,1,MONTGOMERY CREEK SCHOOL,NTNCWS,GW,GW,95,1,other_water_systems
3263,CA4500173,0,0,0,0,0,0,0,0,0,0,CASSEL PARK MUTUAL WATER CO,CWS,GW,GW,131,71,other_water_systems
3264,CA4500180,1,1,0,1,0,1,1,0,1,0,MILLVILLE ELEMENTARY SCHOOL,NTNCWS,GW,GW,240,1,other_water_systems
3265,CA4500181,1,1,0,4,3,1,1,0,1,1,WHITMORE UNION ELEM SCHOOL,NTNCWS,GW,GW,35,1,other_water_systems
3266,CA4500183,1,1,0,1,0,1,1,0,1,0,BLACK BUTTE ELEMENTARY SCHOOL,NTNCWS,GW,GW,250,1,other_water_systems
3267,CA4500190,1,1,0,2,1,1,1,0,1,1,OAK RUN ELEMENTARY SCHOOL,NTNCWS,GW,GW,125,1,other_water_systems
3268,CA4500191,0,0,0,0,0,0,0,0,0,0,SIERRA PACIFIC IND - ANDERSON,NTNCWS,GW,GW,250,2,other_water_systems
3269,CA4500193,1,1,0,1,0,1,1,0,1,0,VERDE VALE ELEMENTARY SCHOOL,NTNCWS,GW,GW,340,1,other_water_systems
3270,CA4500194,1,1,0,1,0,1,1,0,1,0,VILLAGE GREEN,CWS,GW,GW,90,32,other_water_systems
3271,CA4500195,0,0,0,0,0,0,0,0,0,0,STARLITE PINES MUTUAL WATER CO INC,CWS,GW,GW,510,165,other_water_systems
3272,CA4500200,0,0,0,1,1,0,0,0,1,1,AMBERWOOD MOBILE HOME PARK,CWS,GW,GW,120,61,other_water_systems
3273,CA4500203,1,1,0,2,1,1,1,0,1,1,RAPID RIVER MOBILEHOME PARK,CWS,GW,GW,92,48,other_water_systems
3274,CA4500204,0,0,0,1,1,0,0,0,1,1,WHITE OAK MUTUAL WATER COMPANY,CWS,GW,GW,415,126,other_water_systems
3275,CA4500208,1,1,0,1,0,1,1,0,1,0,CLEAR CREEK MARKET,NTNCWS,GW,GW,207,3,other_water_systems
3276,CA4500210,1,1,0,1,0,1,1,0,1,0,LASSEN PINES MUTUAL WATER CO INC,CWS,SW,GU,475,198,other_water_systems
3277,CA4500213,0,0,0,0,0,0,0,0,0,0,JOLLY GIANT FLEA MARKET,NTNCWS,GW,GW,75,1,other_water_systems
3278,CA4500214,0,0,0,1,1,0,0,0,1,1,WEST VALLEY HIGH SCHOOL,NTNCWS,GW,GW,850,1,other_water_systems
3279,CA4500216,1,1,0,1,0,1,1,0,1,0,SUN OAKS RACQUET CLUB,NTNCWS,GW,GW,521,1,other_water_systems
3280,CA4500219,1,1,0,1,0,1,1,0,1,0,CREEKSIDE MOBILEHOME PARK,CWS,GW,GW,85,41,other_water_systems
3281,CA4500230,0,0,0,0,0,0,0,0,0,0,AIRPORT COMMERCIAL PLAZA,NTNCWS,GW,GW,25,6,other_water_systems
3282,CA4500235,1,1,0,1,0,1,1,0,1,0,WOODRIDGE MUTUAL WATER CO,CWS,GW,GW,187,69,other_water_systems
3283,CA4500246,1,1,0,2,1,1,1,0,1,1,EL RIO ESTATES,CWS,GW,GW,434,155,other_water_systems
3284,CA4500247,1,1,0,6,5,1,1,0,1,1,WEST COTTONWOOD APARTMENTS,CWS,GW,GW,90,17,other_water_systems
3285,CA4500254,0,0,0,0,0,0,0,0,0,0,ANDERSON PARK VILLAGE,CWS,GW,GW,112,45,other_water_systems
3286,CA4500255,0,0,0,0,0,0,0,0,0,0,SACRAMENTO RIVER RV PARK,CWS,GW,GW,382,156,other_water_systems
3287,CA4500274,0,0,0,0,0,0,0,0,0,0,AIRPORT INDUSTRIAL PARK,NTNCWS,GW,GW,90,43,other_water_systems
3288,CA4500277,0,0,0,0,0,0,0,0,0,0,USFS YOLLA BOLLA CORP YARD,NTNCWS,GW,GW,68,15,other_water_systems
3289,CA4500290,0,0,0,0,0,0,0,0,0,0,PINE GROVE MOBILEHOME PARK,CWS,GW,GW,53,19,other_water_systems
3290,CA4500303,1,1,0,1,0,1,1,0,1,0,TUCKER OAKS EAST WATER DISTRICT,CWS,GW,GW,95,34,other_water_systems
3291,CA4500313,1,1,0,1,0,1,1,0,1,0,SHASTA CO CSA # 8 PALO CEDRO,CWS,GW,GW,261,79,other_water_systems
3292,CA4500314,2,2,1,1,0,1,1,1,1,0,SHASTA CO CSA # 13 ALPINE MEADOWS,CWS,GW,GW,42,43,other_water_systems
3293,CA4500315,0,0,0,0,0,0,0,0,0,0,UNITED PARCEL SVC - ANDERSON,NTNCWS,GW,GW,150,1,other_water_systems
3294,CA4500317,1,1,0,1,0,1,1,0,1,0,"SHASTA CSA - FRENCH GULCH, #11",CWS,SW,SW,277,84,other_water_systems
3295,CA4500322,1,1,0,1,0,1,1,0,1,0,BLACK BUTTE JUNIOR HIGH SCHOOL,NTNCWS,GW,GW,100,1,other_water_systems
3296,CA4500328,1,1,0,1,0,1,1,0,1,0,JUAN MEAN BURRITO WATER SYSTEM,NTNCWS,GW,GW,50,7,other_water_systems
3297,CA4500333,1,1,0,1,0,1,1,0,1,0,AIRPORT PLANET WATER,NTNCWS,GW,GW,116,4,other_water_systems
3298,CA4500337,0,0,0,3,3,0,0,0,1,1,WEAVER LUMBER WATER SYSTEM,NTNCWS,GW,GW,40,1,other_water_systems
3299,CA4500341,0,0,0,0,0,0,0,0,0,0,HILL COUNTRY COMMUNITY CLINIC & WELLNESS,NTNCWS,GW,GW,250,2,other_water_systems
3300,CA4500344,1,1,1,0,0,1,1,1,0,0,HAVEN HUMANE WATER SYSTEM,NTNCWS,GW,GW,60,4,other_water_systems
3301,CA4510001,1,1,0,1,0,1,1,0,1,0,CITY OF ANDERSON,CWS,GW,GW,11147,3607,other_water_systems
3302,CA4510002,1,1,0,1,0,1,1,0,1,0,MOUNTAIN GATE C.S.D.,CWS,SW,SW,2227,669,other_water_systems
3303,CA4510003,0,0,0,0,0,0,0,0,0,0,BURNEY WATER DISTRICT,CWS,GW,GW,3154,1414,other_water_systems
3304,CA4510004,1,1,0,1,0,1,1,0,1,0,"SHASTA CSA - JONES VALLEY, #6",CWS,SW,SW,1119,479,other_water_systems
3305,CA4510005,0,0,0,0,0,0,0,0,0,0,CITY OF REDDING,CWS,SW,SW,87741,30580,carceral_serving_water_system
3306,CA4510006,0,0,0,0,0,0,0,0,0,0,CITY OF SHASTA LAKE,CWS,SW,SW,10657,3900,other_water_systems
3307,CA4510007,3,3,2,1,0,1,1,1,1,0,COTTONWOOD WATER DISTRICT,CWS,GW,GW,3316,1232,other_water_systems
3308,CA4510008,0,0,0,0,0,0,0,0,0,0,FALL RIVER VALLEY CSD,CWS,GW,GW,1535,482,other_water_systems
3309,CA4510009,0,0,0,1,1,0,0,0,1,1,SHASTA FOREST VILLAGE M.W.C.,CWS,GW,GW,750,403,other_water_systems
3310,CA4510011,0,0,0,1,1,0,0,0,1,1,CENTERVILLE C.S.D.,CWS,SW,SWP,4211,1259,other_water_systems
3311,CA4510013,0,0,0,0,0,0,0,0,0,0,SHASTA C.S.D.,CWS,SW,SW,3003,944,other_water_systems
3312,CA4510014,0,0,0,0,0,0,0,0,0,0,BELLA VISTA WATER DISTRICT,CWS,SW,SW,18612,6489,other_water_systems
3313,CA4510015,0,0,0,0,0,0,0,0,0,0,DEL ORO WATER CO.-JOHNSON PARK,CWS,GW,GW,944,273,other_water_systems
3314,CA4510016,0,0,0,0,0,0,0,0,0,0,CLEAR CREEK CSD-ANDERSON,CWS,SW,SW,8900,2372,other_water_systems
3315,CA4510506,1,1,0,1,0,1,1,0,1,0,WHISKEYTOWN NRA-HEADQUARTERS,NTNCWS,SW,SW,594,12,other_water_systems
3316,CA4510800,0,0,0,0,0,0,0,0,0,0,CAL FIRE - SUGAR PINE CONSERVATION CAMP,NTNCWS,GW,GW,60,9,carceral_water_system
3317,CA4600009,0,0,0,0,0,0,0,0,0,0,"SIERRA CSA #5, SIERRA BROOKS",CWS,GW,GW,726,224,other_water_systems
3318,CA4600012,0,0,0,2,2,0,0,0,1,1,ALLEGHANY COUNTY W.D.,CWS,GW,GW,82,52,other_water_systems
3319,CA4600017,0,0,0,0,0,0,0,0,0,0,SIERRA WATER RESOURCES - SIERRA CITY,CWS,GW,GW,324,120,other_water_systems
3320,CA4600018,0,0,0,0,0,0,0,0,0,0,SIERRAVILLE P.U.D.,CWS,GW,GW,200,107,other_water_systems
3321,CA4600019,0,0,0,0,0,0,0,0,0,0,SIERRA CO. W.W.D #1 CALPINE,CWS,GW,GW,182,135,other_water_systems
3322,CA4600056,0,0,0,1,1,0,0,0,1,1,"SIERRA CITY WATER WORKS, INC.",CWS,GW,GW,250,88,other_water_systems
3323,CA4610001,0,0,0,1,1,0,0,0,1,1,CITY OF LOYALTON,CWS,GW,GW,983,343,other_water_systems
3324,CA4610002,1,1,0,1,0,1,1,0,1,0,DOWNIEVILLE PUBLIC U.D.,CWS,SW,SW,783,234,carceral_serving_water_system
3325,CA4700503,1,1,1,0,0,1,1,1,0,0,CALLAHAN WATER DISTRICT,CWS,SW,SW,70,33,other_water_systems
3326,CA4700513,4,4,3,1,0,1,1,1,1,0,HORNBROOK C.S.D.,CWS,GW,GW,280,147,other_water_systems
3327,CA4700521,1,1,0,4,3,1,1,0,1,1,SISKIYOU CO.SERVICE AREA #5/CARRICK,CWS,GW,GW,143,58,other_water_systems
3328,CA4700523,0,0,0,0,0,0,0,0,0,0,GRENADA SANITARY DISTRICT,CWS,GW,GW,289,103,other_water_systems
3329,CA4700528,0,0,0,0,0,0,0,0,0,0,SISKIYOU CO. ROLLING HILLS MWC,CWS,GW,GW,300,96,other_water_systems
3330,CA4700531,1,1,0,2,1,1,1,0,1,1,TENNANT C.S.D.,CWS,GW,GW,75,102,other_water_systems
3331,CA4700541,0,0,0,1,1,0,0,0,1,1,SHASTA HORIZON MOBILE HOME PARK,CWS,GW,GW,55,63,other_water_systems
3332,CA4700542,0,0,0,1,0,0,0,0,1,0,ABRAMS LAKE MOBILE ESTATES,CWS,GW,GW,135,86,other_water_systems
3333,CA4700546,0,0,0,1,0,0,0,0,1,0,CAL ORE MOBILE ESTATES,CWS,GW,GW,146,53,other_water_systems
3334,CA4700549,1,1,1,1,1,1,1,1,1,1,LAKE SISKIYOU M.W.C.,CWS,GW,GW,277,84,other_water_systems
3335,CA4700551,1,1,1,3,2,1,1,1,1,1,COPCO LAKE MWC,CWS,GW,GW,181,65,other_water_systems
3336,CA4700559,0,0,0,1,0,0,0,0,1,0,BUTTEVILLE UNION SCHOOL,NTNCWS,GW,GW,165,1,other_water_systems
3337,CA4700569,1,1,0,4,1,1,1,0,1,1,WILLOW CREEK SCHOOL,NTNCWS,GW,GW,100,1,other_water_systems
3338,CA4700573,0,0,0,1,1,0,0,0,1,1,CALTRANS-DUNSMUIR GRADE INSP. FACILITY,NTNCWS,GW,GW,200,1,other_water_systems
3339,CA4700577,1,1,0,4,2,1,1,0,1,1,BIG SPRINGS UNION ELEM. SCHOOL,NTNCWS,GW,GW,95,1,other_water_systems
3340,CA4700582,0,0,0,3,1,0,0,0,1,1,GAZELLE SCHOOL,NTNCWS,GW,GW,60,1,other_water_systems
3341,CA4700585,0,0,0,2,1,0,0,0,1,1,JUNCTION ELEMENTARY SCHOOL,NTNCWS,GW,GW,40,1,other_water_systems
3342,CA4700591,0,0,0,9,8,0,0,0,1,1,DELPHIC ELEMENTARY SCHOOL,NTNCWS,GW,GW,50,1,other_water_systems
3343,CA4700626,0,0,0,7,6,0,0,0,1,1,COVE MOBILE VILLA,CWS,GW,GW,105,56,other_water_systems
3344,CA4700627,1,1,0,2,0,1,1,0,1,0,SHASTA CASCADE MOBILEHOME PARK,CWS,GW,GW,100,53,other_water_systems
3345,CA4700630,1,1,0,4,1,1,1,0,1,1,SHASTA VIEW HEIGHTS OWNERS ASSOCIATION,CWS,GW,GW,48,24,other_water_systems
3346,CA4700638,1,1,0,3,2,1,1,0,1,1,OAK VALLEY ACRES P.O.A.,CWS,GW,GW,41,27,other_water_systems
3347,CA4700686,0,0,0,1,1,0,0,0,1,1,SUN MOUNTAIN M.W.C.,CWS,GW,GW,106,32,other_water_systems
3348,CA4700803,0,0,0,0,0,0,0,0,0,0,SHADOW MOUNTAIN MHP,CWS,GW,GW,126,73,other_water_systems
3349,CA4700872,0,0,0,0,0,0,0,0,0,0,MONTE SHASTA M.W.C.,CWS,GW,GW,150,46,other_water_systems
3350,CA4700880,1,1,1,0,0,1,1,1,0,0,SISKIYOU LAKE HIGHLANDS MWC,CWS,GW,GW,549,94,other_water_systems
3351,CA4700881,0,0,0,1,1,0,0,0,1,1,DOCTOR'S PARK OWNERS ASSOCIATION,NTNCWS,GW,GW,150,2,other_water_systems
3352,CA4700884,1,1,0,3,1,1,1,0,1,1,SHASTINA MOBILE ESTATES,CWS,GW,GW,32,32,other_water_systems
3353,CA4700885,0,0,0,0,0,0,0,0,0,0,COLD CREEK MUTUAL WATER COMPANY,CWS,GW,GW,25,15,other_water_systems
3354,CA4710001,1,1,0,4,3,1,1,0,1,1,"DORRIS, CITY OF",CWS,GW,GW,887,438,other_water_systems
3355,CA4710002,1,1,0,3,2,1,1,0,1,1,"DUNSMUIR, CITY OF",CWS,GW,GW,1707,1187,other_water_systems
3356,CA4710003,0,0,0,3,1,0,0,0,1,1,"FORT JONES, TOWN OF",CWS,GW,GW,695,399,other_water_systems
3357,CA4710004,0,0,0,1,1,0,0,0,1,1,"ETNA, CITY OF",CWS,SW,SW,720,413,other_water_systems
3358,CA4710006,2,2,1,2,1,1,1,1,1,1,MCCLOUD C.S.D.,CWS,GW,GW,1317,733,other_water_systems
3359,CA4710007,1,1,0,1,0,1,1,0,1,0,"MONTAGUE, CITY OF",CWS,SW,SW,1264,536,other_water_systems
3360,CA4710008,1,1,0,2,0,1,1,0,1,0,"MT. SHASTA, CITY OF",CWS,GW,GW,3642,1884,other_water_systems
3361,CA4710009,0,0,0,1,1,0,0,0,1,1,"WEED, CITY OF",CWS,GW,GW,2662,1051,other_water_systems
3362,CA4710010,1,1,0,1,0,1,1,0,1,0,"TULELAKE, CITY OF",CWS,GW,GW,856,485,other_water_systems
3363,CA4710011,1,1,0,1,0,1,1,0,1,0,"YREKA, CITY OF",CWS,SW,SW,7825,3383,carceral_serving_water_system
3364,CA4710012,1,1,0,3,2,1,1,0,1,1,HAPPY CAMP C.S.D.,CWS,SW,SW,1100,454,other_water_systems
3365,CA4710013,1,1,0,2,0,1,1,0,1,0,LAKE SHASTINA C.S.D,CWS,GW,GW,2790,1274,other_water_systems
3366,CA4710800,0,0,0,1,1,0,0,0,1,1,CAL FIRE-DEADWOOD CONSERVATION CAMP,NTNCWS,GW,GW,65,13,carceral_water_system
3367,CA4800511,1,1,0,1,0,1,1,0,1,0,COLLINSVILLE WATER WORKS,CWS,GW,GW,25,15,other_water_systems
3368,CA4800531,0,0,0,0,0,0,0,0,0,0,VACA VILLA APARTMENTS,CWS,GW,GW,60,40,other_water_systems
3369,CA4800561,4,4,4,0,0,1,1,1,0,0,SNUG HARBOR RV LP,CWS,GW,GW,125,110,other_water_systems
3370,CA4800564,1,1,0,2,1,1,1,0,1,1,HIDDEN ACRES TRAILER VILLA,CWS,GW,GW,80,54,other_water_systems
3371,CA4800589,0,0,0,0,0,0,0,0,0,0,CRESTA MESA PARQUE,CWS,GW,GW,25,14,other_water_systems
3372,CA4800595,0,0,0,0,0,0,0,0,0,0,"MARIANI PACKING COMPANY, INC.",NTNCWS,GW,GW,300,1,other_water_systems
3373,CA4800596,1,1,0,1,0,1,1,0,1,0,ROCKWELL COLLINS INC. (FKA UPCO-UTAS),NTNCWS,GW,GW,477,20,other_water_systems
3374,CA4800615,0,0,0,0,0,0,0,0,0,0,SUPERIOR PACKING CO,NTNCWS,GW,GW,164,1,other_water_systems
3375,CA4800727,0,0,0,0,0,0,0,0,0,0,CAMPBELL SOUP DIXON,NTNCWS,GW,GW,186,1,other_water_systems
3376,CA4800753,0,0,0,0,0,0,0,0,0,0,VINEYARD RV PARK,CWS,GW,GW,550,360,other_water_systems
3377,CA4800767,0,0,0,0,0,0,0,0,0,0,STOCKING RANCH DEEPWELL,NTNCWS,GW,GW,53,6,other_water_systems
3378,CA4800801,1,1,1,0,0,1,1,1,0,0,NEIL'S SERVICE CENTER,NTNCWS,GW,GW,170,30,other_water_systems
3379,CA4800804,1,1,0,1,0,1,1,0,1,0,DIXON MIGRANT CENTER,NTNCWS,GW,GW,346,52,other_water_systems
3380,CA4800820,0,0,0,1,0,0,0,0,1,0,EB STONE,NTNCWS,GW,GW,42,1,other_water_systems
3381,CA4800826,0,0,0,0,0,0,0,0,0,0,VACA-DIXON SUBSTATION,NTNCWS,GW,GW,40,1,other_water_systems
3382,CA4810001,0,0,0,0,0,0,0,0,0,0,CITY OF BENICIA,CWS,SW,SW,27131,9595,other_water_systems
3383,CA4810002,0,0,0,0,0,0,0,0,0,0,CALIFORNIA WATER SERVICE CO. - DIXON,CWS,GW,GW,10623,3067,other_water_systems
3384,CA4810003,1,1,0,1,0,1,1,0,1,0,CITY OF FAIRFIELD,CWS,SW,SW,120377,32910,carceral_serving_water_system
3385,CA4810004,0,0,0,0,0,0,0,0,0,0,CITY OF RIO VISTA,CWS,GW,GW,10489,5646,other_water_systems
3386,CA4810005,11,11,10,1,0,1,1,1,1,0,SUISUN-SOLANO WATER AUTHORITY,CWS,SW,SW,29105,8713,other_water_systems
3387,CA4810007,0,0,0,0,0,0,0,0,0,0,CITY OF VALLEJO,CWS,SW,SW,121420,36795,other_water_systems
3388,CA4810008,0,0,0,0,0,0,0,0,0,0,CITY OF VACAVILLE,CWS,SW,SW,97000,30935,carceral_serving_water_system
3389,CA4810009,0,0,0,0,0,0,0,0,0,0,CITY OF DIXON,CWS,GW,GW,12540,3800,other_water_systems
3390,CA4810010,1,1,0,2,1,1,1,0,1,1,SID - GIBSON CANYON,CWS,SW,SW,535,162,other_water_systems
3391,CA4810011,0,0,0,0,0,0,0,0,0,0,SID - ELMIRA,CWS,GW,GW,290,88,other_water_systems
3392,CA4810012,0,0,0,0,0,0,0,0,0,0,SID - QUAIL CANYON,CWS,GW,GW,132,40,other_water_systems
3393,CA4810013,0,0,0,0,0,0,0,0,0,0,RURAL NORTH VACAVILLE WATER DISTRICT,CWS,GW,GW,1313,398,other_water_systems
3394,CA4810015,0,0,0,0,0,0,0,0,0,0,TRAVIS AFB WTP - VALLEJO,CWS,SW,SW,3,1,other_water_systems
3395,CA4810019,0,0,0,0,0,0,0,0,0,0,NORTHBAY LOGISTICS CENTER FKA SAVEMART,NTNCWS,GW,GW,180,1,other_water_systems
3396,CA4810020,1,1,1,0,0,1,1,1,0,0,HINES NURSERIES WINTERS NORTH,NTNCWS,GW,GW,150,1,other_water_systems
3397,CA4810021,0,0,0,0,0,0,0,0,0,0,CITY OF VALLEJO-LAKES SYSTEM,CWS,SW,SW,2800,860,other_water_systems
3398,CA4810024,0,0,0,1,1,0,0,0,1,1,SID - BLUE RIDGE OAKS,CWS,SW,SWP,63,19,other_water_systems
3399,CA4810025,7,7,7,0,0,1,1,1,0,0,SID - PLEASANT HILLS RANCH,CWS,SW,SW,89,27,other_water_systems
3400,CA4810026,0,0,0,0,0,0,0,0,0,0,SID - PEABODY,CWS,SW,SWP,56,17,other_water_systems
3401,CA4810030,0,0,0,0,0,0,0,0,0,0,HARRIS MORAN SEED COMPANY,NTNCWS,GW,GW,64,5,other_water_systems
3402,CA4810033,0,0,0,0,0,0,0,0,0,0,HINES NURSERY WINTERS SOUTH,NTNCWS,GW,GW,100,1,other_water_systems
3403,CA4810038,0,0,0,0,0,0,0,0,0,0,CAYMUS CORDELIA WINERY,NTNCWS,GW,GW,75,1,other_water_systems
3404,CA4810040,0,0,0,0,0,0,0,0,0,0,EASTERLY WWTP - VACAVILLE,NTNCWS,GW,GW,70,1,other_water_systems
3405,CA4810043,0,0,0,0,0,0,0,0,0,0,GOTHAM GREENS,NTNCWS,GW,GW,60,1,other_water_systems
3406,CA4810701,0,0,0,0,0,0,0,0,0,0,CALIFORNIA WATER SERVICE CO.-TRAVIS AFB,CWS,SW,SWP,18111,1,other_water_systems
3407,CA4810800,0,0,0,0,0,0,0,0,0,0,CALIFORNIA STATE PRISON - SOLANO,CWS,SW,SW,5100,1,carceral_water_system
3408,CA4810801,0,0,0,0,0,0,0,0,0,0,DELTA CONSERVATION CAMP,CWS,GW,GW,65,4,carceral_water_system
3409,CA4900508,22,22,22,26,8,1,1,1,1,1,"CAZADERO WATER COMPANY, INC. (PUC)",CWS,SW,GU,250,159,other_water_systems
3410,CA4900510,0,0,0,1,1,0,0,0,1,1,SOUTH CLOVERDALE WATER COMPANY,CWS,GW,GW,90,39,other_water_systems
3411,CA4900512,0,0,0,2,2,0,0,0,1,1,HAPPY ACRES MUTUAL BENEFIT WATER SYSTEM,CWS,GW,GW,260,79,other_water_systems
3412,CA4900513,0,0,0,0,0,0,0,0,0,0,MADRONE MUTUAL WATER COMPANY,CWS,GW,GW,76,23,other_water_systems
3413,CA4900514,0,0,0,0,0,0,0,0,0,0,RANCHO DEL PARADISO-CAL WATER SVC (PUC),CWS,GW,GWP,96,58,other_water_systems
3414,CA4900521,0,0,0,1,1,0,0,0,1,1,GILL CREEK MUTUAL WATER COMPANY,CWS,GW,GW,290,92,other_water_systems
3415,CA4900532,5,5,5,2,2,1,1,1,1,1,SONOMA COUNTY CSA 41-JENNER,CWS,SW,SW,406,123,other_water_systems
3416,CA4900533,0,0,0,1,1,0,0,0,1,1,MORTON'S WARM SPRINGS / SONOMA SPRINGS,CWS,GW,GW,59,21,other_water_systems
3417,CA4900536,0,0,0,0,0,0,0,0,0,0,OCCIDENTAL COMMUNITY SERVICES DISTRICT,CWS,GW,GW,533,110,other_water_systems
3418,CA4900543,0,0,0,0,0,0,0,0,0,0,SONOMA COUNTY CSA 41-SALMON CREEK,CWS,SW,SW,427,99,other_water_systems
3419,CA4900545,2,2,1,1,0,1,1,1,1,0,"BRANGER MUTUAL WATER COMPANY, INC.",CWS,GW,GW,300,83,other_water_systems
3420,CA4900546,0,0,0,0,0,0,0,0,0,0,HAWKINS WATER CO-CAL WATER SERVICE (PUC),CWS,GW,GW,81,50,other_water_systems
3421,CA4900547,0,0,0,3,3,0,0,0,1,1,END-O-VALLEY MUTUAL WATER COMPANY,CWS,GW,GW,129,39,other_water_systems
3422,CA4900548,0,0,0,0,0,0,0,0,0,0,HOLLAND HEIGHTS MUTUAL WATER COMPANY,CWS,GW,GW,300,117,other_water_systems
3423,CA4900549,0,0,0,0,0,0,0,0,0,0,SONOMA COUNTY CSA 41-FREESTONE,CWS,SW,SW,290,26,other_water_systems
3424,CA4900551,0,0,0,2,2,0,0,0,1,1,MELITA HEIGHTS MUTUAL WATER COMPANY,CWS,GW,GW,64,25,other_water_systems
3425,CA4900552,0,0,0,1,0,0,0,0,1,0,MICHELE MUTUAL WATER COMPANY,CWS,GW,GW,93,38,other_water_systems
3426,CA4900553,2,2,2,0,0,1,1,1,0,0,PARK ROYAL MUTUAL WATER COMPANY,CWS,GW,GW,75,27,other_water_systems
3427,CA4900558,0,0,0,3,0,0,0,0,1,0,BELMONT TERRACE MUTUAL WATER COMPANY,CWS,GW,GW,287,87,other_water_systems
3428,CA4900559,0,0,0,0,0,0,0,0,0,0,FIRCREST MUTUAL WATER COMPANY,CWS,GW,GW,126,47,other_water_systems
3429,CA4900560,1,1,0,1,0,1,1,0,1,0,KELLY MUTUAL WATER COMPANY,CWS,GW,GW,135,41,other_water_systems
3430,CA4900561,0,0,0,0,0,0,0,0,0,0,WILLOWSIDE MUTUAL WATER COMPANY,CWS,GW,GW,448,160,other_water_systems
3431,CA4900562,1,1,0,1,0,1,1,0,1,0,DIAMOND A MUTUAL WATER COMPANY,CWS,GW,GW,422,194,other_water_systems
3432,CA4900563,0,0,0,4,4,0,0,0,1,1,MISSION HIGHLANDS MUTUAL WATER CO.,CWS,GW,GW,150,69,other_water_systems
3433,CA4900568,20,20,19,6,0,1,1,1,1,0,VALLEY FORD WATER ASSOCIATION,CWS,GW,GW,61,23,other_water_systems
3434,CA4900570,0,0,0,0,0,0,0,0,0,0,PALOMINO LAKES MUTUAL WATER CO.,CWS,GW,GW,300,111,other_water_systems
3435,CA4900573,0,0,0,1,1,0,0,0,1,1,WILSHIRE HEIGHTS MUTUAL WATER COMPANY,CWS,GW,GW,70,41,other_water_systems
3436,CA4900575,0,0,0,0,0,0,0,0,0,0,LOCH HAVEN MUTUAL WATER COMPANY,CWS,GW,GW,26,12,other_water_systems
3437,CA4900577,0,0,0,2,2,0,0,0,1,1,RIO LINDO ADVENTIST ACADEMY,CWS,SW,GU,308,55,other_water_systems
3438,CA4900578,0,0,0,0,0,0,0,0,0,0,CARMET BY THE SEA WATER COMPANY,CWS,SW,GU,288,64,other_water_systems
3439,CA4900580,0,0,0,1,1,0,0,0,1,1,SONOMA MOUNTAIN COUNTY WATER DISTRICT,CWS,GW,GW,181,56,other_water_systems
3440,CA4900582,0,0,0,0,0,0,0,0,0,0,LARKIN WOODS MUTUAL WATER COMPANY,CWS,SW,GU,34,18,other_water_systems
3441,CA4900584,1,1,1,3,3,1,1,1,1,1,TIMBER COVE COUNTY WATER DISTRICT,CWS,SW,SW,271,205,other_water_systems
3442,CA4900585,0,0,0,0,0,0,0,0,0,0,BENNETT RIDGE MUTUAL WATER COMPANY,CWS,GW,GW,446,135,other_water_systems
3443,CA4900587,0,0,0,0,0,0,0,0,0,0,BRAND WATER COMPANY,CWS,GW,GW,112,34,other_water_systems
3444,CA4900588,0,0,0,0,0,0,0,0,0,0,LAWNDALE MUTUAL WATER COMPANY,CWS,GW,GWP,218,62,other_water_systems
3445,CA4900599,1,1,0,9,8,1,1,0,1,1,RANDAL'S RANCHETTE MUTUAL WATER COMPANY,CWS,GW,GW,200,29,other_water_systems
3446,CA4900600,1,1,0,1,0,1,1,0,1,0,RINCON VALLEY MOBILE ESTATES,CWS,GW,GW,460,230,other_water_systems
3447,CA4900603,0,0,0,0,0,0,0,0,0,0,RIEBLI MUTUAL WATER COMPANY,CWS,GW,GW,150,47,other_water_systems
3448,CA4900605,0,0,0,0,0,0,0,0,0,0,MARK WEST ACRES MWC,CWS,GW,GW,61,22,other_water_systems
3449,CA4900608,12,12,12,1,1,1,1,1,1,1,SIX ACRES WATER COMPANY,CWS,SW,GU,66,22,other_water_systems
3450,CA4900611,0,0,0,0,0,0,0,0,0,0,RAINS CREEK WATER DISTRICT,CWS,GW,GW,208,63,other_water_systems
3451,CA4900612,0,0,0,0,0,0,0,0,0,0,HEIGHTS MUTUAL WATER COMPANY,CWS,GW,GW,363,110,other_water_systems
3452,CA4900620,0,0,0,9,5,0,0,0,1,1,AUSTIN ACRES MUTUAL WATER COMPANY,CWS,GW,GW,82,25,other_water_systems
3453,CA4900630,0,0,0,0,0,0,0,0,0,0,AUSTIN CREEK MUTUAL (SPRINGHILL),CWS,GW,GW,150,63,other_water_systems
3454,CA4900634,0,0,0,1,1,0,0,0,1,1,HUCKLEBERRY MUTUAL WATER COMPANY,CWS,GW,GW,45,29,other_water_systems
3455,CA4900637,4,4,4,0,0,1,1,1,0,0,MAGIC MOUNTAIN MUTUAL WATER COMPANY,CWS,GW,GW,150,67,other_water_systems
3456,CA4900639,4,4,4,3,3,1,1,1,1,1,REDWOOD HEIGHTS MUTUAL WATER COMPANY,CWS,GW,GW,30,18,other_water_systems
3457,CA4900640,81,81,81,0,0,1,1,1,0,0,SONOMA COUNTY MUTUAL WATER COMPANY,CWS,SW,GU,40,18,other_water_systems
3458,CA4900641,0,0,0,3,0,0,0,0,1,0,SUNRISE MOUNTAIN MUTUAL WATER COMPANY,CWS,GW,GW,100,51,other_water_systems
3459,CA4900644,2,2,2,0,0,1,1,1,0,0,BRIDGEHAVEN PARK,CWS,SW,SW,70,31,other_water_systems
3460,CA4900646,0,0,0,0,0,0,0,0,0,0,ALEXANDER VALLEY ACRES WATER COMPANY,CWS,GW,GW,27,16,other_water_systems
3461,CA4900647,0,0,0,0,0,0,0,0,0,0,SERENO DEL MAR WATER COMPANY (PUC),CWS,SW,SW,435,139,other_water_systems
3462,CA4900653,0,0,0,0,0,0,0,0,0,0,LONE PINE MUTUAL WATER COMPANY,CWS,GW,GW,60,28,other_water_systems
3463,CA4900660,0,0,0,0,0,0,0,0,0,0,YULUPA MUTUAL WATER COMPANY,CWS,GW,GW,200,59,other_water_systems
3464,CA4900665,0,0,0,4,1,0,0,0,1,1,RUSSIAN RIVER MUTUAL WATER CO.,CWS,GW,GW,84,31,other_water_systems
3465,CA4900667,0,0,0,1,1,0,0,0,1,1,COLLEGE PARK MUTUAL WATER COMPANY,CWS,GW,GW,237,72,other_water_systems
3466,CA4900669,0,0,0,0,0,0,0,0,0,0,WENDELL LANE MUTUAL WATER COMPANY,CWS,GW,GW,82,25,other_water_systems
3467,CA4900673,0,0,0,0,0,0,0,0,0,0,ATHENA TERRACE MUTUAL WATER COMPANY,CWS,GW,GW,50,23,other_water_systems
3468,CA4900674,0,0,0,0,0,0,0,0,0,0,PINE HILL TERRACE MOBILE HOME PARK,CWS,GW,GW,27,23,other_water_systems
3469,CA4900675,0,0,0,0,0,0,0,0,0,0,ROSELAND MOBILE HOME PARK,CWS,GW,GW,130,70,other_water_systems
3470,CA4900679,0,0,0,0,0,0,0,0,0,0,FORT ROSS SCHOOL DISTRICT,NTNCWS,GW,GW,100,2,other_water_systems
3471,CA4900680,0,0,0,0,0,0,0,0,0,0,HORICON SCHOOL,NTNCWS,SW,SW,100,4,other_water_systems
3472,CA4900687,0,0,0,0,0,0,0,0,0,0,BROOKWOOD MOBILE HOME PARK,CWS,GW,GW,400,202,other_water_systems
3473,CA4900693,0,0,0,0,0,0,0,0,0,0,BELLEVUE UNION SCH DIST-BELLEVUE SCHOOL,NTNCWS,GW,GW,591,2,other_water_systems
3474,CA4900694,3,0,0,0,0,1,0,0,0,0,WRIGHT ELEMENTARY SCHOOL,NTNCWS,GW,GW,500,11,other_water_systems
3475,CA4900695,1,1,0,1,0,1,1,0,1,0,NORTHWEST PREP CHARTER SCHOOL,NTNCWS,GW,GW,325,1,other_water_systems
3476,CA4900699,1,1,0,2,1,1,1,0,1,1,OLIVET ELEMENTARY SCHOOL,NTNCWS,GW,GW,400,6,other_water_systems
3477,CA4900702,0,0,0,0,0,0,0,0,0,0,PACIFIC CHRISTIAN ACADEMY,NTNCWS,GW,GW,35,1,other_water_systems
3478,CA4900703,1,1,0,1,0,1,1,0,1,0,OAK GROVE SCHOOL,NTNCWS,GW,GW,500,7,other_water_systems
3479,CA4900704,0,0,0,0,0,0,0,0,0,0,ALEXANDER VALLEY UNION SCHOOL DISTRICT,NTNCWS,GW,GW,200,5,other_water_systems
3480,CA4900705,1,1,0,2,1,1,1,0,1,1,GEYSERVILLE NEWTECH ACADEMY SCHOOL,NTNCWS,GW,GW,200,2,other_water_systems
3481,CA4900707,0,0,0,0,0,0,0,0,0,0,TWIN HILLS SCHOOL DIST-TWIN HILLS SCHOOL,NTNCWS,GW,GW,400,2,other_water_systems
3482,CA4900708,1,1,0,1,0,1,1,0,1,0,GRAVENSTEIN SCHOOL DISTRICT-GRAVENSTEIN,NTNCWS,GW,GW,398,7,other_water_systems
3483,CA4900710,0,0,0,0,0,0,0,0,0,0,TWIN HILLS SCHOOL DIST-APPLE BLOSSOM SCH,NTNCWS,GW,GW,400,1,other_water_systems
3484,CA4900711,1,1,0,1,0,1,1,0,1,0,GRAVENSTEIN SCHOOL DISTRICT-HILLCREST,NTNCWS,GW,GW,289,1,other_water_systems
3485,CA4900714,0,0,0,0,0,0,0,0,0,0,LIBERTY SCHOOL,NTNCWS,GW,GW,225,3,other_water_systems
3486,CA4900716,0,0,0,0,0,0,0,0,0,0,CINNABAR ELEMENTARY SCHOOL,NTNCWS,GW,GW,228,2,other_water_systems
3487,CA4900719,0,0,0,0,0,0,0,0,0,0,WEST SIDE UNION SCHOOL DISTRICT,NTNCWS,GW,GW,175,5,other_water_systems
3488,CA4900720,2,2,1,47,40,1,1,1,1,1,MOBILE HOME ESTATES,CWS,GW,GW,210,150,other_water_systems
3489,CA4900721,0,0,0,0,0,0,0,0,0,0,COLONIAL PARK,CWS,GW,GW,342,194,other_water_systems
3490,CA4900723,0,0,0,0,0,0,0,0,0,0,SHAMROCK MOBILE HOME PARK,CWS,GW,GW,188,127,other_water_systems
3491,CA4900728,0,0,0,0,0,0,0,0,0,0,EVERGREEN MOBILE ESTATES,CWS,GW,GW,75,23,other_water_systems
3492,CA4900736,0,0,0,0,0,0,0,0,0,0,CLEAR CREEK WATER COMPANY,CWS,GW,GW,40,19,other_water_systems
3493,CA4900739,1,1,0,1,0,1,1,0,1,0,DUNHAM SCHOOL,NTNCWS,GW,GW,175,3,other_water_systems
3494,CA4900748,0,0,0,0,0,0,0,0,0,0,CASINI RANCH CAMPGROUND,CWS,GW,GW,450,12,other_water_systems
3495,CA4900785,0,0,0,0,0,0,0,0,0,0,NOEL HEIGHTS-CAL WATER SERVICE (PUC),CWS,SW,GU,81,47,other_water_systems
3496,CA4900787,1,1,0,1,0,1,1,0,1,0,PLAZA MOBILE HOME PARK,CWS,GW,GW,125,71,other_water_systems
3497,CA4900789,0,0,0,0,0,0,0,0,0,0,BLUE SPRUCE MOBILE HOME PARK,CWS,GW,GW,90,56,other_water_systems
3498,CA4900791,1,1,0,1,0,1,1,0,1,0,WESTERN MOBILE HOME PARK,CWS,GW,GW,225,73,other_water_systems
3499,CA4900793,0,0,0,0,0,0,0,0,0,0,VINEHILL VISTAS MUTUAL WATER COMPANY,CWS,GW,GW,43,29,other_water_systems
3500,CA4900794,1,1,0,2,1,1,1,0,1,1,SUNSET PARK COMMUNITY,CWS,GW,GW,141,56,other_water_systems
3501,CA4900795,4,3,3,0,0,1,1,1,0,0,STONEGATE MOBILE HOME PARK,CWS,GW,GW,196,70,other_water_systems
3502,CA4900796,0,0,0,0,0,0,0,0,0,0,SANTA ROSA MOBILE ESTATES,CWS,GW,GW,420,141,other_water_systems
3503,CA4900797,0,0,0,0,0,0,0,0,0,0,NORTH STAR MOBILE HOME PARK,CWS,GW,GW,221,79,other_water_systems
3504,CA4900798,0,0,0,0,0,0,0,0,0,0,"MOUNTAIN VIEW MOBILE ESTATES, LLC",CWS,GW,GW,250,111,other_water_systems
3505,CA4900799,1,1,0,1,0,1,1,0,1,0,EL PORTAL MOBILE ESTATES,CWS,GW,GW,200,122,other_water_systems
3506,CA4900812,0,0,0,0,0,0,0,0,0,0,FRIEDMAN BROTHERS HARDWARE,NTNCWS,GW,GW,95,1,other_water_systems
3507,CA4900832,0,0,0,0,0,0,0,0,0,0,LEISURE MOBILE HOME PARK,CWS,GW,GW,410,183,other_water_systems
3508,CA4900843,1,1,0,1,0,1,1,0,1,0,SONOMA RANCH MUTUAL WATER COMPANY,CWS,GW,GW,151,54,other_water_systems
3509,CA4900844,1,1,0,1,0,1,1,0,1,0,FRANCIS COPPOLA WINERY,NTNCWS,GW,GW,222,4,other_water_systems
3510,CA4900846,0,0,0,0,0,0,0,0,0,0,ROLLING OAKS ROAD ASSOCIATION,CWS,GW,GW,25,16,other_water_systems
3511,CA4900850,1,1,1,1,0,1,1,1,1,0,BODEGA WATER COMPANY,CWS,SW,GU,77,38,other_water_systems
3512,CA4900859,0,0,0,0,0,0,0,0,0,0,SONOMA WEST HOLDINGS NORTH PLANT,NTNCWS,GW,GW,50,5,other_water_systems
3513,CA4900871,0,0,0,0,0,0,0,0,0,0,DE ANZA MOON VALLEY WATER COMPANY,CWS,GW,GW,691,247,other_water_systems
3514,CA4900875,0,0,0,2,2,0,0,0,1,1,KENWOOD VINEYARDS AND WINERY,NTNCWS,GW,GW,50,1,other_water_systems
3515,CA4900878,0,0,0,0,0,0,0,0,0,0,SANTA ROSA GOLF & COUNTRY CLUB,NTNCWS,GW,GW,250,1,other_water_systems
3516,CA4900892,0,0,0,0,0,0,0,0,0,0,SUMMIT VIEW RANCH MUTUAL WATER CO.,CWS,GW,GW,45,24,other_water_systems
3517,CA4900893,0,0,0,0,0,0,0,0,0,0,WEST WATER COMPANY (PUC),CWS,GW,GW,40,13,other_water_systems
3518,CA4900897,0,0,0,0,0,0,0,0,0,0,RODNEY STRONG VINEYARDS,NTNCWS,GW,GW,154,2,other_water_systems
3519,CA4900901,0,0,0,2,2,0,0,0,1,1,SOBRE VISTA WATER COMPANY,CWS,GW,GW,80,26,other_water_systems
3520,CA4900904,0,0,0,0,0,0,0,0,0,0,J VINEYARDS & WINERY,NTNCWS,GW,GW,75,2,other_water_systems
3521,CA4900905,1,1,0,1,0,1,1,0,1,0,MARK WEST MEADOWS MUTUAL WATER,CWS,GW,GW,25,15,other_water_systems
3522,CA4900907,0,0,0,0,0,0,0,0,0,0,SUMMERFIELD WALDORF SCHOOL,NTNCWS,GW,GW,301,13,other_water_systems
3523,CA4900909,0,0,0,0,0,0,0,0,0,0,CARNEROS DELI,NTNCWS,GW,GW,25,3,other_water_systems
3524,CA4900913,3,3,2,4,0,1,1,1,1,0,ROBIN WAY WATER SYSTEM,CWS,GW,GW,66,20,other_water_systems
3525,CA4900925,0,0,0,0,0,0,0,0,0,0,SEBASTIANI VINEYARDS,NTNCWS,GW,GW,157,9,other_water_systems
3526,CA4900935,1,1,0,1,0,1,1,0,1,0,VIRGINIA DARE WINERY,NTNCWS,GW,GW,51,9,other_water_systems
3527,CA4900943,0,0,0,7,2,0,0,0,1,1,ALLIANCE REDWOODS CONFERENCE GROUNDS,CWS,GW,GW,418,73,other_water_systems
3528,CA4900945,1,1,0,1,0,1,1,0,1,0,PRESENTATION SCHOOL,NTNCWS,GW,GW,200,4,other_water_systems
3529,CA4900957,0,0,0,3,3,0,0,0,1,1,FOLEY FAMILY WINES CHATEAU ST. JEAN,NTNCWS,GW,GW,125,2,other_water_systems
3530,CA4900973,1,1,0,1,0,1,1,0,1,0,GEORGE RANCH MUTUAL WATER COMPANY,CWS,GW,GW,148,54,other_water_systems
3531,CA4900999,0,0,0,1,1,0,0,0,1,1,KORBEL BROTHERS WINERY,NTNCWS,GW,GW,542,6,other_water_systems
3532,CA4901004,0,0,0,0,0,0,0,0,0,0,CALPINE (WEST FIELD OFFICE),NTNCWS,GW,GW,26,3,other_water_systems
3533,CA4901018,0,0,0,0,0,0,0,0,0,0,GUNDLACH BUNDSCHU WINERY,NTNCWS,GW,GW,150,4,other_water_systems
3534,CA4901028,0,0,0,0,0,0,0,0,0,0,GLORIA FERRER CAVES,NTNCWS,GW,GW,80,2,other_water_systems
3535,CA4901030,0,0,0,0,0,0,0,0,0,0,CALPINE (GEYSERS ADMINISTRATION CENTER),NTNCWS,SW,SW,150,2,other_water_systems
3536,CA4901046,1,1,1,0,0,1,1,1,0,0,TIMBER COVE INN,NTNCWS,GW,GW,38,3,other_water_systems
3537,CA4901061,0,0,0,3,0,0,0,0,1,0,SONOMA WAREHOUSING,NTNCWS,GW,GW,200,3,other_water_systems
3538,CA4901062,0,0,0,0,0,0,0,0,0,0,KINNYBROOK MUTUAL WATER COMPANY,CWS,GW,GW,48,23,other_water_systems
3539,CA4901071,0,0,0,0,0,0,0,0,0,0,BOULEVARD HEIGHTS MUTUAL WATER,CWS,GW,GW,60,18,other_water_systems
3540,CA4901080,0,0,0,4,3,0,0,0,1,1,SPEEDWAY SONOMA LLC,NTNCWS,SW,GU,33,17,other_water_systems
3541,CA4901084,0,0,0,0,0,0,0,0,0,0,JORDAN VINEYARD & WINERY,NTNCWS,GW,GW,75,6,other_water_systems
3542,CA4901095,0,0,0,8,8,0,0,0,1,1,WESTMINSTER WOODS CAMP,NTNCWS,SW,GU,167,20,other_water_systems
3543,CA4901118,1,1,0,2,1,1,1,0,1,1,"ANDY'S PRODUCE MARKET, INC.",NTNCWS,GW,GW,157,4,other_water_systems
3544,CA4901119,0,0,0,0,0,0,0,0,0,0,DRY CREEK VINEYARD,NTNCWS,GW,GW,50,6,other_water_systems
3545,CA4901120,1,1,0,1,0,1,1,0,1,0,RAM'S GATE WINERY,NTNCWS,GW,GW,145,1,other_water_systems
3546,CA4901129,0,0,0,0,0,0,0,0,0,0,VIANSA WINERY,NTNCWS,GW,GW,200,2,other_water_systems
3547,CA4901130,0,0,0,0,0,0,0,0,0,0,GRAVENSTEIN BUSINESS PARK,NTNCWS,GW,GW,50,2,other_water_systems
3548,CA4901141,0,0,0,4,4,0,0,0,1,1,OCCIDENTAL ARTS & ECOLOGY CENTER,NTNCWS,GW,GW,51,17,other_water_systems
3549,CA4901143,1,1,0,1,0,1,1,0,1,0,SENECA FAMILY OF AGENCIES,NTNCWS,GW,GW,30,5,other_water_systems
3550,CA4901144,0,0,0,0,0,0,0,0,0,0,BR COHN WINERY AND OLIVE CO,NTNCWS,GW,GW,155,7,other_water_systems
3551,CA4901147,0,0,0,0,0,0,0,0,0,0,"TRADITIONAL MEDICINALS, INC.",NTNCWS,GW,GW,120,2,other_water_systems
3552,CA4901152,0,0,0,0,0,0,0,0,0,0,GEYSERVILLE WINERY,NTNCWS,GW,GW,100,2,other_water_systems
3553,CA4901156,1,1,0,1,0,1,1,0,1,0,WILLOWSIDE SCHOOL,NTNCWS,GW,GW,460,5,other_water_systems
3554,CA4901161,0,0,0,0,0,0,0,0,0,0,"VINO FARMS, INC. - WASSON RANCH",NTNCWS,GW,GW,35,1,other_water_systems
3555,CA4901162,0,0,0,4,4,0,0,0,1,1,QUIVIRA VINEYARDS,NTNCWS,SW,GU,31,2,other_water_systems
3556,CA4901168,3,3,2,1,0,1,1,1,1,0,SALMON CREEK MIDDLE SCHOOL,NTNCWS,GW,GW,300,13,other_water_systems
3557,CA4901179,0,0,0,0,0,0,0,0,0,0,REDWOOD EMPIRE SAWMILL,NTNCWS,GW,GW,80,2,other_water_systems
3558,CA4901190,0,0,0,5,0,0,0,0,1,0,LIETO WATER SYSTEM (REACH CHARTR SCHOOL),NTNCWS,GW,GW,134,2,other_water_systems
3559,CA4901201,0,0,0,0,0,0,0,0,0,0,VINWOOD CELLARS PRODUCTION AREA,NTNCWS,GW,GW,80,3,other_water_systems
3560,CA4901202,1,1,0,4,0,1,1,0,1,0,FERRARI-CARANO WINERY,NTNCWS,GW,GW,95,3,other_water_systems
3561,CA4901203,0,0,0,0,0,0,0,0,0,0,ASTI WINERY,NTNCWS,SW,GU,98,4,other_water_systems
3562,CA4901204,0,0,0,0,0,0,0,0,0,0,BENZIGER FAMILY WINERY,NTNCWS,GW,GW,225,2,other_water_systems
3563,CA4901212,0,0,0,2,1,0,0,0,1,1,SONOMA COUNTY PUB WORKS-CENTRAL LANDFILL,NTNCWS,GW,GW,34,20,other_water_systems
3564,CA4901214,0,0,0,0,0,0,0,0,0,0,ADOBE CHRISTIAN CHURCH,NTNCWS,GW,GW,50,1,other_water_systems
3565,CA4901215,0,0,0,0,0,0,0,0,0,0,PLUMFIELD ACADEMY SCHOOL (OCCIDENTAL RD),NTNCWS,GW,GW,30,1,other_water_systems
3566,CA4901218,1,1,0,1,0,1,1,0,1,0,GROSKOPF WAREHOUSE & LOGISTICS,NTNCWS,GW,GW,60,4,other_water_systems
3567,CA4901221,0,0,0,0,0,0,0,0,0,0,GRATON MUTUAL (GREEN VALLEY HOA),CWS,GW,GW,50,16,other_water_systems
3568,CA4901225,0,0,0,0,0,0,0,0,0,0,THE RENTAL PLACE,NTNCWS,GW,GW,30,2,other_water_systems
3569,CA4901227,0,0,0,0,0,0,0,0,0,0,KUNDE ESTATE WINERY,NTNCWS,GW,GW,250,2,other_water_systems
3570,CA4901232,0,0,0,0,0,0,0,0,0,0,LA CREMA WINERY,NTNCWS,GW,GW,75,2,other_water_systems
3571,CA4901236,0,0,0,0,0,0,0,0,0,0,"VINO FARMS, INC. - PRESTON RANCH",NTNCWS,GW,GW,72,9,other_water_systems
3572,CA4901244,0,0,0,0,0,0,0,0,0,0,HUMANE SOCIETY OF SONOMA COUNTY,NTNCWS,GW,GW,37,3,other_water_systems
3573,CA4901246,0,0,0,0,0,0,0,0,0,0,DOWNTOWN GRATON MUTUAL WATER SYSTEM,CWS,GW,GW,110,24,other_water_systems
3574,CA4901247,0,0,0,3,0,0,0,0,1,0,CARNEROS WAREHOUSING,NTNCWS,GW,GW,50,1,other_water_systems
3575,CA4901248,0,0,0,0,0,0,0,0,0,0,MATANZAS CREEK WINERY,NTNCWS,GW,GW,139,7,other_water_systems
3576,CA4901250,0,0,0,0,0,0,0,0,0,0,SONOMA WEST HOLDINGS INDUSTRIAL PARK,NTNCWS,GW,GW,25,2,other_water_systems
3577,CA4901251,0,0,0,0,0,0,0,0,0,0,SAFARI WEST,NTNCWS,GW,GW,99,18,other_water_systems
3578,CA4901252,0,0,0,0,0,0,0,0,0,0,E & J GALLO WINERY-SONOMA,NTNCWS,GW,GW,124,10,other_water_systems
3579,CA4901254,0,0,0,0,0,0,0,0,0,0,KJ CARNEROS HILLS WINERY,NTNCWS,GW,GW,65,2,other_water_systems
3580,CA4901255,0,0,0,0,0,0,0,0,0,0,SAINT FRANCIS WINERY-WILD OAK VINEYARDS,NTNCWS,GW,GW,160,5,other_water_systems
3581,CA4901257,0,0,0,0,0,0,0,0,0,0,CAPITAL LUMBER COMPANY,NTNCWS,GW,GW,50,2,other_water_systems
3582,CA4901258,1,1,1,0,0,1,1,1,0,0,SONOMA LODGE,NTNCWS,GW,GW,300,2,other_water_systems
3583,CA4901259,0,0,0,0,0,0,0,0,0,0,STONESTREET WINERY,NTNCWS,GW,GW,90,2,other_water_systems
3584,CA4901262,0,0,0,0,0,0,0,0,0,0,TPWC DBA QUARRY LAKE WINERY,NTNCWS,GW,GW,26,1,other_water_systems
3585,CA4901264,2,2,2,0,0,1,1,1,0,0,RATNA LING RETREAT,NTNCWS,SW,SW,55,34,other_water_systems
3586,CA4901266,0,0,0,1,1,0,0,0,1,1,SEGHESIO FARMS,NTNCWS,GW,GW,38,1,other_water_systems
3587,CA4901267,0,0,0,0,0,0,0,0,0,0,TLC CHILD & FAMILY SERVICES,NTNCWS,GW,GW,35,8,other_water_systems
3588,CA4901273,1,1,0,1,0,1,1,0,1,0,"S & W WAREHOUSING, LLC",NTNCWS,GW,GW,50,4,other_water_systems
3589,CA4901277,0,0,0,2,2,0,0,0,1,1,BUCHER WATER COMPANY,NTNCWS,GW,GW,30,13,other_water_systems
3590,CA4901278,0,0,0,0,0,0,0,0,0,0,CLINE CELLARS,NTNCWS,GW,GW,500,8,other_water_systems
3591,CA4901282,0,0,0,0,0,0,0,0,0,0,"MANZANA PRODUCTS COMPANY, INC.",NTNCWS,GW,GW,175,4,other_water_systems
3592,CA4901297,0,0,0,0,0,0,0,0,0,0,PORT SONOMA MARINA,NTNCWS,GW,GW,65,7,other_water_systems
3593,CA4901309,0,0,0,0,0,0,0,0,0,0,HILTON MUTUAL WATER COMPANY,CWS,GW,GW,100,16,other_water_systems
3594,CA4901314,0,0,0,0,0,0,0,0,0,0,ODIYAN BUDDHIST RETREAT CENTER,CWS,GW,GW,35,8,other_water_systems
3595,CA4901324,0,0,0,0,0,0,0,0,0,0,FRITSCH INDUSTRIAL PARK,NTNCWS,GW,GW,36,1,other_water_systems
3596,CA4901330,0,0,0,0,0,0,0,0,0,0,MADRONA MANOR,NTNCWS,GW,GW,34,6,other_water_systems
3597,CA4901332,0,0,0,4,0,0,0,0,1,0,WINE COUNTRY IND PARK - BLDG C,NTNCWS,GW,GW,70,1,other_water_systems
3598,CA4901335,0,0,0,0,0,0,0,0,0,0,WILLIAMS SELYEM WINERY,NTNCWS,GW,GW,25,1,other_water_systems
3599,CA4901345,0,0,0,0,0,0,0,0,0,0,BUCKLEY FAMILY PARTNERSHIP,NTNCWS,GW,GW,30,1,other_water_systems
3600,CA4901346,0,0,0,2,2,0,0,0,1,1,DELORES LANE WATER SYSTEM,CWS,GW,GW,47,17,other_water_systems
3601,CA4901355,0,0,0,0,0,0,0,0,0,0,TERRACE VIEW WATER SYSTEM,CWS,GW,GW,60,16,other_water_systems
3602,CA4901362,0,0,0,0,0,0,0,0,0,0,STRIPE N SEAL,NTNCWS,GW,GW,26,1,other_water_systems
3603,CA4901365,0,0,0,0,0,0,0,0,0,0,MICHAEL LUCAS WATER SYSTEM,NTNCWS,GW,GW,25,1,other_water_systems
3604,CA4901366,1,1,0,2,1,1,1,0,1,1,LAURA CHENEL'S CHEVRE INC.,NTNCWS,GW,GW,50,2,other_water_systems
3605,CA4901368,0,0,0,0,0,0,0,0,0,0,GRATON COMMERCE CENTER,NTNCWS,GW,GW,70,1,other_water_systems
3606,CA4901370,0,0,0,0,0,0,0,0,0,0,SUTTER SANTA ROSA REGIONAL HOSPITAL,NTNCWS,GW,GW,1000,3,other_water_systems
3607,CA4901374,0,0,0,0,0,0,0,0,0,0,SILVER OAK WINE CELLARS LLC,NTNCWS,GW,GW,83,4,other_water_systems
3608,CA4901381,0,0,0,0,0,0,0,0,0,0,LICHAU HYLANDS MUTUAL WATER COMPANY,CWS,GW,GW,56,20,other_water_systems
3609,CA4901382,0,0,0,0,0,0,0,0,0,0,CHILDKIND LAGUNA PRESCHOOL,NTNCWS,GW,GW,42,2,other_water_systems
3610,CA4901390,0,0,0,0,0,0,0,0,0,0,CHALK HILL WINERY,NTNCWS,GW,GW,55,8,other_water_systems
3611,CA4901436,0,0,0,0,0,0,0,0,0,0,SEBASTOPOL CHARTER SCHOOL,NTNCWS,GW,GW,360,1,other_water_systems
3612,CA4901445,0,0,0,0,0,0,0,0,0,0,JAMES COURT WATER SYSTEM,CWS,GW,GW,205,40,other_water_systems
3613,CA4901446,0,0,0,5,0,0,0,0,1,0,SONOMA PACIFIC PALLET COMPANY,NTNCWS,GW,GW,25,1,other_water_systems
3614,CA4901454,1,1,0,4,0,1,1,0,1,0,"MAYACAMAS WAREHOUSE, LLC",NTNCWS,GW,GW,40,1,other_water_systems
3615,CA4901459,1,1,1,0,0,1,1,1,0,0,ROBERT YOUNG FAMILY LIMITED PARTNER,NTNCWS,GW,GW,71,7,other_water_systems
3616,CA4901471,0,0,0,0,0,0,0,0,0,0,DUTTON FARMWORKER HOUSING,NTNCWS,GW,GW,38,1,other_water_systems
3617,CA4901475,0,0,0,0,0,0,0,0,0,0,MYCOPIA LLC,NTNCWS,GW,GW,45,1,other_water_systems
3618,CA4910002,0,0,0,0,0,0,0,0,0,0,"CLOVERDALE, CITY OF",CWS,SW,GU,10557,3265,other_water_systems
3619,CA4910003,0,0,0,0,0,0,0,0,0,0,PENNGROVE WATER COMPANY (PUC),CWS,GW,GWP,1742,528,other_water_systems
3620,CA4910004,0,0,0,0,0,0,0,0,0,0,SWEETWATER SPRINGS CWD - GUERNEVILLE,CWS,GW,GW,6000,2612,other_water_systems
3621,CA4910005,0,0,0,0,0,0,0,0,0,0,"HEALDSBURG, CITY OF",CWS,SW,GU,10914,4612,other_water_systems
3622,CA4910006,0,0,0,0,0,0,0,0,0,0,"PETALUMA, CITY OF",CWS,GW,GW,60665,20401,other_water_systems
3623,CA4910007,1,1,0,2,1,1,1,0,1,1,"SEA RANCH WATER COMPANY,THE (PUC)",CWS,SW,SW,1160,1935,other_water_systems
3624,CA4910008,0,0,0,0,0,0,0,0,0,0,RUSSIAN RIVER COUNTY WATER DISTRICT,CWS,GW,GW,4150,1256,other_water_systems
3625,CA4910009,0,0,0,0,0,0,0,0,0,0,"SANTA ROSA, CITY OF",CWS,GW,GW,178177,53759,carceral_serving_water_system
3626,CA4910010,0,0,0,3,3,0,0,0,1,1,SONOMA COUNTY CSA 41-FITCH MOUNTAIN,CWS,GW,GWP,1265,339,other_water_systems
3627,CA4910011,0,0,0,0,0,0,0,0,0,0,"SEBASTOPOL, CITY OF",CWS,GW,GW,7522,2947,other_water_systems
3628,CA4910012,0,0,0,3,3,0,0,0,1,1,"SONOMA, CITY OF",CWS,GW,GW,11725,4343,other_water_systems
3629,CA4910013,0,0,0,0,0,0,0,0,0,0,VALLEY OF THE MOON WATER DISTRICT,CWS,GW,GW,23687,7048,other_water_systems
3630,CA4910014,0,0,0,2,2,0,0,0,1,1,"ROHNERT PARK, CITY OF",CWS,GW,GW,43693,10414,other_water_systems
3631,CA4910016,0,0,0,0,0,0,0,0,0,0,"COTATI, CITY OF",CWS,GW,GW,7360,2698,other_water_systems
3632,CA4910017,0,0,0,0,0,0,0,0,0,0,"WINDSOR, TOWN OF",CWS,GW,GW,25985,9081,carceral_serving_water_system
3633,CA4910018,0,0,0,0,0,0,0,0,0,0,ARMSTRONG VALLEY-CAL WATER SERVICE (PUC),CWS,GW,GW,475,280,other_water_systems
3634,CA4910019,0,0,0,5,0,0,0,0,1,0,FORESTVILLE WATER DISTRICT,CWS,GW,GWP,3291,1010,other_water_systems
3635,CA4910020,0,0,0,0,0,0,0,0,0,0,SONOMA COUNTY WATER AGENCY,CWS,GW,GW,0,165,other_water_systems
3636,CA4910021,0,0,0,0,0,0,0,0,0,0,BODEGA BAY PUBLIC UTILITY DISTRICT,CWS,GW,GW,1069,1153,other_water_systems
3637,CA4910022,0,0,0,0,0,0,0,0,0,0,CANON MANOR WATER SYSTEM,CWS,GW,GW,805,245,other_water_systems
3638,CA4910023,0,0,0,0,0,0,0,0,0,0,CALIFORNIA-AMERICAN LARKFIELD (PUC),CWS,GW,GW,7702,2334,other_water_systems
3639,CA4910024,0,0,0,0,0,0,0,0,0,0,CALIFORNIA-AMERICAN GEYSERVILLE (PUC),CWS,GW,GW,1013,307,other_water_systems
3640,CA4910025,0,0,0,0,0,0,0,0,0,0,KENWOOD VILLAGE WATER COMPANY (PUC),CWS,GW,GW,1013,309,other_water_systems
3641,CA4910026,0,0,0,0,0,0,0,0,0,0,ODD FELLOWS RECREATION CLUB,CWS,GW,GW,757,268,other_water_systems
3642,CA4910027,0,0,0,0,0,0,0,0,0,0,SONOMA STATE UNIVERSITY,CWS,GW,GW,10986,93,other_water_systems
3643,CA4910028,0,0,0,0,0,0,0,0,0,0,SWEETWATER SPRINGS CWD - MONTE RIO,CWS,GW,GW,3000,1081,other_water_systems
3644,CA4910029,0,0,0,0,0,0,0,0,0,0,CAMP MEEKER WATER SYSTEM,CWS,GW,GW,1171,356,other_water_systems
3645,CA4910701,1,1,0,6,0,1,1,0,1,0,U.S. COAST GUARD TRAINING CENTER,CWS,GW,GWP,1001,217,other_water_systems
3646,CA5000005,1,1,0,1,0,1,1,0,1,0,CROWS LANDING COMM SVC DISTRICT,CWS,GW,GW,500,138,other_water_systems
3647,CA5000008,0,0,0,0,0,0,0,0,0,0,KNIGHTS FERRY COMM. SVC. DIST.,CWS,SW,SW,168,67,other_water_systems
3648,CA5000010,0,0,0,0,0,0,0,0,0,0,TID/ LA GRANGE WATER SYSTEM,CWS,SW,SW,195,61,other_water_systems
3649,CA5000013,0,0,0,0,0,0,0,0,0,0,OID #45,CWS,GW,GW,144,51,other_water_systems
3650,CA5000014,0,0,0,4,0,0,0,0,1,0,OID #46 - SUNSET OAKS,CWS,GW,GW,269,79,other_water_systems
3651,CA5000015,0,0,0,0,0,0,0,0,0,0,OID #22 - WILLIAMS TRACT,CWS,GW,GW,150,53,other_water_systems
3652,CA5000016,0,0,0,0,0,0,0,0,0,0,OID #41 - MOUNTAIN VIEW,CWS,GW,GW,147,42,other_water_systems
3653,CA5000017,0,0,0,0,0,0,0,0,0,0,PARK HEIGHTS MUTUAL WATER CO,CWS,GW,GW,250,95,other_water_systems
3654,CA5000019,1,1,1,2,2,1,1,1,1,1,RIVERDALE PARK TRACT CSD,CWS,GW,GW,610,180,other_water_systems
3655,CA5000020,0,0,0,1,1,0,0,0,1,1,RIVER ROAD MUTUAL WATER COMPANY,CWS,GW,GW,26,8,other_water_systems
3656,CA5000033,30,30,30,0,0,1,1,1,0,0,COBLES CORNER,CWS,GW,GW,50,10,other_water_systems
3657,CA5000041,0,0,0,1,1,0,0,0,1,1,MAZE BLVD MOBILEHOME PARK,CWS,GW,GW,36,13,other_water_systems
3658,CA5000048,2,2,2,0,0,1,1,1,0,0,LAZY B MOBILEHOME PARK,CWS,GW,GW,125,49,other_water_systems
3659,CA5000049,0,0,0,0,0,0,0,0,0,0,LONE PINE MHP,CWS,GW,GW,64,32,other_water_systems
3660,CA5000054,0,0,0,0,0,0,0,0,0,0,MORNINGSIDE MOBILEHOME PARK,CWS,GW,GW,67,49,other_water_systems
3661,CA5000055,0,0,0,0,0,0,0,0,0,0,OLIVE LANE MOBILEHOME PARK,CWS,GW,GW,153,51,other_water_systems
3662,CA5000058,0,0,0,0,0,0,0,0,0,0,FISHERMAN'S BEND MHP,CWS,GW,GW,120,66,other_water_systems
3663,CA5000060,0,0,0,0,0,0,0,0,0,0,CASA DE AMIGOS MANUFACTURED HOUSING COMM,CWS,GW,GW,204,73,other_water_systems
3664,CA5000061,10,10,10,3,3,1,1,1,1,1,MARTIN'S MOBILE HOME COURT,CWS,GW,GW,60,20,other_water_systems
3665,CA5000067,0,0,0,0,0,0,0,0,0,0,TULLY MOBILE ESTATES,CWS,GW,GW,56,18,other_water_systems
3666,CA5000071,0,0,0,0,0,0,0,0,0,0,TWIN CYPRESS MOBILE HOME PARK,CWS,GW,GW,112,45,other_water_systems
3667,CA5000072,0,0,0,1,1,0,0,0,1,1,MULBERRY MHP,CWS,GW,GW,148,53,other_water_systems
3668,CA5000080,0,0,0,0,0,0,0,0,0,0,COUNTRY WESTERN MHRV,CWS,GW,GW,55,60,other_water_systems
3669,CA5000082,0,0,0,0,0,0,0,0,0,0,4N MOBILEHOME PARK,CWS,GW,GW,65,31,other_water_systems
3670,CA5000090,10,10,10,1,1,1,1,1,1,1,RIVERVIEW MOBILE HOME ESTATES,CWS,GW,GW,540,173,other_water_systems
3671,CA5000095,1,1,0,4,3,1,1,0,1,1,SUNRISE VILLAGE MHP,CWS,GW,GW,353,126,other_water_systems
3672,CA5000099,0,0,0,6,6,0,0,0,1,1,DEL RIO EAST HOA WATER SYSTEM,CWS,GW,GW,110,55,other_water_systems
3673,CA5000101,1,1,0,1,0,1,1,0,1,0,CHATOM SCHOOL (EH),NTNCWS,GW,GW,385,6,other_water_systems
3674,CA5000109,8,8,8,0,0,1,1,1,0,0,CERES UNIFIED/WESTPORT SCHOOL,NTNCWS,GW,GW,450,6,other_water_systems
3675,CA5000117,1,1,0,1,0,1,1,0,1,0,LAKEWOOD MEMORIAL PARK & FUNERAL HOME,NTNCWS,GW,GW,40,2,other_water_systems
3676,CA5000132,0,0,0,0,0,0,0,0,0,0,VALLEY HOME SCHOOL TEXAS,NTNCWS,GW,GW,80,1,other_water_systems
3677,CA5000133,0,0,0,0,0,0,0,0,0,0,HART- RANSOM UNION SCHOOL & DISTRICT,NTNCWS,GW,GW,650,9,other_water_systems
3678,CA5000141,0,0,0,1,1,0,0,0,1,1,LIBITZKY,NTNCWS,GW,GW,125,15,other_water_systems
3679,CA5000154,0,0,0,16,16,0,0,0,1,1,THE FRUIT YARD RESTAURANT,NTNCWS,GW,GW,118,4,other_water_systems
3680,CA5000155,0,0,0,0,0,0,0,0,0,0,ROBERTS FERRY SCHOOL CAFETERIA,NTNCWS,GW,GW,100,2,other_water_systems
3681,CA5000179,1,1,0,1,0,1,1,0,1,0,SCONZA CANDY COMPANY,NTNCWS,GW,GW,170,1,other_water_systems
3682,CA5000189,10,10,10,0,0,1,1,1,0,0,"NMIP FIRE & WATER SYSTEM, LLC",NTNCWS,GW,GW,300,24,other_water_systems
3683,CA5000202,0,0,0,0,0,0,0,0,0,0,JOE'S TRAVEL PLAZA (EH),NTNCWS,GW,GW,5026,12,other_water_systems
3684,CA5000211,1,1,0,1,0,1,1,0,1,0,RIVERBANK LRA,NTNCWS,GW,GW,156,24,other_water_systems
3685,CA5000218,17,17,17,1,1,1,1,1,1,1,COUNTRY VILLA APTS,CWS,GW,GW,60,23,other_water_systems
3686,CA5000237,0,0,0,1,1,0,0,0,1,1,NORTH OAKS MUTUAL WATER CO,CWS,GW,GW,234,78,other_water_systems
3687,CA5000249,14,14,14,7,7,1,1,1,1,1,STANISLAUS UNION SCHOOL DIST,NTNCWS,GW,GW,390,1,other_water_systems
3688,CA5000255,15,15,14,1,0,1,1,1,1,0,MOUNTAIN VIEW ELEMENTARY SCHOOL,NTNCWS,GW,GW,163,8,other_water_systems
3689,CA5000263,0,0,0,10,10,0,0,0,1,1,OASIS INVESTMENTS,CWS,GW,GW,75,31,other_water_systems
3690,CA5000273,6,6,6,0,0,1,1,1,0,0,GRATTON SCHOOL,NTNCWS,GW,GW,110,2,other_water_systems
3691,CA5000274,0,0,0,0,0,0,0,0,0,0,PARADISE SCHOOL,NTNCWS,GW,GW,218,4,other_water_systems
3692,CA5000277,0,0,0,0,0,0,0,0,0,0,VALLEY HOME SCHOOL PIONEER,NTNCWS,GW,GW,26,1,other_water_systems
3693,CA5000286,0,0,0,0,0,0,0,0,0,0,BRONCO WINERY,NTNCWS,GW,GW,500,15,other_water_systems
3694,CA5000295,13,13,13,1,1,1,1,1,1,1,SHILOH SCHOOL DISTRICT,NTNCWS,GW,GW,105,7,other_water_systems
3695,CA5000297,0,0,0,0,0,0,0,0,0,0,BUEHNER HOUSES,CWS,GW,GW,25,13,other_water_systems
3696,CA5000313,0,0,0,0,0,0,0,0,0,0,BUEHNER WATER SYSTEM,CWS,GW,GW,150,50,other_water_systems
3697,CA5000317,0,0,0,0,0,0,0,0,0,0,OID #51 - SUNSET OAKS #10,CWS,GW,GW,287,80,other_water_systems
3698,CA5000335,1,1,0,1,0,1,1,0,1,0,"BRETHREN HERITAGE SCHOOL, INC",NTNCWS,GW,GW,50,2,other_water_systems
3699,CA5000372,11,11,11,0,0,1,1,1,0,0,STORER TRANSPORTATION,NTNCWS,GW,GW,40,5,other_water_systems
3700,CA5000384,0,0,0,0,0,0,0,0,0,0,GREENLAW MODESTO INVESTORS LLC,NTNCWS,GW,GW,142,25,other_water_systems
3701,CA5000389,0,0,0,6,6,0,0,0,1,1,MONTEREY PARK TRACT CSD,CWS,GW,GWP,186,51,other_water_systems
3702,CA5000404,1,1,0,1,0,1,1,0,1,0,WOOD COLONY CHRISTIAN SCHOOL,NTNCWS,GW,GW,90,2,other_water_systems
3703,CA5000408,1,1,0,1,0,1,1,0,1,0,WESTLEY CSD,CWS,GW,GWP,70,35,other_water_systems
3704,CA5000411,26,26,26,6,6,1,1,1,1,1,MCHENRY BUSINESS PARK,NTNCWS,GW,GW,27,15,other_water_systems
3705,CA5000427,0,0,0,0,0,0,0,0,0,0,"REWORLD STANISLAUS, INC",NTNCWS,GW,GW,25,6,other_water_systems
3706,CA5000433,0,0,0,0,0,0,0,0,0,0,OID-OAKDALE RURAL WATER SYSTEM #1,CWS,GW,GW,1570,473,other_water_systems
3707,CA5000440,0,0,0,6,6,0,0,0,1,1,RAINBOW FARMS,NTNCWS,GW,GW,30,12,other_water_systems
3708,CA5000447,0,0,0,0,0,0,0,0,0,0,RIVER ROAD PLAZA,NTNCWS,GW,GW,25,6,other_water_systems
3709,CA5000454,2,2,2,0,0,1,1,1,0,0,PURINA MILLS INC,NTNCWS,GW,GW,25,1,other_water_systems
3710,CA5000465,27,27,27,1,1,1,1,1,1,1,DUARTE NURSERY INC WATER SYSTEM,NTNCWS,GW,GW,75,7,other_water_systems
3711,CA5000470,0,0,0,0,0,0,0,0,0,0,HUGHSON NUT COMPANY WATER SYSTEM,NTNCWS,GW,GW,80,3,other_water_systems
3712,CA5000473,0,0,0,0,0,0,0,0,0,0,EXCELL CENTER,NTNCWS,GW,GW,45,9,other_water_systems
3713,CA5000474,0,0,0,0,0,0,0,0,0,0,"STRATOS WAY WATER COMPANY, INC",NTNCWS,GW,GW,135,5,other_water_systems
3714,CA5000478,0,0,0,0,0,0,0,0,0,0,THE MORNING STAR COMPANY,NTNCWS,GW,GW,200,5,other_water_systems
3715,CA5000481,0,0,0,0,0,0,0,0,0,0,FOSTER FARMS-ELLENWOOD HATCHERY,NTNCWS,GW,GW,40,2,other_water_systems
3716,CA5000482,1,1,0,3,2,1,1,0,1,1,"CHEMURGIC AGRICULTURAL CHEMICALS, INC.",NTNCWS,GW,GW,42,7,other_water_systems
3717,CA5000494,0,0,0,0,0,0,0,0,0,0,TDS CALIFORNIA,NTNCWS,GW,GW,30,1,other_water_systems
3718,CA5000498,16,16,16,0,0,1,1,1,0,0,GOLDEN STATE PFT PROPERTIES LLC,NTNCWS,GW,GW,35,1,other_water_systems
3719,CA5000499,5,5,5,0,0,1,1,1,0,0,"RATTO BROS, INC",NTNCWS,GW,GW,100,2,other_water_systems
3720,CA5000517,0,0,0,0,0,0,0,0,0,0,"KIERNAN/MCHENRY WATER COMPANY, INC",NTNCWS,GW,GW,25,3,other_water_systems
3721,CA5000527,1,1,0,1,0,1,1,0,1,0,CALIFORNIA NUT COMPANY,NTNCWS,GW,GW,30,1,other_water_systems
3722,CA5000529,1,1,0,1,0,1,1,0,1,0,WEST COAST SAND & GRAVEL,NTNCWS,GW,GW,25,1,other_water_systems
3723,CA5000530,11,11,11,0,0,1,1,1,0,0,"FRAZIER NUT FARMS, INC.",NTNCWS,GW,GW,40,7,other_water_systems
3724,CA5000535,0,0,0,6,6,0,0,0,1,1,CHARITY WAY WATER SYSTEM,NTNCWS,GW,GW,25,10,other_water_systems
3725,CA5000548,0,0,0,0,0,0,0,0,0,0,MONTPELIER ORCHARDS (WATER),NTNCWS,GW,GW,25,3,other_water_systems
3726,CA5000552,14,14,14,0,0,1,1,1,0,0,KIERNAN BUSINESS CENTER,NTNCWS,GW,GW,120,18,other_water_systems
3727,CA5000554,17,17,17,6,6,1,1,1,1,1,HUGHSON NUT #2,NTNCWS,GW,GW,25,6,other_water_systems
3728,CA5000555,0,0,0,0,0,0,0,0,0,0,FRESH POINT (PIRANHA PRODUCE),NTNCWS,GW,GW,26,2,other_water_systems
3729,CA5000563,14,14,14,0,0,1,1,1,0,0,ELKS LODGE 1282,NTNCWS,GW,GW,25,2,other_water_systems
3730,CA5000565,13,13,13,1,1,1,1,1,1,1,STERLING INDUSTRIAL,NTNCWS,GW,GW,35,45,other_water_systems
3731,CA5000568,0,0,0,0,0,0,0,0,0,0,GREGORI HIGH SCHOOL,NTNCWS,GW,GW,2000,9,other_water_systems
3732,CA5000573,0,0,0,0,0,0,0,0,0,0,5033 PENTECOST,NTNCWS,GW,GW,302,2,other_water_systems
3733,CA5000574,15,15,15,0,0,1,1,1,0,0,EASTIN,NTNCWS,GW,GW,26,10,other_water_systems
3734,CA5000579,0,0,0,0,0,0,0,0,0,0,FOSTER FARMS #5,CWS,GW,GW,26,10,other_water_systems
3735,CA5000580,1,1,0,1,0,1,1,0,1,0,GROVER LANDSCAPE WATER SYSTEM,NTNCWS,GW,GW,125,2,other_water_systems
3736,CA5000581,0,0,0,0,0,0,0,0,0,0,PIONEER EQUINE HOSPITAL WATER SYSTEM,NTNCWS,GW,GW,25,1,other_water_systems
3737,CA5000584,0,0,0,0,0,0,0,0,0,0,MESA ELEMENTARY SCHOOL,NTNCWS,GW,GW,860,5,other_water_systems
3738,CA5000588,0,0,0,12,12,0,0,0,1,1,AT&T WATER SYSTEM,NTNCWS,GW,GW,80,3,other_water_systems
3739,CA5000590,0,0,0,0,0,0,0,0,0,0,CEBRO FROZEN FOODS (EH),NTNCWS,GW,GW,25,3,other_water_systems
3740,CA5000592,0,0,0,0,0,0,0,0,0,0,MID VALLEY AG,NTNCWS,GW,GW,25,2,other_water_systems
3741,CA5000593,0,0,0,0,0,0,0,0,0,0,RBVON,NTNCWS,GW,GW,50,2,other_water_systems
3742,CA5000595,0,0,0,0,0,0,0,0,0,0,LANDER VETERINARY CLINIC,NTNCWS,GW,GW,27,1,other_water_systems
3743,CA5000596,0,0,0,0,0,0,0,0,0,0,GROWERS DIRECT NUT COMPANY,NTNCWS,GW,GW,25,5,other_water_systems
3744,CA5000599,0,0,0,10,10,0,0,0,1,1,DARLING INGREDIENTS TURLOCK,NTNCWS,GW,GW,43,1,other_water_systems
3745,CA5000600,22,22,21,5,4,1,1,1,1,1,MID VALLEY NUT CO,NTNCWS,GW,GW,60,5,other_water_systems
3746,CA5000603,0,0,0,4,3,0,0,0,1,1,MONTE VISTA FARMING,NTNCWS,GW,GW,188,8,other_water_systems
3747,CA5010005,0,0,0,0,0,0,0,0,0,0,CITY OF MODESTO - SALIDA,CWS,GW,GW,14537,4416,other_water_systems
3748,CA5010006,0,0,0,0,0,0,0,0,0,0,CITY OF WATERFORD,CWS,GW,GW,8788,2174,other_water_systems
3749,CA5010007,4,4,4,0,0,1,1,1,0,0,HILLSVIEW HOMES,CWS,GW,GW,887,230,other_water_systems
3750,CA5010008,42,42,41,1,0,1,1,1,1,0,"HUGHSON, CITY OF",CWS,GW,GW,7481,2236,other_water_systems
3751,CA5010009,20,20,20,2,1,1,1,1,1,1,KEYES COMMUNITY SERVICES DIST.,CWS,GW,GW,5672,1436,other_water_systems
3752,CA5010010,1,1,0,1,0,1,1,0,1,0,"MODESTO, CITY OF",CWS,SW,SWP,218771,70586,carceral_serving_water_system
3753,CA5010013,0,0,0,1,1,0,0,0,1,1,CITY OF NEWMAN-WATER DEPARTMENT,CWS,GW,GW,12351,3792,other_water_systems
3754,CA5010014,1,1,0,1,0,1,1,0,1,0,"OAKDALE, CITY OF",CWS,GW,GW,23235,8335,other_water_systems
3755,CA5010017,0,0,0,0,0,0,0,0,0,0,"PATTERSON, CITY OF",CWS,GW,GW,23304,7109,other_water_systems
3756,CA5010018,1,1,1,0,0,1,1,1,0,0,"RIVERBANK, CITY OF",CWS,GW,GW,24834,7191,other_water_systems
3757,CA5010019,12,12,12,0,0,1,1,1,0,0,"TURLOCK, CITY OF",CWS,SW,SWP,72682,19332,other_water_systems
3758,CA5010021,1,1,1,0,0,1,1,1,0,0,DENAIR COMMUNITY SERVICES DISTRICT,CWS,GW,GW,5078,1709,other_water_systems
3759,CA5010023,0,0,0,0,0,0,0,0,0,0,CITY OF MODESTO - SOUTH TURLOCK,CWS,GW,GW,1099,333,other_water_systems
3760,CA5010026,0,0,0,0,0,0,0,0,0,0,WATERFORD - HICKMAN,CWS,GW,GW,597,183,other_water_systems
3761,CA5010028,21,21,20,1,0,1,1,1,1,0,"CERES, CITY OF",CWS,SW,SWP,54513,11881,other_water_systems
3762,CA5010029,0,0,0,0,0,0,0,0,0,0,CITY OF MODESTO - DEL RIO,CWS,GW,GW,1327,407,other_water_systems
3763,CA5010031,0,0,0,0,0,0,0,0,0,0,CITY OF MODESTO - WALNUT MANOR,CWS,GW,GW,175,53,other_water_systems
3764,CA5010033,0,0,0,0,0,0,0,0,0,0,CITY OF MODESTO - GRAYSON,CWS,GW,GW,914,277,other_water_systems
3765,CA5010034,0,0,0,0,0,0,0,0,0,0,CITY OF MODESTO - NORTH TURLOCK,CWS,GW,GW,172,52,other_water_systems
3766,CA5010035,0,0,0,0,0,0,0,0,0,0,CITY OF MODESTO - CENTRAL TURLOCK,CWS,GW,GWP,119,36,other_water_systems
3767,CA5010038,0,0,0,0,0,0,0,0,0,0,MODESTO IRRIGATION DISTRICT,CWS,SW,SW,18,2,other_water_systems
3768,CA5010039,1,1,1,0,0,1,1,1,0,0,WESTERN HILLS WATER DISTRICT/DIABLO GRAN,CWS,SW,SW,2000,596,other_water_systems
3769,CA5010040,0,0,0,0,0,0,0,0,0,0,SOUTH SAN JOAQUIN IRRIGATION DISTRICT,CWS,SW,SW,0,8,other_water_systems
3770,CA5010042,0,0,0,0,0,0,0,0,0,0,WATERFORD-RIVER POINTE,CWS,GW,GW,1079,339,other_water_systems
3771,CA5010043,0,0,0,0,0,0,0,0,0,0,STANISLAUS REGIONAL WATER AUTHORITY,CWS,SW,SW,0,3,other_water_systems
3772,CA5010044,1,1,0,1,0,1,1,0,1,0,JENNINGS WWTP,NTNCWS,GW,GW,30,3,other_water_systems
3773,CA5100107,11,5,5,2,2,1,1,1,1,1,GOLDEN STATE WATER CO. - ROBBINS,CWS,GW,GW,210,87,other_water_systems
3774,CA5100112,1,1,1,0,0,1,1,1,0,0,TIERRA BUENA MHP #1,CWS,GW,GW,50,17,other_water_systems
3775,CA5100125,2,1,1,1,1,1,1,1,1,1,HARMONY VILLAGE,CWS,GW,GW,25,1,other_water_systems
3776,CA5100136,0,0,0,1,1,0,0,0,1,1,EAST NICOLAUS JOINT UNION HIGH SCHOOL,NTNCWS,GW,GW,330,1,other_water_systems
3777,CA5100138,3,3,3,0,0,1,1,1,0,0,BROWNS ELEMENTARY SCHOOL,NTNCWS,GW,GW,160,1,other_water_systems
3778,CA5100140,0,0,0,0,0,0,0,0,0,0,MARCUM ILLINOIS ELEMENTARY SCHOOL,NTNCWS,GW,GW,185,7,other_water_systems
3779,CA5100141,1,1,1,1,1,1,1,1,1,1,MERIDIAN ELEMENTARY SCHOOL,NTNCWS,GW,GW,100,2,other_water_systems
3780,CA5100142,0,0,0,0,0,0,0,0,0,0,NUESTRO SCHOOL,NTNCWS,GW,GW,120,1,other_water_systems
3781,CA5100143,0,0,0,4,4,0,0,0,1,1,PLEASANT GROVE ELEM. SCHOOL,NTNCWS,GW,GW,177,1,other_water_systems
3782,CA5100153,0,0,0,0,0,0,0,0,0,0,HOLT OF CALIFORNIA,NTNCWS,GW,GW,144,1,other_water_systems
3783,CA5100172,0,0,0,1,1,0,0,0,1,1,ENCINAL ELEMENTARY SCHOOL,NTNCWS,GW,GW,128,1,other_water_systems
3784,CA5101009,0,0,0,0,0,0,0,0,0,0,WILDEWOOD EAST MUTUAL,CWS,GW,GW,350,48,other_water_systems
3785,CA5102009,0,0,0,1,1,0,0,0,1,1,CHURCH OF GLAD TIDINGS,NTNCWS,GW,GW,878,2,other_water_systems
3786,CA5102025,0,0,0,1,1,0,0,0,1,1,YUBA APARTMENT HOMES,CWS,GW,GW,40,13,other_water_systems
3787,CA5102032,0,0,0,3,3,0,0,0,1,1,DWR-SUTTER MAINTENANCE YARD,NTNCWS,GW,GW,38,1,other_water_systems
3788,CA5103015,0,0,0,0,0,0,0,0,0,0,SIERRA GOLD NURSERIES,NTNCWS,GW,GW,100,1,other_water_systems
3789,CA5103335,0,0,0,3,3,0,0,0,1,1,LIVE OAK CHILD CARE CENTER,NTNCWS,GW,GW,88,2,other_water_systems
3790,CA5105004,0,0,0,0,0,0,0,0,0,0,"SYSCO FOOD SERVICES OF SACRAMENTO, INC.",NTNCWS,GW,GW,300,1,other_water_systems
3791,CA5105011,0,0,0,3,3,0,0,0,1,1,COE ORCHARD EQUIPMENT,NTNCWS,GW,GW,90,2,other_water_systems
3792,CA5105013,0,0,0,0,0,0,0,0,0,0,CSP LABS & MICRO PARADOX,NTNCWS,GW,GW,95,2,other_water_systems
3793,CA5105014,0,0,0,0,0,0,0,0,0,0,HOLT 7518,NTNCWS,GW,GW,25,1,other_water_systems
3794,CA5110001,0,0,0,0,0,0,0,0,0,0,CITY OF LIVE OAK,CWS,GW,GW,9285,2503,other_water_systems
3795,CA5110002,0,0,0,0,0,0,0,0,0,0,CITY OF YUBA CITY,CWS,SW,SW,70256,18867,carceral_serving_water_system
3796,CA5110007,0,0,0,0,0,0,0,0,0,0,SUTTER COMMUNITY S.D.,CWS,GW,GW,2904,1120,other_water_systems
3797,CA5200006,1,1,0,1,0,1,1,0,1,0,WAL*MART DIST. CTR/ECO RES,NTNCWS,GW,GW,1023,1,other_water_systems
3798,CA5200007,1,1,0,1,0,1,1,0,1,0,HOWELL'S LAKESIDE WATER CO.,CWS,GW,GW,75,55,other_water_systems
3799,CA5200008,1,1,0,1,0,1,1,0,1,0,BREESE SUBDIVISION 2,CWS,GW,GW,75,30,other_water_systems
3800,CA5200010,1,1,0,1,0,1,1,0,1,0,WOODSON BRIDGE RV PARK,CWS,GW,GW,45,46,other_water_systems
3801,CA5200012,1,1,0,1,0,1,1,0,1,0,VISTA GRANDE WATER SYSTEM,CWS,GW,GW,468,134,other_water_systems
3802,CA5200013,0,0,0,1,1,0,0,0,1,1,WOMACK SUBDIVISION M.W.C.,CWS,GW,GW,40,16,other_water_systems
3803,CA5200014,0,0,0,0,0,0,0,0,0,0,WILSON ACRES MUTUAL WATER,CWS,GW,GW,75,28,other_water_systems
3804,CA5200015,1,1,0,1,0,1,1,0,1,0,"CRAIN WALNUT SHELLING, INC.",NTNCWS,GW,GW,167,8,other_water_systems
3805,CA5200255,1,1,0,1,0,1,1,0,1,0,CORNING RV PARK,CWS,GW,GW,112,40,other_water_systems
3806,CA5200500,0,0,0,0,0,0,0,0,0,0,REEDS CREEK ESTATES,CWS,GW,GW,70,25,other_water_systems
3807,CA5200502,1,1,0,1,0,1,1,0,1,0,LAS FLORES WATER WORKS,CWS,GW,GW,191,54,other_water_systems
3808,CA5200503,1,1,0,1,0,1,1,0,1,0,MINERAL COUNTY WATER DISTRICT,CWS,SW,SW,634,192,other_water_systems
3809,CA5200504,0,0,0,2,2,0,0,0,1,1,CITY OF TEHAMA,CWS,GW,GW,483,197,other_water_systems
3810,CA5200506,1,1,0,1,0,1,1,0,1,0,PLUM VALLEY ELEM SCHOOL (NEW SCHOOL),NTNCWS,GW,GW,70,1,other_water_systems
3811,CA5200507,1,1,0,1,0,1,1,0,1,0,BERRENDOS SCHOOL,NTNCWS,GW,GW,325,4,other_water_systems
3812,CA5200508,0,0,0,3,3,0,0,0,1,1,RIO VISTA MOBILE HOME PARK,CWS,GW,GW,543,195,other_water_systems
3813,CA5200510,1,1,0,2,1,1,1,0,1,1,RIVER RANCH MOBILE HOME PARK,CWS,GW,GW,305,109,other_water_systems
3814,CA5200511,0,0,0,3,3,0,0,0,1,1,BEND ELEMENTARY SCHOOL,NTNCWS,GW,GW,100,4,other_water_systems
3815,CA5200512,0,0,0,0,0,0,0,0,0,0,BEND MOBILEHOME & RV PARK,CWS,GW,GW,99,42,other_water_systems
3816,CA5200513,0,0,0,0,0,0,0,0,0,0,EVERGREEN UNION SCHOOL DISTRICT,NTNCWS,GW,GW,1100,8,other_water_systems
3817,CA5200514,0,0,0,0,0,0,0,0,0,0,GOLDEN ACRES TRAILER PARK,CWS,GW,GW,45,16,other_water_systems
3818,CA5200518,1,1,0,1,0,1,1,0,1,0,FLOURNOY SCHOOL,NTNCWS,GW,GW,32,2,other_water_systems
3819,CA5200519,1,1,0,1,0,1,1,0,1,0,GERBER UNION ELEMENTARY SCHOOL DISTRICT,NTNCWS,GW,GW,625,1,other_water_systems
3820,CA5200520,0,0,0,0,0,0,0,0,0,0,KIRKWOOD ELEMENTARY SCHOOL,NTNCWS,GW,GW,111,4,other_water_systems
3821,CA5200521,0,0,0,0,0,0,0,0,0,0,ANTELOPE CREEK MHP,CWS,GW,GW,175,60,other_water_systems
3822,CA5200524,1,1,0,1,0,1,1,0,1,0,CALVARY CHAPEL OF RED BLUFF,NTNCWS,GW,GW,110,1,other_water_systems
3823,CA5200525,0,0,0,0,0,0,0,0,0,0,NORTH VALLEY SERVICES,NTNCWS,GW,GW,43,1,other_water_systems
3824,CA5200526,1,1,0,3,2,1,1,0,1,1,HIDDEN HARBOR MARINA & RVP,CWS,GW,GW,70,70,other_water_systems
3825,CA5200527,1,1,0,1,0,1,1,0,1,0,HUNTER'S FISHING RESORT,CWS,GW,GW,50,47,other_water_systems
3826,CA5200529,1,1,0,1,0,1,1,0,1,0,DESOTEC US LLC,NTNCWS,GW,GW,33,3,other_water_systems
3827,CA5200531,1,1,0,3,2,1,1,0,1,1,RIVERSIDE CROSSING MHP,CWS,GW,GW,104,40,other_water_systems
3828,CA5200534,14,14,14,0,0,1,1,1,0,0,PASKENTA COMM. SERVICES DIST.,CWS,SW,SW,237,72,other_water_systems
3829,CA5200535,1,1,0,2,1,1,1,0,1,1,LIVE OAK ACRES MWC INC.,CWS,GW,GW,80,40,other_water_systems
3830,CA5200538,1,1,0,1,0,1,1,0,1,0,LASSEN VIEW UNION ELEMENTARY SCHOOL DIST,NTNCWS,GW,GW,350,4,other_water_systems
3831,CA5200539,1,1,0,2,1,1,1,0,1,1,FRIENDLY ACRES MHP,CWS,GW,GW,75,51,other_water_systems
3832,CA5200540,0,0,0,0,0,0,0,0,0,0,REEDS CREEK SCHOOL,NTNCWS,GW,GW,196,7,other_water_systems
3833,CA5200541,0,0,0,0,0,0,0,0,0,0,E HEADSTART,NTNCWS,GW,GW,220,3,other_water_systems
3834,CA5200544,1,1,0,1,0,1,1,0,1,0,VINA ELEMENTARY SCHOOL,NTNCWS,GW,GW,90,2,other_water_systems
3835,CA5200545,1,1,0,7,6,1,1,0,1,1,MODERN VILLAGE MWC,CWS,GW,GW,85,19,other_water_systems
3836,CA5200546,1,1,0,2,1,1,1,0,1,1,NEW MEADOWS,CWS,GW,GW,70,24,other_water_systems
3837,CA5200547,0,0,0,0,0,0,0,0,0,0,GATEWAY MOBILE HOME PARK,CWS,GW,GW,103,32,other_water_systems
3838,CA5200548,1,1,0,1,0,1,1,0,1,0,LASSEN VIEW WATER DISTRICT,CWS,GW,GW,85,30,other_water_systems
3839,CA5200551,1,1,0,2,1,1,1,0,1,1,WOODSON BRIDGE MHP,CWS,GW,GW,158,105,other_water_systems
3840,CA5200555,0,0,0,0,0,0,0,0,0,0,RIO RANCH COMMUNITY SVCS DIST,CWS,GW,GW,44,31,other_water_systems
3841,CA5200556,1,1,0,1,0,1,1,0,1,0,MAYWOOD MOBILE HOME PARK,CWS,GW,GW,140,50,other_water_systems
3842,CA5200558,0,0,0,0,0,0,0,0,0,0,RIVER VIEW MHC LLC,CWS,GW,GW,100,55,other_water_systems
3843,CA5200559,0,0,0,0,0,0,0,0,0,0,ABBEY OF NEW CLAIRVAUX,CWS,GW,GW,63,24,other_water_systems
3844,CA5200560,1,1,0,1,0,1,1,0,1,0,MIRA MONTE WATER CO.,CWS,GW,GW,145,44,other_water_systems
3845,CA5200562,1,1,0,3,2,1,1,0,1,1,SKY VIEW COUNTY WATER,CWS,GW,GW,412,125,other_water_systems
3846,CA5200565,0,0,0,0,0,0,0,0,0,0,RICHFIELD ELEMENTARY SCHOOL,NTNCWS,GW,GW,280,9,other_water_systems
3847,CA5200570,1,1,0,1,0,1,1,0,1,0,SURREY VILLAGE WATER CO. INC.,CWS,GW,GW,163,73,other_water_systems
3848,CA5200571,1,1,0,1,0,1,1,0,1,0,MOUNTAIN VALLEY APTS & RVP,CWS,GW,GW,131,47,other_water_systems
3849,CA5200574,0,0,0,0,0,0,0,0,0,0,DEL ORO WC - LARKSPUR MEADOWS,CWS,GW,GW,109,33,other_water_systems
3850,CA5200575,0,0,0,0,0,0,0,0,0,0,RANCHO COLORADO WS,CWS,GW,GW,36,12,other_water_systems
3851,CA5200584,1,1,0,7,6,1,1,0,1,1,LITTLE AVENUE WATER SYSTEM,CWS,GW,GW,53,16,other_water_systems
3852,CA5200588,0,0,0,2,2,0,0,0,1,1,JUANITA COURT MUTUAL WATER,CWS,GW,GW,27,14,other_water_systems
3853,CA5200626,1,1,0,2,1,1,1,0,1,1,REYNOLDS CONSUMER PRODUCTS  (RED BLUFF),NTNCWS,GW,GW,150,1,other_water_systems
3854,CA5200645,1,1,0,1,0,1,1,0,1,0,SADDLEBACK MUTUAL WATER CO.,CWS,GW,GW,90,38,other_water_systems
3855,CA5200655,0,0,0,0,0,0,0,0,0,0,PACIFIC WOODTECH,NTNCWS,GW,GW,64,4,other_water_systems
3856,CA5200657,0,0,0,4,4,0,0,0,1,1,NORCAL WATER WORKS,CWS,GW,GW,45,17,other_water_systems
3857,CA5200802,0,0,0,0,0,0,0,0,0,0,ECO SHELL,NTNCWS,GW,GW,60,1,other_water_systems
3858,CA5200809,1,1,0,1,0,1,1,0,1,0,CALIFORNIA WALNUTS,NTNCWS,GW,GW,30,5,other_water_systems
3859,CA5200810,1,1,0,1,0,1,1,0,1,0,ANDERSEN AND SONS SHELLING,NTNCWS,GW,GW,140,4,other_water_systems
3860,CA5200864,1,1,0,1,0,1,1,0,1,0,R-WILD HORSE RANCH,CWS,GW,GW,1055,30,other_water_systems
3861,CA5201055,0,0,0,0,0,0,0,0,0,0,SIERRA PACIFIC INDUSTRIES - RICHFIELD,NTNCWS,GW,GW,350,4,other_water_systems
3862,CA5201057,0,0,0,0,0,0,0,0,0,0,SIERRA PACIFIC INDUSTRIES - RED BLUFF MI,NTNCWS,GW,GW,450,5,other_water_systems
3863,CA5201140,1,1,0,1,0,1,1,0,1,0,ANTOINETTE MUTUAL WATER CO,CWS,GW,GW,25,12,other_water_systems
3864,CA5201143,0,0,0,0,0,0,0,0,0,0,SIERRA PACIFIC INDUSTRIES - WINDOWS,NTNCWS,GW,GW,350,4,other_water_systems
3865,CA5201147,0,0,0,0,0,0,0,0,0,0,GOLDEN MEADOWS CSD,CWS,GW,GW,102,49,other_water_systems
3866,CA5205006,0,0,0,0,0,0,0,0,0,0,CALTRANS-COTTONWOOD TRUCK INSP. FAC.,NTNCWS,GW,GW,35,1,other_water_systems
3867,CA5205007,0,0,0,0,0,0,0,0,0,0,RANCHO TEHAMA ELEM SCHOOL,NTNCWS,GW,GW,90,5,other_water_systems
3868,CA5205009,0,0,0,2,2,0,0,0,1,1,RED BLUFF FISH & WILDLIFE OFFICE,NTNCWS,GW,GW,25,8,other_water_systems
3869,CA5210001,0,0,0,2,2,0,0,0,1,1,CITY OF CORNING,CWS,GW,GW,8244,2436,other_water_systems
3870,CA5210002,0,0,0,3,3,0,0,0,1,1,GERBER LAS FLORES CSD,CWS,GW,GW,1200,400,other_water_systems
3871,CA5210003,1,1,1,0,0,1,1,1,0,0,LOS MOLINOS COMM. SERVICES DIST.,CWS,GW,GW,1450,373,other_water_systems
3872,CA5210004,0,0,0,2,2,0,0,0,1,1,CITY OF RED BLUFF,CWS,GW,GW,14076,4853,carceral_serving_water_system
3873,CA5210005,0,0,0,0,0,0,0,0,0,0,RIO ALTO WATER DISTRICT,CWS,GW,GW,3329,1418,other_water_systems
3874,CA5210503,0,0,0,6,6,0,0,0,1,1,LASSEN VNP - HEADQUARTERS,NTNCWS,SW,SW,69,33,other_water_systems
3875,CA5210800,0,0,0,3,3,0,0,0,1,1,CAL FIRE - ISHI CONSERVATION CAMP,NTNCWS,GW,GW,135,1,carceral_serving_water_system
3876,CA5210801,0,0,0,5,5,0,0,0,1,1,CAL FIRE - SALT CREEK CONSERVATION CAMP,NTNCWS,SW,SW,130,1,carceral_serving_water_system
3877,CA5301001,1,1,0,5,3,1,1,0,1,1,BUCKTAIL MUTUAL WATER COMPANY,CWS,GW,GW,42,42,other_water_systems
3878,CA5301002,1,1,1,1,0,1,1,1,1,0,LEWISTON COMMUNITY SERVICES DISTRICT,CWS,SW,SW,701,235,other_water_systems
3879,CA5301008,1,1,0,5,4,1,1,0,1,1,PINE COVE RV PARK,CWS,GW,GW,223,81,other_water_systems
3880,CA5301017,0,0,0,0,0,0,0,0,0,0,RUSH CREEK MUTUAL WATER SYSTEM,CWS,SW,SW,104,37,other_water_systems
3881,CA5301101,0,0,0,2,1,0,0,0,1,1,TREASURE CREEK WOODS MWC,CWS,GW,GW,131,32,other_water_systems
3882,CA5301102,1,1,0,1,0,1,1,0,1,0,TRINITY KNOLLS MUTUAL WATER COMPANY,CWS,GW,GW,338,67,other_water_systems
3883,CA5301103,0,0,0,2,1,0,0,0,1,1,COVINGTON MILL - A,CWS,GW,GW,60,42,other_water_systems
3884,CA5301104,1,1,0,2,1,1,1,0,1,1,COVINGTON MILL MWC-DIVISION B,CWS,GW,GW,99,99,other_water_systems
3885,CA5301201,1,1,0,4,2,1,1,0,1,1,SEYMOUR'S MUTUAL WATER SYSTEM,CWS,GW,GW,40,26,other_water_systems
3886,CA5303002,3,3,2,2,1,1,1,1,1,1,INDIAN CREEK TRAILER PARK,CWS,SW,SW,43,35,other_water_systems
3887,CA5304102,1,1,1,0,0,1,1,1,0,0,TRINITY VILLAGE MUTUAL WATER,CWS,SW,SW,332,192,other_water_systems
3888,CA5304105,0,0,0,7,6,0,0,0,1,1,BURNT RANCH SCHOOL,NTNCWS,GW,GW,125,1,other_water_systems
3889,CA5304109,1,1,1,2,1,1,1,1,1,1,BURNT RANCH ESTATES,CWS,SW,SW,115,35,other_water_systems
3890,CA5304209,2,2,2,2,2,1,1,1,1,1,JUNCTION CITY SCHOOL,NTNCWS,SW,SW,80,2,other_water_systems
3891,CA5304501,1,1,0,2,1,1,1,0,1,1,SALYER MUTUAL WC (FORMERLY RIVERVIEW AC),CWS,SW,SW,231,70,other_water_systems
3892,CA5304502,1,1,1,2,1,1,1,1,1,1,"SALYER HEIGHTS W.S., INC",CWS,SW,SW,130,40,other_water_systems
3893,CA5305103,0,0,0,0,0,0,0,0,0,0,MAD RIVER COMPOUND - USFS,NTNCWS,GW,GW,61,18,other_water_systems
3894,CA5305107,0,0,0,0,0,0,0,0,0,0,SO TRINITY UNIFIED SCHOOL DIST.,NTNCWS,GW,GW,100,6,other_water_systems
3895,CA5310001,0,0,0,3,3,0,0,0,1,1,WEAVERVILLE C.S.D.,CWS,SW,SW,3408,1657,carceral_serving_water_system
3896,CA5310002,0,0,0,1,1,0,0,0,1,1,TRINITY CO. W.W. DIST #1,CWS,SW,SW,2324,698,other_water_systems
3897,CA5310003,0,0,0,1,0,0,0,0,1,0,TRINITY CENTER M.W.C.          .,CWS,SW,SW,729,260,other_water_systems
3898,CA5310800,0,0,0,0,0,0,0,0,0,0,CAL FIRE-TRINITY RIVER CONSERVATION CAMP,NTNCWS,GW,GW,120,7,carceral_water_system
3899,CA5400504,1,1,0,1,0,1,1,0,1,0,PORTERVILLE MOBILE VILLAGE,CWS,GW,GW,205,62,other_water_systems
3900,CA5400505,1,1,1,1,1,1,1,1,1,1,HARTLAND CHRISTIAN CAMP,CWS,GW,GW,163,54,other_water_systems
3901,CA5400506,0,0,0,0,0,0,0,0,0,0,NORTH KAWEAH MUTUAL WATER COMPANY,CWS,SW,GU,560,71,other_water_systems
3902,CA5400519,0,0,0,0,0,0,0,0,0,0,PALO VERDE SCHOOL,NTNCWS,GW,GW,500,26,other_water_systems
3903,CA5400526,16,16,16,0,0,1,1,1,0,0,"WESPAK, INC.",NTNCWS,GW,GW,53,6,other_water_systems
3904,CA5400529,0,0,0,0,0,0,0,0,0,0,"SHADY GROVE  MOBILE HOME PARK, LLC",CWS,GW,GW,95,42,other_water_systems
3905,CA5400536,0,0,0,3,3,0,0,0,1,1,KINGS RIVER ESTATES MUTUAL WATER COMPANY,CWS,GW,GW,106,38,other_water_systems
3906,CA5400537,1,1,0,3,2,1,1,0,1,1,LINDY'S LANDING,CWS,GW,GW,125,177,other_water_systems
3907,CA5400538,1,1,0,1,0,1,1,0,1,0,ACCELERATED CHARTER HIGH SCHOOL,NTNCWS,GW,GW,192,10,other_water_systems
3908,CA5400541,6,6,6,0,0,1,1,1,0,0,PORTERVILLE CITRUS RAYO,NTNCWS,GW,GW,100,1,other_water_systems
3909,CA5400542,1,1,0,2,0,1,1,0,1,0,DUCOR CSD,CWS,GW,GW,616,176,other_water_systems
3910,CA5400544,3,3,3,12,10,1,1,1,1,1,ALLENSWORTH CSD,CWS,GW,GW,521,168,other_water_systems
3911,CA5400550,1,1,0,1,0,1,1,0,1,0,SEVILLE WATER COMPANY,CWS,GW,GW,691,91,other_water_systems
3912,CA5400553,7,7,7,0,0,1,1,1,0,0,DEL ORO TRAVER DISTRICT,CWS,GW,GW,653,198,other_water_systems
3913,CA5400556,0,0,0,2,2,0,0,0,1,1,RIVER RETREAT MUTUAL WATER COMPANY,CWS,GW,GW,40,23,other_water_systems
3914,CA5400558,23,23,23,1,1,1,1,1,1,1,SAUCELITO ELEMENTARY SCHOOL,NTNCWS,GW,GW,84,11,other_water_systems
3915,CA5400567,1,1,0,1,0,1,1,0,1,0,TOOLEVILLE MUTUAL NON PROFIT WATER ASSN,CWS,GW,GW,340,77,other_water_systems
3916,CA5400602,0,0,0,2,2,0,0,0,1,1,EAGLE'S NEST RESORT,CWS,GW,GW,60,78,other_water_systems
3917,CA5400604,0,0,0,2,2,0,0,0,1,1,MOUNTAIN VIEW DUPLEXES,CWS,GW,GW,103,14,other_water_systems
3918,CA5400616,21,21,20,1,0,1,1,1,1,0,LEMON COVE WATER COMPANY,CWS,GW,GW,109,60,other_water_systems
3919,CA5400620,1,1,0,1,0,1,1,0,1,0,GRAND VIEW SCHOOL,NTNCWS,GW,GW,400,18,other_water_systems
3920,CA5400624,0,0,0,0,0,0,0,0,0,0,KINGS RIVER ELEMENTARY SCHOOL,NTNCWS,GW,GW,500,9,other_water_systems
3921,CA5400631,0,0,0,2,2,0,0,0,1,1,LINNELL FARM LABOR CENTER,CWS,GW,GW,694,195,other_water_systems
3922,CA5400641,17,17,17,4,4,1,1,1,1,1,TEVISTON COMMUNITY SERVICES DISTRICT,CWS,GW,GW,370,116,other_water_systems
3923,CA5400647,7,7,6,9,4,1,1,1,1,1,YOKOHL MUTUAL WATER CO,CWS,GW,GW,95,32,other_water_systems
3924,CA5400660,1,1,0,1,0,1,1,0,1,0,LAKE SUCCESS MOBILE LODGE,CWS,GW,GW,75,19,other_water_systems
3925,CA5400665,6,6,6,0,0,1,1,1,0,0,DEL ORO RIVER ISLAND SERV TERR #1,CWS,SW,SW,1274,386,other_water_systems
3926,CA5400666,11,11,11,0,0,1,1,1,0,0,DEL ORO GRANDVIEW GARDENS DISTRICT,CWS,GW,GW,323,98,other_water_systems
3927,CA5400670,13,13,12,6,0,1,1,1,1,0,TRIPLE R MUTUAL WATER CO,CWS,GW,GW,408,154,other_water_systems
3928,CA5400682,4,4,3,7,3,1,1,1,1,1,PLAINVIEW MWC - CENTRAL WATER,CWS,GW,GW,138,42,other_water_systems
3929,CA5400704,1,1,1,6,6,1,1,1,1,1,THREE RIVERS ELEMENTARY SCHOOL,NTNCWS,GW,GW,180,7,other_water_systems
3930,CA5400709,4,4,4,1,1,1,1,1,1,1,SEQUOIA UNION ELEMENTARY SCHOOL,NTNCWS,GW,GW,400,25,other_water_systems
3931,CA5400710,0,0,0,0,0,0,0,0,0,0,BADGER HILL ESTATES,CWS,GW,GW,278,99,other_water_systems
3932,CA5400711,22,22,21,1,0,1,1,1,1,0,SIERRA VIEW JR ACADEMY,NTNCWS,GW,GW,115,5,other_water_systems
3933,CA5400713,0,0,0,0,0,0,0,0,0,0,OAK VALLEY SCHOOL,NTNCWS,GW,GW,570,10,other_water_systems
3934,CA5400714,0,0,0,0,0,0,0,0,0,0,SUNDALE UNION SCHOOL,NTNCWS,GW,GW,930,11,other_water_systems
3935,CA5400718,1,1,0,1,0,1,1,0,1,0,WILLIAMS MUTUAL  WATER COMPANY,CWS,GW,GW,165,50,other_water_systems
3936,CA5400728,0,0,0,0,0,0,0,0,0,0,GRIER MUTUAL WATER COMPANY,CWS,GW,GW,98,99,other_water_systems
3937,CA5400732,0,0,0,3,3,0,0,0,1,1,PIERPOINT SPRINGS WATER CO.,CWS,GW,GW,46,84,other_water_systems
3938,CA5400744,1,1,0,4,3,1,1,0,1,1,EAST THREE RIVERS MUTUAL WATER CORP,CWS,GW,GW,40,15,other_water_systems
3939,CA5400754,7,7,7,1,0,1,1,1,1,0,SOUTH KAWEAH MUTUAL WATER COMPANY,CWS,GW,GW,384,142,other_water_systems
3940,CA5400767,0,0,0,0,0,0,0,0,0,0,DEL ORO EAST PLANO DISTRICT,CWS,GW,GW,43,13,other_water_systems
3941,CA5400769,1,1,1,0,0,1,1,1,0,0,FOOTHILL APARTMENTS,CWS,GW,GW,41,14,other_water_systems
3942,CA5400792,19,19,19,2,2,1,1,1,1,1,WOODVILLE FARM LABOR CENTER,CWS,GW,GW,650,177,other_water_systems
3943,CA5400795,30,30,30,0,0,1,1,1,0,0,WAUKENA ELEMENTARY SCHOOL,NTNCWS,GW,GW,220,7,other_water_systems
3944,CA5400797,1,1,0,1,0,1,1,0,1,0,TULARE CO CORRECTIONAL CENTER ROAD CAMP,NTNCWS,GW,GW,500,19,carceral_water_system
3945,CA5400805,1,1,0,3,2,1,1,0,1,1,SOULTS MUTUAL WATER COMPANY,CWS,GW,GWP,110,36,other_water_systems
3946,CA5400816,0,0,0,0,0,0,0,0,0,0,BEDEL MUTUAL WATER COMPANY,CWS,GW,GW,155,66,other_water_systems
3947,CA5400819,0,0,0,0,0,0,0,0,0,0,MOUNTAIN VIEW MHP,CWS,GW,GW,44,24,other_water_systems
3948,CA5400824,1,1,0,1,0,1,1,0,1,0,SULTANA COMMUNITY SERVICES DISTRICT,CWS,GW,GW,779,249,other_water_systems
3949,CA5400838,0,0,0,0,0,0,0,0,0,0,THREE RIVERS VILLAGE,NTNCWS,GW,GW,225,9,other_water_systems
3950,CA5400846,1,1,0,1,0,1,1,0,1,0,ELBOW SCHOOL,NTNCWS,GW,GW,25,3,other_water_systems
3951,CA5400850,3,3,2,1,0,1,1,1,1,0,PACKWOOD SCHOOL,NTNCWS,GW,GW,105,1,other_water_systems
3952,CA5400875,1,1,1,2,2,1,1,1,1,1,VILLAGE APARTMENTS,CWS,GW,GW,33,2,other_water_systems
3953,CA5400880,1,1,1,0,0,1,1,1,0,0,THE LAKES ASSOCIATION,CWS,GW,GW,495,161,other_water_systems
3954,CA5400881,1,1,0,2,1,1,1,0,1,1,SUNRISE MUTUAL WATER CO.,CWS,GW,GW,109,39,other_water_systems
3955,CA5400882,9,9,9,0,0,1,1,1,0,0,PLEASANT VIEW  WEST SCHOOL,NTNCWS,GW,GW,220,9,other_water_systems
3956,CA5400884,1,1,0,1,0,1,1,0,1,0,ROCKFORD SCHOOL,NTNCWS,GW,GW,321,4,other_water_systems
3957,CA5400886,0,0,0,0,0,0,0,0,0,0,COLUMBINE SCHOOL,NTNCWS,GW,GW,220,10,other_water_systems
3958,CA5400887,0,0,0,2,2,0,0,0,1,1,PARK INVESTMENTS WATER SYSTEM,NTNCWS,GW,GW,126,8,other_water_systems
3959,CA5400903,0,0,0,11,1,0,0,0,1,1,TRACT 92  COMMUNITY SERVICES DISTRICT,CWS,GW,GW,500,93,other_water_systems
3960,CA5400919,0,0,0,1,1,0,0,0,1,1,BUENA VISTA SCHOOL,NTNCWS,GW,GW,250,9,other_water_systems
3961,CA5400929,1,1,0,2,0,1,1,0,1,0,RIVERLAND RESORT,CWS,GW,GW,400,124,other_water_systems
3962,CA5400934,0,0,0,0,0,0,0,0,0,0,PONDEROSA CSD,CWS,GW,GW,340,147,other_water_systems
3963,CA5400935,0,0,0,0,0,0,0,0,0,0,CWS - MULLEN WATER COMPANY,CWS,GW,GW,138,44,other_water_systems
3964,CA5400940,0,0,0,0,0,0,0,0,0,0,SIERRA KING HOMEOWNERS ASSN,CWS,GW,GW,260,52,other_water_systems
3965,CA5400964,34,34,34,8,3,1,1,1,1,1,SIERRA VISTA ASSOCIATION,CWS,GW,GW,44,13,other_water_systems
3966,CA5400968,0,0,0,0,0,0,0,0,0,0,IMPROVEMENT DISTRICT NO. 1,CWS,SW,SW,200,80,other_water_systems
3967,CA5400969,0,0,0,2,2,0,0,0,1,1,POLYMERPAK,NTNCWS,GW,GW,50,1,other_water_systems
3968,CA5400972,0,0,0,2,2,0,0,0,1,1,OUTSIDE CREEK SCHOOL,NTNCWS,GW,GW,125,2,other_water_systems
3969,CA5400994,20,20,20,0,0,1,1,1,0,0,HOPE ELEMENTARY SCHOOL,NTNCWS,GW,GW,255,7,other_water_systems
3970,CA5401003,10,10,10,12,3,1,1,1,1,1,EAST OROSI COMMUNITY SERVICES DISTRICT,CWS,GW,GW,423,103,other_water_systems
3971,CA5401006,0,0,0,0,0,0,0,0,0,0,UC DAVIS-SCHOOL OF VET. MED. CENTER,NTNCWS,GW,GW,52,16,other_water_systems
3972,CA5401026,1,1,0,3,2,1,1,0,1,1,DEER MEADOW MUTUAL WATER COMPANY,CWS,GW,GW,70,25,other_water_systems
3973,CA5401033,0,0,0,0,0,0,0,0,0,0,HORIZON NUT LLC,NTNCWS,GW,GW,300,2,other_water_systems
3974,CA5401039,1,1,0,1,0,1,1,0,1,0,TULARE COUNTY CIVIC CENTER,NTNCWS,GW,GW,300,5,carceral_serving_water_system
3975,CA5401044,1,1,0,5,0,1,1,0,1,0,CALTRANS VISALIA MAINTENANCE STATION,NTNCWS,GW,GW,41,3,other_water_systems
3976,CA5401074,0,0,0,0,0,0,0,0,0,0,BOB WILEY DETENTION FACILITY,NTNCWS,GW,GW,1130,5,carceral_water_system
3977,CA5401082,0,0,0,10,2,0,0,0,1,1,"VENTURA COASTAL, LLC - VISALIA DIVISION",NTNCWS,GW,GW,120,5,other_water_systems
3978,CA5402008,0,0,0,2,2,0,0,0,1,1,HOT SPRINGS SCHOOL,NTNCWS,GW,GW,42,1,other_water_systems
3979,CA5402013,12,12,12,0,0,1,1,1,0,0,SUN PACIFIC SHIPPERS LP - EXETER,NTNCWS,GW,GW,200,2,other_water_systems
3980,CA5402027,1,1,1,6,6,1,1,1,1,1,TULARE COUNTY ROAD YARD 2/3,NTNCWS,GW,GW,75,6,other_water_systems
3981,CA5402036,13,13,13,0,0,1,1,1,0,0,R-RANCH IN THE SEQUOIAS,CWS,GW,GW,330,250,other_water_systems
3982,CA5402038,0,0,0,1,1,0,0,0,1,1,PATTERSON TRACT CSD,CWS,GW,GW,550,153,other_water_systems
3983,CA5402046,4,4,4,0,0,1,1,1,0,0,"WATERMAN VALVE, LLC",NTNCWS,GW,GW,105,1,other_water_systems
3984,CA5402047,5,5,4,4,3,1,1,1,1,1,GLEANINGS FOR THE HUNGRY,CWS,GW,GW,31,12,other_water_systems
3985,CA5402048,0,0,0,0,0,0,0,0,0,0,DEL ORO RIVER ISLAND SERV TERR #2,CWS,GW,GW,89,27,other_water_systems
3986,CA5402050,0,0,0,0,0,0,0,0,0,0,MILK SPECIALTIES GLOBAL,NTNCWS,GW,GW,95,4,other_water_systems
3987,CA5403007,3,3,3,0,0,1,1,1,0,0,"E.M. THARP, INC.",NTNCWS,GW,GW,50,6,other_water_systems
3988,CA5403022,6,6,6,3,3,1,1,1,1,1,APTCO LLC,NTNCWS,GW,GW,50,4,other_water_systems
3989,CA5403023,0,0,0,1,1,0,0,0,1,1,DELFT COLONY WATER,CWS,GW,GW,412,99,other_water_systems
3990,CA5403031,0,0,0,5,4,0,0,0,1,1,SUN PACIFIC - TULARE,NTNCWS,GW,GW,301,1,other_water_systems
3991,CA5403032,1,1,0,6,0,1,1,0,1,0,MONROVIA NURSERY - NURSERY,NTNCWS,GW,GW,385,31,other_water_systems
3992,CA5403041,29,29,29,0,0,1,1,1,0,0,FAMILY TREE FARMS,NTNCWS,GW,GW,30,3,other_water_systems
3993,CA5403042,0,0,0,0,0,0,0,0,0,0,CALIFORNIA DAIRIES INC TIPTON,NTNCWS,GW,GW,140,3,other_water_systems
3994,CA5403043,1,1,0,2,1,1,1,0,1,1,YETTEM WATER SYSTEM,CWS,GW,GW,350,66,other_water_systems
3995,CA5403048,6,6,6,0,0,1,1,1,0,0,J.D. HEISKELL & CO.,NTNCWS,GW,GW,75,4,other_water_systems
3996,CA5403050,0,0,0,0,0,0,0,0,0,0,TULARE COUNTY HAULING,NTNCWS,GW,GW,25,1,other_water_systems
3997,CA5403054,0,0,0,0,0,0,0,0,0,0,"PFFJ, LLC",NTNCWS,GW,GW,25,11,other_water_systems
3998,CA5403055,2,2,1,8,2,1,1,1,1,1,MONROVIA NURSERY - OFFICE,NTNCWS,GW,GW,28,4,other_water_systems
3999,CA5403074,7,7,6,2,1,1,1,1,1,1,LACTALIS HERITAGE DAIRY,NTNCWS,GW,GW,220,1,other_water_systems
4000,CA5403080,23,23,23,1,1,1,1,1,1,1,LEGACY PACKING,NTNCWS,GW,GW,125,1,other_water_systems
4001,CA5403081,37,37,37,1,1,1,1,1,1,1,"PETERS FRUIT FARMS, INC",NTNCWS,GW,GW,125,1,other_water_systems
4002,CA5403083,1,1,1,0,0,1,1,1,0,0,KING FRESH PACKING & COOLING,NTNCWS,GW,GW,66,7,other_water_systems
4003,CA5403084,0,0,0,4,4,0,0,0,1,1,FAIRWAY MUTUAL WATER CO,CWS,GW,GW,150,47,other_water_systems
4004,CA5403106,10,10,9,1,0,1,1,1,1,0,EXETER-IVANHOE CITRUS ASSOCIATION,NTNCWS,GW,GW,96,1,other_water_systems
4005,CA5403110,6,6,6,2,2,1,1,1,1,1,SIERRA MUTUAL WATER COMPANY,CWS,GW,GW,37,16,other_water_systems
4006,CA5403113,0,0,0,0,0,0,0,0,0,0,SOUTH FORK ESTATES MUTUAL WATER CO,CWS,GW,GW,106,39,other_water_systems
4007,CA5403114,0,0,0,0,0,0,0,0,0,0,FOSTER FARMS TRAVER FEEDMILL,NTNCWS,GW,GW,58,2,other_water_systems
4008,CA5403118,0,0,0,0,0,0,0,0,0,0,SAPUTO DAIRY FOOD USA,NTNCWS,GW,GW,155,1,other_water_systems
4009,CA5403119,0,0,0,9,1,0,0,0,1,1,"VENTURA COASTAL, LLC - TIPTON DIVISION",NTNCWS,GW,GW,130,6,other_water_systems
4010,CA5403121,0,0,0,0,0,0,0,0,0,0,INTERNATIONAL PAPER - EXETER BULK,NTNCWS,GW,GW,106,1,other_water_systems
4011,CA5403126,0,0,0,1,1,0,0,0,1,1,FAMILY EDUCATION CENTER,NTNCWS,GW,GW,50,7,other_water_systems
4012,CA5403127,1,1,0,6,0,1,1,0,1,0,MONROVIA NURSERY - VENICE HILLS,NTNCWS,GW,GW,28,6,other_water_systems
4013,CA5403130,0,0,0,0,0,0,0,0,0,0,ELEANOR ROOSEVELT COMM LEARNING CTR,NTNCWS,GW,GW,295,5,other_water_systems
4014,CA5403131,0,0,0,0,0,0,0,0,0,0,SUNNY ACRES PRESCHOOL,NTNCWS,GW,GW,50,1,other_water_systems
4015,CA5403132,0,0,0,3,3,0,0,0,1,1,CALGREN RENEWABLE FUELS,NTNCWS,GW,GW,60,1,other_water_systems
4016,CA5403138,0,0,0,0,0,0,0,0,0,0,"BRANDT FARMS, INC",NTNCWS,GW,GW,100,2,other_water_systems
4017,CA5403139,0,0,0,0,0,0,0,0,0,0,TREEHOUSE CALIFORNIA ALMONDS LLC,NTNCWS,GW,GW,125,8,other_water_systems
4018,CA5403140,20,20,20,0,0,1,1,1,0,0,MONARCH NUT COMPANY,NTNCWS,GW,GW,400,6,other_water_systems
4019,CA5403141,1,1,0,2,1,1,1,0,1,1,HELLWIG PRODUCTS COMPANY INC,NTNCWS,GW,GW,49,2,other_water_systems
4020,CA5403144,0,0,0,5,4,0,0,0,1,1,ALI MUTUAL WATER CO,CWS,GW,GW,39,13,other_water_systems
4021,CA5403145,1,1,0,2,0,1,1,0,1,0,PRIMA WAWONA - CUTLER PLANT,NTNCWS,GW,GW,770,1,other_water_systems
4022,CA5403146,0,0,0,0,0,0,0,0,0,0,LIBERTY ELEMENTARY SCHOOL,NTNCWS,GW,GW,818,5,other_water_systems
4023,CA5403148,1,1,0,1,0,1,1,0,1,0,COURAGE TO CHANGE,NTNCWS,GW,GW,37,9,other_water_systems
4024,CA5403152,1,1,0,5,3,1,1,0,1,1,MOUNTAIN VIEW COLD STORAGE,NTNCWS,GW,GW,140,3,other_water_systems
4025,CA5403154,0,0,0,0,0,0,0,0,0,0,"WILLITTS EQUIPMENT COMPANY, INC.",NTNCWS,GW,GW,50,2,other_water_systems
4026,CA5403204,1,1,1,1,1,1,1,1,1,1,FOUR STAR FRUIT,NTNCWS,GW,GW,80,2,other_water_systems
4027,CA5403205,2,2,2,0,0,1,1,1,0,0,PENA'S DISPOSAL SERVICES,NTNCWS,GW,GW,86,4,other_water_systems
4028,CA5403208,0,0,0,0,0,0,0,0,0,0,SOULTS PUMP & EQUIPMENT COMPANY,NTNCWS,GW,GW,31,2,other_water_systems
4029,CA5403211,24,24,24,0,0,1,1,1,0,0,BOOTH RANCHES LLC,NTNCWS,GW,GW,150,3,other_water_systems
4030,CA5403212,1,1,0,4,3,1,1,0,1,1,MONSON WATER SYSTEM,CWS,GW,GW,152,31,other_water_systems
4031,CA5403213,0,0,0,0,0,0,0,0,0,0,TEEN CHALLENGE,CWS,GW,GW,130,13,other_water_systems
4032,CA5403215,9,9,8,1,0,1,1,1,1,0,"FRESH SELECT, LLC",NTNCWS,GW,GW,125,1,other_water_systems
4033,CA5403217,1,1,0,1,0,1,1,0,1,0,OKIEVILLE HIGHLAND ACRES MWC,CWS,GW,GW,300,72,other_water_systems
4034,CA5410001,12,12,11,1,0,1,1,1,1,0,CUTLER PUD,CWS,GW,GW,6200,1234,other_water_systems
4035,CA5410002,1,1,0,5,0,1,1,0,1,0,"DINUBA, CITY OF",CWS,GW,GW,26955,6522,other_water_systems
4036,CA5410003,1,1,1,2,2,1,1,1,1,1,"EXETER, CITY OF",CWS,GW,GW,11169,3298,other_water_systems
4037,CA5410004,1,1,0,1,0,1,1,0,1,0,"FARMERSVILLE, CITY OF",CWS,GW,GW,10324,2738,other_water_systems
4038,CA5410006,47,47,47,4,0,1,1,1,1,0,"LINDSAY, CITY OF",CWS,SW,SW,12659,3108,other_water_systems
4039,CA5410007,1,1,0,3,1,1,1,0,1,1,LSID - TONYVILLE,CWS,SW,SW,500,50,other_water_systems
4040,CA5410008,0,0,0,0,0,0,0,0,0,0,OROSI PUBLIC UTILITY DISTRICT,CWS,GW,GW,8300,1601,other_water_systems
4041,CA5410009,7,7,7,0,0,1,1,1,0,0,PIXLEY PUBLIC UTIL DIST,CWS,GW,GW,2772,865,other_water_systems
4042,CA5410010,1,1,0,1,0,1,1,0,1,0,"PORTERVILLE, CITY OF",CWS,GW,GW,63164,17215,other_water_systems
4043,CA5410011,0,0,0,0,0,0,0,0,0,0,SPRINGVILLE PUD,CWS,SW,SW,1500,390,other_water_systems
4044,CA5410012,0,0,0,0,0,0,0,0,0,0,STRATHMORE PUBLIC UTIL DIST,CWS,SW,SW,2669,473,other_water_systems
4045,CA5410014,2,2,2,0,0,1,1,1,0,0,TIPTON COMMUNITY SERVICES DIST,CWS,GW,GW,2543,608,other_water_systems
4046,CA5410015,6,6,6,0,0,1,1,1,0,0,"TULARE, CITY OF",CWS,GW,GW,70733,20059,other_water_systems
4047,CA5410016,0,0,0,0,0,0,0,0,0,0,CWS - VISALIA,CWS,GW,GW,147320,47498,other_water_systems
4048,CA5410017,0,0,0,0,0,0,0,0,0,0,LONDON COMMUNITY SERV DIST,CWS,GW,GW,1785,431,other_water_systems
4049,CA5410019,1,1,0,2,0,1,1,0,1,0,IVANHOE PUBLIC UTILITY DIST,CWS,GW,GW,4580,1124,other_water_systems
4050,CA5410020,0,0,0,2,2,0,0,0,1,1,"WOODLAKE, CITY OF",CWS,GW,GW,7950,1995,other_water_systems
4051,CA5410021,8,8,7,1,0,1,1,1,1,0,EARLIMART PUD,CWS,GW,GW,7679,1541,other_water_systems
4052,CA5410022,0,0,0,2,2,0,0,0,1,1,CAMP NELSON WATER COMPANY,CWS,SW,SW,134,293,other_water_systems
4053,CA5410024,3,3,2,3,0,1,1,1,1,0,RICHGROVE COMMUNITY SERVICES DISTRICT,CWS,GW,GW,1617,526,other_water_systems
4054,CA5410025,2,2,2,0,0,1,1,1,0,0,WOODVILLE PUBLIC UTILITY DIST,CWS,GW,GW,1740,467,other_water_systems
4055,CA5410026,0,0,0,0,0,0,0,0,0,0,POPLAR COMM SERVICE DIST,CWS,GW,GW,2200,597,other_water_systems
4056,CA5410034,0,0,0,0,0,0,0,0,0,0,DEL ORO CALIFORNIA PINES DISTRICT,CWS,GW,GW,917,278,other_water_systems
4057,CA5410036,1,1,0,3,1,1,1,0,1,1,LSID-STRATHMORE SYSTEM,CWS,SW,SWP,500,161,other_water_systems
4058,CA5410038,0,0,0,1,1,0,0,0,1,1,TERRA BELLA IRRIGATION DISTRICT - TBT,CWS,SW,SW,3056,803,other_water_systems
4059,CA5410039,1,1,0,3,2,1,1,0,1,1,PLAINVIEW MUTUAL WATER COMPANY,CWS,GW,GW,617,187,other_water_systems
4060,CA5410041,0,0,0,0,0,0,0,0,0,0,CWS - TULCO WATER COMPANY,CWS,GW,GW,716,182,other_water_systems
4061,CA5410048,1,1,0,1,0,1,1,0,1,0,PORTERVILLE-JONES CORNER,CWS,GW,GW,339,124,other_water_systems
4062,CA5410050,1,1,1,0,0,1,1,1,0,0,ALPAUGH COMMUNITY SERVICES DISTRICT,CWS,GW,GW,871,372,other_water_systems
4063,CA5410503,3,3,3,6,4,1,1,1,1,1,NPS-WOLVERTON,CWS,SW,SW,2940,125,other_water_systems
4064,CA5410513,0,0,0,3,1,0,0,0,1,1,NPS-ASH MOUNTAIN,CWS,SW,GU,2930,45,other_water_systems
4065,CA5410800,0,0,0,0,0,0,0,0,0,0,CAL FIRE - MOUNTAIN HOME CNSRVTN CAMP,CWS,GW,GW,123,5,carceral_water_system
4066,CA5410801,2,2,2,0,0,1,1,1,0,0,PORTERVILLE DEVELOPMENTAL CENTER,CWS,GW,GW,1281,99,other_water_systems
4067,CA5500016,0,0,0,0,0,0,0,0,0,0,USFS - GROVELAND RANGER STN.,NTNCWS,GW,GW,100,23,other_water_systems
4068,CA5500040,0,0,0,1,1,0,0,0,1,1,BLUEBELL VALLEY MWC,CWS,GW,GW,282,91,other_water_systems
4069,CA5500041,1,1,0,4,1,1,1,0,1,1,ALPINE ACRES MUTUAL WATER CO,CWS,GW,GW,59,55,other_water_systems
4070,CA5500042,0,0,0,0,0,0,0,0,0,0,BELLEVIEW OAKS MUTUAL WATER CO,CWS,GW,GW,468,167,other_water_systems
4071,CA5500048,0,0,0,0,0,0,0,0,0,0,DON PEDRO REC AG:FLEM.MEADOWS,CWS,SW,SW,1041,113,other_water_systems
4072,CA5500053,1,1,0,1,0,1,1,0,1,0,LEISURE PINES MUTUAL WATER CO,CWS,GW,GW,340,108,other_water_systems
4073,CA5500057,0,0,0,0,0,0,0,0,0,0,LONG BARN PROPERTY OWNERS,CWS,GW,GW,97,162,other_water_systems
4074,CA5500060,0,0,0,0,0,0,0,0,0,0,MI WUK HEIGHTS MWC,CWS,GW,GW,445,159,other_water_systems
4075,CA5500064,0,0,0,0,0,0,0,0,0,0,MULLER MUTUAL WATER COMPANY,CWS,SW,SWP,154,55,other_water_systems
4076,CA5500071,0,0,0,0,0,0,0,0,0,0,RAWHIDE MUTUAL WATER COMPANY,CWS,GW,GW,269,100,other_water_systems
4077,CA5500074,0,0,0,0,0,0,0,0,0,0,SIERRA VILLAGE MUTUAL WATER CO,CWS,GW,GW,361,129,other_water_systems
4078,CA5500077,0,0,0,0,0,0,0,0,0,0,SLIDE INN SNOWBOWL WATER CO,CWS,GW,GW,417,153,other_water_systems
4079,CA5500080,1,1,0,1,0,1,1,0,1,0,TWAIN HARTE VALLEY MWC,CWS,SW,SW,202,106,other_water_systems
4080,CA5500086,0,0,0,0,0,0,0,0,0,0,SONORA ESTATES MOBILE HOME PARK,CWS,GW,GW,235,84,other_water_systems
4081,CA5500089,0,0,0,1,1,0,0,0,1,1,EVERGREEN LODGE,NTNCWS,GW,GW,130,68,other_water_systems
4082,CA5500092,1,1,0,1,0,1,1,0,1,0,PONDEROSA MOBILE HOME PARK,CWS,GW,GW,52,52,other_water_systems
4083,CA5500096,0,0,0,1,0,0,0,0,1,0,SIERRA TWAIN HARTE MHP,CWS,GW,GW,129,46,other_water_systems
4084,CA5500104,0,0,0,0,0,0,0,0,0,0,CASCADE ESTATES,CWS,GW,GW,316,113,other_water_systems
4085,CA5500115,0,0,0,2,2,0,0,0,1,1,SUGAR PINE RV RESORT,CWS,GW,GW,219,88,other_water_systems
4086,CA5500116,0,0,0,7,3,0,0,0,1,1,PEPPERMINT CREEK MHP,CWS,SW,SW,280,100,other_water_systems
4087,CA5500119,0,0,0,0,0,0,0,0,0,0,YOSEMITE VISTA ESTATES,CWS,GW,GW,59,59,other_water_systems
4088,CA5500120,0,0,0,0,0,0,0,0,0,0,49ER TRAILER RANCH,CWS,GW,GW,115,80,other_water_systems
4089,CA5500124,19,1,1,2,2,1,1,1,1,1,MONO VISTA RANCH MHP,CWS,GW,GW,105,30,other_water_systems
4090,CA5500125,9,0,0,0,0,1,0,0,0,0,MOTHER LODE MOBILE ESTATES,CWS,GW,GW,210,75,other_water_systems
4091,CA5500128,0,0,0,0,0,0,0,0,0,0,GOLD RUSH MOBILE HOME PARK,CWS,SW,GU,67,57,other_water_systems
4092,CA5500148,1,1,1,0,0,1,1,1,0,0,CHINESE CAMP SCHOOL,NTNCWS,GW,GW,36,1,other_water_systems
4093,CA5500149,0,0,0,2,1,0,0,0,1,1,COLUMBIA MOBILE HOME PARK,CWS,GW,GW,89,63,other_water_systems
4094,CA5500168,0,0,0,0,0,0,0,0,0,0,DODGE RIDGE SKI RESORT,NTNCWS,SW,GU,328,6,other_water_systems
4095,CA5500171,0,0,0,0,0,0,0,0,0,0,SIERRA OUTDOOR SCHOOL,NTNCWS,GW,GW,289,19,other_water_systems
4096,CA5500193,0,0,0,0,0,0,0,0,0,0,TAMARRON MOBILE HOME PARK,CWS,GW,GW,225,101,other_water_systems
4097,CA5500221,1,1,0,2,1,1,1,0,1,1,PINECREST ELEMENTARY SCHOOL,NTNCWS,GW,GW,28,1,other_water_systems
4098,CA5500242,0,0,0,0,0,0,0,0,0,0,SIERRA WALDORF SCHOOL,NTNCWS,GW,GW,166,17,other_water_systems
4099,CA5500243,0,0,0,0,0,0,0,0,0,0,RAMBLING HILLS ESTATES,CWS,GW,GW,78,38,other_water_systems
4100,CA5500259,0,0,0,0,0,0,0,0,0,0,ATLAS BUSINESS PARK,NTNCWS,GW,GW,210,5,other_water_systems
4101,CA5500353,2,1,0,1,0,1,1,0,1,0,SIERRA VILLAGE MOBILE HOME PARK,CWS,GW,GW,22,30,other_water_systems
4102,CA5500357,1,1,0,1,0,1,1,0,1,0,FIREFALL RANCH WATER SYSTEM,NTNCWS,GW,GW,126,59,other_water_systems
4103,CA5500360,0,0,0,0,0,0,0,0,0,0,SIERRA PACIFIC INDUSTRIES,NTNCWS,GW,GW,133,2,other_water_systems
4104,CA5500363,0,0,0,0,0,0,0,0,0,0,TUD-WARDS FERRY RANCHES,CWS,GW,GW,62,22,other_water_systems
4105,CA5500369,0,0,0,0,0,0,0,0,0,0,RUSH CREEK LODGE WATER SYSTEM,NTNCWS,GW,GW,200,40,other_water_systems
4106,CA5510001,0,0,0,0,0,0,0,0,0,0,TUD - SONORA/JAMESTOWN WATER SYSTEM,CWS,SW,SW,11054,5121,carceral_serving_water_system
4107,CA5510002,0,0,0,0,0,0,0,0,0,0,TUD - PONDEROSA,CWS,SW,SW,1767,637,other_water_systems
4108,CA5510003,0,0,0,0,0,0,0,0,0,0,TUD - TUOLUMNE WATER SYSTEM,CWS,SW,SW,1744,703,other_water_systems
4109,CA5510004,1,1,0,1,0,1,1,0,1,0,PINECREST PERMITTEES ASSN,CWS,SW,SW,1253,390,other_water_systems
4110,CA5510005,0,0,0,0,0,0,0,0,0,0,TWAIN HARTE COMMUNITY SERVICES DISTRICT,CWS,SW,SW,2378,1588,other_water_systems
4111,CA5510006,0,0,0,1,1,0,0,0,1,1,MI WUK VILLAGE MUT WTR CO,CWS,SW,SW,2163,766,other_water_systems
4112,CA5510007,3,3,3,0,0,1,1,1,0,0,DEL ORO WATER COMPANY - STRAWBERRY DIV.,CWS,SW,SW,1289,392,other_water_systems
4113,CA5510008,1,1,0,2,1,1,1,0,1,1,LAKE DON PEDRO CSD,CWS,SW,SW,3240,1534,other_water_systems
4114,CA5510009,1,1,0,2,1,1,1,0,1,1,GROVELAND COMMUNITY SERV DIST,CWS,SW,SW,3400,3298,other_water_systems
4115,CA5510011,0,0,0,0,0,0,0,0,0,0,COLD SPRINGS WATER CO,CWS,SW,SW,1771,538,other_water_systems
4116,CA5510012,0,0,0,0,0,0,0,0,0,0,TUD - UPPER BASIN WATER SYSTEM,CWS,SW,SW,10892,4030,other_water_systems
4117,CA5510013,0,0,0,0,0,0,0,0,0,0,TUD - COLUMBIA WATER SYSTEM,CWS,SW,SW,5463,2092,other_water_systems
4118,CA5510016,51,1,0,1,0,1,1,0,1,0,"SIERRA PARK WATER COMPANY, INC.",CWS,GW,GW,300,346,other_water_systems
4119,CA5510021,0,0,0,0,0,0,0,0,0,0,TUD-PEACEFUL PINES WATER SYSTEM,CWS,GW,GW,92,33,other_water_systems
4120,CA5510023,1,1,0,2,1,1,1,0,1,1,SONORA MEADOWS MUTUAL WTR CO,CWS,SW,SWP,1123,451,other_water_systems
4121,CA5510024,0,0,0,1,1,0,0,0,1,1,"SONORA WATER RESOURCES, INC",CWS,SW,SWP,1154,130,other_water_systems
4122,CA5510026,0,0,0,0,0,0,0,0,0,0,PHOENIX LAKE ESTATES CC MWC,CWS,GW,GW,1168,358,other_water_systems
4123,CA5510028,0,0,0,0,0,0,0,0,0,0,TUD-APPLE VALLEY ESTATES,CWS,GW,GW,823,298,other_water_systems
4124,CA5510503,0,0,0,0,0,0,0,0,0,0,YOSEMITE NPS-HODGDON MEADOW,CWS,GW,GW,51,24,other_water_systems
4125,CA5510851,0,0,0,0,0,0,0,0,0,0,CDCR - SIERRA CONSERVATION CENTER,CWS,SW,SW,3242,578,carceral_water_system
4126,CA5510852,6,6,5,1,0,1,1,1,1,0,CAL FIRE BASELINE CONSERVATION CAMP,CWS,SW,SW,150,2,carceral_water_system
4127,CA5601104,1,1,0,4,3,1,1,0,1,1,CASITAS MUTUAL WATER COMPANY,CWS,SW,SWP,238,83,other_water_systems
4128,CA5601105,0,0,0,0,0,0,0,0,0,0,FILLMORE IRRIGATION CO,CWS,GW,GW,353,169,other_water_systems
4129,CA5601106,0,0,0,1,1,0,0,0,1,1,ALTURAS FILLMORE MHP,CWS,GW,GW,99,33,other_water_systems
4130,CA5601110,0,0,0,0,0,0,0,0,0,0,MIDDLE ROAD MUTUAL WATER CO,CWS,GW,GWP,134,48,other_water_systems
4131,CA5601116,0,0,0,0,0,0,0,0,0,0,SAN CAYETANO MUTUAL WATER CO,CWS,GW,GW,46,47,other_water_systems
4132,CA5601117,0,0,0,1,1,0,0,0,1,1,SENIOR CANYON MUTUAL WATER CO,CWS,SW,SW,800,249,other_water_systems
4133,CA5601119,1,1,0,1,0,1,1,0,1,0,SIETE ROBLES MUTUAL WATER CO,CWS,SW,SWP,323,95,other_water_systems
4134,CA5601120,0,0,0,0,0,0,0,0,0,0,SISAR MUTUAL WATER CO,CWS,GW,GW,340,110,other_water_systems
4135,CA5601122,0,0,0,0,0,0,0,0,0,0,TICO MUTUAL WATER CO,CWS,SW,SWP,72,38,other_water_systems
4136,CA5601125,0,0,0,5,0,0,0,0,1,0,COMMUNITY MUTUAL WATER CO,CWS,GW,GW,65,36,other_water_systems
4137,CA5601134,1,1,0,1,0,1,1,0,1,0,ELKINS RANCH,CWS,SW,GU,150,43,other_water_systems
4138,CA5601135,1,1,0,1,0,1,1,0,1,0,CAMP SCHEIDECK,NTNCWS,GW,GW,15,37,other_water_systems
4139,CA5601137,6,6,6,0,0,1,1,1,0,0,RINCON WATER & ROAD WORKS,CWS,SW,SWP,25,27,other_water_systems
4140,CA5601139,0,0,0,2,2,0,0,0,1,1,THOMAS AQUINAS COLLEGE,NTNCWS,GW,GW,472,1,other_water_systems
4141,CA5601141,0,0,0,2,0,0,0,0,1,0,SOUTH MOUNTAIN MUTUAL WATER CO,CWS,GW,GW,58,27,other_water_systems
4142,CA5601144,0,0,0,2,2,0,0,0,1,1,RANCHO SESPE WORKERS IMP ASSOC,CWS,GW,GW,600,109,other_water_systems
4143,CA5601201,0,0,0,0,0,0,0,0,0,0,LIMONEIRA RANCH #1,CWS,GW,GWP,1187,232,other_water_systems
4144,CA5601401,1,1,0,2,0,1,1,0,1,0,KROTONA INSTITUTE,CWS,GW,GW,30,31,other_water_systems
4145,CA5601405,0,0,0,0,0,0,0,0,0,0,SANTA CLARA SCHOOL,NTNCWS,GW,GW,39,1,other_water_systems
4146,CA5601721,2,2,1,6,3,1,1,1,1,1,USFS - CHUCHUPATE RANGER STATION,NTNCWS,GW,GW,26,6,other_water_systems
4147,CA5602101,1,1,0,9,2,1,1,0,1,1,ESTERINA PROPERTIES,CWS,GW,GW,50,16,other_water_systems
4148,CA5602103,0,0,0,1,1,0,0,0,1,1,CYPRESS MUTUAL WATER CO INC,CWS,SW,SWP,224,68,other_water_systems
4149,CA5602104,4,4,3,4,1,1,1,1,1,1,DEL NORTE MUTUAL WATER CO.,CWS,GW,GW,215,85,other_water_systems
4150,CA5602108,0,0,0,0,0,0,0,0,0,0,GARDEN ACRES MUTUAL WATER CO,CWS,GW,GW,1335,140,other_water_systems
4151,CA5602109,2,1,0,5,0,1,1,0,1,0,SIESTA MOBILE HOME PARK,CWS,GW,GW,160,26,other_water_systems
4152,CA5602110,2,1,0,2,1,1,1,0,1,1,NAVALAIR MOBILE HOME PARK,CWS,GW,GW,160,52,other_water_systems
4153,CA5602111,0,0,0,7,2,0,0,0,1,1,NYELAND ACRES MUTUAL WATER CO,CWS,GW,GW,972,183,other_water_systems
4154,CA5602115,0,0,0,6,0,0,0,0,1,0,SAVIERS ROAD MUTUAL WATER CO,CWS,SW,SWP,368,92,other_water_systems
4155,CA5602117,0,0,0,4,0,0,0,0,1,0,STRICKLAND ACRES,CWS,GW,GW,429,128,other_water_systems
4156,CA5602120,0,0,0,0,0,0,0,0,0,0,VINEYARD MUTUAL WATER COMPANY/INDUSTRIAL,NTNCWS,GW,GW,259,57,carceral_serving_water_system
4157,CA5602130,0,0,0,0,0,0,0,0,0,0,SOLANO VERDE MUTUAL WATER CO,CWS,SW,SWP,100,34,other_water_systems
4158,CA5602132,0,0,0,0,0,0,0,0,0,0,WATERS ROAD DOMESTIC USERS GROUP,CWS,SW,SWP,25,16,other_water_systems
4159,CA5602133,0,0,0,0,0,0,0,0,0,0,"BEEDY WATER COMPANY, LLC",NTNCWS,GW,GW,35,5,other_water_systems
4160,CA5602140,0,0,0,0,0,0,0,0,0,0,SATICOY COUNTRY CLUB-CITY OF VENTURA,CWS,GW,GW,196,82,other_water_systems
4161,CA5602302,1,1,0,1,0,1,1,0,1,0,THE RANCH AT LIVE OAK,NTNCWS,GW,GW,109,2,other_water_systems
4162,CA5602403,3,3,3,0,0,1,1,1,0,0,LAGUNA VISTA SCHOOL/OCEANVIEW SCHOOL DIS,NTNCWS,GW,GW,404,1,other_water_systems
4163,CA5602406,0,0,0,0,0,0,0,0,0,0,RIO SCHOOL DIST/RIO DEL VALLE SCHOOL,NTNCWS,SW,SWP,820,2,other_water_systems
4164,CA5602407,1,1,0,2,1,1,1,0,1,1,RIO MESA HIGH SCHOOL/OXNARD UHS,NTNCWS,GW,GW,2600,13,other_water_systems
4165,CA5602408,0,0,0,0,0,0,0,0,0,0,RIO SCHOOL DIST/ RIO REAL SCHOOL,NTNCWS,SW,SWP,550,2,other_water_systems
4166,CA5602513,1,1,1,1,1,1,1,1,1,1,PYRAMID FLOWERS,NTNCWS,GW,GW,30,2,other_water_systems
4167,CA5602514,1,1,0,1,0,1,1,0,1,0,VULCAN MATERIALS COMPANY - CAL MAT,NTNCWS,GW,GW,50,1,other_water_systems
4168,CA5602516,1,1,1,0,0,1,1,1,0,0,WELL-PICT BERRIES WS,NTNCWS,GW,GW,50,2,other_water_systems
4169,CA5602656,0,0,0,0,0,0,0,0,0,0,"GLASS HOUSE CAMARILLO CULTIVATION, LLC",NTNCWS,GW,GW,400,3,other_water_systems
4170,CA5603116,3,3,2,1,0,1,1,1,1,0,"NISHI QUALITY FLOWERS, INC.",NTNCWS,GW,GW,92,2,other_water_systems
4171,CA5603117,7,7,7,1,1,1,1,1,1,1,SANTA CLARA RESOURCES,NTNCWS,GW,GW,30,2,other_water_systems
4172,CA5603118,0,0,0,2,0,0,0,0,1,0,VENTURA FARMS,NTNCWS,GW,GW,100,20,other_water_systems
4173,CA5603122,1,1,0,1,0,1,1,0,1,0,"STATE READY MIX, INC.",NTNCWS,GW,GW,25,2,other_water_systems
4174,CA5603123,1,1,1,1,1,1,1,1,1,1,OXNARD PALLET COMPANY,NTNCWS,GW,GW,38,1,other_water_systems
4175,CA5603125,0,0,0,5,5,0,0,0,1,1,SUN VALLEY GROUP,NTNCWS,GW,GW,37,5,other_water_systems
4176,CA5603301,0,0,0,2,2,0,0,0,1,1,BRANDEIS BARDIN INSTITUTE,CWS,SW,SWP,665,50,other_water_systems
4177,CA5610001,0,0,0,2,0,0,0,0,1,0,DEMPSEY ROAD MUTUAL WATER CO,CWS,SW,SWP,990,283,other_water_systems
4178,CA5610002,0,0,0,1,1,0,0,0,1,1,FILLMORE WATER DEPT,CWS,GW,GW,16419,4370,other_water_systems
4179,CA5610003,0,0,0,0,0,0,0,0,0,0,VENTURA CWWD NO. 17 - BELL CANYON,CWS,SW,SWP,1946,720,other_water_systems
4180,CA5610005,0,0,0,1,1,0,0,0,1,1,MEINERS OAKS CWD,CWS,SW,SWP,4200,1285,other_water_systems
4181,CA5610006,0,0,0,0,0,0,0,0,0,0,"CROWN POINTE ESTATES AT MALIBU, LLC",CWS,GW,GW,690,249,other_water_systems
4182,CA5610007,0,0,0,0,0,0,0,0,0,0,OXNARD WATER DEPT,CWS,SW,SWP,200232,42733,carceral_serving_water_system
4183,CA5610008,0,0,0,1,1,0,0,0,1,1,PLEASANT VALLEY MUTUAL WATER CO,CWS,SW,SWP,5000,1604,other_water_systems
4184,CA5610009,0,0,0,1,1,0,0,0,1,1,PORT HUENEME CITY WATER DEPT,CWS,SW,SWP,21407,5791,other_water_systems
4185,CA5610010,0,0,0,0,0,0,0,0,0,0,CAL AMERICAN WC - RIO PLAZA,CWS,GW,GW,1709,519,other_water_systems
4186,CA5610011,0,0,0,0,0,0,0,0,0,0,CITY OF SANTA PAULA,CWS,GW,GW,31018,8404,carceral_serving_water_system
4187,CA5610014,0,0,0,0,0,0,0,0,0,0,OJAI WATER SYSTEM,CWS,SW,SWP,6801,2921,other_water_systems
4188,CA5610015,0,0,0,1,1,0,0,0,1,1,VENTURA CWWD NO. 19 - SOMIS,CWS,SW,SWP,1429,1106,other_water_systems
4189,CA5610016,0,0,0,0,0,0,0,0,0,0,CALIFORNIA WATER SERVICE CO - WESTLAKE,CWS,SW,SWP,19533,6931,other_water_systems
4190,CA5610017,0,0,0,0,0,0,0,0,0,0,VENTURA WATER DEPARTMENT,CWS,SW,SW,113500,28954,carceral_serving_water_system
4191,CA5610018,0,0,0,0,0,0,0,0,0,0,VENTURA CWWD NO. 1 - MOORPARK,CWS,SW,SWP,72139,11012,other_water_systems
4192,CA5610019,0,0,0,0,0,0,0,0,0,0,CAMARILLO WATER DEPT,CWS,SW,SWP,46824,13924,carceral_serving_water_system
4193,CA5610020,0,0,0,0,0,0,0,0,0,0,THOUSAND OAKS WATER DEPT,CWS,SW,SWP,53157,17200,other_water_systems
4194,CA5610021,0,0,0,1,1,0,0,0,1,1,CAL AMERICAN WATER COMPANY - PIRU,CWS,GW,GW,2003,613,other_water_systems
4195,CA5610022,3,3,3,0,0,1,1,1,0,0,VENTURA RIVER WATER DISTRICT,CWS,SW,SWP,6100,2166,other_water_systems
4196,CA5610023,0,0,0,1,1,0,0,0,1,1,VENTURA WWD NO. 8 - SIMI VALLEY,CWS,SW,SWP,94738,25902,other_water_systems
4197,CA5610024,1,1,1,2,2,1,1,1,1,1,CASITAS MUNICIPAL WATER DIST,CWS,SW,SW,11005,3171,other_water_systems
4198,CA5610029,1,1,0,2,0,1,1,0,1,0,VINEYARD AVENUE ACRES MWC,CWS,GW,GW,1820,336,other_water_systems
4199,CA5610035,0,0,0,0,0,0,0,0,0,0,RIO MANOR MUTUAL WATER CO,CWS,GW,GW,983,295,other_water_systems
4200,CA5610039,0,0,0,0,0,0,0,0,0,0,CHANNEL ISLANDS BEACH CSD,CWS,SW,SWP,4560,1866,other_water_systems
4201,CA5610040,0,0,0,1,1,0,0,0,1,1,CAL AMERICAN WATER CO,CWS,SW,SWP,66809,20251,other_water_systems
4202,CA5610043,0,0,0,0,0,0,0,0,0,0,TRIUNFO WATER & SANITATION DISTRICT,CWS,SW,SWP,13898,4601,other_water_systems
4203,CA5610046,0,0,0,0,0,0,0,0,0,0,UNITED WTR CONS DIST,CWS,SW,SW,0,1,other_water_systems
4204,CA5610050,0,0,0,0,0,0,0,0,0,0,CALLEGUAS MUNICIPAL WATER DIST,CWS,SW,SW,0,93,other_water_systems
4205,CA5610056,1,1,0,6,0,1,1,0,1,0,VINEYARD AVE ESTATES MWC,CWS,SW,SWP,1200,342,other_water_systems
4206,CA5610058,0,0,0,0,0,0,0,0,0,0,CRESTVIEW MUTUAL WATER CO,CWS,SW,SWP,2079,630,other_water_systems
4207,CA5610059,0,0,0,0,0,0,0,0,0,0,GOLDEN STATE WATER COMPANY - SIMI VALLEY,CWS,SW,SWP,45128,13715,other_water_systems
4208,CA5610063,0,0,0,0,0,0,0,0,0,0,CAMROSA WATER DISTRICT,CWS,SW,SWP,32700,9055,carceral_serving_water_system
4209,CA5610068,0,0,0,1,1,0,0,0,1,1,CLOVERDALE MUTUAL WATER CO.,CWS,GW,GW,455,147,other_water_systems
4210,CA5610069,0,0,0,0,0,0,0,0,0,0,VENTURA CWWD NO. 38 - LAKE SHERWOOD,CWS,SW,SWP,1759,792,other_water_systems
4211,CA5610080,0,0,0,0,0,0,0,0,0,0,PORT HUENEME WATER AGENCY,CWS,SW,SWP,0,7,other_water_systems
4212,CA5610081,0,0,0,0,0,0,0,0,0,0,CAL AMERICAN WC - LAS POSAS ESTATES,CWS,SW,SWP,2039,619,other_water_systems
4213,CA5610700,1,1,1,1,1,1,1,1,1,1,"NAVAL BASE VENTURA COUNTY, POINT MUGU",CWS,SW,SWP,5700,928,other_water_systems
4214,CA5610701,0,0,0,2,2,0,0,0,1,1,"NAVAL BASE VENTURA COUNTY, PORT HUENEME",CWS,SW,SWP,8625,609,other_water_systems
4215,CA5610702,0,0,0,0,0,0,0,0,0,0,"U.S.N., SAN NICOLAS ISLAND",CWS,SW,GU,254,106,other_water_systems
4216,CA5700508,9,9,8,2,1,1,1,1,1,1,OLD SUGAR MILL WINERY,NTNCWS,GW,GW,50,6,other_water_systems
4217,CA5700509,0,0,0,1,1,0,0,0,1,1,CLARKSBURG MIDDLE SCHOOL,NTNCWS,GW,GW,460,3,other_water_systems
4218,CA5700510,0,0,0,0,0,0,0,0,0,0,DELTA HIGH SCHOOL,NTNCWS,GW,GW,250,7,other_water_systems
4219,CA5700514,1,1,0,1,0,1,1,0,1,0,BOGLE FAMILY LIMITED PARTNER,NTNCWS,GW,GW,69,3,other_water_systems
4220,CA5700523,1,1,0,1,0,1,1,0,1,0,BOGLE VINEYARDS TASTING ROOM,NTNCWS,GW,GW,29,3,other_water_systems
4221,CA5700537,8,8,8,0,0,1,1,1,0,0,HARRIS MORAN SEED COMPANY - WATER,NTNCWS,GW,GW,25,6,other_water_systems
4222,CA5700539,1,1,0,1,0,1,1,0,1,0,DAVIS MIGRANT CENTER (CIUDAD DEL SOL),NTNCWS,GW,GW,91,68,other_water_systems
4223,CA5700542,0,0,0,0,0,0,0,0,0,0,TEICHERT CONSTRUCTION,NTNCWS,GW,GW,35,2,other_water_systems
4224,CA5700552,0,0,0,2,2,0,0,0,1,1,PILOT TRAVEL CENTER #168 - WATER,NTNCWS,GW,GW,82,3,other_water_systems
4225,CA5700554,0,0,0,7,6,0,0,0,1,1,CAMPERS INN - RV & GOLF COURSE,CWS,GW,GW,140,69,other_water_systems
4226,CA5700555,8,8,8,3,3,1,1,1,1,1,BONFIRE VILLAGE HOTEL,CWS,GW,GW,44,3,other_water_systems
4227,CA5700571,1,1,0,4,1,1,1,0,1,1,MADISON SERVICE DIST,CWS,GW,GW,876,149,other_water_systems
4228,CA5700615,0,0,0,2,2,0,0,0,1,1,YOLO CO HOUSING AUTHORITY-EL RIO VILLA,CWS,GW,GW,432,113,other_water_systems
4229,CA5700617,0,0,0,0,0,0,0,0,0,0,MARIANI NUT COMPANY - BUCKEYE RD,NTNCWS,GW,GW,150,6,other_water_systems
4230,CA5700623,14,14,14,1,1,1,1,1,1,1,DAVIS JUSD - FAIRFIELD SCHOOL,NTNCWS,GW,GW,46,1,other_water_systems
4231,CA5700643,0,0,0,0,0,0,0,0,0,0,PLAINFIELD ELEM SCHOOL - WATER,NTNCWS,GW,GW,400,17,other_water_systems
4232,CA5700652,0,0,0,1,1,0,0,0,1,1,YOLO FLIERS CLUB,NTNCWS,GW,GW,415,3,other_water_systems
4233,CA5700700,1,1,0,2,1,1,1,0,1,1,CACHEVILLE SERVICE DIST,CWS,GW,GW,400,157,other_water_systems
4234,CA5700702,1,1,0,1,0,1,1,0,1,0,MIGRANT HEAD START PROGRAM - WATER,NTNCWS,GW,GW,200,3,other_water_systems
4235,CA5700707,0,0,0,3,3,0,0,0,1,1,ROLLING ACRES MUTUAL WATER COMPANY,CWS,GW,GW,40,14,other_water_systems
4236,CA5700712,0,0,0,0,0,0,0,0,0,0,CAL AM - DUNNIGAN,CWS,GW,GW,602,175,other_water_systems
4237,CA5700714,1,1,0,6,5,1,1,0,1,1,YOLO CO AIRPORT,NTNCWS,GW,GW,114,11,other_water_systems
4238,CA5700730,4,4,3,3,2,1,1,1,1,1,CREW WINE COMPANY,NTNCWS,GW,GW,312,9,other_water_systems
4239,CA5700748,1,1,1,0,0,1,1,1,0,0,FULL BELLY FARM,NTNCWS,GW,GW,65,14,other_water_systems
4240,CA5700754,0,0,0,2,2,0,0,0,1,1,THE MAPLES,NTNCWS,GW,GW,200,3,other_water_systems
4241,CA5700758,0,0,0,0,0,0,0,0,0,0,SAKATA SEED WOODLAND STATION,NTNCWS,GW,GW,60,4,other_water_systems
4242,CA5700761,2,2,2,0,0,1,1,1,0,0,CLARK PACIFIC - CR 18C,NTNCWS,GW,GW,450,8,other_water_systems
4243,CA5700764,0,0,0,0,0,0,0,0,0,0,SYNGENTA SEEDS LLC,NTNCWS,GW,GW,76,4,other_water_systems
4244,CA5700768,0,0,0,0,0,0,0,0,0,0,WILBUR-ELLIS COMPANY LLC,NTNCWS,GW,GW,39,4,other_water_systems
4245,CA5700773,0,0,0,0,0,0,0,0,0,0,UNITARIAN CHURCH OF DAVIS,NTNCWS,GW,GW,250,5,other_water_systems
4246,CA5700778,0,0,0,2,2,0,0,0,1,1,YOLO CO CENTRAL LANDFILL,NTNCWS,GW,GW,40,4,other_water_systems
4247,CA5700784,0,0,0,0,0,0,0,0,0,0,GRACE VALLEY CHRISTIAN CENTER,NTNCWS,GW,GW,304,4,other_water_systems
4248,CA5700785,0,0,0,0,0,0,0,0,0,0,BAYER RESEARCH AND DEVELOPMENT LLC,NTNCWS,GW,GW,300,10,other_water_systems
4249,CA5700788,19,19,19,2,2,1,1,1,1,1,NORTH DAVIS MEADOWS,CWS,GW,GW,314,96,other_water_systems
4250,CA5700795,5,5,5,0,0,1,1,1,0,0,HAY KINGDOM,NTNCWS,GW,GW,27,3,other_water_systems
4251,CA5700797,1,1,0,5,4,1,1,0,1,1,MONROE/LEINBERGER CNTR - WATERS,CWS,GW,GW,800,10,carceral_water_system
4252,CA5700798,0,0,0,0,0,0,0,0,0,0,PAVESTONE,NTNCWS,GW,GW,40,2,other_water_systems
4253,CA5700804,0,0,0,1,1,0,0,0,1,1,CLARKSBURG COMM CHURCH,NTNCWS,GW,GW,94,1,other_water_systems
4254,CA5700816,1,1,0,4,2,1,1,0,1,1,WEST VALLEY BAPTIST CHURCH,NTNCWS,GW,GW,81,3,other_water_systems
4255,CA5700827,0,0,0,0,0,0,0,0,0,0,PIONEER HI-BRED INTERNATIONAL,NTNCWS,GW,GW,115,9,other_water_systems
4256,CA5710001,0,0,0,0,0,0,0,0,0,0,CITY OF DAVIS,CWS,SW,SWP,67217,17320,other_water_systems
4257,CA5710003,1,1,0,1,0,1,1,0,1,0,CITY OF WEST SACRAMENTO,CWS,SW,SW,53355,15587,other_water_systems
4258,CA5710004,1,1,0,1,0,1,1,0,1,0,KNIGHTS LANDING SVC. DIST.,CWS,GW,GW,944,298,other_water_systems
4259,CA5710005,0,0,0,0,0,0,0,0,0,0,CITY OF WINTERS,CWS,GW,GW,7115,2463,other_water_systems
4260,CA5710006,0,0,0,0,0,0,0,0,0,0,CITY OF WOODLAND,CWS,SW,SWP,61462,17748,other_water_systems
4261,CA5710007,0,0,0,1,1,0,0,0,1,1,ESPARTO C.S.D.,CWS,GW,GW,3574,978,other_water_systems
4262,CA5710009,0,0,0,1,1,0,0,0,1,1,UC - DAVIS,CWS,SW,SWP,49616,4656,other_water_systems
4263,CA5710011,0,0,0,0,0,0,0,0,0,0,WILD WINGS GOLF COMMUNITY,CWS,GW,GW,1115,353,other_water_systems
4264,CA5710012,0,0,0,0,0,0,0,0,0,0,WOODLAND-DAVIS CLEAN WATER AGENCY,CWS,SW,SW,0,2,other_water_systems
4265,CA5710013,1,1,1,0,0,1,1,1,0,0,IHS NOR CAL YOUTH TRMNT CTR(SACRED OAKS),NTNCWS,GW,GW,104,2,other_water_systems
4266,CA5800006,0,0,0,9,9,0,0,0,1,1,YES CHARTER ACADEMY,NTNCWS,GW,GW,125,1,other_water_systems
4267,CA5800572,0,0,0,0,0,0,0,0,0,0,FAIRWAY DOWNS MUTUAL WATER CO,CWS,GW,GW,100,27,other_water_systems
4268,CA5800800,0,0,0,0,0,0,0,0,0,0,YUBA RIVER MOULDING & MILLWORK,NTNCWS,GW,GW,100,8,other_water_systems
4269,CA5800803,0,0,0,2,2,0,0,0,1,1,LOMA RICA WATER COMPANY,CWS,GW,GW,200,70,other_water_systems
4270,CA5800805,0,0,0,0,0,0,0,0,0,0,LAKE FRANCIS MUTUAL WATER COMPANY,CWS,GW,GW,60,21,other_water_systems
4271,CA5800809,0,0,0,0,0,0,0,0,0,0,LAKE OF THE SPRINGS,NTNCWS,GW,GW,6500,1,other_water_systems
4272,CA5800810,0,0,0,0,0,0,0,0,0,0,BIBLE BAPTIST ACADEMY,NTNCWS,GW,GW,45,4,other_water_systems
4273,CA5800820,0,0,0,0,0,0,0,0,0,0,RIVER HIGHLANDS CSD,CWS,GW,GW,200,84,other_water_systems
4274,CA5800821,0,0,0,6,3,0,0,0,1,1,WHEATLAND PARK ESTATES,CWS,GW,GW,26,20,other_water_systems
4275,CA5800823,0,0,0,2,2,0,0,0,1,1,RISELEN PARK,CWS,GW,GW,100,35,other_water_systems
4276,CA5800824,0,0,0,0,0,0,0,0,0,0,COUNTRY VILLAGE MOBILE HOME PARK,CWS,GW,GW,50,45,other_water_systems
4277,CA5800827,0,0,0,0,0,0,0,0,0,0,WHISPERING PINES MOBILE HOME PARK,CWS,GW,GW,25,19,other_water_systems
4278,CA5800828,0,0,0,0,0,0,0,0,0,0,COUNTRYSIDE MOBILE HOME PARK,CWS,GW,GW,185,86,other_water_systems
4279,CA5800832,0,0,0,2,2,0,0,0,1,1,CASTLEWOOD MOBILE HOME PARK,CWS,GW,GW,200,88,other_water_systems
4280,CA5800840,0,0,0,2,2,0,0,0,1,1,MJUSD CORDUA SCHOOL,NTNCWS,GW,GW,110,3,other_water_systems
4281,CA5800843,0,0,0,1,1,0,0,0,1,1,MJUSD FOOTHILL INTERMEDIATE SCHOOL,NTNCWS,GW,GW,325,2,other_water_systems
4282,CA5800844,0,0,0,1,1,0,0,0,1,1,MJUSD BROWNS VALLEY SCHOOL,NTNCWS,GW,GW,155,5,other_water_systems
4283,CA5800845,0,0,0,1,1,0,0,0,1,1,MJUSD DOBBINS SCHOOL,NTNCWS,GW,GW,85,3,other_water_systems
4284,CA5800847,0,0,0,1,1,0,0,0,1,1,MJUSD LOMA RICA SCHOOL,NTNCWS,GW,GW,150,6,other_water_systems
4285,CA5800850,0,0,0,2,1,0,0,0,1,1,REBEL RIDGE VILLAGE,CWS,GW,GW,60,41,other_water_systems
4286,CA5800851,1,1,0,3,0,1,1,0,1,0,FEATHER RIVER MANOR,CWS,GW,GW,35,6,other_water_systems
4287,CA5800863,1,1,0,1,0,1,1,0,1,0,FELLOWSHIP OF FRIENDS,CWS,GW,GW,160,30,other_water_systems
4288,CA5800899,1,1,0,4,0,1,1,0,1,0,NORTH YUBA RANGER STATION,NTNCWS,GW,GW,50,1,other_water_systems
4289,CA5800909,0,0,0,2,2,0,0,0,1,1,"SHOEI FOODS (USA), INC.",NTNCWS,GW,GW,50,5,other_water_systems
4290,CA5800913,0,0,0,0,0,0,0,0,0,0,US PIPE FABRICATION,NTNCWS,GW,GW,50,1,other_water_systems
4291,CA5800915,0,0,0,0,0,0,0,0,0,0,BENZEEN AUTO PARTS,NTNCWS,GW,GW,45,4,other_water_systems
4292,CA5800919,0,0,0,0,0,0,0,0,0,0,PG&E,NTNCWS,GW,GW,50,1,other_water_systems
4293,CA5800924,0,0,0,1,1,0,0,0,1,1,CAMPTONVILLE COMMUNITY SERV DIST,CWS,SW,SW,180,85,other_water_systems
4294,CA5805001,0,0,0,0,0,0,0,0,0,0,PLUMAS LAKE,CWS,GW,GW,10464,3539,other_water_systems
4295,CA5810001,0,0,0,0,0,0,0,0,0,0,CAL-WATER SERVICE CO.-MARYSVILLE,CWS,GW,GW,12385,3704,carceral_serving_water_system
4296,CA5810002,0,0,0,1,1,0,0,0,1,1,LINDA COUNTY WATER DISTRICT,CWS,GW,GW,21654,5362,other_water_systems
4297,CA5810003,0,0,0,1,1,0,0,0,1,1,OLIVEHURST PUBLIC U.D.,CWS,GW,GW,16595,4613,other_water_systems
4298,CA5810004,0,0,0,4,4,0,0,0,1,1,CITY OF WHEATLAND,CWS,GW,GW,3712,1246,other_water_systems
4299,CA5810005,0,0,0,0,0,0,0,0,0,0,NEVADA ID - SMARTSVILLE,CWS,SW,SW,122,43,other_water_systems
4300,CA5810006,0,0,0,0,0,0,0,0,0,0,NORTH YUBA WATER DISTRICT,CWS,SW,SW,2772,795,other_water_systems
4301,CA5810700,0,0,0,5,5,0,0,0,1,1,BEALE AIR FORCE BASE,CWS,GW,GW,6785,810,other_water_systems