"","SABL_PWSID","NN.x","NN_distance_meters.x","NN_distance_miles_largeurban","Remote_largeurban","NN.y","NN_distance_meters.y","NN_distance_miles","Remote"
"1","CA1100445",5,23953.8808090747,14.884288471718,"Yes",91,0,0,"No"
"2","CA3200054",5,65248.9569021344,40.5439229138246,"Yes",138,45069.7096470738,28.0050888234145,"Yes"
"3","CA5201140",28,25069.3720781297,15.5774243342797,"Yes",105,0,0,"No"
"4","CA3710047",32,36568.4079060739,22.7226116955236,"Yes",169,32223.0301483382,20.0225124264221,"Yes"
"5","CA4400692",53,260.160860220428,0.161656865684335,"No",156,260.160860220428,0.161656865684335,"No"
"6","CA0800649",28,165918.021901163,103.096935328248,"Yes",27,22367.6772203269,13.8986648068941,"Yes"
"7","CA0800608",28,169984.511899098,105.623741346824,"Yes",27,18488.1653613766,11.4880419062327,"Yes"
"8","CA2010800",19,8642.91792268144,5.37047356225623,"Yes",18,3343.53656303832,2.07758246426381,"No"
"9","CA1400504",27,94721.7411605329,58.857507525155,"Yes",161,93714.4999591464,58.231635303383,"Yes"
"10","CA4901206",40,1441.85911338647,0.895931943148414,"No",126,1441.85911338647,0.895931943148414,"No"
"11","CA2702180",31,1284.80530679878,0.798342989547752,"No",115,1284.80530679878,0.798342989547752,"No"
"12","CA3710037",32,11.4458183000287,0.00711211944028529,"No",116,11.4458183000287,0.00711211944028529,"No"
"13","CA0202562",30,100154.979239561,62.2335735391905,"Yes",136,48353.4459396118,30.0455130299451,"Yes"
"14","CA2702229",31,1087.00240568495,0.675433659565381,"No",16,526.833003345932,0.327359665046498,"No"
"15","CA0310005",30,34007.3429270705,21.1312357407822,"Yes",64,10040.949974416,6.23917256416665,"Yes"
"16","CA1210007",28,151912.909634206,94.3945403918412,"Yes",46,7166.18073498758,4.45286933462636,"No"
"17","CA1400506",11,98973.4271858292,61.4993893060691,"Yes",10,14403.665752426,8.95004520637405,"Yes"
"18","CA1200793",28,146337.479765045,90.930120276042,"Yes",2,2041.79833696193,1.26871782032506,"No"
"19","CA0810303",28,184069.416998888,114.375717374134,"Yes",27,3724.10392731022,2.31405664888105,"No"
"20","CA1400037",27,94511.7305703256,58.7270126699924,"Yes",161,93480.916223129,58.086492738097,"Yes"
"21","CA3700041",32,17707.4077475621,11.0029004110767,"Yes",116,17707.4077475621,11.0029004110767,"Yes"
"22","CA3900927",22,652.48902129681,0.405438888797153,"No",177,0,0,"No"
"23","CA1000003",11,57575.2185583079,35.7756711187865,"Yes",78,41817.6976997948,25.9843772601158,"Yes"
"24","CA1400088",51,161239.971397075,100.190122284337,"Yes",45,69475.672265048,43.170288605918,"Yes"
"25","CA5800814",55,41759.7241046335,25.948354048637,"Yes",51,15138.7103662719,9.40678188963915,"Yes"
"26","CA5200534",5,53981.6881234166,33.5427492782237,"Yes",26,29614.3844378835,18.4015711023671,"Yes"
"27","CA4400711",38,5325.54684361195,3.3091496163719,"No",123,5325.54684361195,3.3091496163719,"No"
"28","CA2300606",40,62169.3293008014,38.630326283322,"Yes",149,1303.71820609324,0.810094949540335,"No"
"29","CA4901287",40,2945.95410505863,1.83053556430501,"No",126,2945.95410505863,1.83053556430501,"No"
"30","CA2810007",23,4236.3785052938,2.63237010531883,"No",86,4236.3785052938,2.63237010531883,"No"
"31","CA5800823",55,36062.5493646672,22.408284989292,"Yes",51,17399.1021367679,10.811327709973,"Yes"
"32","CA4400526",34,2196.279727214,1.36470834454746,"No",119,2196.279727214,1.36470834454746,"No"
"33","CA2700970",41,33616.988160049,20.8886799309338,"Yes",52,15811.5711090656,9.82487921077313,"Yes"
"34","CA3700900",32,21820.5940081551,13.5587222141717,"Yes",178,16513.7917345563,10.2612199625662,"Yes"
"35","CA4901336",40,109.232218459611,0.067873922514578,"No",126,109.232218459611,0.067873922514578,"No"
"36","CA4900981",40,1477.73837451231,0.918226337823153,"No",126,1477.73837451231,0.918226337823153,"No"
"37","CA1500485",25,7219.3451579125,4.48590425759162,"No",111,0,0,"No"
"38","CA4400717",38,770.031192334192,0.478476389286411,"No",123,770.031192334192,0.478476389286411,"No"
"39","CA4400774",53,97.2411114032457,0.0604229755075035,"No",156,97.2411114032457,0.0604229755075035,"No"
"40","CA4400823",53,335.710302857729,0.208601229608242,"No",156,335.710302857729,0.208601229608242,"No"
"41","CA4400851",53,5495.49592008299,3.41475133910982,"No",156,5495.49592008299,3.41475133910982,"No"
"42","CA4400764",53,4023.37793153876,2.50001735589668,"No",156,4023.37793153876,2.50001735589668,"No"
"43","CA1000097",11,4678.88088399778,2.90732901934817,"No",47,4678.88088399778,2.90732901934817,"No"
"44","CA4000851",35,3780.71300163224,2.34923198431173,"No",120,3780.71300163224,2.34923198431173,"No"
"45","CA3600087",51,5769.00494539641,3.58470239066724,"No",28,0,0,"No"
"46","CA4500038",28,20170.5286667026,12.5334165973024,"Yes",106,20170.5286667026,12.5334165973024,"Yes"
"47","CA5000071",22,17430.6459584081,10.8309281807499,"Yes",180,7048.67107338332,4.37985203461253,"No"
"48","CA5700712",54,22588.3197406998,14.0357660535995,"Yes",162,22588.3197406998,14.0357660535995,"Yes"
"49","CA5700554",54,27734.7422232972,17.2336126755671,"Yes",162,27734.7422232972,17.2336126755671,"Yes"
"50","CA4901384",40,2147.25348598468,1.33424477486714,"No",167,0,0,"No"
"51","CA5400744",52,25990.202891038,16.149603496488,"Yes",161,16410.3385151818,10.1969369525282,"Yes"
"52","CA2700541",31,583.978716287854,0.362868453085025,"No",16,0,0,"No"
"53","CA1510702",25,27320.7712515108,16.9763823999346,"Yes",111,22863.3026453315,14.2066329335824,"Yes"
"54","CA4000653",35,11264.7794048018,6.99962680651805,"Yes",84,121.819829445435,0.0756955208007228,"No"
"55","CA1800560",29,93426.5798730917,58.0527296115747,"Yes",138,3843.36085887343,2.38815965481093,"No"
"56","CA1900901",57,6042.14893144316,3.75442661677654,"No",183,6042.14893144316,3.75442661677654,"No"
"57","CA1800582",28,95328.9559120125,59.234814217016,"Yes",138,87546.7901779463,54.3991885977769,"Yes"
"58","CA5210002",5,33092.2640826285,20.562630694961,"Yes",105,8709.11623505284,5.41160738877604,"Yes"
"59","CA4400907",38,9364.04380096544,5.81856152271455,"Yes",123,9364.04380096544,5.81856152271455,"Yes"
"60","CA2900502",29,10983.4573892113,6.82482097581078,"Yes",144,5201.26382855258,3.23192353918537,"No"
"61","CA3301756",44,4563.19200484662,2.83544310391007,"No",141,4563.19200484662,2.83544310391007,"No"
"62","CA1800562",29,58025.790560629,36.0556442769266,"Yes",138,39010.8123496238,24.2402552286178,"Yes"
"63","CA1010062",11,7849.25254957953,4.87731153738771,"No",47,7849.25254957953,4.87731153738771,"No"
"64","CA4400908",34,4394.02655846072,2.73032830754267,"No",119,4394.02655846072,2.73032830754267,"No"
"65","CA4400750",38,392.993135668487,0.244195220194917,"No",123,392.993135668487,0.244195220194917,"No"
"66","CA4400758",53,53.2682641473386,0.0330994470698166,"No",156,53.2682641473386,0.0330994470698166,"No"
"67","CA4400611",38,1532.71710169288,0.952388619988867,"No",123,1532.71710169288,0.952388619988867,"No"
"68","CA4400902",53,308.893871271281,0.191938230126189,"No",156,308.893871271281,0.191938230126189,"No"
"69","CA1300546",56,24633.5474439722,15.3066147886539,"Yes",166,24633.5474439722,15.3066147886539,"Yes"
"70","CA2400232",21,2043.66257753401,1.26987620859111,"No",82,2043.66257753401,1.26987620859111,"No"
"71","CA1210019",28,137255.022611696,85.2865290191608,"Yes",46,505.57100176711,0.314148036938813,"No"
"72","CA0400008",5,1767.66981406846,1.09838182986097,"No",17,1767.66981406846,1.09838182986097,"No"
"73","CA1200648",28,147060.964266566,91.3796738206757,"Yes",46,1766.49819778347,1.09765381944367,"No"
"74","CA5000060",22,5551.51686638579,3.4495612278237,"No",180,3831.58978941702,2.38084543316951,"No"
"75","CA1000249",11,20894.8000031816,12.9834590597274,"Yes",47,20894.8000031816,12.9834590597274,"Yes"
"76","CA0900536",29,44404.23598895,27.5915816352977,"Yes",136,0,0,"No"
"77","CA4901366",23,8367.4461033429,5.19930288400394,"Yes",134,450.258212732771,0.279778177844813,"No"
"78","CA2702405",41,9426.43485521753,5.85732962283764,"Yes",127,9426.43485521753,5.85732962283764,"Yes"
"79","CA0901229",30,46925.7827123197,29.1584020233883,"Yes",100,15180.7228448635,9.43288729843504,"Yes"
"80","CA0707502",1,1708.55428585937,1.06164905231919,"No",1,1708.55428585937,1.06164905231919,"No"
"81","CA4700542",28,67299.5799847783,41.8181241905243,"Yes",85,0,0,"No"
"82","CA5403042",47,12789.701050606,7.94717154274796,"Yes",35,1828.10962518903,1.13593748069956,"No"
"83","CA1400505",11,104384.350992805,64.8615898398132,"Yes",10,24514.7776520644,15.2328144780248,"Yes"
"84","CA4901122",40,2633.76587388384,1.63655030875007,"No",126,2633.76587388384,1.63655030875007,"No"
"85","CA4901267",40,3202.47389908617,1.98992997072475,"No",167,0,0,"No"
"86","CA1800512",5,77754.7394638389,48.3146752481383,"Yes",138,34192.1283511443,21.246056365432,"Yes"
"87","CA0900654",29,48791.7536919007,30.3178655174796,"Yes",136,3781.88738685367,2.34996171527065,"No"
"88","CA1110001",5,23031.1564432298,14.3109327073395,"Yes",91,0,0,"No"
"89","CA0706059",1,9.16769145300114,0.00569655352691236,"No",1,9.16769145300114,0.00569655352691236,"No"
"90","CA3600064",59,2302.84509924968,1.43092516140137,"No",28,951.864327281615,0.591462541962304,"No"
"91","CA4810011",49,7.83630157813989,0.00486926415682198,"No",150,7.83630157813989,0.00486926415682198,"No"
"92","CA0900663",29,59984.3762790073,37.2726560447185,"Yes",136,1193.57907479746,0.74165749611484,"No"
"93","CA0500055",30,73838.6104107855,45.8812994213687,"Yes",135,37349.6148632445,23.2080324003905,"Yes"
"94","CA4010027",9,28469.9599861391,17.6904569488977,"Yes",15,20495.0044713958,12.7350370160412,"Yes"
"95","CA4700521",28,79449.0172520494,49.3674532740437,"Yes",85,940.178797751749,0.58420147249913,"No"
"96","CA0400137",5,56561.3977277971,35.1457104948594,"Yes",93,27105.5641193437,16.8426585552734,"Yes"
"97","CA0210002",30,70972.7987893867,44.1005622114573,"Yes",136,12886.6115591848,8.0073890906737,"Yes"
"98","CA3301643",15,12832.9665134011,7.97405552176736,"Yes",63,12832.9665134011,7.97405552176736,"Yes"
"99","CA3910018",46,9496.38031528217,5.90079182477424,"Yes",143,9496.38031528217,5.90079182477424,"Yes"
"100","CA0510009",30,66552.3553678581,41.3538191854164,"Yes",135,23007.4626625107,14.2962100379725,"Yes"
"101","CA3900837",17,61.4935768034223,0.0382104321047276,"No",72,61.4935768034223,0.0382104321047276,"No"
"102","CA2701550",31,32798.8826405887,20.3803314654385,"Yes",132,0,0,"No"
"103","CA3400232",30,15826.3211923332,9.83404451037891,"Yes",48,10143.777553422,6.3030668183367,"Yes"
"104","CA2701009",41,21997.1181238977,13.6684094870553,"Yes",127,21997.1181238977,13.6684094870553,"Yes"
"105","CA4100536",34,9519.47078720599,5.91513961450408,"Yes",119,9519.47078720599,5.91513961450408,"Yes"
"106","CA0202549",30,76200.344432965,47.3488165539693,"Yes",136,34294.6249672314,21.3097449682674,"Yes"
"107","CA1810004",29,93546.3601068127,58.1271577831985,"Yes",138,4413.91632133022,2.74268726392821,"No"
"108","CA2207006",21,32110.4597521129,19.9525642512539,"Yes",82,32110.4597521129,19.9525642512539,"Yes"
"109","CA3200101",5,67934.3421434106,42.2125480901553,"Yes",138,49568.2557208157,30.8003627082007,"Yes"
"110","CA4900707",40,4162.42721777442,2.58641879141413,"No",167,0,0,"No"
"111","CA3600172",51,174534.500578938,108.450980264542,"Yes",45,97602.4154300825,60.6474799794217,"Yes"
"112","CA1000200",11,4782.12844629677,2.97148423968631,"No",47,4782.12844629677,2.97148423968631,"No"
"113","CA0500050",22,30466.8900155767,18.9312948261875,"Yes",104,10854.2846703364,6.74455656998295,"Yes"
"114","CA4610001",29,25842.236910239,16.0576614700679,"Yes",108,25842.236910239,16.0576614700679,"Yes"
"115","CA1900303",25,11754.4944587403,7.30392238976247,"Yes",95,11754.4944587403,7.30392238976247,"Yes"
"116","CA2702486",9,43003.9848115585,26.7215037292048,"Yes",66,25832.2554285535,16.0514592494771,"Yes"
"117","CA3510502",31,43903.0734907941,27.2801729223123,"Yes",132,15686.8643090516,9.74738980516959,"Yes"
"118","CA1400008",11,119671.775138816,74.3607784177464,"Yes",10,0,0,"No"
"119","CA1200831",28,151388.880942605,94.0689232496584,"Yes",2,9310.36163359638,5.78520488746715,"Yes"
"120","CA4901234",23,9424.26366713914,5.85598050575959,"Yes",134,0,0,"No"
"121","CA3500576",31,3186.25935673523,1.97985469617062,"No",115,3186.25935673523,1.97985469617062,"No"
"122","CA2702209",41,24581.3048358667,15.2741526562856,"Yes",127,24581.3048358667,15.2741526562856,"Yes"
"123","CA3301528",44,179.348285595925,0.111442135034191,"No",141,179.348285595925,0.111442135034191,"No"
"124","CA4400906",38,894.26866650417,0.55567416860587,"No",123,894.26866650417,0.55567416860587,"No"
"125","CA0610004",55,33537.9761726854,20.8395840361176,"Yes",157,0,0,"No"
"126","CA5500092",22,59664.020726867,37.0735958385841,"Yes",135,0,0,"No"
"127","CA0900417",30,10738.5391202089,6.67263544074522,"Yes",100,9351.56543200942,5.81080780444743,"Yes"
"128","CA2701153",31,1140.06520277356,0.708405435006624,"No",115,1140.06520277356,0.708405435006624,"No"
"129","CA0400132",55,17766.0321205683,11.0393279981659,"Yes",23,12208.8357897219,7.58623770596759,"Yes"
"130","CA1210020",28,137342.477630596,85.3408711835882,"Yes",170,2476.58899988014,1.53888488441233,"No"
"131","CA1710003",40,35829.4032346704,22.2634143404566,"Yes",19,0,0,"No"
"132","CA4400751",38,3298.64666837454,2.04968910756865,"No",123,3298.64666837454,2.04968910756865,"No"
"133","CA5500116",22,45968.703758315,28.5636992545485,"Yes",135,0,0,"No"
"134","CA0300011",30,34354.1420368138,21.3467272526711,"Yes",64,709.62134319756,0.44093935600778,"No"
"135","CA5310003",28,38269.5936975364,23.7796821663144,"Yes",106,38269.5936975364,23.7796821663144,"Yes"
"136","CA4901024",40,3497.65474817602,2.17334730273032,"No",126,3497.65474817602,2.17334730273032,"No"
"137","CA4700705",28,130054.79287664,80.8125025641818,"Yes",163,18340.5119653614,11.3962941114751,"Yes"
"138","CA4700686",28,60955.115011373,37.8758466274205,"Yes",85,0,0,"No"
"139","CA1900038",25,771.723091757192,0.479527689461016,"No",95,771.723091757192,0.479527689461016,"No"
"140","CA1200733",28,122802.124451942,76.3058921371135,"Yes",2,44290.9123178726,27.5211653956731,"Yes"
"141","CA0900565",29,49025.1204581539,30.4628732636695,"Yes",136,0,0,"No"
"142","CA5200512",28,17001.8956299079,10.5645144157902,"Yes",105,4442.5210358598,2.76046145367654,"No"
"143","CA1500459",24,44522.0930004151,27.6648147690452,"Yes",4,41232.8254689027,25.6209536014159,"Yes"
"144","CA4901120",33,7247.65486676537,4.50349513885529,"No",117,7247.65486676537,4.50349513885529,"No"
"145","CA3301588",15,3771.17069914513,2.34330265770137,"No",63,3771.17069914513,2.34330265770137,"No"
"146","CA0400027",5,11935.6742626102,7.41650258031877,"Yes",77,6082.7877961073,3.77967849932724,"No"
"147","CA4500016",28,20101.6200589615,12.4905986671316,"Yes",106,20101.6200589615,12.4905986671316,"Yes"
"148","CA2702503",41,12496.7607133016,7.76514640368201,"Yes",127,12496.7607133016,7.76514640368201,"Yes"
"149","CA3400130",30,9531.29956528769,5.92248969471192,"Yes",113,9531.29956528769,5.92248969471192,"Yes"
"150","CA5400728",27,27881.5148551036,17.324813187458,"Yes",102,27881.5148551036,17.324813187458,"Yes"
"151","CA0400023",55,22509.655568194,13.9868862814533,"Yes",93,0,0,"No"
"152","CA0500043",30,78163.5745497492,48.5687142243088,"Yes",135,38854.9461357642,24.1434042127606,"Yes"
"153","CA0310004",30,18977.6240216614,11.7921781734509,"Yes",64,6379.80868158298,3.96423917977741,"No"
"154","CA2000509",11,41684.7759826994,25.901783329004,"Yes",47,41684.7759826994,25.901783329004,"Yes"
"155","CA0400123",5,4456.73082779805,2.76929103098043,"No",17,4456.73082779805,2.76929103098043,"No"
"156","CA0400090",5,7396.39222192499,4.59591647627287,"No",77,5661.0302991001,3.5176098892093,"No"
"157","CA2700837",31,1234.07002420339,0.766817468156754,"No",115,1234.07002420339,0.766817468156754,"No"
"158","CA0706007",1,957.537006609091,0.594987390240155,"No",1,957.537006609091,0.594987390240155,"No"
"159","CA2702482",31,1127.46512001796,0.70057608710276,"No",115,1127.46512001796,0.70057608710276,"No"
"160","CA1000141",11,54028.6309938271,33.5719182980769,"Yes",78,44634.4179717386,27.7346104438705,"Yes"
"161","CA4100540",34,17197.3979765883,10.6859942439685,"Yes",119,17197.3979765883,10.6859942439685,"Yes"
"162","CA3400135",1,8244.01322486454,5.12260505851128,"Yes",1,8244.01322486454,5.12260505851128,"Yes"
"163","CA0710009",1,6170.23348408446,3.83401486577383,"No",32,0,0,"No"
"164","CA1503378",3,31991.2084171213,19.878464722881,"Yes",139,21643.825856752,13.4488833041818,"Yes"
"165","CA1100404",5,26005.1645445311,16.1589002600638,"Yes",91,0,0,"No"
"166","CA2410018",21,42555.9330886564,26.4430966039845,"Yes",74,11954.2385453531,7.42803791949066,"Yes"
"167","CA0500091",22,54190.6458753959,33.6725899284153,"Yes",135,17991.5966718401,11.1794876606809,"Yes"
"168","CA1210801",28,125470.745746212,77.9641006538158,"Yes",46,23500.9463362656,14.6028473388256,"Yes"
"169","CA4901254",23,6313.88353780454,3.92327509277377,"No",134,5596.0224483025,3.47721578305548,"No"
"170","CA1400020",52,106985.302462626,66.477750172509,"Yes",10,42652.1147416635,26.502861260929,"Yes"
"171","CA4901109",40,31591.7875494553,19.6302754852643,"Yes",21,24448.9428734222,15.1919065414532,"Yes"
"172","CA2110005",33,9988.49955437106,6.20658130312492,"Yes",117,9988.49955437106,6.20658130312492,"Yes"
"173","CA2100582",33,5940.88606427204,3.69150463188142,"No",117,5940.88606427204,3.69150463188142,"No"
"174","CA5200504",5,28463.6164692748,17.6865152604638,"Yes",26,5728.16857741905,3.5593277849423,"No"
"175","CA3100069",30,8247.48861793247,5.12476457301283,"Yes",5,0,0,"No"
"176","CA4100513",34,15959.1179789862,9.91656081311981,"Yes",119,15959.1179789862,9.91656081311981,"Yes"
"177","CA4000568",9,37578.8741655008,23.350487880436,"Yes",15,3736.19736569615,2.32157118178642,"No"
"178","CA2710007",31,18105.5523812898,11.2502966317185,"Yes",50,0,0,"No"
"179","CA4901308",40,3448.05357720727,2.14252648738443,"No",126,3448.05357720727,2.14252648738443,"No"
"180","CA1510021",3,22616.3032534073,14.0531542454716,"Yes",154,0,0,"No"
"181","CA4100515",33,10558.0921539691,6.56051061551261,"Yes",56,5902.31231643831,3.66753595662714,"No"
"182","CA4901025",40,12705.1910071859,7.89465930579362,"Yes",167,4703.81947305612,2.92282517867954,"No"
"183","CA5400637",52,32810.8115272892,20.3877437504127,"Yes",161,22672.1107462077,14.0878314999986,"Yes"
"184","CA1000565",11,17471.2992442496,10.8561890242271,"Yes",97,0,0,"No"
"185","CA0910013",30,17936.7152073562,11.1453858149031,"Yes",5,13680.2447134278,8.50053109562166,"Yes"
"186","CA4100523",38,15377.2251313589,9.55498846195265,"Yes",123,15377.2251313589,9.55498846195265,"Yes"
"187","CA4100527",38,8279.61900428709,5.14472951911162,"Yes",123,8279.61900428709,5.14472951911162,"Yes"
"188","CA4100529",34,8889.52801208754,5.52371034839595,"Yes",119,8889.52801208754,5.52371034839595,"Yes"
"189","CA1010501",52,44120.389477436,27.4152071516497,"Yes",90,32220.606481992,20.0210064262319,"Yes"
"190","CA4300948",34,314.312942843601,0.195305493459182,"No",119,314.312942843601,0.195305493459182,"No"
"191","CA2400201",21,35965.571249371,22.3480254323953,"Yes",74,5151.61043222409,3.20107027242477,"No"
"192","CA4500008",28,17924.927195217,11.1380610655405,"Yes",106,17924.927195217,11.1380610655405,"Yes"
"193","CA0910002",29,50977.9371515603,31.6763003166269,"Yes",136,0,0,"No"
"194","CA1805004",29,95864.0112100296,59.5672829918039,"Yes",138,6625.51040310233,4.11691153087746,"No"
"195","CA3500801",31,26572.2754478429,16.5112875140386,"Yes",59,6441.16595525915,4.00236491683494,"No"
"196","CA1510302",3,9036.29412061855,5.6149068069013,"Yes",7,9036.29412061855,5.6149068069013,"Yes"
"197","CA1510028",24,42258.40190618,26.2582188388905,"Yes",139,34391.0342223552,21.369651050962,"Yes"
"198","CA0900212",30,9194.52260055142,5.71322567049313,"Yes",100,6131.28030521597,3.80981042241911,"No"
"199","CA1300627",56,8009.80644978474,4.97707535373802,"No",166,8009.80644978474,4.97707535373802,"No"
"200","CA1400036",27,104836.651411462,65.1426369887421,"Yes",109,91481.3552698341,56.8440200764501,"Yes"
"201","CA1510025",3,31970.0557282508,19.86532101871,"Yes",140,11471.1488557765,7.12785915703112,"Yes"
"202","CA2000593",11,45161.9814432203,28.0624240019016,"Yes",47,45161.9814432203,28.0624240019016,"Yes"
"203","CA0400169",55,11444.3213265965,7.11118926180704,"Yes",53,1330.32302955713,0.826626461504179,"No"
"204","CA3110041",30,18171.7218738163,11.2914125503724,"Yes",5,5530.75263376304,3.43665889977447,"No"
"205","CA3610016",59,7460.11722682436,4.63551345696022,"No",185,7460.11722682436,4.63551345696022,"No"
"206","CA4900603",40,425.48412871639,0.264384237461562,"No",126,425.48412871639,0.264384237461562,"No"
"207","CA2810004",40,10739.3303530674,6.67312709127182,"Yes",114,0,0,"No"
"208","CA0800627",28,164795.532160271,102.399450806089,"Yes",27,24145.2307435222,15.0031881041435,"Yes"
"209","CA0400003",5,6963.69888011493,4.32705263034221,"No",77,5857.83522185568,3.63989910264809,"No"
"210","CA1400026",11,115479.292895682,71.7556842529742,"Yes",10,6836.11879736908,4.24777784518441,"No"
"211","CA3301115",15,34737.8411893988,21.5851474451631,"Yes",80,32063.3623483415,19.9232992085833,"Yes"
"212","CA1900542",37,11262.893221473,6.99845478362126,"Yes",122,11262.893221473,6.99845478362126,"Yes"
"213","CA2701951",41,10481.8269228115,6.51312148011703,"Yes",127,10481.8269228115,6.51312148011703,"Yes"
"214","CA0310021",17,23737.7121865843,14.7499671831834,"Yes",104,14386.2834918294,8.93924434353796,"Yes"
"215","CA1510701",25,23716.602142263,14.7368499771726,"Yes",111,19264.7739346765,11.9706053007298,"Yes"
"216","CA3400107",1,7516.04996486119,4.67026853546248,"No",1,7516.04996486119,4.67026853546248,"No"
"217","CA4900934",40,2360.16002143018,1.46653909144754,"No",167,0,0,"No"
"218","CA4901275",26,9713.69718445786,6.0358266024941,"Yes",134,1775.52107801354,1.10326039122469,"No"
"219","CA1300579",8,1722.96419504034,1.07060297702185,"No",36,1722.96419504034,1.07060297702185,"No"
"220","CA1503093",3,5970.28808212057,3.70977424417499,"No",4,2061.27759651832,1.28082170114353,"No"
"221","CA4510007",28,2192.32558697821,1.36225134960805,"No",106,2192.32558697821,1.36225134960805,"No"
"222","CA4900653",40,3972.53091679499,2.46842240719487,"No",167,0,0,"No"
"223","CA2110305",33,1183.38064772648,0.735320471576224,"No",117,1183.38064772648,0.735320471576224,"No"
"224","CA4910013",40,9993.43678597487,6.20964916423805,"Yes",134,0,0,"No"
"225","CA2100531",26,19098.2408979281,11.8671262119428,"Yes",167,18653.9742882977,11.5910710529146,"Yes"
"226","CA4901231",40,6442.36679475568,4.00311108575918,"No",134,343.877265470181,0.213675957516858,"No"
"227","CA4901203",40,7511.0549549509,4.66716477248493,"No",21,2787.21241629565,1.73189780673795,"No"
"228","CA4900793",40,3583.5092446501,2.22669494615812,"No",167,2621.22876572544,1.62876009154401,"No"
"229","CA4901448",40,5404.59334080351,3.3582669546544,"No",126,5404.59334080351,3.3582669546544,"No"
"230","CA4901046",40,35523.6257497877,22.0734125478691,"Yes",167,29206.9337769562,18.148392370137,"Yes"
"231","CA4900968",40,5061.12464606806,3.14484487185309,"No",126,5061.12464606806,3.14484487185309,"No"
"232","CA3110009",30,13954.8901416858,8.67118827698671,"Yes",5,2204.66106293039,1.36991627805833,"No"
"233","CA4900847",40,15310.8029893622,9.51371555380604,"Yes",167,11088.874570231,6.89032433807092,"Yes"
"234","CA5200559",5,17642.0295495168,10.96227618124,"Yes",26,6464.30382763367,4.01674215991255,"No"
"235","CA1502569",25,12244.3167747413,7.60828462272816,"Yes",111,0,0,"No"
"236","CA3610060",15,44029.6903536057,27.3588491888636,"Yes",148,1873.71731329451,1.16427685466993,"No"
"237","CA5410009",47,17537.7730962475,10.8974940635586,"Yes",35,0,0,"No"
"238","CA4500063",28,32247.0284565392,20.037424320864,"Yes",106,32247.0284565392,20.037424320864,"Yes"
"239","CA3400169",1,7601.9872259421,4.72366760656051,"No",1,7601.9872259421,4.72366760656051,"No"
"240","CA2000592",11,38594.8758057489,23.9818036000776,"Yes",47,38594.8758057489,23.9818036000776,"Yes"
"241","CA1000217",11,4321.47257275259,2.68524523888836,"No",47,4321.47257275259,2.68524523888836,"No"
"242","CA2702615",31,8075.89789161898,5.01814277381969,"Yes",115,8075.89789161898,5.01814277381969,"Yes"
"243","CA1010025",11,14638.6515350316,9.09605896518547,"Yes",97,0,0,"No"
"244","CA5400553",52,11189.3444353356,6.95275357310175,"Yes",168,7008.19976016011,4.35470426395921,"No"
"245","CA1000308",11,73925.6602293278,45.9353898053412,"Yes",78,30076.2709954539,18.6885748166664,"Yes"
"246","CA1000214",13,45981.7224118819,28.5717886909428,"Yes",61,12208.5197899785,7.58604135234227,"Yes"
"247","CA4901368",40,1067.32316084354,0.663205513343074,"No",167,0,0,"No"
"248","CA1310008",8,18566.5422045958,11.5367431397938,"Yes",12,8279.27994981953,5.14451883990924,"Yes"
"249","CA0105002",46,184.071556899965,0.114377047050322,"No",143,184.071556899965,0.114377047050322,"No"
"250","CA3400342",30,1498.46234572062,0.931103648527108,"No",113,1498.46234572062,0.931103648527108,"No"
"251","CA5110001",55,5939.86948071753,3.69087295457612,"No",70,0,0,"No"
"252","CA4901202",40,5041.29484113815,3.13252317169656,"No",126,5041.29484113815,3.13252317169656,"No"
"253","CA5400647",52,5762.08294612552,3.5804012490372,"No",40,3118.7023024638,1.93787658447799,"No"
"254","CA1000282",11,39506.9091209597,24.5485162370659,"Yes",47,39506.9091209597,24.5485162370659,"Yes"
"255","CA3210011",29,62355.947630694,38.7462858256764,"Yes",144,57710.0244906886,35.8594358499065,"Yes"
"256","CA3600025",51,23375.6432809323,14.5249874364226,"Yes",8,0,0,"No"
"257","CA2110301",33,2443.57933716895,1.51837357995759,"No",117,2443.57933716895,1.51837357995759,"No"
"258","CA0500090",30,42823.453692945,26.6093266139815,"Yes",64,14466.7529931873,8.98924589781357,"Yes"
"259","CA4900521",40,2885.47772849584,1.79295719269753,"No",126,2885.47772849584,1.79295719269753,"No"
"260","CA3500810",12,14010.8590372408,8.70596582278501,"Yes",59,3816.35128300866,2.37137664074009,"No"
"261","CA1300018",8,12821.34787095,7.96683601411137,"Yes",171,6623.67886471341,4.11577346285646,"No"
"262","CA4901164",40,13771.105359692,8.55698942404467,"Yes",167,6009.3093945017,3.73402102383691,"No"
"263","CA3610011",59,2892.00983252647,1.79701606405512,"No",28,0,0,"No"
"264","CA2010011",11,32464.6099927503,20.1726235554639,"Yes",47,32464.6099927503,20.1726235554639,"Yes"
"265","CA4900673",40,2845.52222396713,1.7681299315043,"No",126,2845.52222396713,1.7681299315043,"No"
"266","CA1000267",11,33673.5976188963,20.923855505298,"Yes",90,17652.3326066724,10.9686782200607,"Yes"
"267","CA4901419",40,3804.03952256595,2.36372644846083,"No",126,3804.03952256595,2.36372644846083,"No"
"268","CA4910701",26,6675.18131037839,4.14777567846347,"No",99,6675.18131037839,4.14777567846347,"No"
"269","CA3301511",15,7286.98458504863,4.52793355353663,"No",63,7286.98458504863,4.52793355353663,"No"
"270","CA4901291",40,4226.77730078755,2.62640417859964,"No",126,4226.77730078755,2.62640417859964,"No"
"271","CA5200535",28,26804.7120412969,16.6557172762107,"Yes",105,0,0,"No"
"272","CA4000660",35,81.8450069146915,0.0508562559277042,"No",120,81.8450069146915,0.0508562559277042,"No"
"273","CA0900219",30,8673.52063864739,5.38948925562491,"Yes",100,5930.42288752227,3.68500309911036,"No"
"274","CA4900789",40,2305.4294433972,1.43253100239676,"No",167,0,0,"No"
"275","CA0300667",30,32716.7261359612,20.3292816533245,"Yes",64,16751.3888925371,10.408856358841,"Yes"
"276","CA4000654",9,2119.61682116839,1.31707210481837,"No",37,2119.61682116839,1.31707210481837,"No"
"277","CA4500062",28,2485.17105073265,1.54421753683662,"No",106,2485.17105073265,1.54421753683662,"No"
"278","CA4500291",28,42371.1960522729,26.3283060461263,"Yes",106,42371.1960522729,26.3283060461263,"Yes"
"279","CA0105018",16,2113.06160477777,1.31299887207039,"No",71,2113.06160477777,1.31299887207039,"No"
"280","CA3910003",22,3441.51976893633,2.13846655705838,"No",38,0,0,"No"
"281","CA5301001",28,34626.1221047882,21.5157282518226,"Yes",106,34626.1221047882,21.5157282518226,"Yes"
"282","CA3200148",29,53861.9644011506,33.4683562212774,"Yes",144,52066.9909115654,32.35300863184,"Yes"
"283","CA3301180",14,25995.7197386073,16.1530315151598,"Yes",58,25995.7197386073,16.1530315151598,"Yes"
"284","CA1000198",11,10410.675831023,6.46891013149678,"Yes",128,2716.4335756142,1.68791776480682,"No"
"285","CA0500068",30,43057.754105762,26.7549145026918,"Yes",64,18956.3978277854,11.7789887952735,"Yes"
"286","CA4900608",40,11778.471905747,7.31882132162687,"Yes",21,0,0,"No"
"287","CA1000111",11,31058.8394696805,19.2991160784424,"Yes",47,31058.8394696805,19.2991160784424,"Yes"
"288","CA0310019",30,29535.375761047,18.3524772646221,"Yes",64,12860.3524443421,7.99107239262186,"Yes"
"289","CA2702293",31,1050.70574691669,0.652879905375301,"No",115,1050.70574691669,0.652879905375301,"No"
"290","CA4901232",40,316.186261984265,0.196469522900236,"No",126,316.186261984265,0.196469522900236,"No"
"291","CA2000552",11,41387.4271982748,25.7170189010866,"Yes",47,41387.4271982748,25.7170189010866,"Yes"
"292","CA1200754",28,152265.508638711,94.6136358002107,"Yes",2,12848.3611291257,7.98362131626985,"Yes"
"293","CA4000765",2,5663.25320918624,3.51899114493286,"No",3,5663.25320918624,3.51899114493286,"No"
"294","CA4000808",2,2996.0597562226,1.86166984989039,"No",3,2996.0597562226,1.86166984989039,"No"
"295","CA5410038",27,8011.26627102074,4.97798244685445,"No",102,8011.26627102074,4.97798244685445,"No"
"296","CA2701931",31,7542.52810371974,4.68672132906641,"No",115,7542.52810371974,4.68672132906641,"No"
"297","CA4010028",9,19689.1823037726,12.2343210904921,"Yes",37,19689.1823037726,12.2343210904921,"Yes"
"298","CA0910301",29,46261.9376103097,28.7459067756408,"Yes",62,8385.16020970849,5.21030994675363,"Yes"
"299","CA1000223",11,54154.6566559187,33.6502272086189,"Yes",90,49863.4567771122,30.9837925964136,"Yes"
"300","CA3301577",56,85659.2815598361,53.2263422022917,"Yes",11,8059.63498187646,5.00803744508709,"Yes"
"301","CA5301101",28,47867.428632475,29.7435151257503,"Yes",85,38443.8662331487,23.8879703686907,"Yes"
"302","CA1000190",11,190.992616954869,0.118677605077155,"No",47,190.992616954869,0.118677605077155,"No"
"303","CA1000201",11,14556.2145574281,9.04483487481088,"Yes",65,3927.05734010016,2.44016636639875,"No"
"304","CA5601134",45,5969.14734087517,3.70906541866552,"No",42,1792.34455872788,1.11371404347613,"No"
"305","CA1010035",11,8337.74739696165,5.18084891754486,"Yes",118,0,0,"No"
"306","CA4210022",39,442.087407227934,0.274701062067639,"No",124,442.087407227934,0.274701062067639,"No"
"307","CA4010016",35,7784.65578909503,4.83717287154674,"No",181,0,0,"No"
"308","CA4901437",40,1370.10043027722,0.851343053846436,"No",126,1370.10043027722,0.851343053846436,"No"
"309","CA0500088",22,49531.8125185333,30.7777178958662,"Yes",135,5245.72217979068,3.25954874656113,"No"
"310","CA1000453",11,34.6619516926827,0.0215379917809056,"No",47,34.6619516926827,0.0215379917809056,"No"
"311","CA5210501",28,59407.8939748012,36.9144456577238,"Yes",106,59407.8939748012,36.9144456577238,"Yes"
"312","CA0800661",28,178345.742587032,110.819182141146,"Yes",27,34284.7571756155,21.3036133915863,"Yes"
"313","CA2110501",33,19475.8740240788,12.1017771409887,"Yes",117,19475.8740240788,12.1017771409887,"Yes"
"314","CA0900562",29,45767.9131224277,28.4389334276335,"Yes",136,0,0,"No"
"315","CA2710022",31,1711.90294400287,1.06372981719393,"No",115,1711.90294400287,1.06372981719393,"No"
"316","CA4901082",40,1902.87000930897,1.18239154517316,"No",126,1902.87000930897,1.18239154517316,"No"
"317","CA5400506",52,27391.2186524762,17.0201564942624,"Yes",161,17390.1231543065,10.8057484150686,"Yes"
"318","CA4901236",40,748.325532937786,0.464989084306477,"No",126,748.325532937786,0.464989084306477,"No"
"319","CA1200817",28,126569.438999181,78.646798687152,"Yes",170,13401.4874227059,8.32731891502475,"Yes"
"320","CA5700510",30,3597.02163405812,2.23509117654325,"No",113,3597.02163405812,2.23509117654325,"No"
"321","CA5700623",7,3273.98896972629,2.0343674858801,"No",29,3273.98896972629,2.0343674858801,"No"
"322","CA5790001",7,129.356911042909,0.080378857819298,"No",29,129.356911042909,0.080378857819298,"No"
"323","CA5400519",47,1682.82536564726,1.04566180275595,"No",145,1682.82536564726,1.04566180275595,"No"
"324","CA5610500",36,45915.3119943173,28.5305230680386,"Yes",121,45915.3119943173,28.5305230680386,"Yes"
"325","CA2710300",41,23425.2376046238,14.555803997057,"Yes",127,23425.2376046238,14.555803997057,"Yes"
"326","CA5810004",55,4227.60485217839,2.62691839647209,"No",164,4227.60485217839,2.62691839647209,"No"
"327","CA1310300",56,29282.203400659,18.1951628622037,"Yes",166,29282.203400659,18.1951628622037,"Yes"
"328","CA0410006",5,29536.2420970145,18.3530155821732,"Yes",93,0,0,"No"
"329","CA0900112",30,16376.0951068445,10.1756590321775,"Yes",100,10462.9313417242,6.50138028118617,"Yes"
"330","CA3700909",32,29349.6078846905,18.2370461709089,"Yes",103,13919.0863421537,8.64894077208897,"Yes"
"331","CA4910028",40,12597.546003256,7.82777163511499,"Yes",167,7952.6295107968,4.94154716268582,"No"
"332","CA4210003",39,7890.8668393689,4.90316952251787,"No",54,0,0,"No"
"333","CA0500105",17,49147.2488424119,30.5387605120185,"Yes",64,13438.8237377862,8.35051868330263,"Yes"
"334","CA0900553",29,45363.5819735725,28.1876930751566,"Yes",136,0,0,"No"
"335","CA4810801",10,7609.96057090374,4.72862202573958,"No",41,7609.96057090374,4.72862202573958,"No"
"336","CA2701176",31,30489.9581186581,18.9456287165286,"Yes",132,3158.3633940471,1.96252090549362,"No"
"337","CA1400055",11,121484.352618071,75.4870646464208,"Yes",10,0,0,"No"
"338","CA5301008",28,30986.2053845354,19.2539832381818,"Yes",106,30986.2053845354,19.2539832381818,"Yes"
"339","CA3500556",31,8598.67274490841,5.34298081505984,"Yes",59,4107.1155220146,2.55204961165111,"No"
"340","CA5590001",22,54075.1525707817,33.6008255376625,"Yes",135,0,0,"No"
"341","CA1000440",11,15761.2336856072,9.79360090820287,"Yes",168,0,0,"No"
"342","CA0707577",1,19.4004512637614,0.0120549114940046,"No",1,19.4004512637614,0.0120549114940046,"No"
"343","CA4510002",28,22.8635982026641,0.014206816584851,"No",106,22.8635982026641,0.014206816584851,"No"
"344","CA4900660",40,2238.30180758117,1.39081971962492,"No",126,2238.30180758117,1.39081971962492,"No"
"345","CA3301682",15,12927.9209269529,8.03305760557304,"Yes",63,12927.9209269529,8.03305760557304,"Yes"
"346","CA4900680",40,39074.7065927708,24.2799573693382,"Yes",21,30021.0566486225,18.6542661268735,"Yes"
"347","CA1700595",40,49514.3788710079,30.7668851025935,"Yes",176,39.9926240934945,0.0248503262787817,"No"
"348","CA3310028",56,94923.7019437634,58.9830004497268,"Yes",11,8330.58994345111,5.17640147106958,"Yes"
"349","CA5400934",27,35091.0793087514,21.8046399820742,"Yes",102,35091.0793087514,21.8046399820742,"Yes"
"350","CA1300556",8,23045.1543316534,14.3196306135766,"Yes",12,9817.24221223462,6.10016665977023,"Yes"
"351","CA0500021",30,74067.3847533237,46.0234535606669,"Yes",135,38597.8159731861,23.9836305399643,"Yes"
"352","CA3301630",56,100806.226163543,62.6382406225798,"Yes",11,4516.30497825273,2.80630878388205,"No"
"353","CA0900557",29,49315.1426163347,30.6430851257874,"Yes",136,0,0,"No"
"354","CA4901223",26,228.890478928123,0.142226303284653,"No",99,228.890478928123,0.142226303284653,"No"
"355","CA4901313",40,2153.76961330542,1.33829371873278,"No",167,140.854761843409,0.087523308836796,"No"
"356","CA0300090",30,15430.4285822963,9.58804763586088,"Yes",64,11550.4828119897,7.17715511451263,"Yes"
"357","CA2710005",31,5792.23701061818,3.59913816261211,"No",16,0,0,"No"
"358","CA4510003",28,56422.6417876922,35.05949133663,"Yes",106,56422.6417876922,35.05949133663,"Yes"
"359","CA1400195",27,84814.8718847314,52.7016490516183,"Yes",161,78251.7405793563,48.6234981914053,"Yes"
"360","CA0400106",5,23659.3052361478,14.7012472418183,"Yes",93,0,0,"No"
"361","CA3610015",59,4660.22824187402,2.89573877606598,"No",28,0,0,"No"
"362","CA3610002",59,6609.57249573827,4.10700814976218,"No",28,0,0,"No"
"363","CA4500028",28,49778.1909846748,30.9308107576241,"Yes",85,11173.1258266524,6.94267577183964,"Yes"
"364","CA4510014",28,2487.24798289738,1.54550808585966,"No",106,2487.24798289738,1.54550808585966,"No"
"365","CA2701647",31,3396.80003220614,2.11067893186408,"No",16,366.947304631212,0.228011050884966,"No"
"366","CA1502323",3,5830.22491666972,3.62274281175496,"No",129,3310.30179885853,2.0569312878935,"No"
"367","CA2000828",11,36032.6496636832,22.3897061302665,"Yes",47,36032.6496636832,22.3897061302665,"Yes"
"368","CA0400026",5,15363.6523129909,9.54655468265929,"Yes",77,7752.32135373692,4.81708113496025,"No"
"369","CA0800632",28,162486.967210629,100.964971485596,"Yes",27,27006.9803399205,16.7814012824639,"Yes"
"370","CA2701214",31,2360.45070192018,1.4667197123791,"No",115,2360.45070192018,1.4667197123791,"No"
"371","CA2110300",33,6788.9304236476,4.21845627626704,"No",117,6788.9304236476,4.21845627626704,"No"
"372","CA1502320",3,4748.75190252694,2.95074496534414,"No",129,3021.65723690827,1.87757542651538,"No"
"373","CA1400059",11,116572.774498918,72.4351439092535,"Yes",10,0,0,"No"
"374","CA1000104",11,8443.98684393791,5.24686321345266,"Yes",118,3887.18546600344,2.41539107087591,"No"
"375","CA2100585",26,18968.0133632404,11.7862063723268,"Yes",99,18968.0133632404,11.7862063723268,"Yes"
"376","CA1400034",11,114882.585869912,71.3849067753937,"Yes",10,10274.010921913,6.3839902829191,"Yes"
"377","CA4900813",40,2502.23367795797,1.55481978821005,"No",167,0,0,"No"
"378","CA3210001",5,77408.2580642266,48.099381152663,"Yes",138,37302.9622272957,23.1790437243191,"Yes"
"379","CA4901355",40,4121.98098813898,2.56128660701839,"No",126,4121.98098813898,2.56128660701839,"No"
"380","CA0400062",5,15794.1682557518,9.81406555218397,"Yes",93,5985.04912402756,3.71894635318054,"No"
"381","CA4901118",40,3400.66712058047,2.1130818351501,"No",167,0,0,"No"
"382","CA4900878",40,301.485195448369,0.187334680955155,"No",126,301.485195448369,0.187334680955155,"No"
"383","CA1000181",11,8991.99320682545,5.5873794268616,"Yes",47,8991.99320682545,5.5873794268616,"Yes"
"384","CA4300550",34,310.538951576096,0.192960438177201,"No",119,310.538951576096,0.192960438177201,"No"
"385","CA4500093",28,600.239579929135,0.372972510426097,"No",106,600.239579929135,0.372972510426097,"No"
"386","CA2300514",40,83148.693505182,51.666331232171,"Yes",44,28294.2071751256,17.5812489437444,"Yes"
"387","CA3110035",30,21461.4898680893,13.3355846919168,"Yes",5,8463.95238537234,5.25926925657247,"Yes"
"388","CA1000587",11,41008.7286322242,25.4817059367344,"Yes",47,41008.7286322242,25.4817059367344,"Yes"
"389","CA3110124",30,41639.0470723108,25.8733686308119,"Yes",51,12341.6552201137,7.66876807891043,"Yes"
"390","CA1502670",3,31781.046308646,19.7478757183976,"Yes",140,9030.17186974879,5.61110260712391,"Yes"
"391","CA1510009",3,32571.6141748514,20.2391130369291,"Yes",7,32571.6141748514,20.2391130369291,"Yes"
"392","CA1400049",27,95132.0503253941,59.1124624537973,"Yes",10,91933.9415900267,57.1252448767984,"Yes"
"393","CA4901196",40,37287.3770063089,23.1693594929032,"Yes",167,31908.0223429167,19.8267751643014,"Yes"
"394","CA1000071",11,41089.7286546566,25.5320371423419,"Yes",47,41089.7286546566,25.5320371423419,"Yes"
"395","CA5510006",22,69265.771432857,43.0398619513943,"Yes",135,0,0,"No"
"396","CA5410011",27,11912.8886295498,7.40234420914773,"Yes",102,11912.8886295498,7.40234420914773,"Yes"
"397","CA1000054",19,33052.0895158707,20.537667314471,"Yes",43,2228.73971120348,1.38487809363061,"No"
"398","CA1700580",40,34786.893591573,21.6156272705413,"Yes",19,0,0,"No"
"399","CA0202519",29,68648.6235929413,42.6563831091884,"Yes",136,20455.1228789491,12.7102556818007,"Yes"
"400","CA2100584",33,5765.70781313095,3.58265364256835,"No",117,5765.70781313095,3.58265364256835,"No"
"401","CA2701452",41,4154.12487560307,2.58125994233852,"No",16,2879.72283084708,1.78938125619638,"No"
"402","CA1000072",11,41191.1726582854,25.5950716804935,"Yes",47,41191.1726582854,25.5950716804935,"Yes"
"403","CA4900904",40,77.3191354679303,0.048044002801105,"No",126,77.3191354679303,0.048044002801105,"No"
"404","CA4901218",23,7455.19031018003,4.63245200528169,"No",134,161.739459232882,0.100500490407795,"No"
"405","CA1200600",28,107323.357950051,66.68780863587,"Yes",170,29807.4180795023,18.5215169445253,"Yes"
"406","CA5500191",30,91855.5045297029,57.0765062259702,"Yes",135,22821.5267651681,14.1806745405993,"Yes"
"407","CA0900314",30,47154.1318758082,29.3002919680168,"Yes",100,15403.0514504734,9.57103623253842,"Yes"
"408","CA0610001",55,29716.4378793785,18.4649843285934,"Yes",157,13710.4135933222,8.51927721508333,"Yes"
"409","CA4900634",40,16728.1104032446,10.3943917402442,"Yes",167,10419.1861865874,6.47419823442366,"Yes"
"410","CA2702551",41,24659.5442121123,15.3227684716171,"Yes",127,24659.5442121123,15.3227684716171,"Yes"
"411","CA4900679",40,34048.3296506422,21.1567037733743,"Yes",167,28697.1598678399,17.8316327611567,"Yes"
"412","CA4901096",26,6907.98455825983,4.29243326970052,"No",134,111.415690937345,0.0692306727834674,"No"
"413","CA2100579",33,6385.29204408622,3.9676463917421,"No",117,6385.29204408622,3.9676463917421,"No"
"414","CA5304502",28,99653.1051653193,61.9217226722255,"Yes",170,36270.9050532157,22.5377515336819,"Yes"
"415","CA4901220",40,762.188023245187,0.473602857845568,"No",126,762.188023245187,0.473602857845568,"No"
"416","CA4901264",40,35562.5466050651,22.0975969062256,"Yes",21,31185.5735375557,19.3778651730248,"Yes"
"417","CA0400016",5,32562.5892003551,20.2335051638281,"Yes",93,10470.4586787474,6.506057563192,"Yes"
"418","CA2700766",31,718.645905876233,0.446546973216494,"No",115,718.645905876233,0.446546973216494,"No"
"419","CA4901340",40,2948.06381234372,1.83184647889428,"No",167,117.063489847392,0.0727400610482508,"No"
"420","CA4500200",28,2598.71171870028,1.61476861241271,"No",106,2598.71171870028,1.61476861241271,"No"
"421","CA1410008",52,100444.449778814,62.4134426403458,"Yes",10,62620.2798194606,38.9105346411949,"Yes"
"422","CA0105019",16,2271.14593151173,1.41122816279452,"No",71,2271.14593151173,1.41122816279452,"No"
"423","CA0105017",16,17652.8187807654,10.9689803153873,"Yes",71,17652.8187807654,10.9689803153873,"Yes"
"424","CA5410007",52,10158.535053605,6.31223672661154,"Yes",69,0,0,"No"
"425","CA2100586",33,7180.96641307736,4.46205675188423,"No",117,7180.96641307736,4.46205675188423,"No"
"426","CA1000180",11,24672.3163095496,15.3307047047545,"Yes",107,2228.9973627664,1.38503819128736,"No"
"427","CA0105009",46,1904.85414667081,1.18362443403558,"No",143,1904.85414667081,1.18362443403558,"No"
"428","CA1009027",13,43752.3150320641,27.1864957262382,"Yes",61,17226.505990927,10.7040811704966,"Yes"
"429","CA5500353",22,71017.363262048,44.1282533597922,"Yes",135,0,0,"No"
"430","CA2702323",41,26455.7773315853,16.4388987607251,"Yes",127,26455.7773315853,16.4388987607251,"Yes"
"431","CA1500324",25,40931.35303435,25.4336268497334,"Yes",140,24077.9188208166,14.9613623105227,"Yes"
"432","CA4810002",49,6316.0753130763,3.92463700217251,"No",33,0,0,"No"
"433","CA1300571",8,2944.68367667694,1.82974615474476,"No",60,2118.76472755709,1.31654263707923,"No"
"434","CA2702198",31,3825.4382929321,2.37702306096419,"No",115,3825.4382929321,2.37702306096419,"No"
"435","CA4500313",28,5169.22982443911,3.21201848238353,"No",106,5169.22982443911,3.21201848238353,"No"
"436","CA4500314",28,29909.6325639891,18.5850302384761,"Yes",106,29909.6325639891,18.5850302384761,"Yes"
"437","CA1400004",51,169065.996501491,105.053000920558,"Yes",45,77947.333071715,48.4343476653256,"Yes"
"438","CA3610045",59,5852.30773071339,3.6364644703502,"No",28,0,0,"No"
"439","CA0800603",28,189998.339910294,118.059788428979,"Yes",27,0,0,"No"
"440","CA1510033",3,43719.3866084156,27.1660349015221,"Yes",7,43719.3866084156,27.1660349015221,"Yes"
"441","CA3110044",29,38736.1823260979,24.0696076193333,"Yes",62,1944.67348599083,1.20836708588044,"No"
"442","CA2702521",41,4839.5284895219,3.00715106162893,"No",127,4839.5284895219,3.00715106162893,"No"
"443","CA1410502",27,169500.395533653,105.322924635971,"Yes",109,110788.910483937,68.8412084978542,"Yes"
"444","CA2610700",29,111822.214768385,69.4832756088738,"Yes",135,64396.5375463348,40.0142527659381,"Yes"
"445","CA0105013",33,671.610927166991,0.417320719777667,"No",117,671.610927166991,0.417320719777667,"No"
"446","CA0500007",22,53353.4883947566,33.1524030936636,"Yes",135,13434.3132356203,8.34771598022811,"Yes"
"447","CA3110010",29,30641.0838697736,19.0395341380775,"Yes",62,0,0,"No"
"448","CA3110011",29,40375.1266370926,25.0880029310727,"Yes",62,0,0,"No"
"449","CA3200107",29,50837.718701007,31.5891723942778,"Yes",108,50837.718701007,31.5891723942778,"Yes"
"450","CA0900111",30,16732.7385286092,10.3972675311675,"Yes",100,10354.2447736556,6.43384541094833,"Yes"
"451","CA1502133",3,17216.2116728737,10.6976845619159,"Yes",154,0,0,"No"
"452","CA4901377",40,28143.9643739856,17.4878921632381,"Yes",167,21339.196600808,13.2595949897523,"Yes"
"453","CA3700923",32,30267.6452900114,18.8074895858,"Yes",169,23937.7018850708,14.8742353294337,"Yes"
"454","CA3110017",29,39836.9394992433,24.7535881163976,"Yes",144,7687.53517047767,4.77682476697135,"No"
"455","CA1900074",25,9955.51047995513,6.18608279167555,"Yes",95,9955.51047995513,6.18608279167555,"Yes"
"456","CA1400044",27,133556.142302167,82.9881456386887,"Yes",109,74149.2225042505,46.0743053079216,"Yes"
"457","CA3610073",15,30026.05069107,18.657369288696,"Yes",165,0,0,"No"
"458","CA5500074",22,70731.3831989293,43.9505531453448,"Yes",135,128.020451963382,0.079548418583632,"No"
"459","CA0202515",29,73028.8529843733,45.3781382332965,"Yes",136,26422.8883232977,16.4184624276397,"Yes"
"460","CA4110011",33,9314.1951617538,5.78758693734935,"Yes",56,0,0,"No"
"461","CA4600002",29,35313.6449501622,21.9429362037619,"Yes",144,18998.1092280189,11.804907122186,"Yes"
"462","CA0400105",55,16377.6169182471,10.1766046442934,"Yes",53,8271.25868997085,5.13953464772568,"Yes"
"463","CA1000362",11,6656.48660877332,4.13615930056627,"No",47,6656.48660877332,4.13615930056627,"No"
"464","CA1000319",11,53441.6945958456,33.2072120222238,"Yes",78,45152.8473809327,28.0567483446212,"Yes"
"465","CA0410018",5,18713.6614982774,11.6281590579227,"Yes",77,5778.45090065131,3.59057184973424,"No"
"466","CA1200591",28,152307.449199135,94.6396965210177,"Yes",2,16786.6162610731,10.4307456852332,"Yes"
"467","CA0300019",30,20153.7333802183,12.5229804641768,"Yes",64,10617.3113651251,6.59730781881089,"Yes"
"468","CA5010026",22,8539.68780129456,5.30632917922537,"Yes",155,0,0,"No"
"469","CA1000196",11,19521.474699039,12.1301121571818,"Yes",107,1349.90737879846,0.838795642187768,"No"
"470","CA0900576",29,43336.0955762283,26.9278683039186,"Yes",136,0,0,"No"
"471","CA4901406",40,3006.94573103788,1.86843409785246,"No",126,3006.94573103788,1.86843409785246,"No"
"472","CA4500173",28,67278.6362731135,41.8051103390915,"Yes",106,67278.6362731135,41.8051103390915,"Yes"
"473","CA4300560",12,1628.42622365038,1.01185965902195,"No",49,1628.42622365038,1.01185965902195,"No"
"474","CA1503660",3,10854.4186606055,6.74463982788315,"Yes",7,10854.4186606055,6.74463982788315,"Yes"
"475","CA0901232",30,57472.0147602909,35.7115430923801,"Yes",62,18807.6549902901,11.686564051282,"Yes"
"476","CA2702110",53,1759.52029892933,1.0933179433366,"No",156,1759.52029892933,1.0933179433366,"No"
"477","CA3900844",17,2207.89402892975,1.37192515498884,"No",72,2207.89402892975,1.37192515498884,"No"
"478","CA4300999",12,2882.91495343166,1.79136475414248,"No",49,2882.91495343166,1.79136475414248,"No"
"479","CA4300615",12,2900.51008953378,1.80229789201398,"No",49,2900.51008953378,1.80229789201398,"No"
"480","CA4300603",12,2479.27534265862,1.54055410457617,"No",49,2479.27534265862,1.54055410457617,"No"
"481","CA4901181",40,5205.52984696533,3.23457432672109,"No",126,5205.52984696533,3.23457432672109,"No"
"482","CA4300978",34,435.11068181228,0.27036591510326,"No",119,435.11068181228,0.27036591510326,"No"
"483","CA0202552",29,79452.8616811645,49.3698420974837,"Yes",136,20252.3171939275,12.5842377582907,"Yes"
"484","CA1100436",5,25359.4017489395,15.7576408645404,"Yes",91,0,0,"No"
"485","CA3700277",32,14289.7138143166,8.87923857874445,"Yes",116,14289.7138143166,8.87923857874445,"Yes"
"486","CA0202513",29,71579.6650266586,44.4776523460913,"Yes",136,20195.3439759182,12.5488361539005,"Yes"
"487","CA0202505",30,87530.4278909743,54.3890215187433,"Yes",136,33124.2327250659,20.5824951377993,"Yes"
"488","CA0202520",29,66131.8125630706,41.0925053519272,"Yes",136,8658.81797013926,5.38035341825796,"Yes"
"489","CA0202517",30,79882.3551193658,49.636717610552,"Yes",136,35949.7288375749,22.3381813896224,"Yes"
"490","CA0901239",30,49588.0219892005,30.8126449284803,"Yes",100,18373.2456071418,11.4166339040488,"Yes"
"491","CA4901393",23,5645.04346779842,3.50767610809302,"No",134,150.416473868488,0.0934646960048767,"No"
"492","CA0310300",30,33583.5175178504,20.8678821863934,"Yes",64,12334.6050969372,7.66438732457855,"Yes"
"493","CA5500115",22,67746.6771295254,42.0959381669041,"Yes",135,0,0,"No"
"494","CA5210001",5,25280.1489928412,15.7083953625966,"Yes",26,0,0,"No"
"495","CA5500149",22,50915.7211002568,31.6376409585649,"Yes",135,0,0,"No"
"496","CA0202509",30,79658.8111354341,49.4978134734948,"Yes",136,35756.5610808366,22.2181522119854,"Yes"
"497","CA0202516",29,63124.1213275247,39.2236080178985,"Yes",136,10336.5081828088,6.42282437695505,"Yes"
"498","CA3600345",51,11897.2849290002,7.39264849503538,"Yes",152,11897.2849290002,7.39264849503538,"Yes"
"499","CA0202523",29,89031.153070533,55.3215312305249,"Yes",136,33681.8941337244,20.9290107334214,"Yes"
"500","CA2702487",31,3451.39782467787,2.14460451158727,"No",115,3451.39782467787,2.14460451158727,"No"
"501","CA1100413",5,18612.5156849403,11.5653098070888,"Yes",91,1521.55629548616,0.94545359929298,"No"
"502","CA4500204",28,5162.67830865481,3.20794754909144,"No",106,5162.67830865481,3.20794754909144,"No"
"503","CA1810002",5,80820.1674900928,50.2194486498147,"Yes",138,30385.9414309419,18.8809955826251,"Yes"
"504","CA4500235",28,29456.3283837923,18.3033593794924,"Yes",106,29456.3283837923,18.3033593794924,"Yes"
"505","CA5400660",27,3125.48133223635,1.94208888875958,"No",102,3125.48133223635,1.94208888875958,"No"
"506","CA1710014",40,31506.2036626885,19.5770959913309,"Yes",20,0,0,"No"
"507","CA2210903",19,59087.1527376445,36.7151457974353,"Yes",78,56328.3617259984,35.0009082766839,"Yes"
"508","CA4901374",40,5025.1651405135,3.12250061547808,"No",126,5025.1651405135,3.12250061547808,"No"
"509","CA1500290",25,39308.0575315006,24.4249552807366,"Yes",111,30786.9806113455,19.1301903956563,"Yes"
"510","CA4200822",18,5162.57790146012,3.20788515879809,"No",73,5162.57790146012,3.20788515879809,"No"
"511","CA1000305",11,37472.5705854287,23.2844337339709,"Yes",47,37472.5705854287,23.2844337339709,"Yes"
"512","CA3200063",5,77381.8713254506,48.0829851525785,"Yes",138,33956.3376040815,21.0995424236529,"Yes"
"513","CA1000468",11,9434.67304547002,5.86244860965988,"Yes",47,9434.67304547002,5.86244860965988,"Yes"
"514","CA1400078",11,108890.220106294,67.661414061848,"Yes",10,3122.45759920885,1.94021002349339,"No"
"515","CA4400800",38,10561.6594384463,6.56272722883063,"Yes",123,10561.6594384463,6.56272722883063,"Yes"
"516","CA1400182",11,99284.4408488004,61.6926447169649,"Yes",10,13513.170953088,8.396716015937,"Yes"
"517","CA4700528",28,110628.472414706,68.7415166557134,"Yes",163,38.987012725347,0.0242254667909497,"No"
"518","CA2210914",21,29320.0273789571,18.2186656511098,"Yes",82,29320.0273789571,18.2186656511098,"Yes"
"519","CA1000474",11,27172.7857895614,16.8844282684587,"Yes",90,12454.6791036628,7.73899803873811,"Yes"
"520","CA3600022",51,121654.993286038,75.5930961052591,"Yes",45,48765.2639385311,30.3014055069352,"Yes"
"521","CA4901310",26,10515.8417550605,6.53425736951827,"Yes",134,2571.88569524208,1.59809965280306,"No"
"522","CA4900107",40,3514.4083514729,2.18375753505965,"No",126,3514.4083514729,2.18375753505965,"No"
"523","CA3600504",51,88528.4801998714,55.0091840132423,"Yes",148,29954.3533811685,18.6128185350321,"Yes"
"524","CA4901105",40,18958.5338500081,11.7803160612475,"Yes",167,11070.3906872558,6.8788389571227,"Yes"
"525","CA4900841",40,77.8982169692581,0.0484038282583283,"No",126,77.8982169692581,0.0484038282583283,"No"
"526","CA5601144",45,10172.4139226233,6.32086067743501,"Yes",42,6221.7254094586,3.86601054435893,"No"
"527","CA2000568",11,47700.5326298692,29.6398104998752,"Yes",47,47700.5326298692,29.6398104998752,"Yes"
"528","CA4500023",28,68755.1915221898,42.7226015150247,"Yes",106,68755.1915221898,42.7226015150247,"Yes"
"529","CA4400905",53,572.871944477815,0.355967007890076,"No",156,572.871944477815,0.355967007890076,"No"
"530","CA4400801",38,3285.04995711482,2.04124048188376,"No",123,3285.04995711482,2.04124048188376,"No"
"531","CA4400904",53,1309.33660422532,0.813586068963254,"No",156,1309.33660422532,0.813586068963254,"No"
"532","CA4400875",38,361.525767628169,0.224642255600538,"No",123,361.525767628169,0.224642255600538,"No"
"533","CA0202512",29,63124.5778059652,39.2238916611563,"Yes",136,10352.7285250788,6.43290325542074,"Yes"
"534","CA4610002",29,70267.5853607608,43.6623618133899,"Yes",51,34671.7076530806,21.5440538687167,"Yes"
"535","CA1700604",40,31816.3774531632,19.7698295283552,"Yes",20,0,0,"No"
"536","CA4901144",40,7228.23748156557,4.4914297050751,"No",134,0,0,"No"
"537","CA3200208",29,50661.7252907199,31.4798148872953,"Yes",144,50430.7787108548,31.3363109789446,"Yes"
"538","CA1400514",27,86358.9995044236,53.661127856403,"Yes",109,53354.8500991948,33.1532492196769,"Yes"
"539","CA1300588",56,16654.0917277439,10.3483985532852,"Yes",166,16654.0917277439,10.3483985532852,"Yes"
"540","CA5200010",5,17258.4577992471,10.7239351530734,"Yes",26,4879.13982477814,3.03176446541945,"No"
"541","CA3100043",30,4036.29618214992,2.50804440463166,"No",113,4036.29618214992,2.50804440463166,"No"
"542","CA2900562",55,45832.8449297129,28.4792802824219,"Yes",51,8770.72901981657,5.4498918934573,"Yes"
"543","CA4900924",23,7682.92645697532,4.77396103804996,"No",134,1635.77827235196,1.01642802164363,"No"
"544","CA2910002",30,42558.3578064116,26.4446032574916,"Yes",51,0,0,"No"
"545","CA1000462",11,6934.99735339623,4.30921828413898,"No",47,6934.99735339623,4.30921828413898,"No"
"546","CA2000605",11,49642.8996623902,30.8467444184512,"Yes",47,49642.8996623902,30.8467444184512,"Yes"
"547","CA0202547",30,99554.787729971,61.8606308983627,"Yes",135,47105.0466725276,29.2697917609253,"Yes"
"548","CA3400364",30,15262.3174670582,9.48358797212411,"Yes",110,15110.2094384788,9.38907219013932,"Yes"
"549","CA0202554",29,81223.7114175923,50.4701998444035,"Yes",136,22452.277933488,13.9512333835535,"Yes"
"550","CA1000359",11,45649.674874744,28.3654634040936,"Yes",81,24807.0737433538,15.4144393001813,"Yes"
"551","CA3901172",46,5246.5054012161,3.26003541900164,"No",143,5246.5054012161,3.26003541900164,"No"
"552","CA4600009",29,21294.5124207918,13.2318294585307,"Yes",108,21294.5124207918,13.2318294585307,"Yes"
"553","CA1210324",28,125065.992881869,77.7125982588323,"Yes",46,30610.7766564611,19.0207020620012,"Yes"
"554","CA1100452",5,23766.8580191415,14.7680776089214,"Yes",91,0,0,"No"
"555","CA2701946",31,23195.028977921,14.4127586326824,"Yes",132,3061.72839156927,1.90247454954781,"No"
"556","CA1400072",27,97429.296519711,60.5399086083183,"Yes",10,85658.7297247525,53.2259993070156,"Yes"
"557","CA1500542",25,44548.3577058756,27.6811349409545,"Yes",140,0,0,"No"
"558","CA0800526",28,168216.332263985,104.525042728066,"Yes",27,20140.009573611,12.514452864908,"Yes"
"559","CA0510011",30,67616.0777174098,42.0147872527929,"Yes",135,25517.9168126963,15.8561378035072,"Yes"
"560","CA5510024",22,47377.0630382829,29.4388153145283,"Yes",135,0,0,"No"
"561","CA0300051",30,67137.966212094,41.7177017983111,"Yes",136,16844.2010783241,10.4665273207179,"Yes"
"562","CA4900897",40,345.243137005603,0.214524672850736,"No",126,345.243137005603,0.214524672850736,"No"
"563","CA0409181",5,7061.91064561845,4.38807874384434,"No",77,347.972068226018,0.216220356311294,"No"
"564","CA4901452",40,4518.2903790156,2.80754245778742,"No",134,120.760354848084,0.0750371921707559,"No"
"565","CA4400631",38,2650.84738728583,1.64716429547878,"No",123,2650.84738728583,1.64716429547878,"No"
"566","CA5000090",22,1680.71221819348,1.04434875053965,"No",83,1680.71221819348,1.04434875053965,"No"
"567","CA1710001",40,40236.0296511665,25.0015718562681,"Yes",176,0,0,"No"
"568","CA3110020",29,37785.4666409629,23.4788588122851,"Yes",62,7736.33378441326,4.80714689525722,"No"
"569","CA0810002",28,201535.114504219,125.228425630519,"Yes",27,9606.42097438359,5.96916809026283,"Yes"
"570","CA0810001",28,189536.756657434,117.772973179958,"Yes",27,0,0,"No"
"571","CA3600086",51,37902.9859241724,23.5518820909021,"Yes",8,8172.61813309353,5.07824209495416,"Yes"
"572","CA4901197",40,4487.21812201766,2.78823500442272,"No",126,4487.21812201766,2.78823500442272,"No"
"573","CA0590901",22,56040.7469785685,34.8221923139725,"Yes",135,11700.4323941403,7.270329696733,"Yes"
"574","CA1400087",11,115127.08996645,71.5368349549814,"Yes",10,0,0,"No"
"575","CA3610049",15,44358.6512591862,27.563256527015,"Yes",147,283.178393696027,0.175959333450997,"No"
"576","CA3200173",5,44189.7558957243,27.4583095528131,"Yes",77,30765.1850997612,19.1166472589765,"Yes"
"577","CA4901414",40,2726.20660989224,1.69399046186153,"No",167,0,0,"No"
"578","CA3200104",29,51573.6942549057,32.0464875383112,"Yes",108,51573.6942549057,32.0464875383112,"Yes"
"579","CA3301482",44,5453.70418482604,3.38878309420386,"No",141,5453.70418482604,3.38878309420386,"No"
"580","CA1000137",11,45481.6216640939,28.2610397206891,"Yes",47,45481.6216640939,28.2610397206891,"Yes"
"581","CA5400624",52,17704.0429574608,11.0008096222432,"Yes",168,3895.67505826179,2.42066627205052,"No"
"582","CA1000170",11,45152.506227995,28.0565363614867,"Yes",47,45152.506227995,28.0565363614867,"Yes"
"583","CA1000126",52,48865.5971251744,30.3637498136966,"Yes",90,37783.7948548484,23.477820009972,"Yes"
"584","CA1000004",11,234.463715423105,0.145689360497536,"No",47,234.463715423105,0.145689360497536,"No"
"585","CA1010019",13,17955.3679001678,11.1569760896814,"Yes",168,0,0,"No"
"586","CA1000148",11,20710.4804515382,12.8689279155046,"Yes",90,17051.2516368087,10.5951828928683,"Yes"
"587","CA1000393",11,59311.2549985232,36.8543968325669,"Yes",10,52503.7697917857,32.6244111199534,"Yes"
"588","CA4900570",40,8410.6244021456,5.22613270169486,"Yes",21,2362.87876904834,1.46822844709529,"No"
"589","CA1500340",3,42349.0059706104,26.3145177343572,"Yes",140,0,0,"No"
"590","CA1503243",25,59610.5356501446,37.0403616700912,"Yes",109,38135.7818726188,23.6965351464692,"Yes"
"591","CA0202524",29,94504.9235060254,58.7227829458197,"Yes",136,39234.1730911544,24.3790455038428,"Yes"
"592","CA0202525",29,92746.0122731483,57.6298434595227,"Yes",136,37826.4888154206,23.5043488730912,"Yes"
"593","CA0202532",29,63956.160923162,39.7406147384406,"Yes",136,15374.3831598197,9.55322253831986,"Yes"
"594","CA0202542",29,74205.4971672656,46.1092728492833,"Yes",136,12681.3955682543,7.8798734687849,"Yes"
"595","CA0300524",17,32050.2109763904,19.9151273046033,"Yes",64,9173.08313939433,5.69990377384166,"Yes"
"596","CA5601106",45,10320.3711436256,6.41279726075632,"Yes",42,0,0,"No"
"597","CA3301428",56,101630.816402311,63.1506185158583,"Yes",11,4082.39494402252,2.5366889184526,"No"
"598","CA1400181",11,97902.0602540912,60.8336711037389,"Yes",10,14606.5322682338,9.07610092847614,"Yes"
"599","CA0800700",28,190179.293562599,118.172228095119,"Yes",27,0,0,"No"
"600","CA0202502",29,62534.497255447,38.8572316946369,"Yes",136,17073.3581879047,10.6089193010207,"Yes"
"601","CA4900719",40,2426.55197133846,1.50779323905356,"No",126,2426.55197133846,1.50779323905356,"No"
"602","CA3901322",20,531.602876006839,0.330323533875277,"No",79,531.602876006839,0.330323533875277,"No"
"603","CA0400117",55,23224.2342299557,14.4309059800637,"Yes",93,0,0,"No"
"604","CA0300086",30,38181.8035101541,23.7251317373297,"Yes",64,1080.31779012533,0.671280021701646,"No"
"605","CA0300062",30,12860.676433069,7.99127371038376,"Yes",113,12860.676433069,7.99127371038376,"Yes"
"606","CA4901214",26,372.29694179827,0.231335169571545,"No",99,372.29694179827,0.231335169571545,"No"
"607","CA5403138",52,23142.734932116,14.38026453833,"Yes",107,306.652790372561,0.190545683555098,"No"
"608","CA1500393",3,52148.8549726867,32.4038767275322,"Yes",109,44716.4311657235,27.7855712066583,"Yes"
"609","CA1300664",56,53205.7612630471,33.0606094815559,"Yes",11,39675.7647148948,24.653438499568,"Yes"
"610","CA4901314",40,36229.5799376975,22.51207323356,"Yes",21,30702.9626910201,19.0779839505761,"Yes"
"611","CA1000185",11,17421.1558697517,10.8250312983905,"Yes",107,4758.22107163923,2.95662884886925,"No"
"612","CA5500175",30,98934.013759405,61.4748988774312,"Yes",135,40837.0401651218,25.3750234040798,"Yes"
"613","CA2300863",28,104224.22120429,64.7620895549045,"Yes",158,38288.6778945538,23.7915405660418,"Yes"
"614","CA1900868",37,1189.11510779669,0.738883708723257,"No",122,1189.11510779669,0.738883708723257,"No"
"615","CA5410014",47,7225.07976043391,4.48946758325395,"No",145,7225.07976043391,4.48946758325395,"No"
"616","CA2600714",11,111920.609934853,69.5444156827353,"Yes",10,18911.3532977144,11.7509993523521,"Yes"
"617","CA1100444",5,24934.1892570514,15.4934254147982,"Yes",91,0,0,"No"
"618","CA1400185",27,88597.271606022,55.0519291175401,"Yes",161,82585.6800475765,51.316490019248,"Yes"
"619","CA5400641",27,20238.2533787503,12.5754988869663,"Yes",35,0,0,"No"
"620","CA0310006",30,18133.7957763043,11.2678463073709,"Yes",100,14281.916113033,8.8743932997583,"Yes"
"621","CA0800552",28,190629.763804178,118.452138021909,"Yes",27,0,0,"No"
"622","CA1400121",11,118845.364532879,73.847269397939,"Yes",10,0,0,"No"
"623","CA4900957",40,695.892926028501,0.432408891861571,"No",126,695.892926028501,0.432408891861571,"No"
"624","CA1900961",25,16409.4257628437,10.19636979311,"Yes",111,16049.6666391369,9.97282528187761,"Yes"
"625","CA5410039",27,5360.85800824828,3.33109101137627,"No",69,5237.52665248285,3.25445626932957,"No"
"626","CA0300448",30,34710.0347091093,21.567869256409,"Yes",64,10974.2601497317,6.81910606194571,"Yes"
"627","CA3700897",32,25853.5941703882,16.0647185618876,"Yes",169,15624.1398490625,9.70841453581128,"Yes"
"628","CA0900411",30,8455.80052022624,5.25420390981784,"Yes",100,5781.59222058318,3.592523780297,"No"
"629","CA1400511",11,118039.093826118,73.3462747623985,"Yes",10,0,0,"No"
"630","CA1502066",27,28577.5635435201,17.7573188658208,"Yes",30,1187.52348394735,0.737894717056279,"No"
"631","CA1210800",28,123711.102234037,76.8707061491274,"Yes",46,50649.8895906154,31.4724605059313,"Yes"
"632","CA1510301",3,44031.8596275264,27.3601971165362,"Yes",4,34013.9609279686,21.1353479861114,"Yes"
"633","CA3210005",29,57503.6838913184,35.7312214269939,"Yes",144,52571.0366645926,32.6662089207952,"Yes"
"634","CA0400111",5,25256.94861545,15.6939792806057,"Yes",93,0,0,"No"
"635","CA1009232",11,47472.7733966573,29.4982871218371,"Yes",81,17640.8053273928,10.9615154829886,"Yes"
"636","CA0605011",55,30414.7129212102,18.8988734022706,"Yes",157,15094.4746710017,9.3792950346115,"Yes"
"637","CA5410002",52,19322.4078606438,12.006417451032,"Yes",107,0,0,"No"
"638","CA5000408",22,13437.5135783579,8.3497045859532,"Yes",98,5123.14957115109,3.18338546929243,"No"
"639","CA4400850",34,3392.50400388453,2.10800949698916,"No",119,3392.50400388453,2.10800949698916,"No"
"640","CA0300024",30,34813.5189840525,21.6321715635307,"Yes",64,11057.9551681888,6.87111186460838,"Yes"
"641","CA2910013",30,49318.7454186698,30.645323808934,"Yes",51,5081.86356528163,3.15773147083999,"No"
"642","CA3701793",32,23760.1152726804,14.7638878501003,"Yes",169,22886.7088687938,14.2211769227098,"Yes"
"643","CA0900651",29,63806.7061933095,39.6477476439469,"Yes",136,6530.99598715658,4.05818284958839,"No"
"644","CA1200544",28,126416.944073282,78.5520424977205,"Yes",46,20638.6168241681,12.8242738167001,"Yes"
"645","CA4901018",23,5828.57079860228,3.62171498788465,"No",134,903.390582532482,0.561342278531871,"No"
"646","CA2702607",31,1657.34369368777,1.02982818651607,"No",115,1657.34369368777,1.02982818651607,"No"
"647","CA1210010",28,138704.917028535,86.1874538808049,"Yes",46,7088.63334335936,4.40468349967028,"No"
"648","CA1910801",25,22513.4626300657,13.9892518859071,"Yes",95,22513.4626300657,13.9892518859071,"Yes"
"649","CA0300007",30,66251.916853282,41.1671348834193,"Yes",136,20219.7001155693,12.5639703950497,"Yes"
"650","CA5500048",21,36070.2811529233,22.4130893117199,"Yes",135,25588.2055060183,15.8998132812322,"Yes"
"651","CA4900605",40,160.570039425992,0.0997738448220962,"No",126,160.570039425992,0.0997738448220962,"No"
"652","CA1700657",40,36367.056733368,22.5974975663117,"Yes",19,1.74608750447588,0.00108497117108621,"No"
"653","CA4901305",40,3914.99810349857,2.43267308554971,"No",126,3914.99810349857,2.43267308554971,"No"
"654","CA4901130",40,2424.43797733359,1.5064796608135,"No",167,0,0,"No"
"655","CA0810500",28,171263.475178434,106.41845425978,"Yes",27,17601.0835959524,10.936833482019,"Yes"
"656","CA1210012",28,140077.407614289,87.0402821121015,"Yes",46,4840.77794071166,3.00792743653402,"No"
"657","CA3400229",30,7269.68625663428,4.51718484387033,"No",113,7269.68625663428,4.51718484387033,"No"
"658","CA5304102",28,94391.7523233707,58.6524614583436,"Yes",170,41048.8439252994,25.5066324861741,"Yes"
"659","CA5000033",22,63.0205506534902,0.039159252024737,"No",83,63.0205506534902,0.039159252024737,"No"
"660","CA1400025",11,115371.443908198,71.6886698324766,"Yes",10,7673.05966477705,4.76783008237977,"No"
"661","CA1000381",11,15710.2009279705,9.76189054393139,"Yes",168,0,0,"No"
"662","CA1210320",28,157306.47197322,97.7459529827257,"Yes",27,40502.7801067778,25.1673233168739,"Yes"
"663","CA0300053",30,18234.3400662325,11.3303217879581,"Yes",64,7095.04543291227,4.40866779730341,"No"
"664","CA3200049",29,54946.0617551944,34.1419847609544,"Yes",144,52267.2378723292,32.4774366338556,"Yes"
"665","CA0900304",30,51191.1197483475,31.8087661701986,"Yes",100,19758.306276902,12.2772728428437,"Yes"
"666","CA0500044",30,73709.2308255084,45.8009064743984,"Yes",135,37353.8297111068,23.2106513919413,"Yes"
"667","CA3400192",30,17867.8623572524,11.102602531008,"Yes",110,11189.5093310358,6.95285603479429,"Yes"
"668","CA1000206",11,3952.32777222827,2.45586872396651,"No",47,3952.32777222827,2.45586872396651,"No"
"669","CA4901083",23,7610.22642635323,4.72878722106778,"No",134,0,0,"No"
"670","CA5000008",22,19494.5522578404,12.1133832862169,"Yes",180,8922.41497038661,5.54414540767433,"Yes"
"671","CA4901332",23,8059.20946641194,5.00777304137842,"Yes",134,307.553167650882,0.191105153448545,"No"
"672","CA4200619",36,21610.409909403,13.4281195455298,"Yes",133,3198.15452867794,1.98724603171358,"No"
"673","CA4901342",40,25530.3492754743,15.8638629969269,"Yes",167,18432.3538594613,11.4533621605511,"Yes"
"674","CA4800561",1,16854.852448119,10.4731457915164,"Yes",110,5480.07953513331,3.40517201780438,"No"
"675","CA1000454",11,16235.0224238471,10.0880003130768,"Yes",168,0,0,"No"
"676","CA4900575",40,3007.417742322,1.8687273927958,"No",126,3007.417742322,1.8687273927958,"No"
"677","CA1800516",28,97549.3795667577,60.614524939887,"Yes",138,66557.628132121,41.3570955373762,"Yes"
"678","CA0202599",29,63715.7757876146,39.5912459689156,"Yes",136,18489.1509821105,11.4886543440855,"Yes"
"679","CA2800516",40,11869.3521048296,7.37529179963814,"Yes",13,2706.79907010975,1.68193114575525,"No"
"680","CA4400505",38,1001.34074719213,0.622205840401738,"No",123,1001.34074719213,0.622205840401738,"No"
"681","CA1200773",28,101548.193633089,63.0992789796373,"Yes",46,38512.3797115714,23.9305427762756,"Yes"
"682","CA4900739",40,2108.65483464167,1.31026062525114,"No",167,1282.95239705859,0.797191641951725,"No"
"683","CA1010030",11,33656.9144334278,20.9134890286874,"Yes",81,13670.3621808781,8.49439035932622,"Yes"
"684","CA1400098",27,121057.224422775,75.2216588308093,"Yes",109,65209.1385339303,40.5191808654047,"Yes"
"685","CA2400200",12,42208.8220480524,26.2274112667631,"Yes",55,15595.8828818638,9.69085642677356,"Yes"
"686","CA1502622",3,3685.71456691012,2.290202546951,"No",7,3685.71456691012,2.290202546951,"No"
"687","CA0900422",30,21838.9546817179,13.5701310361502,"Yes",100,14638.0346707627,9.09567566254657,"Yes"
"688","CA1000094",11,2667.59462278449,1.65757057103191,"No",47,2667.59462278449,1.65757057103191,"No"
"689","CA1200715",28,130116.866710207,80.8510735520192,"Yes",170,5273.63020613685,3.27689003326634,"No"
"690","CA4510015",28,61904.252988636,38.4656150898107,"Yes",106,61904.252988636,38.4656150898107,"Yes"
"691","CA0300052",30,42750.4226125653,26.5639470917055,"Yes",100,25156.3570943514,15.6314744518569,"Yes"
"692","CA1000189",13,6808.50652267983,4.23062033049563,"No",57,6808.50652267983,4.23062033049563,"No"
"693","CA3110018",29,34510.5348260755,21.443905468127,"Yes",62,0,0,"No"
"694","CA1400155",11,111859.640431514,69.5065308955931,"Yes",10,9356.56904896824,5.81391691561028,"Yes"
"695","CA4901426",40,3580.21389242282,2.22464730412643,"No",167,0,0,"No"
"696","CA5210506",28,68843.1877647757,42.7772799810952,"Yes",138,63880.4741508084,39.6935850415751,"Yes"
"697","CA5210503",28,54044.8122082964,33.581972863594,"Yes",105,50989.0328531619,31.6831948830961,"Yes"
"698","CA4500027",28,67664.5115552952,42.0448827191862,"Yes",106,67664.5115552952,42.0448827191862,"Yes"
"699","CA4500009",28,25379.3171322085,15.7700157407437,"Yes",106,25379.3171322085,15.7700157407437,"Yes"
"700","CA1500252",3,31409.0268058094,19.5167129418329,"Yes",7,31409.0268058094,19.5167129418329,"Yes"
"701","CA1300555",56,61620.7968002892,38.2894831423374,"Yes",11,33786.253501972,20.9938567996644,"Yes"
"702","CA1000061",11,37421.9389181865,23.2529725963355,"Yes",47,37421.9389181865,23.2529725963355,"Yes"
"703","CA1000010",11,48348.150330866,30.0422224830465,"Yes",47,48348.150330866,30.0422224830465,"Yes"
"704","CA1000238",13,12104.2448089907,7.52124772204179,"Yes",175,11535.3556268284,7.16775549407114,"Yes"
"705","CA1010013",52,50671.7403274173,31.4860379580556,"Yes",90,37873.2922468565,23.5334312493671,"Yes"
"706","CA1000056",11,28982.0897381144,18.0086804144024,"Yes",47,28982.0897381144,18.0086804144024,"Yes"
"707","CA1910006",57,37996.5701758947,23.6100327935021,"Yes",183,37996.5701758947,23.6100327935021,"Yes"
"708","CA4500290",28,86464.9314921457,53.7269511055127,"Yes",85,80101.2674445073,49.7727437611116,"Yes"
"709","CA4900637",40,15775.8646558913,9.80269219424816,"Yes",167,10013.7126934815,6.22224806037349,"Yes"
"710","CA0600013",5,31344.9296222186,19.4768846994536,"Yes",159,17274.858899358,10.7341263495334,"Yes"
"711","CA1900529",57,5434.71001530683,3.37698063510932,"No",183,5434.71001530683,3.37698063510932,"No"
"712","CA3110013",29,40183.2243105417,24.9687600572544,"Yes",62,0,0,"No"
"713","CA3500925",31,25306.7784221784,15.7249421639792,"Yes",59,7893.0284584689,4.90451269369363,"No"
"714","CA4900907",40,195.150710196512,0.12126133085396,"No",126,195.150710196512,0.12126133085396,"No"
"715","CA1210314",28,122507.142579473,76.1225984437554,"Yes",46,35420.1818778857,22.0091353460957,"Yes"
"716","CA3301055",59,0.781428993738838,0.000485558672337006,"No",185,0.781428993738838,0.000485558672337006,"No"
"717","CA4900667",40,2536.2836095074,1.57597748735966,"No",126,2536.2836095074,1.57597748735966,"No"
"718","CA1000546",13,38331.8068741193,23.8183397381034,"Yes",61,20361.1685442333,12.6518750197182,"Yes"
"719","CA0310011",30,38444.6131479414,23.8884344811795,"Yes",64,22200.8200272456,13.7949842961994,"Yes"
"720","CA3600770",59,16187.1175767336,10.0582335471272,"Yes",9,3539.67037229516,2.19945466607129,"No"
"721","CA4900536",40,6311.18941108229,3.92160103587949,"No",167,4545.97757849948,2.82474652870088,"No"
"722","CA4901405",40,7857.86624247747,4.88266385131636,"No",134,439.679704463285,0.273204981211729,"No"
"723","CA1710009",40,50146.4090003437,31.1596113937041,"Yes",176,0,0,"No"
"724","CA3600094",59,8049.9228030653,5.00200256196037,"Yes",28,0,0,"No"
"725","CA4901412",40,4683.13694898124,2.9099736220943,"No",126,4683.13694898124,2.9099736220943,"No"
"726","CA4901444",40,1381.89980857763,0.858674865831728,"No",167,0,0,"No"
"727","CA0500075",30,50898.4501344077,31.6269092512506,"Yes",64,21278.292979806,13.2217511400984,"Yes"
"728","CA4901403",40,6635.67146394625,4.12322533706131,"No",21,6323.2936965011,3.92912230883536,"No"
"729","CA4901277",40,3721.13402847424,2.31221123471376,"No",126,3721.13402847424,2.31221123471376,"No"
"730","CA4901356",40,6225.94412187928,3.86863193724091,"No",167,789.121702558085,0.490338711868272,"No"
"731","CA3500006",31,24788.4311662144,15.402855311006,"Yes",59,255.056249534246,0.158484999772731,"No"
"732","CA1000194",11,4182.04269614484,2.59860731488985,"No",47,4182.04269614484,2.59860731488985,"No"
"733","CA0810003",28,186295.120848122,115.758709065904,"Yes",27,0,0,"No"
"734","CA0400073",5,4318.19502998471,2.6832086631692,"No",17,4318.19502998471,2.6832086631692,"No"
"735","CA1410007",11,118484.621102246,73.6231132652181,"Yes",10,0,0,"No"
"736","CA0707547",1,170.993817096199,0.106250896079262,"No",1,170.993817096199,0.106250896079262,"No"
"737","CA0400004",5,6764.05045233833,4.20299654040683,"No",77,5792.58504689932,3.59935442286858,"No"
"738","CA1010018",11,13410.0092824182,8.33261416631551,"Yes",65,0,0,"No"
"739","CA1400069",51,196187.406204042,121.905505489233,"Yes",45,103034.807836499,64.0230205155522,"Yes"
"740","CA1000585",19,42604.9825879988,26.4735746256222,"Yes",81,7325.43964238886,4.55182847775415,"No"
"741","CA4900973",26,5597.68338603023,3.47824784447676,"No",134,1458.50627592342,0.906276036091451,"No"
"742","CA2800532",40,11900.6662516885,7.39474955676766,"Yes",114,0,0,"No"
"743","CA5010014",22,3189.73660688406,1.98201536461162,"No",180,0,0,"No"
"744","CA4910309",40,32620.2320809492,20.2693228782912,"Yes",167,25829.4539384895,16.0497184799293,"Yes"
"745","CA4910029",40,6670.89264440976,4.14511081835396,"No",167,5710.7437443211,3.54850046871457,"No"
"746","CA1900555",37,10463.1270525498,6.50150189055747,"Yes",122,10463.1270525498,6.50150189055747,"Yes"
"747","CA1510019",3,5905.32484139531,3.66940785750389,"No",129,958.024756519146,0.595290464736566,"No"
"748","CA1907014",37,2974.40487144327,1.84821409487322,"No",122,2974.40487144327,1.84821409487322,"No"
"749","CA2700772",53,2695.21950553877,1.67473592002856,"No",156,2695.21950553877,1.67473592002856,"No"
"750","CA1200681",28,133516.634003479,82.9635962590122,"Yes",46,4347.67065374115,2.70152401216719,"No"
"751","CA5400556",52,23647.0160849085,14.6936110982816,"Yes",161,15385.4067868811,9.56007231963481,"Yes"
"752","CA4901168",40,6284.58352802658,3.90506886551417,"No",167,3208.71305017246,1.99380680910961,"No"
"753","CA0900592",29,45491.7901498475,28.2673581405095,"Yes",136,0,0,"No"
"754","CA1000260",11,22448.5128363791,13.9488938548592,"Yes",47,22448.5128363791,13.9488938548592,"Yes"
"755","CA5402047",52,20712.5882066028,12.8702376170373,"Yes",92,2630.45543590306,1.63449329284245,"No"
"756","CA4400584",34,1617.80200088771,1.00525805664913,"No",119,1617.80200088771,1.00525805664913,"No"
"757","CA0202565",30,101288.343846319,62.9378154065139,"Yes",136,48369.5138731083,30.0554972057541,"Yes"
"758","CA0202564",30,100470.48449018,62.4296199001949,"Yes",136,48473.6879256414,30.1202281218645,"Yes"
"759","CA0202557",29,81623.2008349574,50.7184316769343,"Yes",136,22869.4023188297,14.2104231043967,"Yes"
"760","CA0202566",30,101646.046290017,63.1600819528606,"Yes",136,48562.1324488574,30.1751851372969,"Yes"
"761","CA4900585",40,1750.25398207959,1.08756010667701,"No",126,1750.25398207959,1.08756010667701,"No"
"762","CA4900859",40,2863.88126138705,1.77953773682817,"No",167,0,0,"No"
"763","CA3610701",51,31466.1374888523,19.5521999632472,"Yes",8,58.1010413786312,0.0361024030836437,"No"
"764","CA1900556",37,4218.78508624041,2.62143803437459,"No",122,4218.78508624041,2.62143803437459,"No"
"765","CA1500591",3,91072.7063517992,56.5900967799217,"Yes",109,6117.31049920135,3.80112996582534,"No"
"766","CA1000182",11,23690.442277557,14.7205949504499,"Yes",47,23690.442277557,14.7205949504499,"Yes"
"767","CA1300628",8,15070.4261057983,9.36435191183859,"Yes",36,15070.4261057983,9.36435191183859,"Yes"
"768","CA3700933",32,18323.0529315941,11.3854455438839,"Yes",116,18323.0529315941,11.3854455438839,"Yes"
"769","CA0400138",5,58659.8653924083,36.4496410903901,"Yes",93,29372.5025518374,18.2512722928886,"Yes"
"770","CA1000085",11,20905.6800351178,12.9902196149464,"Yes",47,20905.6800351178,12.9902196149464,"Yes"
"771","CA2310002",40,51909.7284339557,32.2552900157553,"Yes",149,43.5111974587322,0.0270366718398426,"No"
"772","CA2310005",40,49435.7337741486,30.718017183534,"Yes",149,6.13629791111716,0.00381292822592936,"No"
"773","CA2600700",11,107757.166280528,66.95736530536,"Yes",78,196.174705368565,0.121897613536335,"No"
"774","CA1310800",8,32981.7565133874,20.4939643042411,"Yes",12,18327.2007573742,11.38802288974,"Yes"
"775","CA4901061",23,7976.20732538587,4.95619777386125,"No",134,211.268688637469,0.13127660322708,"No"
"776","CA2701498",31,988.004970632694,0.613919352425649,"No",16,0,0,"No"
"777","CA2000865",11,39366.4644209242,24.4612477294569,"Yes",47,39366.4644209242,24.4612477294569,"Yes"
"778","CA0900587",29,47877.3847188095,29.7497015663623,"Yes",136,1849.87733997634,1.14946334520757,"No"
"779","CA4210013",36,25381.5314652463,15.7713916669233,"Yes",133,0,0,"No"
"780","CA5301102",28,39688.9346356999,24.6616219293001,"Yes",106,39688.9346356999,24.6616219293001,"Yes"
"781","CA1000383",11,15010.7801926127,9.32728956753246,"Yes",168,0,0,"No"
"782","CA1000039",11,377.607547034121,0.234635034880212,"No",47,377.607547034121,0.234635034880212,"No"
"783","CA4300983",12,829.883337313726,0.515666880406705,"No",49,829.883337313726,0.515666880406705,"No"
"784","CA1510005",27,32372.798683909,20.1155745112338,"Yes",30,0,0,"No"
"785","CA2300731",40,51040.975168289,31.7154704215946,"Yes",149,0,0,"No"
"786","CA1510017",3,99676.5601178835,61.9362969402883,"Yes",109,0,0,"No"
"787","CA1000019",11,50516.1130528023,31.3893354125308,"Yes",81,24180.3157224048,15.024988953487,"Yes"
"788","CA0900410",30,6641.38425482668,4.12677510956459,"No",113,6641.38425482668,4.12677510956459,"No"
"789","CA4901274",23,5396.9670019056,3.35352815558278,"No",134,4015.73521985364,2.49526838322147,"No"
"790","CA2900546",55,36477.3471618089,22.6660290316583,"Yes",51,2271.99087337288,1.41175318663109,"No"
"791","CA3110036",29,28454.1212894186,17.6806152145716,"Yes",62,0,0,"No"
"792","CA2701676",9,59094.2770668864,36.7195726613931,"Yes",66,10749.4483216267,6.67941412108487,"Yes"
"793","CA0400014",5,31071.1354134114,19.3067564426482,"Yes",93,11237.2031756831,6.98249168956409,"Yes"
"794","CA0300028",30,15204.2616272247,9.44751365604827,"Yes",100,12887.7385277033,8.00808935818616,"Yes"
"795","CA4901423",40,1038.65766718768,0.64539355710271,"No",126,1038.65766718768,0.64539355710271,"No"
"796","CA4000805",2,644.387162648454,0.400404614716874,"No",89,0,0,"No"
"797","CA1000457",11,16229.2930636533,10.084440244854,"Yes",168,1640.95278965546,1.01964332562135,"No"
"798","CA1510013",3,23935.9714114627,14.8731600603121,"Yes",75,0,0,"No"
"799","CA3500913",31,8055.57663566658,5.00551569939639,"Yes",59,7239.63834591012,4.49851389135305,"No"
"800","CA4000803",9,914.934340718897,0.568515255147388,"No",37,914.934340718897,0.568515255147388,"No"
"801","CA2400091",21,40140.2870898606,24.9420800389356,"Yes",74,5683.71288028951,3.53170422675725,"No"
"802","CA4000789",9,724.397406043006,0.450120798614964,"No",37,724.397406043006,0.450120798614964,"No"
"803","CA2400334",21,333.331963957039,0.20712339465684,"No",82,333.331963957039,0.20712339465684,"No"
"804","CA2400335",48,2505.80397730534,1.55703827488619,"No",174,1379.96993344668,0.857475694040215,"No"
"805","CA2400326",21,5714.22243721066,3.55066203363532,"No",173,723.024853108807,0.449267931642044,"No"
"806","CA2400322",21,15828.773824984,9.83556850944112,"Yes",82,15828.773824984,9.83556850944112,"Yes"
"807","CA3110003",30,24401.0587144604,15.1621526305569,"Yes",5,12993.0347764632,8.07351757643706,"Yes"
"808","CA5000091",22,5978.65509021598,3.7149732748928,"No",180,0,0,"No"
"809","CA4300979",12,10.399295074679,0.00646183843978216,"No",49,10.399295074679,0.00646183843978216,"No"
"810","CA4901334",40,3457.3869813704,2.14832601027154,"No",126,3457.3869813704,2.14832601027154,"No"
"811","CA4600103",29,56227.6557618968,34.9383323361731,"Yes",144,39863.1553272437,24.7698779171857,"Yes"
"812","CA5100117",55,13281.4280709417,8.25271730705858,"Yes",101,7537.03878159741,4.68331041395691,"No"
"813","CA3110019",29,37109.1118746736,23.0585904002098,"Yes",62,7811.24963954062,4.85369756517617,"No"
"814","CA1300668",8,3541.96868455399,2.20088277464923,"No",36,3541.96868455399,2.20088277464923,"No"
"815","CA0900529",29,43686.3834718486,27.1455276522354,"Yes",136,0,0,"No"
"816","CA0500104",17,27936.0813981203,17.3587193496218,"Yes",104,3079.11469011201,1.91327792145352,"No"
"817","CA1000265",11,25582.2878648391,15.8961362203382,"Yes",47,25582.2878648391,15.8961362203382,"Yes"
"818","CA0600008",55,14430.5818363044,8.96677012707347,"Yes",23,13651.2262137911,8.48249979108897,"Yes"
"819","CA0706028",1,82.9257929876849,0.0515278269276131,"No",1,82.9257929876849,0.0515278269276131,"No"
"820","CA5410034",27,31843.4658278326,19.786661505855,"Yes",102,31843.4658278326,19.786661505855,"Yes"
"821","CA3601010",51,52393.2756563523,32.5557530766353,"Yes",8,21042.5110945104,13.0752427047798,"Yes"
"822","CA0300077",30,15537.6625949919,9.65467992779143,"Yes",100,13040.3353324009,8.1029088523251,"Yes"
"823","CA3700958",32,35452.6981444203,22.029340067618,"Yes",178,27775.6064471602,17.2590045901799,"Yes"
"824","CA2600733",11,131212.58791622,81.531924836405,"Yes",10,12490.3529108521,7.76116476993806,"Yes"
"825","CA1900505",25,10246.6393691371,6.36698234626437,"Yes",95,10246.6393691371,6.36698234626437,"Yes"
"826","CA0900516",29,64727.1464475507,40.2196841236474,"Yes",136,7665.20266624051,4.76294795769726,"No"
"827","CA5410024",27,24361.0978707735,15.1373220517563,"Yes",30,9473.93864396225,5.88684718205118,"Yes"
"828","CA0310008",17,24982.9118589383,15.5237003112694,"Yes",104,10517.2041615335,6.53510393175678,"Yes"
"829","CA0202506",30,72819.7288557021,45.2481942011645,"Yes",136,11127.8894006623,6.91456709002593,"Yes"
"830","CA1000566",11,8921.52606395513,5.54359306545238,"Yes",128,6865.00311375015,4.26572577190038,"No"
"831","CA3600383",56,174881.583206251,108.666647946519,"Yes",96,16142.2041876574,10.0303255916446,"Yes"
"832","CA3600157",51,18745.7659795114,11.6481079072859,"Yes",9,16328.6796115378,10.1461963360992,"Yes"
"833","CA2600621",11,130804.707545929,81.2784790944918,"Yes",10,12298.0616557728,7.64168022653562,"Yes"
"834","CA4000200",2,302.723877744031,0.18810436436305,"No",3,302.723877744031,0.18810436436305,"No"
"835","CA0500032",22,39324.4171064605,24.4351206745998,"Yes",135,9609.38722423567,5.97101123705101,"Yes"
"836","CA5000347",22,4926.32721089369,3.06108542066542,"No",83,4926.32721089369,3.06108542066542,"No"
"837","CA5000383",22,6979.68613353518,4.33698667375146,"No",83,6979.68613353518,4.33698667375146,"No"
"838","CA3600226",15,17744.1421267026,11.0257261527723,"Yes",165,6797.9792663317,4.22407898040917,"No"
"839","CA2300638",40,105483.014644383,65.5442694796517,"Yes",44,1837.44909012015,1.14174076958266,"No"
"840","CA5210005",28,8043.58832346811,4.99806648903781,"No",106,8043.58832346811,4.99806648903781,"No"
"841","CA2100508",33,2635.06694997047,1.63735876195861,"No",117,2635.06694997047,1.63735876195861,"No"
"842","CA4200851",39,19.4601197638881,0.0120919878732201,"No",124,19.4601197638881,0.0120919878732201,"No"
"843","CA4200731",18,22901.1928310507,14.2301768619749,"Yes",133,15346.6814920464,9.53600947720583,"Yes"
"844","CA4200579",36,4925.69567183623,3.06069299951298,"No",121,4925.69567183623,3.06069299951298,"No"
"845","CA3400138",30,13611.8418908368,8.45802744655373,"Yes",113,13611.8418908368,8.45802744655373,"Yes"
"846","CA2702572",31,7782.00926030527,4.83552839071002,"No",115,7782.00926030527,4.83552839071002,"No"
"847","CA1200687",28,94598.3604661423,58.7808421254317,"Yes",46,43964.0347820326,27.3180526066789,"Yes"
"848","CA4200918",36,7772.60009735823,4.82968179338004,"No",121,7772.60009735823,4.82968179338004,"No"
"849","CA2100557",33,6165.68452174297,3.83118826459479,"No",117,6165.68452174297,3.83118826459479,"No"
"850","CA4200580",36,2830.00994547362,1.75849102456511,"No",121,2830.00994547362,1.75849102456511,"No"
"851","CA2000512",19,30281.4966026833,18.8160964138612,"Yes",43,0,0,"No"
"852","CA0910007",29,49103.6322994573,30.5116583813596,"Yes",136,0,0,"No"
"853","CA1210011",28,124103.576367029,77.114578875209,"Yes",46,52834.2791216657,32.8297806067492,"Yes"
"854","CA1910027",25,14766.3111329746,9.17538315891892,"Yes",95,14766.3111329746,9.17538315891892,"Yes"
"855","CA3301028",14,10747.0037355422,6.67789512193953,"Yes",58,10747.0037355422,6.67789512193953,"Yes"
"856","CA2710850",31,25123.9179600658,15.6113176582113,"Yes",132,0,0,"No"
"857","CA2710851",31,24895.3604922872,15.469298278976,"Yes",132,0,0,"No"
"858","CA4000802",9,1278.14879349941,0.794206813662376,"No",37,1278.14879349941,0.794206813662376,"No"
"859","CA3110023",29,24055.8528935476,14.9476511449088,"Yes",62,0,0,"No"
"860","CA3200114",5,68457.2613522698,42.5374758300109,"Yes",138,52061.7717322083,32.3497655760799,"Yes"
"861","CA5000433",22,7322.92361220124,4.55026508519097,"No",180,0,0,"No"
"862","CA5000389",22,3743.39500604662,2.32604359926841,"No",83,3743.39500604662,2.32604359926841,"No"
"863","CA5200657",5,31842.6927514183,19.7861811372478,"Yes",105,10683.5082312334,6.63844074666221,"Yes"
"864","CA3600184",59,20019.2014132636,12.4393859677033,"Yes",9,0,0,"No"
"865","CA3600156",51,15643.543471317,9.72047141767245,"Yes",152,15643.543471317,9.72047141767245,"Yes"
"866","CA3701747",32,22844.4549681782,14.1949215008502,"Yes",103,10862.683139748,6.74977514990492,"Yes"
"867","CA3600262",57,7478.13013055364,4.64670618424549,"No",183,7478.13013055364,4.64670618424549,"No"
"868","CA5601201",24,208.426578745047,0.129510593625367,"No",94,208.426578745047,0.129510593625367,"No"
"869","CA0400012",55,15511.6206116829,9.63849814935494,"Yes",53,0,0,"No"
"870","CA0410008",5,20191.805942132,12.5466377161644,"Yes",93,1045.7096134317,0.64977544423907,"No"
"871","CA5305402",28,77430.3598054775,48.1131145721087,"Yes",170,60249.6045547405,37.4374616642478,"Yes"
"872","CA2000526",19,43839.7922292928,27.2408516716746,"Yes",76,43839.7922292928,27.2408516716746,"Yes"
"873","CA0510004",22,61367.6485548479,38.1321837242894,"Yes",135,18623.8766742982,11.5723692161372,"Yes"
"874","CA3700922",32,46607.7007686893,28.9607545755958,"Yes",169,38263.4362796952,23.7758561147397,"Yes"
"875","CA3200155",5,62388.164270886,38.7663043675581,"Yes",77,48585.5852335576,30.1897580583081,"Yes"
"876","CA5000165",22,9304.88763512976,5.78180349405953,"Yes",180,6974.34065307402,4.33366513792861,"No"
"877","CA5000295",22,5092.88098913536,3.16457739765081,"No",83,5092.88098913536,3.16457739765081,"No"
"878","CA2000551",11,45180.1499123176,28.0737133932653,"Yes",47,45180.1499123176,28.0737133932653,"Yes"
"879","CA4901265",40,5642.71567941995,3.50622968385795,"No",134,5031.68900792206,3.12655436882328,"No"
"880","CA2100580",26,16721.8984238542,10.3905317856104,"Yes",167,13299.8270575431,8.2641499357147,"Yes"
"881","CA2700999",31,45538.545842062,28.2964108529348,"Yes",52,1451.10538506321,0.901677324284,"No"
"882","CA4901215",40,1316.12550107683,0.817804504378709,"No",167,0,0,"No"
"883","CA2701687",9,46527.9608385546,28.9112063569877,"Yes",66,24617.6905031039,15.2967617179116,"Yes"
"884","CA4910021",40,18377.64935914,11.4193702754794,"Yes",167,14068.3533718023,8.74169123479333,"Yes"
"885","CA3200102",29,50668.4945297843,31.4840211078979,"Yes",144,45658.2817604,28.3708114881877,"Yes"
"886","CA1900975",37,4835.79140492359,3.00482893914499,"No",122,4835.79140492359,3.00482893914499,"No"
"887","CA0510005",30,43585.6108508893,27.0829102929706,"Yes",64,20776.3927896728,12.9098840454303,"Yes"
"888","CA0510016",30,66784.0651845913,41.4977973483486,"Yes",135,21415.5469550284,13.3070370182984,"Yes"
"889","CA0500028",30,75376.2719531393,46.8367603819822,"Yes",136,39587.3665808188,24.5985103090825,"Yes"
"890","CA2310003",40,54402.3094036693,33.8041118742275,"Yes",149,0,0,"No"
"891","CA5000482",48,2641.81169262446,1.64154976115952,"No",146,2641.81169262446,1.64154976115952,"No"
"892","CA1009214",11,52370.8994005539,32.5418490813339,"Yes",81,27290.2347774216,16.9574078674622,"Yes"
"893","CA5000238",46,13010.1198069535,8.08413374858854,"Yes",143,13010.1198069535,8.08413374858854,"Yes"
"894","CA5000483",22,2845.01196637721,1.76781287134926,"No",180,89.6331584059426,0.0556956009332662,"No"
"895","CA5000578",48,10948.9884424871,6.80340291205532,"Yes",98,7968.2262333272,4.9512385408473,"No"
"896","CA5000586",48,24365.935560555,15.1403280602949,"Yes",88,4441.6290102679,2.75990717329334,"No"
"897","CA5000061",48,15734.4643100431,9.77696714805021,"Yes",88,2676.70003912521,1.66322842850188,"No"
"898","CA2100565",33,1051.20726736461,0.653191536508516,"No",117,1051.20726736461,0.653191536508516,"No"
"899","CA4100503",34,14803.0191182509,9.19819250018697,"Yes",119,14803.0191182509,9.19819250018697,"Yes"
"900","CA2110006",33,14405.0097458738,8.95088032726071,"Yes",117,14405.0097458738,8.95088032726071,"Yes"
"901","CA3301850",15,593.533440897221,0.368805498463483,"No",63,593.533440897221,0.368805498463483,"No"
"902","CA5810700",55,8178.82296291597,5.08209760704138,"Yes",164,8178.82296291597,5.08209760704138,"Yes"
"903","CA3701780",32,27020.9400933574,16.79007549266,"Yes",103,12688.89098533,7.88453091660557,"Yes"
"904","CA5500104",22,52905.1072934998,32.8737913017136,"Yes",135,0,0,"No"
"905","CA5000134",46,13664.7215272231,8.49088541092813,"Yes",143,13664.7215272231,8.49088541092813,"Yes"
"906","CA2400134",21,47.0693174299382,0.0292475905836792,"No",82,47.0693174299382,0.0292475905836792,"No"
"907","CA3205006",29,46365.4476421768,28.8102250874127,"Yes",108,46365.4476421768,28.8102250874127,"Yes"
"908","CA5000175",22,2870.87929297909,1.78388612286968,"No",180,726.946829666875,0.451704940949007,"No"
"909","CA2110001",33,19358.3033097404,12.0287219044704,"Yes",117,19358.3033097404,12.0287219044704,"Yes"
"910","CA3301267",59,351.636449870617,0.218497303161928,"No",185,351.636449870617,0.218497303161928,"No"
"911","CA3510006",12,15778.5649239627,9.80437006720936,"Yes",59,0,0,"No"
"912","CA3205001",5,71271.2213224214,44.285993837487,"Yes",138,41987.0258484265,26.0895931552229,"Yes"
"913","CA1000345",21,50091.9359879662,31.1257633489295,"Yes",34,13389.9951721772,8.32017794386345,"Yes"
"914","CA4901431",40,736.716483908888,0.457775537741489,"No",126,736.716483908888,0.457775537741489,"No"
"915","CA4901286",26,3897.72129437276,2.42193774738263,"No",99,3897.72129437276,2.42193774738263,"No"
"916","CA4901433",23,9394.98710188188,5.83778884628598,"Yes",134,0,0,"No"
"917","CA4901398",40,538.356774910196,0.334520222519912,"No",126,538.356774910196,0.334520222519912,"No"
"918","CA1000261",11,18632.0430261408,11.57744356453,"Yes",47,18632.0430261408,11.57744356453,"Yes"
"919","CA5400505",52,36211.7428115481,22.5009897296706,"Yes",161,26998.7389282705,16.7762802939531,"Yes"
"920","CA4901255",40,282.534139415051,0.175559011405328,"No",126,282.534139415051,0.175559011405328,"No"
"921","CA3110012",29,22992.4291759465,14.2868686392847,"Yes",62,0,0,"No"
"922","CA4910302",40,3523.75205006826,2.18956345462628,"No",126,3523.75205006826,2.18956345462628,"No"
"923","CA1000187",11,11820.4281628552,7.34489179592581,"Yes",128,473.576957780322,0.294267810270249,"No"
"924","CA1800534",5,122981.084960517,76.4170933180789,"Yes",138,25522.3304423395,15.8588803126372,"Yes"
"925","CA3110048",30,6498.87617733178,4.03822447545688,"No",113,6498.87617733178,4.03822447545688,"No"
"926","CA5610701",24,73783.3095903831,45.8469369992563,"Yes",94,73783.3095903831,45.8469369992563,"Yes"
"927","CA0610002",55,22335.858794596,13.8788937046218,"Yes",23,0,0,"No"
"928","CA4900704",40,4825.39702188416,2.99837015290999,"No",126,4825.39702188416,2.99837015290999,"No"
"929","CA4901193",23,9920.62668943993,6.1644069552984,"Yes",134,0,0,"No"
"930","CA1300652",8,8661.08084275159,5.38175950560577,"Yes",60,0,0,"No"
"931","CA4901343",40,3060.87542196518,1.90194453749063,"No",126,3060.87542196518,1.90194453749063,"No"
"932","CA2000941",11,39766.906500114,24.7100715200728,"Yes",47,39766.906500114,24.7100715200728,"Yes"
"933","CA3600185",59,3142.76637361622,1.9528293422249,"No",185,3142.76637361622,1.9528293422249,"No"
"934","CA4500003",28,3679.73838698396,2.28648911167557,"No",106,3679.73838698396,2.28648911167557,"No"
"935","CA3702236",44,21027.4565261896,13.0658882064633,"Yes",141,21027.4565261896,13.0658882064633,"Yes"
"936","CA4100512",34,10860.8196113561,6.74861720416824,"Yes",119,10860.8196113561,6.74861720416824,"Yes"
"937","CA3500505",31,24704.1432474826,15.3504810962771,"Yes",59,10376.7697527612,6.44784181885814,"Yes"
"938","CA5000255",22,7264.8337449474,4.51416962540383,"No",83,7264.8337449474,4.51416962540383,"No"
"939","CA3600270",15,19389.6067647544,12.048173017979,"Yes",165,4649.73483569886,2.88921845955414,"No"
"940","CA4901004",40,12829.7488779995,7.97205617085233,"Yes",126,12829.7488779995,7.97205617085233,"Yes"
"941","CA4900871",23,9949.27640605134,6.18220910811347,"Yes",134,0,0,"No"
"942","CA3600279",51,4718.12381035124,2.93171350389056,"No",152,4718.12381035124,2.93171350389056,"No"
"943","CA1000040",11,28977.0813730297,18.0055683528836,"Yes",47,28977.0813730297,18.0055683528836,"Yes"
"944","CA1200590",28,146027.8760109,90.7377409440518,"Yes",2,2359.91288377438,1.46638552684602,"No"
"945","CA2702496",31,35820.4545809102,22.2578538909803,"Yes",132,3522.46322355803,2.18876261297055,"No"
"946","CA3500578",31,9724.31474168775,6.04242406308658,"Yes",59,4739.67669276378,2.94510587741794,"No"
"947","CA5000179",22,3472.02069706765,2.15741900224169,"No",180,0,0,"No"
"948","CA5000427",22,22656.6809799834,14.0782438639339,"Yes",98,7261.2385187455,4.51193564985988,"No"
"949","CA5000277",22,6629.67513188159,4.11949937979643,"No",38,5998.41756236073,3.72725313629235,"No"
"950","CA1510032",25,51494.3186694496,31.9971657135532,"Yes",111,36925.8255524108,22.9447012765549,"Yes"
"951","CA5610002",45,8952.96887526287,5.56313077116263,"Yes",42,0,0,"No"
"952","CA1510001",3,11938.3744105107,7.41818037860904,"Yes",4,0,0,"No"
"953","CA3610043",51,29295.4473052529,18.2033922634452,"Yes",8,0,0,"No"
"954","CA1502260",3,50617.4934659648,31.4523304373003,"Yes",109,46674.9915772096,29.0025672494374,"Yes"
"955","CA5601120",24,6936.48868442702,4.31014495658283,"No",94,6936.48868442702,4.31014495658283,"No"
"956","CA1805006",29,88112.2559417427,54.7505536069089,"Yes",138,13328.4146566711,8.28191349041913,"Yes"
"957","CA4900508",40,20076.1181186968,12.4747524567194,"Yes",167,13145.0681524264,8.1679869713214,"Yes"
"958","CA3610108",51,17535.2933366414,10.895953208546,"Yes",9,13329.4709883859,8.28256986614753,"Yes"
"959","CA2701172",31,64905.2966882581,40.3303818262506,"Yes",66,2725.20652760042,1.69336903799099,"No"
"960","CA5510026",22,57542.4669947081,35.755320190083,"Yes",135,0,0,"No"
"961","CA4010017",35,8517.94361024284,5.29281793172533,"Yes",181,0,0,"No"
"962","CA4010018",39,4666.81946494931,2.89983438238614,"No",89,0,0,"No"
"963","CA5500119",21,58536.6441655886,36.3730747794677,"Yes",135,17584.8974394505,10.9267758456576,"Yes"
"964","CA2400328",21,2725.42758648186,1.69350639795311,"No",173,584.882349215034,0.363429945949913,"No"
"965","CA2400330",21,6290.02607658812,3.90845071680821,"No",82,6290.02607658812,3.90845071680821,"No"
"966","CA2400329",21,8064.21370801176,5.01088254067615,"Yes",82,8064.21370801176,5.01088254067615,"Yes"
"967","CA2400332",21,28395.972984057,17.6444834429375,"Yes",74,7503.84202626043,4.66268285524527,"No"
"968","CA2400337",21,7653.07327675503,4.75541108575877,"No",173,3903.54864338064,2.42555870318307,"No"
"969","CA2400339",48,3952.81265340259,2.45617001590875,"No",174,2544.33090190565,1.58097785545979,"No"
"970","CA2400340",21,7059.70561806452,4.38670859983877,"No",82,7059.70561806452,4.38670859983877,"No"
"971","CA2400341",48,5861.0133382299,3.64187389751694,"No",173,174.725714127039,0.10856979515021,"No"
"972","CA1000080",11,56692.3569747022,35.2270850004985,"Yes",78,42387.1691738346,26.338231308384,"Yes"
"973","CA2400342",48,5759.12115873176,3.57856087509896,"No",173,132.683654955192,0.0824460057882066,"No"
"974","CA2400343",48,3203.12440515132,1.99033417745866,"No",174,2409.06272849091,1.49692590036345,"No"
"975","CA4901093",40,1403.41375991676,0.87204304865147,"No",126,1403.41375991676,0.87204304865147,"No"
"976","CA5500120",22,52441.4024051368,32.5856577262336,"Yes",135,0,0,"No"
"977","CA1710004",40,36750.8427983721,22.8359717638113,"Yes",67,0,0,"No"
"978","CA1900849",25,11914.034749807,7.40305637702846,"Yes",95,11914.034749807,7.40305637702846,"Yes"
"979","CA1210024",28,146319.80303894,90.9191364403667,"Yes",2,2852.537998163,1.7724893423161,"No"
"980","CA1000555",11,3524.55047104099,2.1900595716511,"No",47,3524.55047104099,2.1900595716511,"No"
"981","CA1700733",40,33727.2520980453,20.9571949358403,"Yes",67,0,0,"No"
"982","CA1200553",28,125883.159360553,78.2203632299904,"Yes",46,28581.6163424256,17.7598371645678,"Yes"
"983","CA1700685",40,30480.9369889817,18.9400232324939,"Yes",67,1394.95101053252,0.866784526907005,"No"
"984","CA5000382",22,7122.50110056238,4.42572800064771,"No",83,7122.50110056238,4.42572800064771,"No"
"985","CA0105012",33,5022.01572267173,3.12054365309489,"No",117,5022.01572267173,3.12054365309489,"No"
"986","CA4010011",35,11345.006298001,7.04947761069817,"Yes",84,0,0,"No"
"987","CA0400143",5,33845.5816827237,21.0307217136986,"Yes",77,24125.0250962063,14.990632865775,"Yes"
"988","CA4810013",49,2512.46227479289,1.56117555941746,"No",150,2512.46227479289,1.56117555941746,"No"
"989","CA4901413",23,7801.95553118745,4.84792245963404,"No",134,263.943643938566,0.164007384355429,"No"
"990","CA4901115",40,3114.39899712436,1.93520262786258,"No",167,2006.75059095078,1.2469401064727,"No"
"991","CA4901312",40,1275.37876244341,0.792485591884508,"No",167,398.075889107344,0.247353504608936,"No"
"992","CA1500455",25,20981.9242782179,13.0375957089353,"Yes",111,5046.23171310324,3.13559080934,"No"
"993","CA0310012",30,37079.7813445943,23.040365208467,"Yes",64,16073.9043412413,9.98788592916433,"Yes"
"994","CA1400102",11,125182.955136493,77.7852754150729,"Yes",10,2636.46799695648,1.63822933435848,"No"
"995","CA4710007",28,110095.29955329,68.4102175757079,"Yes",163,9840.46142831263,6.11459444760748,"Yes"
"996","CA2810014",23,19844.0581145244,12.3305566968598,"Yes",114,18070.6022028958,11.2285795437234,"Yes"
"997","CA1400136",11,119378.759796209,74.1787066724305,"Yes",10,0,0,"No"
"998","CA4901261",40,3440.3231532335,2.1377230126844,"No",126,3440.3231532335,2.1377230126844,"No"
"999","CA2600624",11,100674.611113314,62.5564586186352,"Yes",78,2678.87704504586,1.66458116062849,"No"
"1000","CA3500510",12,17232.2178240748,10.7076303478909,"Yes",59,4640.96195990027,2.88376723371088,"No"
"1001","CA3901303",17,1165.23565205798,0.724045665961192,"No",72,1165.23565205798,0.724045665961192,"No"
"1002","CA5000499",22,1163.59009667531,0.723023162709752,"No",83,1163.59009667531,0.723023162709752,"No"
"1003","CA5000530",22,5507.46408954487,3.42218803332103,"No",155,1346.69991631286,0.836802612445388,"No"
"1004","CA5000527",22,2614.34597348374,1.624483312093,"No",83,2614.34597348374,1.624483312093,"No"
"1005","CA5000548",48,6128.6081020413,3.80814998821958,"No",155,5677.63269780927,3.52792616713017,"No"
"1006","CA5000584",22,102.645690828015,0.0637812338151138,"No",83,102.645690828015,0.0637812338151138,"No"
"1007","CA5000590",48,23366.6712021859,14.5194124312985,"Yes",88,947.385104139369,0.588679274820342,"No"
"1008","CA5000592",22,6633.4271906405,4.12183080681553,"No",180,2922.12204295691,1.81572697065686,"No"
"1009","CA1010029",11,8721.28268050245,5.41916728628037,"Yes",118,0,0,"No"
"1010","CA5000413",22,558.677404887456,0.34714690797933,"No",83,558.677404887456,0.34714690797933,"No"
"1011","CA5000593",46,13579.1078005387,8.4376873752835,"Yes",143,13579.1078005387,8.4376873752835,"Yes"
"1012","CA5000319",22,70.9000680055142,0.0440553692852438,"No",83,70.9000680055142,0.0440553692852438,"No"
"1013","CA5000490",22,6735.58575978322,4.18530935649596,"No",83,6735.58575978322,4.18530935649596,"No"
"1014","CA3500552",12,22691.3971762331,14.0998155618037,"Yes",59,570.254507994756,0.354340604219591,"No"
"1015","CA3510004",31,4305.09016543687,2.67506565762168,"No",115,4305.09016543687,2.67506565762168,"No"
"1016","CA5000219",48,3870.0551047988,2.40474673145439,"No",146,3870.0551047988,2.40474673145439,"No"
"1017","CA1500540",3,47974.0456047187,29.8097640055667,"Yes",140,7065.43292608935,4.39026739289979,"No"
"1018","CA4901030",40,15165.6933515388,9.42354838103743,"Yes",126,15165.6933515388,9.42354838103743,"Yes"
"1019","CA3610705",51,79808.8579400669,49.591048467115,"Yes",45,73.257382835528,0.0455201404523146,"No"
"1020","CA3700859",32,36502.0596204579,22.6813846797183,"Yes",169,32051.1472832812,19.9157091001785,"Yes"
"1021","CA3601036",51,44561.4496271669,27.6892699039152,"Yes",8,12656.770652956,7.8645722177762,"Yes"
"1022","CA3500910",12,10388.9645948483,6.45541936125886,"Yes",59,4440.11687588507,2.7589675742137,"No"
"1023","CA5601125",24,9587.24068208396,5.95724997954687,"Yes",125,635.012666395944,0.394579558325738,"No"
"1024","CA5601110",24,1466.96192230756,0.911530144225311,"No",125,739.386724937104,0.459434752716706,"No"
"1025","CA4900974",40,3803.93235382076,2.36365985672434,"No",167,180.611510100184,0.112227068301405,"No"
"1026","CA0310001",30,34694.45593444,21.5581890305591,"Yes",64,0,0,"No"
"1027","CA1000540",11,13874.114019234,8.62099619672287,"Yes",168,0,0,"No"
"1028","CA1000528",11,27253.724785627,16.9347215539457,"Yes",90,12662.0102257454,7.86782794545924,"Yes"
"1029","CA1000020",11,52360.9014058128,32.5356365999806,"Yes",78,47815.6060045664,29.7113139576264,"Yes"
"1030","CA1000024",11,43313.1608185126,26.9136172707524,"Yes",47,43313.1608185126,26.9136172707524,"Yes"
"1031","CA1000607",19,49155.7169548245,30.5440223662026,"Yes",81,14105.2576634592,8.76462255549433,"Yes"
"1032","CA1000130",52,42085.8010804174,26.1509693914384,"Yes",90,29126.5867430724,18.0984669138109,"Yes"
"1033","CA1000129",52,42508.8632812028,26.4138487089135,"Yes",90,29814.2648059065,18.5257713136481,"Yes"
"1034","CA2410006",48,2141.72874807596,1.33081185335353,"No",174,0,0,"No"
"1035","CA4900573",40,729.092287828907,0.453038070158517,"No",126,729.092287828907,0.453038070158517,"No"
"1036","CA4901283",40,6441.01619132625,4.0022718576101,"No",21,4983.6101445675,3.09667947392565,"No"
"1037","CA1000186",11,28195.648277339,17.5200071317055,"Yes",65,19204.7586762059,11.9333134553332,"Yes"
"1038","CA1310301",8,11705.8348391468,7.27368662877131,"Yes",171,6553.73030538378,4.0723093351211,"No"
"1039","CA3210006",5,68918.916202403,42.8243355676259,"Yes",138,43139.5536004605,26.8057424785692,"Yes"
"1040","CA1700597",40,83645.1141386156,51.974793479697,"Yes",149,27543.7428048148,17.1149308442062,"Yes"
"1041","CA4901395",40,3278.36523702882,2.03708677907019,"No",126,3278.36523702882,2.03708677907019,"No"
"1042","CA3900921",20,6570.4715180039,4.0827118682217,"No",79,6570.4715180039,4.0827118682217,"No"
"1043","CA4901295",40,217.283422999339,0.135013995177737,"No",126,217.283422999339,0.135013995177737,"No"
"1044","CA0800532",28,183399.483776257,113.959439134214,"Yes",27,5494.78991225264,3.41431264509218,"No"
"1045","CA2700771",53,3046.98904351913,1.89331592051346,"No",156,3046.98904351913,1.89331592051346,"No"
"1046","CA1502717",25,44305.778178665,27.5304026362764,"Yes",140,0,0,"No"
"1047","CA3600139",51,24134.2845592765,14.9963864436828,"Yes",9,14414.4511524643,8.95674695991172,"Yes"
"1048","CA5500016",21,57932.4542530477,35.997647640056,"Yes",135,21995.4502112753,13.6673730916247,"Yes"
"1049","CA2701334",41,6044.66980380444,3.75599301813442,"No",127,6044.66980380444,3.75599301813442,"No"
"1050","CA4901084",40,1033.58419166809,0.642241037734778,"No",126,1033.58419166809,0.642241037734778,"No"
"1051","CA0900311",30,50495.2707693153,31.3763845858024,"Yes",100,18791.5692250504,11.6765687953139,"Yes"
"1052","CA5602132",45,3717.03882604028,2.30966658757023,"No",142,3717.03882604028,2.30966658757023,"No"
"1053","CA1500327",25,59964.9390533754,37.2605782826347,"Yes",140,38820.2282877049,24.1218314885014,"Yes"
"1054","CA4900543",40,18209.3403226544,11.3147876288754,"Yes",167,15014.3191172007,9.32948855878852,"Yes"
"1055","CA3610854",51,122690.393725711,76.2364657099872,"Yes",109,22947.163234539,14.2587416173953,"Yes"
"1056","CA5610011",24,2494.26455490791,1.54986799241174,"No",125,140.794962714725,0.0874861512885561,"No"
"1057","CA3600123",51,22348.9008515245,13.886997683227,"Yes",8,21.1520634114765,0.0131433155277794,"No"
"1058","CA1000270",11,16153.4382184283,10.0373061120884,"Yes",47,16153.4382184283,10.0373061120884,"Yes"
"1059","CA4600082",29,56596.002097249,35.1672127066058,"Yes",144,43815.6806765184,27.2258694101423,"Yes"
"1060","CA4500289",28,34459.3065161093,21.4120735929693,"Yes",106,34459.3065161093,21.4120735929693,"Yes"
"1061","CA0202550",29,63381.5018349108,39.3835372481333,"Yes",136,17723.3740706225,11.0128214489309,"Yes"
"1062","CA5210500",28,79750.9961249008,49.5550947126778,"Yes",138,55503.4883302132,34.4883544373552,"Yes"
"1063","CA5410022",27,28757.7788725959,17.8692997580349,"Yes",102,28757.7788725959,17.8692997580349,"Yes"
"1064","CA2210002",19,53223.4674527446,33.0716116251038,"Yes",76,53223.4674527446,33.0716116251038,"Yes"
"1065","CA2010015",9,64244.2196740098,39.9196065927708,"Yes",6,39912.4891655036,24.8005326192747,"Yes"
"1066","CA2210003",19,58842.7080175213,36.5632545127327,"Yes",78,56209.7968082639,34.9272352692805,"Yes"
"1067","CA4901272",40,17686.8687920197,10.9901380640634,"Yes",167,11315.79273982,7.03132510210396,"Yes"
"1068","CA2702539",31,50800.3770136559,31.5659692878173,"Yes",52,5031.26117891129,3.12628852754004,"No"
"1069","CA5410515",52,45430.4131806257,28.2292201651769,"Yes",161,36809.4341915961,22.872378858163,"Yes"
"1070","CA5304501",28,98691.284841475,61.3240737454329,"Yes",170,36964.4217873225,22.9686839246663,"Yes"
"1071","CA2204101",21,54131.4404335604,33.6358012809975,"Yes",18,52975.2699257189,32.9173884485061,"Yes"
"1072","CA1510036",3,89581.2796858743,55.6633649110034,"Yes",109,3946.82713465283,2.45245077774294,"No"
"1073","CA2100551",26,18794.0595008715,11.6781161848158,"Yes",99,18794.0595008715,11.6781161848158,"Yes"
"1074","CA2100553",33,5782.98805454587,3.59339111346631,"No",117,5782.98805454587,3.59339111346631,"No"
"1075","CA1000247",11,10553.0875729068,6.55740090528213,"Yes",118,8698.02557289846,5.40471595368192,"Yes"
"1076","CA4710012",28,144968.360865038,90.0793871183455,"Yes",163,59781.8752895107,37.1468274507007,"Yes"
"1077","CA4900925",23,7807.63736118238,4.85145299388717,"No",134,0,0,"No"
"1078","CA1810003",28,108312.911046315,67.3026899513559,"Yes",138,85361.3535144263,53.0412178373907,"Yes"
"1079","CA3301676",15,18728.1711819947,11.6371749798021,"Yes",63,18728.1711819947,11.6371749798021,"Yes"
"1080","CA2700728",9,43605.3341546616,27.0951658162113,"Yes",66,26015.3279677846,16.1652155341846,"Yes"
"1081","CA4900630",40,16577.8328835909,10.3010133866,"Yes",167,9929.74646534677,6.17007373541127,"Yes"
"1082","CA1000524",11,27229.2643894457,16.919522530631,"Yes",47,27229.2643894457,16.919522530631,"Yes"
"1083","CA5000551",22,928.285668130972,0.576811405999336,"No",83,928.285668130972,0.576811405999336,"No"
"1084","CA2700662",53,4132.3747323368,2.56774499629463,"No",156,4132.3747323368,2.56774499629463,"No"
"1085","CA4810012",49,9119.61554444297,5.66668046804465,"Yes",160,6203.21509283763,3.8545087382639,"No"
"1086","CA4200837",36,28514.1719674137,17.7179290686951,"Yes",133,1313.05712498642,0.815897899130339,"No"
"1087","CA2810013",23,17496.4841472618,10.871838236334,"Yes",160,15315.7333452455,9.5167791425339,"Yes"
"1088","CA4900562",26,6304.46512008775,3.91742274478218,"No",134,2643.79076057188,1.64277950002602,"No"
"1089","CA1000602",11,16682.363624874,10.3659659393751,"Yes",65,1417.97622901797,0.88109176992927,"No"
"1090","CA2400220",21,14049.9986252979,8.7302860957274,"Yes",173,8466.3263988317,5.26074440381256,"Yes"
"1091","CA1000145",11,78587.9564073358,48.832413540542,"Yes",78,24056.0583232561,14.947778793329,"Yes"
"1092","CA1000076",11,56841.5370793949,35.3197814504051,"Yes",78,42216.5025835601,26.2321837421303,"Yes"
"1093","CA4010025",9,14363.8361745773,8.92529619258661,"Yes",84,0,0,"No"
"1094","CA2400218",21,8471.98477032551,5.26426036159265,"Yes",173,8208.5643546553,5.10057809701822,"Yes"
"1095","CA2400223",21,18473.3743093068,11.4788511497302,"Yes",18,3463.95555905971,2.15240754536624,"No"
"1096","CA2400208",21,45963.5191868013,28.5604777031586,"Yes",74,11541.6341906468,7.17165682245321,"Yes"
"1097","CA1000051",11,58828.2090884709,36.5542452735102,"Yes",78,40913.1560864126,25.4223197623949,"Yes"
"1098","CA2400240",21,4457.77577344386,2.76994033171602,"No",82,4457.77577344386,2.76994033171602,"No"
"1099","CA2400255",21,2445.32903412541,1.51946079394373,"No",173,1945.373650233,1.2088021488517,"No"
"1100","CA2400231",48,33353.7007392235,20.72508030573,"Yes",55,6651.8441784321,4.13327462092044,"No"
"1101","CA2400304",21,15978.6008457189,9.92866693533928,"Yes",82,15978.6008457189,9.92866693533928,"Yes"
"1102","CA2400216",21,16981.7277018696,10.5519826151526,"Yes",18,3940.52528962196,2.44853498305017,"No"
"1103","CA4200881",36,27345.744640183,16.9919001827973,"Yes",133,2558.40306636855,1.58972191480268,"No"
"1104","CA4200531",36,24091.6524378591,14.9698960057285,"Yes",133,0,0,"No"
"1105","CA5000202",22,19057.0144506333,11.8415092215649,"Yes",98,9560.22895907289,5.94046563129786,"Yes"
"1106","CA5000581",22,3630.87590676518,2.25612729862253,"No",180,2849.92144320543,1.77086348640152,"No"
"1107","CA2701658",41,33888.5700069173,21.0574334863467,"Yes",52,20131.4685355992,12.5091456967448,"Yes"
"1108","CA4901068",40,216.011744688859,0.134223808945816,"No",126,216.011744688859,0.134223808945816,"No"
"1109","CA4901245",40,89.9103168737398,0.055867819648887,"No",126,89.9103168737398,0.055867819648887,"No"
"1110","CA2300610",40,105698.555133157,65.6782004630204,"Yes",44,3670.1114120383,2.28050717190793,"No"
"1111","CA1510007",37,43885.0004361067,27.2689428188616,"Yes",4,40091.9186820026,24.9120252289774,"Yes"
"1112","CA5000005",48,17668.8306367529,10.9789296461611,"Yes",88,7009.45188906281,4.35548230272212,"No"
"1113","CA4901259",40,3893.93849416741,2.41958721846683,"No",126,3893.93849416741,2.41958721846683,"No"
"1114","CA0300010",30,22575.6726299783,14.0279074837998,"Yes",64,3559.52884277237,2.21179417821739,"No"
"1115","CA4901106",40,6537.653046989,4.0623193650745,"No",167,4117.22385073716,2.5583306515324,"No"
"1116","CA4400571",38,7239.43394719777,4.49838688356579,"No",123,7239.43394719777,4.49838688356579,"No"
"1117","CA4901044",40,8428.19614628782,5.23705130444022,"Yes",13,3395.51138309949,2.1098782004421,"No"
"1118","CA3610801",51,3924.21437201321,2.43839982353835,"No",28,253.758397301233,0.157678549778936,"No"
"1119","CA4901262",33,7870.08836211867,4.89025834324547,"No",134,6381.96287415697,3.96557773631238,"No"
"1120","CA2800039",40,12134.3740044424,7.53996918267262,"Yes",13,2024.55493537995,1.25800324069491,"No"
"1121","CA1200718",28,147368.478192202,91.5707545902056,"Yes",46,4266.57912714987,2.65113594837006,"No"
"1122","CA4901360",40,3291.3050107263,2.04512720166422,"No",126,3291.3050107263,2.04512720166422,"No"
"1123","CA5210003",5,26978.7920893374,16.7638858720577,"Yes",26,7708.8957107933,4.79009762436359,"No"
"1124","CA1700508",40,38212.9486246913,23.7444844623829,"Yes",176,0,0,"No"
"1125","CA4010901",9,13575.4254468597,8.43539926110066,"Yes",84,0,0,"No"
"1126","CA2702393",41,85.6629811307389,0.053228641014788,"No",127,85.6629811307389,0.053228641014788,"No"
"1127","CA1200705",28,150235.338292081,93.3521432960601,"Yes",2,7364.34605079841,4.57600385922081,"No"
"1128","CA3600196",15,27987.0257410016,17.3903747753747,"Yes",165,2271.97929211964,1.41174599035607,"No"
"1129","CA3600158",59,6401.82405413103,3.97791893206596,"No",185,6401.82405413103,3.97791893206596,"No"
"1130","CA4010026",2,3904.14312183004,2.42592809588405,"No",89,117.741237877025,0.0731611951961832,"No"
"1131","CA1200518",28,154537.806548154,96.0255797706847,"Yes",46,9269.30978435833,5.75969638756157,"Yes"
"1132","CA4600037",29,29636.67391776,18.4154211774765,"Yes",144,23831.2792359242,14.8081071966919,"Yes"
"1133","CA5410050",47,29768.7999293357,18.4975206788719,"Yes",25,17626.5056049915,10.9526300253467,"Yes"
"1134","CA1400528",27,84729.1160679259,52.6483627250462,"Yes",109,75763.5089611495,47.0773789013816,"Yes"
"1135","CA5410800",27,24297.5510670055,15.0978358003936,"Yes",102,24297.5510670055,15.0978358003936,"Yes"
"1136","CA4500247",28,3853.88911070144,2.39470162346144,"No",106,3853.88911070144,2.39470162346144,"No"
"1137","CA1410503",27,190666.932135037,118.475233409371,"Yes",109,113817.001016788,70.7227813990756,"Yes"
"1138","CA1800202",29,96408.2988582271,59.905488497289,"Yes",138,0,0,"No"
"1139","CA0710003",6,1540.25061815791,0.957069741731336,"No",24,1540.25061815791,0.957069741731336,"No"
"1140","CA4910310",40,38805.5054018097,24.1126830886014,"Yes",167,34141.6923029523,21.2147167801411,"Yes"
"1141","CA0400013",55,51143.3361180069,31.7790747250469,"Yes",93,22593.9791719906,14.0392826699086,"Yes"
"1142","CA2510002",28,200251.503553542,124.430824781303,"Yes",138,126200.24842094,78.4173937272052,"Yes"
"1143","CA5000372",22,309.832982932397,0.192521768509077,"No",83,309.832982932397,0.192521768509077,"No"
"1144","CA5000132",22,6345.30032909649,3.94279663035561,"No",38,6084.07909158764,3.78048087513368,"No"
"1145","CA4000815",2,4367.0585807175,2.71357114141046,"No",3,4367.0585807175,2.71357114141046,"No"
"1146","CA4000750",2,2491.49924023213,1.54814970126395,"No",89,1445.60688773156,0.898260707949569,"No"
"1147","CA1900100",37,29924.7799165688,18.5944423904016,"Yes",122,29924.7799165688,18.5944423904016,"Yes"
"1148","CA3205003",29,50976.6355949649,31.6754915648433,"Yes",144,49307.4152893623,30.6382835754796,"Yes"
"1149","CA5500193",22,54466.254276584,33.8438454749053,"Yes",135,0,0,"No"
"1150","CA3610062",59,8150.29318840943,5.06436998298024,"Yes",112,0,0,"No"
"1151","CA2000530",11,49800.1989654463,30.9444859168643,"Yes",47,49800.1989654463,30.9444859168643,"Yes"
"1152","CA2400230",21,77.5671783682053,0.0481981298968554,"No",82,77.5671783682053,0.0481981298968554,"No"
"1153","CA4901297",33,756.175546187218,0.469866868522014,"No",117,756.175546187218,0.469866868522014,"No"
"1154","CA4901141",40,6737.3845762256,4.1864270919915,"No",167,5345.93110844861,3.32181584279805,"No"
"1155","CA5000409",22,5196.55142894232,3.22899538254335,"No",83,5196.55142894232,3.22899538254335,"No"
"1156","CA4910304",26,155.94652198073,0.0969009171341856,"No",99,155.94652198073,0.0969009171341856,"No"
"1157","CA4900577",40,530.09920520614,0.329389193834827,"No",126,530.09920520614,0.329389193834827,"No"
"1158","CA5000133",22,547.089308253129,0.339946380661096,"No",83,547.089308253129,0.339946380661096,"No"
"1159","CA0310003",30,31779.2964153352,19.7467883824022,"Yes",64,1335.55186316908,0.829875516155122,"No"
"1160","CA5000239",21,30570.1636571936,18.9954662515029,"Yes",155,23809.6218680599,14.7946498987535,"Yes"
"1161","CA4000202",35,4544.71948551434,2.82396478401975,"No",120,4544.71948551434,2.82396478401975,"No"
"1162","CA2400318",21,15143.8311574334,9.40996380965701,"Yes",82,15143.8311574334,9.40996380965701,"Yes"
"1163","CA2702259",31,1388.83313542784,0.862983046110728,"No",115,1388.83313542784,0.862983046110728,"No"
"1164","CA1400009",11,97036.218378972,60.2956605682901,"Yes",10,18992.4155908386,11.8013692512698,"Yes"
"1165","CA5000401",22,19971.6967533287,12.4098678671559,"Yes",180,9369.4665213847,5.82193105334155,"Yes"
"1166","CA1910246",25,6611.91739374602,4.10846520545442,"No",95,6611.91739374602,4.10846520545442,"No"
"1167","CA3710319",15,48219.2441345114,29.9621236870465,"Yes",80,42312.9345861801,26.292103959499,"Yes"
"1168","CA5610063",45,524.618072783682,0.325983367581544,"No",142,524.618072783682,0.325983367581544,"No"
"1169","CA5000297",22,13960.3086527695,8.67455519204737,"Yes",177,13144.6776856815,8.16774434593156,"Yes"
"1170","CA4900560",40,2486.04582154342,1.54476109556925,"No",167,0,0,"No"
"1171","CA4901440",40,142.897304086321,0.088792488899997,"No",126,142.897304086321,0.088792488899997,"No"
"1172","CA5210504",28,62167.2648463569,38.6290434876141,"Yes",106,62167.2648463569,38.6290434876141,"Yes"
"1173","CA4200616",36,23596.529128563,14.6622398800521,"Yes",133,0,0,"No"
"1174","CA4200721",36,3134.006322102,1.94738608504232,"No",121,3134.006322102,1.94738608504232,"No"
"1175","CA0600050",55,37572.5927256732,23.3465847649802,"Yes",157,7842.87305534163,4.87334749359466,"No"
"1176","CA1000550",11,23.012391968796,0.0142992729745088,"No",47,23.012391968796,0.0142992729745088,"No"
"1177","CA3600321",15,161816.520408213,100.548374121201,"Yes",87,70411.4509095362,43.751755943142,"Yes"
"1178","CA1700549",40,35006.2813891085,21.7519488666835,"Yes",67,1805.71191830857,1.12202015628057,"No"
"1179","CA4900514",40,15538.7257461607,9.65534054094269,"Yes",167,11796.8806617676,7.33026002073373,"Yes"
"1180","CA2702431",31,29222.4031894796,18.158004641331,"Yes",132,8537.91154022918,5.30522545902617,"Yes"
"1181","CA1503368",3,50962.5059602507,31.666711795053,"Yes",109,45004.9064771475,27.9648219003738,"Yes"
"1182","CA5500124",22,58490.2978677907,36.3442764535714,"Yes",135,0,0,"No"
"1183","CA4910002",40,12864.1232140553,7.99341544611785,"Yes",21,0,0,"No"
"1184","CA4500345",28,20089.9868429994,12.4833701038931,"Yes",106,20089.9868429994,12.4833701038931,"Yes"
"1185","CA4901060",40,15224.4155911588,9.46003677977234,"Yes",167,11175.8487218844,6.94436770470156,"Yes"
"1186","CA0900401",30,24648.8989978699,15.3161538257111,"Yes",100,8005.61286108458,4.97446957205101,"No"
"1187","CA1503329",3,26137.1183690366,16.2408927691082,"Yes",140,9878.70784730727,6.13835972964524,"Yes"
"1188","CA0300087",30,15844.7102130207,9.84547094648783,"Yes",64,10485.5992303416,6.51546548917045,"Yes"
"1189","CA1510043",3,57208.9717443642,35.548095333717,"Yes",109,40601.6102699221,25.2287336858104,"Yes"
"1190","CA1710008",40,45934.6771276593,28.5425560339389,"Yes",176,0,0,"No"
"1191","CA1210001",28,139496.376573731,86.6792452643514,"Yes",170,0,0,"No"
"1192","CA3610118",51,42312.5617382497,26.2918722819601,"Yes",8,9578.08358697419,5.95156001029875,"Yes"
"1193","CA0410005",5,25228.0208398299,15.6760043495035,"Yes",93,0,0,"No"
"1194","CA1500251",3,49089.06702499,30.5026079169038,"Yes",7,49089.06702499,30.5026079169038,"Yes"
"1195","CA1010004",9,55298.9041093556,34.3612313801656,"Yes",22,0,0,"No"
"1196","CA4901390",40,545.328917194542,0.338852521651448,"No",126,545.328917194542,0.338852521651448,"No"
"1197","CA1200538",28,123435.587980423,76.6995091033735,"Yes",46,36390.2465345888,22.6119070765586,"Yes"
"1198","CA3900813",43,2013.34812363746,1.25103963341336,"No",137,2013.34812363746,1.25103963341336,"No"
"1199","CA1200751",28,117133.894651675,72.7838086741613,"Yes",46,47762.2531421363,29.6781619434901,"Yes"
"1200","CA5200570",28,22346.9507322414,13.8857859322712,"Yes",105,422.75729070441,0.262689854663657,"No"
"1201","CA3700934",44,11769.1050507194,7.3130010132846,"Yes",172,11588.181955922,7.20058033474717,"Yes"
"1202","CA1210006",28,141970.293099769,88.2164695463788,"Yes",46,0,0,"No"
"1203","CA2701297",41,34.9940184058481,0.0217443289832155,"No",127,34.9940184058481,0.0217443289832155,"No"
"1204","CA4200870",18,5820.53759255323,3.61672337265788,"No",73,5820.53759255323,3.61672337265788,"No"
"1205","CA4710500",28,128792.069729959,80.0278808268973,"Yes",85,78252.7753890685,48.6241411939481,"Yes"
"1206","CA5403084",52,17176.4453017305,10.672974823052,"Yes",168,2363.18930877594,1.46842140801567,"No"
"1207","CA4900669",40,2272.62306356903,1.41214601238336,"No",167,0,0,"No"
"1208","CA4810025",49,3002.36469942493,1.86558756970244,"No",150,3002.36469942493,1.86558756970244,"No"
"1209","CA4010081",2,3429.31271691774,2.13088142773916,"No",89,0,0,"No"
"1210","CA4210001",36,403.776021928753,0.250895411739442,"No",121,403.776021928753,0.250895411739442,"No"
"1211","CA5403043",52,10407.3793221696,6.46686177076912,"Yes",92,4049.57750695561,2.51629705777251,"No"
"1212","CA1502653",3,47545.4888935891,29.5434705491625,"Yes",7,47545.4888935891,29.5434705491625,"Yes"
"1213","CA2701310",41,69410.4344264168,43.1297515915946,"Yes",66,41039.4263750664,25.5007806772132,"Yes"
"1214","CA0510001",22,51221.4756199267,31.8276284811952,"Yes",135,7762.56560813473,4.82344663535035,"No"
"1215","CA2700518",53,2413.67246227388,1.4997902632594,"No",156,2413.67246227388,1.4997902632594,"No"
"1216","CA2400053",21,15610.875416174,9.70017237884724,"Yes",82,15610.875416174,9.70017237884724,"Yes"
"1217","CA1400518",11,121728.033257791,75.6384811523924,"Yes",10,0,0,"No"
"1218","CA1210022",28,146490.553240968,91.0252359606846,"Yes",46,56034.0023372552,34.8180013777419,"Yes"
"1219","CA2702328",41,25164.0495406992,15.6362543282956,"Yes",127,25164.0495406992,15.6362543282956,"Yes"
"1220","CA4200505",36,15699.373798512,9.75516286086965,"Yes",133,6427.65533835635,3.99396978783623,"No"
"1221","CA5602130",4,3352.84561104169,2.08336685289727,"No",14,3352.84561104169,2.08336685289727,"No"
"1222","CA2110007",40,21355.1063220711,13.2694808567929,"Yes",167,15182.7192514957,9.43412781108761,"Yes"
"1223","CA4901247",23,8308.98589379995,5.16297730361511,"Yes",134,0,0,"No"
"1224","CA4910306",40,13559.2204994469,8.42532994857951,"Yes",167,6690.10926465873,4.15705150226722,"No"
"1225","CA4200802",36,30112.779264133,18.7112600594859,"Yes",133,3896.23863247996,2.42101646170477,"No"
"1226","CA1000053",13,21663.808838888,13.4613001844781,"Yes",175,16877.2991032151,10.4870935310221,"Yes"
"1227","CA1400522",11,114556.257003976,71.1821349149192,"Yes",10,22148.3487745609,13.7623800903233,"Yes"
"1228","CA4901090",40,4386.6087415322,2.72571907833783,"No",126,4386.6087415322,2.72571907833783,"No"
"1229","CA2701820",31,16128.6940598639,10.0219307665651,"Yes",50,0,0,"No"
"1230","CA4200804",18,26247.0261257518,16.3091864526773,"Yes",133,1066.86785813874,0.662922600655387,"No"
"1231","CA4200827",36,25879.6607919001,16.0809156498317,"Yes",133,563.64979560458,0.350236616006922,"No"
"1232","CA4200862",18,24956.6370206861,15.5073738431196,"Yes",133,534.266573356606,0.331978682787109,"No"
"1233","CA4200848",18,9598.03865467089,5.96395954532348,"Yes",73,9598.03865467089,5.96395954532348,"Yes"
"1234","CA4200891",18,19863.0831141217,12.3423783129243,"Yes",179,2344.78872127015,1.45698778460124,"No"
"1235","CA4200924",36,16387.3387810445,10.1826455447851,"Yes",133,11615.4492966558,7.21752351688009,"Yes"
"1236","CA4200807",36,28371.9035924236,17.6295273791888,"Yes",133,4660.9347067516,2.8961777540803,"No"
"1237","CA0910012",29,43816.8135566875,27.2265733509933,"Yes",62,4170.31654861414,2.59132100650835,"No"
"1238","CA5000505",48,7.59820579430633,0.00472131792803655,"No",146,7.59820579430633,0.00472131792803655,"No"
"1239","CA5000058",48,15740.179822236,9.78051861150287,"Yes",88,2535.29345298676,1.57536223109272,"No"
"1240","CA5710007",54,18782.5628216313,11.670972461774,"Yes",160,16719.5383579571,10.3890653050052,"Yes"
"1241","CA2310013",40,70694.7064318041,43.9277632021848,"Yes",149,45586.1532727406,28.3259928124204,"Yes"
"1242","CA5000010",21,30457.3613970245,18.9253740024013,"Yes",155,23486.5470195184,14.5938999959725,"Yes"
"1243","CA4901062",40,883.72995288101,0.549125699281078,"No",126,883.72995288101,0.549125699281078,"No"
"1244","CA3100029",29,36829.8229665165,22.8850478870322,"Yes",62,17.0023421866091,0.0105647918939498,"No"
"1245","CA3701961",32,23654.3034408127,14.6981392625627,"Yes",169,13101.8500512703,8.14113242153325,"Yes"
"1246","CA4910305",40,5599.48665869814,3.47936834894934,"No",134,2539.79123405008,1.57815702962089,"No"
"1247","CA4400660",53,992.478147019106,0.616698862278391,"No",156,992.478147019106,0.616698862278391,"No"
"1248","CA3310802",56,93816.5155555093,58.295025013676,"Yes",11,26155.7458591763,16.2524673836332,"Yes"
"1249","CA4700513",28,131983.654078419,82.0110443277486,"Yes",163,13023.9373206299,8.09271957487536,"Yes"
"1250","CA1502465",3,228.689341313296,0.142101321854485,"No",7,228.689341313296,0.142101321854485,"No"
"1251","CA1009020",11,46912.2385717373,29.1499860636891,"Yes",61,27749.7601049723,17.2429443778022,"Yes"
"1252","CA2410302",48,14501.5102292136,9.0108430966816,"Yes",88,3773.21967379862,2.34457583468914,"No"
"1253","CA3701476",32,2192.64180500977,1.36244783887169,"No",116,2192.64180500977,1.36244783887169,"No"
"1254","CA3701982",32,17269.1667423403,10.7305893983498,"Yes",116,17269.1667423403,10.7305893983498,"Yes"
"1255","CA3600088",51,15045.9514897998,9.34914405271712,"Yes",152,15045.9514897998,9.34914405271712,"Yes"
"1256","CA3901031",46,11318.6017013154,7.03307051419551,"Yes",143,11318.6017013154,7.03307051419551,"Yes"
"1257","CA2702172",41,390.12489593241,0.242412974220743,"No",127,390.12489593241,0.242412974220743,"No"
"1258","CA2600547",11,110125.071098132,68.428716802001,"Yes",78,9125.83008782645,5.67054201587387,"Yes"
"1259","CA0901230",29,55215.9226860443,34.3096689860715,"Yes",62,14130.636999105,8.78039258273887,"Yes"
"1260","CA4600061",29,57357.9488583528,35.6406656507343,"Yes",144,46681.2828578376,29.0064764796983,"Yes"
"1261","CA5201147",28,21702.3876130709,13.4852719829687,"Yes",105,4.579929744053,0.00284584347872606,"No"
"1262","CA5500071",22,41298.7660392061,25.6619272740416,"Yes",135,2221.91947221627,1.38064018306652,"No"
"1263","CA1500579",3,89297.6805771096,55.4871441566789,"Yes",109,3720.95943962284,2.31210274996138,"No"
"1264","CA5700615",49,8911.54253481465,5.53738957262893,"Yes",160,0,0,"No"
"1265","CA5800821",55,4971.52536718423,3.0891703227312,"No",164,4971.52536718423,3.0891703227312,"No"
"1266","CA5700707",7,3722.76638387877,2.31322553585865,"No",29,3722.76638387877,2.31322553585865,"No"
"1267","CA5000307",22,719.043127561536,0.446793795942148,"No",83,719.043127561536,0.446793795942148,"No"
"1268","CA3310008",15,8887.78581803883,5.52262779651213,"Yes",31,2331.17313393965,1.44852742984059,"No"
"1269","CA3310078",59,12187.2520105019,7.57282613400645,"Yes",31,11424.6017789158,7.09893607249913,"Yes"
"1270","CA2702030",31,386.482559037923,0.240149725376815,"No",115,386.482559037923,0.240149725376815,"No"
"1271","CA1300514",8,35310.5304566861,21.9410009424274,"Yes",36,35310.5304566861,21.9410009424274,"Yes"
"1272","CA2000729",11,3497.47936614963,2.17323832512063,"No",47,3497.47936614963,2.17323832512063,"No"
"1273","CA2000849",19,43947.338916791,27.307678251203,"Yes",76,43947.338916791,27.307678251203,"Yes"
"1274","CA0800548",28,163596.231060157,101.654237799444,"Yes",27,25404.238468509,15.7855011796818,"Yes"
"1275","CA1710006",40,36285.7119312511,22.546952124008,"Yes",19,0,0,"No"
"1276","CA5000480",22,12503.1881451939,7.76914023462658,"Yes",98,236.756338225894,0.147113933802611,"No"
"1277","CA4900510",40,11122.1358001811,6.91099195954931,"Yes",21,0,0,"No"
"1278","CA3110047",29,35789.4394751669,22.2385819498471,"Yes",62,0,0,"No"
"1279","CA2500503",28,147128.466170837,91.4216176636617,"Yes",138,95138.2215398164,59.1162970781913,"Yes"
"1280","CA1500344",3,48.8022501682522,0.0303243877417154,"No",7,48.8022501682522,0.0303243877417154,"No"
"1281","CA1700630",40,34775.3872579722,21.608477548543,"Yes",67,0,0,"No"
"1282","CA4901162",40,4900.92634240711,3.04530201350063,"No",126,4900.92634240711,3.04530201350063,"No"
"1283","CA1500152",3,20276.9982459555,12.5995738911327,"Yes",129,16974.2304019138,10.5473239973615,"Yes"
"1284","CA0300089",30,16018.6126534956,9.95352918183579,"Yes",64,10322.9447389062,6.41439642269885,"Yes"
"1285","CA1009222",13,33917.6482372739,21.0755019059204,"Yes",61,10905.4209627803,6.77633126796096,"Yes"
"1286","CA1000199",11,5607.36931219172,3.48426641492271,"No",128,1558.32514108182,0.968300757504208,"No"
"1287","CA1000369",13,12164.6093168785,7.55875658150452,"Yes",57,12164.6093168785,7.55875658150452,"Yes"
"1288","CA3910019",43,7061.90091694083,4.3880726987093,"No",137,7061.90091694083,4.3880726987093,"No"
"1289","CA5700643",54,2238.19202949114,1.39075150651269,"No",162,2238.19202949114,1.39075150651269,"No"
"1290","CA5400665",27,6284.34645607031,3.90492155546392,"No",102,6284.34645607031,3.90492155546392,"No"
"1291","CA2702609",31,28030.7904607547,17.4175689790564,"Yes",132,4581.955556334,2.84710226324705,"No"
"1292","CA4900629",40,18359.1634895233,11.4078836600863,"Yes",167,10469.137059838,6.50523634523343,"Yes"
"1293","CA1502225",3,20590.9973210956,12.794684355758,"Yes",7,20590.9973210956,12.794684355758,"Yes"
"1294","CA4901112",40,8256.37492545161,5.13028628223471,"Yes",21,7851.00441244278,4.87840009720928,"No"
"1295","CA1000534",11,7689.3650841859,4.77796182546006,"No",118,0,0,"No"
"1296","CA2400323",48,14017.8286477796,8.71029654875887,"Yes",173,9046.70240620565,5.6213742318004,"Yes"
"1297","CA5000109",22,3087.51987371187,1.91850067338901,"No",83,3087.51987371187,1.91850067338901,"No"
"1298","CA1500436",3,37303.6650058084,23.1794804117268,"Yes",7,37303.6650058084,23.1794804117268,"Yes"
"1299","CA2400079",21,930.895657199034,0.578433182049184,"No",82,930.895657199034,0.578433182049184,"No"
"1300","CA4000214",2,1808.91942010694,1.12401321045083,"No",3,1808.91942010694,1.12401321045083,"No"
"1301","CA4000771",2,3764.93158702635,2.33942584352986,"No",89,2476.54542471167,1.53885780799065,"No"
"1302","CA5000286",22,1285.94643682355,0.799052056634115,"No",83,1285.94643682355,0.799052056634115,"No"
"1303","CA5000404",22,675.543443210102,0.419764278033294,"No",83,675.543443210102,0.419764278033294,"No"
"1304","CA2400099",21,546.696626984664,0.339702379226679,"No",82,546.696626984664,0.339702379226679,"No"
"1305","CA2400139",21,349.506460982201,0.217173786137299,"No",82,349.506460982201,0.217173786137299,"No"
"1306","CA5305006",28,82845.4070788057,51.4778773154248,"Yes",46,61675.9279358219,38.3237401268979,"Yes"
"1307","CA5500041",22,59827.9936973061,37.1754841719625,"Yes",135,0,0,"No"
"1308","CA5010044",22,6869.35660750878,4.26843091423116,"No",98,5057.35675839154,3.14250360917615,"No"
"1309","CA2702327",41,35991.6111853553,22.36420593868,"Yes",127,35991.6111853553,22.36420593868,"Yes"
"1310","CA3700936",44,12897.8378756951,8.0143648176862,"Yes",172,12497.3970744796,7.76554182116866,"Yes"
"1311","CA1000158",11,57482.4471691974,35.7180255068521,"Yes",78,42797.1226048511,26.5929651937136,"Yes"
"1312","CA2300605",40,42402.3714761845,26.3476776045985,"Yes",149,4694.76686586828,2.91720013537741,"No"
"1313","CA3701837",32,27993.7859725948,17.3945753989802,"Yes",103,10184.9124770156,6.32862693838193,"Yes"
"1314","CA5000481",22,8422.83175377303,5.23371801718284,"Yes",155,1853.14181760664,1.15149180260644,"No"
"1315","CA5000478",48,24206.8775221333,15.0414937316747,"Yes",88,3013.89508631612,1.87275223775965,"No"
"1316","CA5000154",22,3144.81589127332,1.9541028566203,"No",83,3144.81589127332,1.9541028566203,"No"
"1317","CA2110010",33,9762.12657067475,6.06591930274196,"Yes",117,9762.12657067475,6.06591930274196,"Yes"
"1318","CA5010007",22,13938.3821167283,8.66093064034217,"Yes",98,5083.27865751681,3.15861077057478,"No"
"1319","CA1009051",11,44918.5593359391,27.9111681409392,"Yes",81,24937.9314693321,15.4957507234842,"Yes"
"1320","CA3610109",51,7329.51774892889,4.55436250197528,"No",152,7329.51774892889,4.55436250197528,"No"
"1321","CA4600086",29,54525.3474554142,33.8805643651523,"Yes",144,38394.609706628,23.8573637060086,"Yes"
"1322","CA1400111",11,118322.656645928,73.5224729677558,"Yes",10,0,0,"No"
"1323","CA5200551",5,17138.5567561665,10.6494319138072,"Yes",26,4997.23434005687,3.10514517756153,"No"
"1324","CA1800575",29,88012.7099362873,54.6886984330765,"Yes",138,16836.2133726933,10.4615639782105,"Yes"
"1325","CA5210502",28,70606.2921304685,43.8728249658049,"Yes",138,61525.6748791125,38.2303769738604,"Yes"
"1326","CA3610021",59,5750.17379965638,3.5730012301045,"No",185,5750.17379965638,3.5730012301045,"No"
"1327","CA3400433",1,5570.3548919162,3.46126666330061,"No",1,5570.3548919162,3.46126666330061,"No"
"1328","CA2701589",31,14130.3038657271,8.78018558274018,"Yes",50,7593.78853758181,4.71857316513714,"No"
"1329","CA0500069",17,28546.4762547808,17.7380020721419,"Yes",104,2552.22247799116,1.58588146568852,"No"
"1330","CA1200637",28,122571.924123752,76.1628519292081,"Yes",46,50970.9376504237,31.6719510174505,"Yes"
"1331","CA1010027",11,22921.2726090546,14.2426538885845,"Yes",107,0,0,"No"
"1332","CA2701001",41,30121.069486619,18.7164113777194,"Yes",127,30121.069486619,18.7164113777194,"Yes"
"1333","CA1200729",28,114377.419361307,71.0710100794778,"Yes",2,56774.6031486814,35.2781905307029,"Yes"
"1334","CA5000580",22,184.760106620334,0.114804893074387,"No",83,184.760106620334,0.114804893074387,"No"
"1335","CA1500556",3,24202.0052327379,15.0384662238793,"Yes",140,11811.3562487232,7.33925475581492,"Yes"
"1336","CA3301018",14,24184.9516717298,15.0278696060061,"Yes",58,24184.9516717298,15.0278696060061,"Yes"
"1337","CA4110006",34,1633.92064763381,1.01527374428885,"No",119,1633.92064763381,1.01527374428885,"No"
"1338","CA1502608",3,89927.1198844724,55.8782605816499,"Yes",109,2991.67897499186,1.85894775186838,"No"
"1339","CA0900316",30,50291.403461169,31.2497069986262,"Yes",100,20258.9291300827,12.588346235154,"Yes"
"1340","CA1000151",11,41646.4600729965,25.8779748673348,"Yes",90,24189.8696975994,15.0309255331996,"Yes"
"1341","CA1300661",8,168.199933912417,0.104514853239475,"No",36,168.199933912417,0.104514853239475,"No"
"1342","CA5000014",22,8321.69282310343,5.17087304305083,"Yes",180,0,0,"No"
"1343","CA1700731",40,40894.7849734054,25.4109044536303,"Yes",176,2255.7594014501,1.40166739250258,"No"
"1344","CA3700073",32,26667.8579296132,16.570679862312,"Yes",103,13267.974948655,8.24435790364682,"Yes"
"1345","CA2810002",40,12095.7733364605,7.51598377997224,"Yes",13,0,0,"No"
"1346","CA2800525",40,15874.7431388983,9.86413258782997,"Yes",114,1531.65390808366,0.951727980466313,"No"
"1347","CA4300573",12,1188.62596284718,0.738579767387363,"No",49,1188.62596284718,0.738579767387363,"No"
"1348","CA3710800",32,32562.133542339,20.2332220303597,"Yes",178,28706.5087027133,17.8374418722665,"Yes"
"1349","CA3700968",32,4924.22025932982,3.05977621840619,"No",178,4280.72548494286,2.65992610942552,"No"
"1350","CA0707517",1,1137.11610752407,0.706572947620807,"No",1,1137.11610752407,0.706572947620807,"No"
"1351","CA5601137",36,2301.30166319708,1.42996611231752,"No",121,2301.30166319708,1.42996611231752,"No"
"1352","CA5601116",4,11575.9689803558,7.19299152469696,"Yes",125,3597.56565899711,2.2354292188084,"No"
"1353","CA0400078",5,7084.78836617875,4.4022943356772,"No",77,4880.4753070387,3.03259429768645,"No"
"1354","CA1000304",11,36095.256210886,22.4286081318342,"Yes",90,20206.2665755358,12.5556231595162,"Yes"
"1355","CA0600005",5,68233.2170276654,42.3982607949007,"Yes",159,32020.2970069937,19.8965395795753,"Yes"
"1356","CA4901129",26,10412.4560837266,6.4700163319911,"Yes",134,3243.33263704976,2.01531847654924,"No"
"1357","CA4901095",40,8661.35921167381,5.38193247646477,"Yes",167,7452.0653798387,4.63051025876366,"No"
"1358","CA5400710",52,5875.24703324801,3.65071832754298,"No",40,2602.77970612467,1.61729634889127,"No"
"1359","CA1400035",11,94176.5688183938,58.5187522949742,"Yes",10,18945.8812652164,11.7724540900098,"Yes"
"1360","CA1700511",40,22449.1101156104,13.9492649878897,"Yes",19,13123.9182238484,8.15484498232096,"Yes"
"1361","CA1910025",25,7884.24458287535,4.89905463287767,"No",95,7884.24458287535,4.89905463287767,"No"
"1362","CA1310002",8,4017.16052229053,2.49615402729723,"No",171,0,0,"No"
"1363","CA1100616",5,55847.42720579,34.7020686777126,"Yes",159,28162.7655368407,17.4995746932535,"Yes"
"1364","CA1010017",11,35639.2472744953,22.1452566110923,"Yes",47,35639.2472744953,22.1452566110923,"Yes"
"1365","CA4300771",12,956.886243073458,0.594583023521107,"No",49,956.886243073458,0.594583023521107,"No"
"1366","CA1010028",13,15910.0521262199,9.88607262991031,"Yes",175,12721.7486636953,7.90494778213137,"Yes"
"1367","CA1200701",28,152722.865515526,94.8978248943827,"Yes",2,31269.196378239,19.4298261263866,"Yes"
"1368","CA0610003",55,39406.7356534217,24.4862711754022,"Yes",157,11648.4438097222,7.23802540775857,"Yes"
"1369","CA0510010",17,33472.9432436655,20.7991743470401,"Yes",104,0,0,"No"
"1370","CA4100522",34,9609.17458784126,5.9708791105927,"Yes",119,9609.17458784126,5.9708791105927,"Yes"
"1371","CA1810001",29,104018.277448504,64.6341217197755,"Yes",138,0,0,"No"
"1372","CA5303002",28,39078.430980841,24.2822716025458,"Yes",106,39078.430980841,24.2822716025458,"Yes"
"1373","CA4901453",40,4545.42124355502,2.82440083733395,"No",126,4545.42124355502,2.82440083733395,"No"
"1374","CA0701707",1,5239.01417450586,3.25538057495984,"No",32,4434.30194226199,2.75535433299489,"No"
"1375","CA1400503",11,125171.996978529,77.7784663144699,"Yes",10,2881.27255866539,1.7903442148119,"No"
"1376","CA0910303",29,48375.256988079,30.0590658208203,"Yes",136,5586.26981007299,3.47115575954925,"No"
"1377","CA2700964",9,24014.8259183386,14.9221581010468,"Yes",37,24014.8259183386,14.9221581010468,"Yes"
"1378","CA2702325",41,22272.790536631,13.8397048085743,"Yes",127,22272.790536631,13.8397048085743,"Yes"
"1379","CA2701279",41,25916.6568939502,16.1039040190079,"Yes",127,25916.6568939502,16.1039040190079,"Yes"
"1380","CA0707615",16,5474.78102492346,3.40187966801512,"No",71,5474.78102492346,3.40187966801512,"No"
"1381","CA4500237",28,44266.2540585012,27.5058434255665,"Yes",85,16593.8237415952,10.3109496697995,"Yes"
"1382","CA3600397",51,27525.5675649052,17.1036372456443,"Yes",9,16460.1268072261,10.2278740398089,"Yes"
"1383","CA5610080",24,635.558655294972,0.394918820942108,"No",94,635.558655294972,0.394918820942108,"No"
"1384","CA4910012",23,8582.18106975961,5.3327333377407,"Yes",134,0,0,"No"
"1385","CA4900647",40,16972.1989650143,10.546061717856,"Yes",167,15109.5207609101,9.38864426467378,"Yes"
"1386","CA2010003",11,47156.2228681503,29.3015912536507,"Yes",47,47156.2228681503,29.3015912536507,"Yes"
"1387","CA5200560",28,28733.7140545858,17.854346536211,"Yes",105,1394.70317096365,0.866630526155847,"No"
"1388","CA4500013",28,18201.459549908,11.3098907315471,"Yes",106,18201.459549908,11.3098907315471,"Yes"
"1389","CA5400701",27,28914.25352613,17.9665288417177,"Yes",102,28914.25352613,17.9665288417177,"Yes"
"1390","CA1000620",11,154.701325080242,0.0961271857284612,"No",47,154.701325080242,0.0961271857284612,"No"
"1391","CA1000625",11,25311.4863987225,15.7278675722485,"Yes",107,2541.80005205256,1.57940525436052,"No"
"1392","CA3100038",30,17901.0890853856,11.123248713998,"Yes",5,4924.83283736142,3.0601568576941,"No"
"1393","CA2202131",21,48404.998595902,30.0775464450657,"Yes",82,48404.998595902,30.0775464450657,"Yes"
"1394","CA2210851",21,37706.51871998,23.4298027265711,"Yes",82,37706.51871998,23.4298027265711,"Yes"
"1395","CA4901135",40,4930.366314495,3.06359520952378,"No",126,4930.366314495,3.06359520952378,"No"
"1396","CA5403113",52,24986.2428901395,15.5257701232428,"Yes",161,15971.8430774716,9.92446784238979,"Yes"
"1397","CA1700627",40,33712.3994752024,20.947965920938,"Yes",67,0,0,"No"
"1398","CA0900419",30,12242.1966488362,7.60696723429242,"Yes",5,10469.6503237697,6.50555527344732,"Yes"
"1399","CA4400645",38,638.026818929878,0.396452470534429,"No",123,638.026818929878,0.396452470534429,"No"
"1400","CA0900652",29,59186.606980213,36.7769439523115,"Yes",136,524.647235092766,0.326001488245347,"No"
"1401","CA4210018",18,21731.5699461171,13.5034050891155,"Yes",179,0,0,"No"
"1402","CA1400068",11,152161.716643035,94.5491422838154,"Yes",10,32951.0930835108,20.4749108849036,"Yes"
"1403","CA3200188",29,75447.8773782998,46.8812540409732,"Yes",138,53825.940922609,33.4459722138324,"Yes"
"1404","CA0910305",29,48028.2225087376,29.8434280566801,"Yes",136,6991.1844359639,4.34413140539843,"No"
"1405","CA1000520",11,10806.3869073912,6.7147942059423,"Yes",128,0,0,"No"
"1406","CA1000136",11,23617.5239476327,14.6752854882329,"Yes",47,23617.5239476327,14.6752854882329,"Yes"
"1407","CA1000478",11,44876.7503638392,27.885189185529,"Yes",47,44876.7503638392,27.885189185529,"Yes"
"1408","CA0707603",1,3151.95004400922,1.95853582462949,"No",1,3151.95004400922,1.95853582462949,"No"
"1409","CA1300620",8,6744.08006336676,4.19058748515961,"No",36,6744.08006336676,4.19058748515961,"No"
"1410","CA4200714",18,19001.5702642013,11.8070577157104,"Yes",73,19001.5702642013,11.8070577157104,"Yes"
"1411","CA1502277",3,38716.8131441322,24.0575721377286,"Yes",140,1846.67509083292,1.14747355489388,"No"
"1412","CA4910003",40,434.163308164587,0.269777242947163,"No",126,434.163308164587,0.269777242947163,"No"
"1413","CA4200678",18,20062.1598037555,12.4660791403653,"Yes",179,16783.0104226375,10.4285051155365,"Yes"
"1414","CA4900710",40,4779.65961238825,2.96995017360424,"No",167,161.308828502949,0.100232908212652,"No"
"1415","CA5800863",55,29578.8255239328,18.3794757626933,"Yes",51,14765.0320381506,9.17458836426769,"Yes"
"1416","CA3301502",15,18359.7837248785,11.4082690574263,"Yes",63,18359.7837248785,11.4082690574263,"Yes"
"1417","CA4200618",39,29308.7721316565,18.211671947293,"Yes",133,7414.32740729606,4.60706091148922,"No"
"1418","CA3610032",15,185689.815450488,115.382588794468,"Yes",87,840.318704550117,0.522151133104326,"No"
"1419","CA5800826",55,52659.8646578905,32.7214042140818,"Yes",93,24158.2003796742,15.0112470824525,"Yes"
"1420","CA1000017",11,52492.3155276345,32.6172937524914,"Yes",78,46052.1396595179,28.6155440488138,"Yes"
"1421","CA1000016",11,38291.9606657246,23.7935803905481,"Yes",47,38291.9606657246,23.7935803905481,"Yes"
"1422","CA1000609",11,21306.7381715495,13.2394262067366,"Yes",47,21306.7381715495,13.2394262067366,"Yes"
"1423","CA1000589",11,25951.8586748181,16.1257774459207,"Yes",47,25951.8586748181,16.1257774459207,"Yes"
"1424","CA1000551",11,10237.5106231457,6.36130999238552,"Yes",47,10237.5106231457,6.36130999238552,"Yes"
"1425","CA0600012",55,23141.6143383786,14.3795682319327,"Yes",23,0,0,"No"
"1426","CA1000639",11,12243.5388229227,7.60780122467766,"Yes",65,7159.73684909682,4.44886527961576,"No"
"1427","CA2110304",26,18574.69593699,11.5418096468055,"Yes",99,18574.69593699,11.5418096468055,"Yes"
"1428","CA1000487",11,78197.9017353652,48.5900442015765,"Yes",78,24558.8459840665,15.2601973380805,"Yes"
"1429","CA2910014",30,17576.0536124961,10.9212805327004,"Yes",5,5121.60502870999,3.18242573272894,"No"
"1430","CA1210013",28,136449.546718941,84.7860282593742,"Yes",170,875.59902409575,0.544073361810277,"No"
"1431","CA3210003",29,49999.0519219222,31.0680477226206,"Yes",108,49999.0519219222,31.0680477226206,"Yes"
"1432","CA0300016",30,33022.5543070701,20.519314940951,"Yes",64,14570.7942902796,9.05389432331243,"Yes"
"1433","CA0410004",55,16110.6324437957,10.0107077707605,"Yes",53,0,0,"No"
"1434","CA4000732",9,50877.1878294475,31.61369743463,"Yes",37,50877.1878294475,31.61369743463,"Yes"
"1435","CA2000533",19,56336.5949510723,35.0060241782795,"Yes",76,56336.5949510723,35.0060241782795,"Yes"
"1436","CA1000667",11,37795.396932751,23.4850292248692,"Yes",47,37795.396932751,23.4850292248692,"Yes"
"1437","CA5305103",28,90135.248507869,56.007586033945,"Yes",46,48961.1088945013,30.4230982231855,"Yes"
"1438","CA1200546",28,103742.013074395,64.4624585695966,"Yes",46,52298.8679542885,32.4970907044431,"Yes"
"1439","CA3301381",15,65862.3094999578,40.9250434960653,"Yes",80,63090.1008758709,39.2024686367523,"Yes"
"1440","CA3104449",29,42146.4416952659,26.1886498162389,"Yes",144,10685.8834262835,6.63991662811061,"Yes"
"1441","CA1200509",28,108675.646843866,67.5280840865608,"Yes",158,66580.6194402638,41.371381709436,"Yes"
"1442","CA1000621",11,37888.2106378492,23.5427011308047,"Yes",47,37888.2106378492,23.5427011308047,"Yes"
"1443","CA1300572",8,5241.66924114332,3.25703036098234,"No",171,61.7571151148278,0.0383741876264977,"No"
"1444","CA0900113",30,34064.8000262102,21.1669380157146,"Yes",100,14104.7388409005,8.76430017330115,"Yes"
"1445","CA4500101",28,13840.0500411806,8.59982976945869,"Yes",106,13840.0500411806,8.59982976945869,"Yes"
"1446","CA4000853",9,893.037653716015,0.554909250820843,"No",37,893.037653716015,0.554909250820843,"No"
"1447","CA0400030",5,23781.260752512,14.777027074771,"Yes",93,0,0,"No"
"1448","CA4901282",40,1597.17858826119,0.992443230306328,"No",167,0,0,"No"
"1449","CA4000675",2,1724.15897194532,1.07134537881698,"No",3,1724.15897194532,1.07134537881698,"No"
"1450","CA1400019",11,108634.712020748,67.5026483034959,"Yes",10,10419.4573308779,6.47436671609347,"Yes"
"1451","CA2701034",31,43131.2568839261,26.800587125111,"Yes",52,0,0,"No"
"1452","CA1000075",11,8876.8620572819,5.51584006939609,"Yes",128,0,0,"No"
"1453","CA4000678",2,4083.44995866169,2.53734447578616,"No",3,4083.44995866169,2.53734447578616,"No"
"1454","CA4900901",40,8670.67470725718,5.38772087144866,"Yes",134,323.5088606194,0.201019586053537,"No"
"1455","CA2701278",41,23212.7316851849,14.423758612341,"Yes",127,23212.7316851849,14.423758612341,"Yes"
"1456","CA3110042",29,39759.6690231636,24.7055743492137,"Yes",62,17.8080694128069,0.0110654488254856,"No"
"1457","CA5710009",7,515.28149641739,0.320181873573881,"No",29,515.28149641739,0.320181873573881,"No"
"1458","CA3200510",5,75267.7159183303,46.7693066215531,"Yes",138,39565.7012442346,24.5850480595987,"Yes"
"1459","CA2400336",21,3115.87640800047,1.93612065070182,"No",173,192.870203515957,0.119844286176916,"No"
"1460","CA2300892",28,104272.540437562,64.7921138091155,"Yes",158,38336.1175173165,23.8210182542635,"Yes"
"1461","CA1010034",11,29107.4229854347,18.086559077283,"Yes",65,14823.8762105871,9.21115252873048,"Yes"
"1462","CA4901309",40,9569.85301593506,5.94644575784798,"Yes",167,196.485734743449,0.122090878710185,"No"
"1463","CA4901212",40,3440.80658523341,2.13802340414916,"No",167,3359.14078260962,2.08727850088212,"No"
"1464","CA1500518",27,34309.7204728699,21.3191249039171,"Yes",30,0,0,"No"
"1465","CA1700502",40,18942.9155757054,11.7706112914023,"Yes",19,15442.2366099045,9.59538482229019,"Yes"
"1466","CA2400089",48,9967.72704396903,6.19367383148933,"Yes",173,5978.14600235388,3.71465694157473,"No"
"1467","CA2400085",21,51404.9118507832,31.9416107539633,"Yes",34,15662.6514693422,9.73234460669726,"Yes"
"1468","CA2400088",21,16450.3949974441,10.2218269585321,"Yes",82,16450.3949974441,10.2218269585321,"Yes"
"1469","CA4000741",2,2913.85397108187,1.81058941620905,"No",3,2913.85397108187,1.81058941620905,"No"
"1470","CA0300043",30,38173.1496662179,23.7197544746405,"Yes",64,24326.0815185264,15.115563845133,"Yes"
"1471","CA1000007",11,53652.5369012034,33.3382236825055,"Yes",78,44939.0287743228,27.9238872918854,"Yes"
"1472","CA2010018",11,9761.82712303732,6.06573323414401,"Yes",47,9761.82712303732,6.06573323414401,"Yes"
"1473","CA1000365",11,38188.8194000098,23.7294912200093,"Yes",47,38188.8194000098,23.7294912200093,"Yes"
"1474","CA1800013",29,86846.0038491728,53.9637390788602,"Yes",138,9407.12897042838,5.84533347237276,"Yes"
"1475","CA4200926",36,9459.19514990768,5.87768597680272,"Yes",121,9459.19514990768,5.87768597680272,"Yes"
"1476","CA2702620",53,163.429503613155,0.101550637909426,"No",156,163.429503613155,0.101550637909426,"No"
"1477","CA2800528",40,15094.4636003955,9.37928815563866,"Yes",114,1285.52546167868,0.798790474156286,"No"
"1478","CA1300549",8,2941.72242426321,1.82790611322854,"No",36,2941.72242426321,1.82790611322854,"No"
"1479","CA2910006",30,29781.8321478582,18.5056185441598,"Yes",51,0,0,"No"
"1480","CA1010060",11,5081.33396171214,3.15740238962068,"No",47,5081.33396171214,3.15740238962068,"No"
"1481","CA2000561",11,39095.6869112106,24.292993967223,"Yes",47,39095.6869112106,24.292993967223,"Yes"
"1482","CA1000580",11,13545.0808813693,8.41654397539942,"Yes",128,13391.4124870719,8.32105862469824,"Yes"
"1483","CA2500811",28,170893.831318234,106.188767642782,"Yes",138,114789.01595547,71.3267649815889,"Yes"
"1484","CA5000273",22,3688.93189596274,2.29220170750913,"No",83,3688.93189596274,2.29220170750913,"No"
"1485","CA4901107",40,20383.3814240695,12.6656774976509,"Yes",167,12678.7267068929,7.87821511109704,"Yes"
"1486","CA4900846",40,801.293786571199,0.497902113022232,"No",126,801.293786571199,0.497902113022232,"No"
"1487","CA1210023",28,149020.025123918,92.5969808268717,"Yes",46,4667.94713783033,2.90053508757027,"No"
"1488","CA2110503",33,11798.5206648866,7.33127907395987,"Yes",117,11798.5206648866,7.33127907395987,"Yes"
"1489","CA5000465",22,149.983520032403,0.0931956702949054,"No",83,149.983520032403,0.0931956702949054,"No"
"1490","CA5000447",22,2683.1931837321,1.66726309153572,"No",180,0,0,"No"
"1491","CA2702320",31,1005.52922140825,0.624808444087794,"No",115,1005.52922140825,0.624808444087794,"No"
"1492","CA5500089",21,75065.1850146152,46.6434594396555,"Yes",135,34209.6018604808,21.2569139277473,"Yes"
"1493","CA2510800",28,163885.739534629,101.83413047251,"Yes",138,119399.428192181,74.1915494501976,"Yes"
"1494","CA4900873",40,42350.9872929669,26.315748874052,"Yes",21,35018.919983512,21.7598021446755,"Yes"
"1495","CA2702255",41,21752.1248546348,13.5161773488727,"Yes",127,21752.1248546348,13.5161773488727,"Yes"
"1496","CA2410301",21,3827.18090461992,2.37810587235756,"No",173,1535.87823297416,0.954352860784022,"No"
"1497","CA5500005",22,51141.1566134185,31.7777204403162,"Yes",135,0,0,"No"
"1498","CA5500026",22,57971.1815631283,36.0217117347039,"Yes",135,3285.07665793857,2.04125707304769,"No"
"1499","CA4510009",28,28160.2727577144,17.498025748266,"Yes",106,28160.2727577144,17.498025748266,"Yes"
"1500","CA3200189",5,80582.3252092757,50.0716599408923,"Yes",138,33586.2472089333,20.8695783420118,"Yes"
"1501","CA5010006",22,8310.30023823419,5.16379400141312,"Yes",155,0,0,"No"
"1502","CA4200578",36,3918.41137344975,2.4347939984402,"No",121,3918.41137344975,2.4347939984402,"No"
"1503","CA4900986",23,5769.18577851436,3.58481475543662,"No",134,370.644292292198,0.230308258225234,"No"
"1504","CA1000517",11,5053.8952009707,3.14035269176849,"No",118,2975.87207390833,1.84912577448416,"No"
"1505","CA2702554",31,700.52634730593,0.435287973520778,"No",115,700.52634730593,0.435287973520778,"No"
"1506","CA5000470",22,1313.23476735159,0.816008281252927,"No",83,1313.23476735159,0.816008281252927,"No"
"1507","CA3900504",17,11351.7067385251,7.05364108176337,"Yes",72,11351.7067385251,7.05364108176337,"Yes"
"1508","CA1410505",27,189225.911704041,117.579822600595,"Yes",109,109522.345880596,68.0541997841328,"Yes"
"1509","CA3701995",32,8329.54640580728,5.17575304522803,"Yes",169,0,0,"No"
"1510","CA2400166",48,5340.45327467322,3.31841206623412,"No",173,438.641243763718,0.272559710044936,"No"
"1511","CA2400170",48,3657.10704593148,2.27242661335173,"No",146,3657.10704593148,2.27242661335173,"No"
"1512","CA2400162",22,3492.28122433738,2.17000834151726,"No",83,3492.28122433738,2.17000834151726,"No"
"1513","CA2700663",53,4136.75122311779,2.57046442834813,"No",156,4136.75122311779,2.57046442834813,"No"
"1514","CA2400119",21,691.134844904839,0.42945234997256,"No",82,691.134844904839,0.42945234997256,"No"
"1515","CA2400154",21,34773.698755396,21.6074283590764,"Yes",74,10783.868449598,6.70080185019824,"Yes"
"1516","CA2400165",48,6440.38919484404,4.00188225909009,"No",173,294.072076149839,0.182728370729516,"No"
"1517","CA5000062",22,6335.679841416,3.93681872159768,"No",83,6335.679841416,3.93681872159768,"No"
"1518","CA5000498",48,82.2191763591528,0.0510887546193799,"No",146,82.2191763591528,0.0510887546193799,"No"
"1519","CA4900850",40,12491.3822575049,7.76180437788466,"Yes",167,8068.56348201473,5.01358537165218,"Yes"
"1520","CA3900842",17,4543.83435122966,2.82341478570697,"No",72,4543.83435122966,2.82341478570697,"No"
"1521","CA3900719",17,157.591638873594,0.0979231479200132,"No",72,157.591638873594,0.0979231479200132,"No"
"1522","CA2702575",41,68362.4990312884,42.4785931072914,"Yes",66,40973.5207546066,25.4598287214675,"Yes"
"1523","CA1900154",25,984.062475364683,0.611469593351736,"No",95,984.062475364683,0.611469593351736,"No"
"1524","CA3901217",17,6097.46201245714,3.78879665729873,"No",72,6097.46201245714,3.78879665729873,"No"
"1525","CA1510800",3,36092.8489934415,22.427112352543,"Yes",140,4416.65797824471,2.74439085478812,"No"
"1526","CA5000446",22,2699.56481084866,1.67743597428055,"No",180,0,0,"No"
"1527","CA3700918",32,19254.385504013,11.9641502131389,"Yes",178,3731.83206610327,2.31885870363209,"No"
"1528","CA3400164",1,13658.2922813138,8.48689045280291,"Yes",110,2801.2616255592,1.74062760234581,"No"
"1529","CA4510302",28,64324.8322291344,39.9696970367569,"Yes",85,61637.3512959184,38.2997696545903,"Yes"
"1530","CA2700548",31,3890.37156814355,2.41737082788196,"No",16,851.995223041662,0.52940660335396,"No"
"1531","CA0605002",55,31725.2306405707,19.7131933839777,"Yes",157,768.213677972138,0.477347035413361,"No"
"1532","CA4600080",29,53047.3613252584,32.9621840787269,"Yes",144,41545.4464784905,25.8152077736777,"Yes"
"1533","CA1502056",3,32977.1696456752,20.4911141496982,"Yes",7,32977.1696456752,20.4911141496982,"Yes"
"1534","CA1800573",29,99051.0909599999,61.5476474579641,"Yes",138,3067.6661960475,1.90616413936614,"No"
"1535","CA0706034",1,3319.66630683437,2.06275013784183,"No",1,3319.66630683437,2.06275013784183,"No"
"1536","CA3700938",32,12010.5768732781,7.46304502049172,"Yes",116,12010.5768732781,7.46304502049172,"Yes"
"1537","CA2310008",40,67921.483875844,42.2045583132489,"Yes",149,16.1508278188155,0.0100356840809372,"No"
"1538","CA1200566",28,115818.798751474,71.9666439356963,"Yes",2,54963.1022905095,34.1525732850172,"Yes"
"1539","CA1100254",5,33191.6791607352,20.6244045141084,"Yes",159,0,0,"No"
"1540","CA2600622",29,93469.6404125609,58.0794862568263,"Yes",136,54729.1322027136,34.0071906512692,"Yes"
"1541","CA4810009",49,6307.18485590896,3.91911271447237,"No",33,0,0,"No"
"1542","CA3110029",29,37864.1750640578,23.527766080541,"Yes",62,4333.58390581852,2.69277089106001,"No"
"1543","CA4000554",9,8619.54454218093,5.35594998084987,"Yes",37,8619.54454218093,5.35594998084987,"Yes"
"1544","CA2400338",21,42759.7427783225,26.5697383886081,"Yes",74,7170.78966011884,4.45573319504818,"No"
"1545","CA2400113",21,1375.34663204457,0.854602900595631,"No",82,1375.34663204457,0.854602900595631,"No"
"1546","CA2000724",19,83.0676347004216,0.0516159635008274,"No",76,83.0676347004216,0.0516159635008274,"No"
"1547","CA1510002",51,41045.4024623391,25.5044940549163,"Yes",130,38713.8927660488,24.0557574944069,"Yes"
"1548","CA5000435",22,6745.40768745875,4.19141243457489,"No",180,226.278764533551,0.14060345516395,"No"
"1549","CA5602140",24,1668.67041505226,1.03686630236759,"No",94,1668.67041505226,1.03686630236759,"No"
"1550","CA2100564",33,5965.03359587092,3.70650924967435,"No",117,5965.03359587092,3.70650924967435,"No"
"1551","CA1000059",11,37223.9939094055,23.129974964523,"Yes",47,37223.9939094055,23.129974964523,"Yes"
"1552","CA0900554",29,44323.264018437,27.5412678603881,"Yes",136,0,0,"No"
"1553","CA1710005",40,42472.8883311252,26.3914948557329,"Yes",176,0,0,"No"
"1554","CA1502449",3,31946.040156685,19.850398397284,"Yes",7,31946.040156685,19.850398397284,"Yes"
"1555","CA4900641",40,18450.1240329715,11.4644040618959,"Yes",167,11290.8014834515,7.01579621674198,"Yes"
"1556","CA1510026",3,32692.6341110653,20.3143115258835,"Yes",7,32692.6341110653,20.3143115258835,"Yes"
"1557","CA2000851",11,32936.7333393894,20.4659881314013,"Yes",47,32936.7333393894,20.4659881314013,"Yes"
"1558","CA5200007",28,25916.7669032674,16.1039723757984,"Yes",105,0,0,"No"
"1559","CA5200008",28,26122.970558666,16.2321017054607,"Yes",105,0,0,"No"
"1560","CA1310005",8,8123.54665237331,5.04775041468758,"Yes",60,0,0,"No"
"1561","CA1400047",11,112545.84214929,69.9329179348613,"Yes",10,1376.62946644851,0.855400018919875,"No"
"1562","CA5000082",22,2736.60579175468,1.70045222995432,"No",180,710.906870618249,0.441738147699211,"No"
"1563","CA1000184",11,38412.5847363457,23.8685328994157,"Yes",90,19585.4192434991,12.1698455537668,"Yes"
"1564","CA5000080",22,2287.51326464809,1.42139837737712,"No",83,2287.51326464809,1.42139837737712,"No"
"1565","CA1009078",13,48080.1347415624,29.8756849028561,"Yes",22,16024.6177127576,9.95726056194315,"Yes"
"1566","CA0510012",17,25853.0760025153,16.0643965864984,"Yes",104,7832.19683309551,4.86671358016051,"No"
"1567","CA5603302",24,870.415824282913,0.540852662757971,"No",94,870.415824282913,0.540852662757971,"No"
"1568","CA3110043",29,39704.1462591414,24.6710740173869,"Yes",62,0,0,"No"
"1569","CA1502315",3,48396.3821756119,30.0721924364099,"Yes",7,48396.3821756119,30.0721924364099,"Yes"
"1570","CA1500336",3,47934.9738543394,29.7854858851078,"Yes",7,47934.9738543394,29.7854858851078,"Yes"
"1571","CA3500570",12,16860.9466028253,10.4769325331038,"Yes",59,2321.68543944246,1.44263203514637,"No"
"1572","CA2400172",21,9303.32631238814,5.78083333067478,"Yes",82,9303.32631238814,5.78083333067478,"Yes"
"1573","CA3900505",43,13684.8118473802,8.50336898814431,"Yes",38,13178.9923918515,8.18906656881172,"Yes"
"1574","CA5000502",22,37.2829043050424,0.023166580278277,"No",83,37.2829043050424,0.023166580278277,"No"
"1575","CA2702094",31,979.835846272292,0.608843281265793,"No",115,979.835846272292,0.608843281265793,"No"
"1576","CA2100576",26,16649.1407497226,10.3453221505229,"Yes",167,13262.9497059401,8.24123535482873,"Yes"
"1577","CA3301529",15,23138.0427416729,14.3773489391135,"Yes",63,23138.0427416729,14.3773489391135,"Yes"
"1578","CA1000096",11,11683.3552480574,7.25971842373733,"Yes",47,11683.3552480574,7.25971842373733,"Yes"
"1579","CA1000377",11,36813.475898052,22.8748902643642,"Yes",90,19894.0231383747,12.3616036004665,"Yes"
"1580","CA5000509",22,9542.69736354821,5.92957197580885,"Yes",180,757.101233328239,0.470442065274112,"No"
"1581","CA2110008",26,21619.2346167863,13.4336029781067,"Yes",167,16088.4640109833,9.99693291099664,"Yes"
"1582","CA2000544",11,15817.5827974978,9.82861471006612,"Yes",47,15817.5827974978,9.82861471006612,"Yes"
"1583","CA4900892",40,3598.63763671367,2.23609531653576,"No",126,3598.63763671367,2.23609531653576,"No"
"1584","CA4900584",40,35771.2170094695,22.2272590064682,"Yes",167,29813.3519463678,18.5252040876184,"Yes"
"1585","CA4900559",40,2536.36256955448,1.57602655098021,"No",167,0,0,"No"
"1586","CA2310012",40,74053.6881931021,46.0149428915593,"Yes",149,39645.8894296714,24.6348748118306,"Yes"
"1587","CA1010049",11,8370.73633290035,5.20134734294826,"Yes",65,7383.14497650389,4.5876849991325,"No"
"1588","CA5200571",28,26278.5789331316,16.328792506948,"Yes",105,58.4029844091838,0.0362900222508505,"No"
"1589","CA1400013",11,98725.1489333362,61.3451159688669,"Yes",10,14712.1427352622,9.14172439339244,"Yes"
"1590","CA2700998",41,1285.47535759928,0.798759340847356,"No",127,1285.47535759928,0.798759340847356,"No"
"1591","CA4900875",40,271.811345619205,0.168896159679872,"No",126,271.811345619205,0.168896159679872,"No"
"1592","CA5200575",28,30904.772379511,19.2033829889961,"Yes",105,0,0,"No"
"1593","CA5200569",5,22721.7002007562,14.1186450350803,"Yes",26,0,0,"No"
"1594","CA0900308",30,30417.2715583205,18.900463269614,"Yes",100,17474.7174540581,10.8583130066102,"Yes"
"1595","CA5200588",28,25675.3999127263,15.9539935083489,"Yes",105,0,0,"No"
"1596","CA3100014",30,35224.0187128056,21.88724490338,"Yes",51,23315.1901941647,14.4874235364588,"Yes"
"1597","CA0910019",29,43573.6666033293,27.075488463177,"Yes",136,0,0,"No"
"1598","CA3500836",12,6604.50224460021,4.10385763393702,"No",49,6604.50224460021,4.10385763393702,"No"
"1599","CA4900612",40,1827.59106438228,1.13561526115195,"No",126,1827.59106438228,1.13561526115195,"No"
"1600","CA2300634",40,114018.625607374,70.8480654227035,"Yes",44,2416.46169383741,1.50152341570918,"No"
"1601","CA5301106",28,37356.7202113552,23.212447469991,"Yes",106,37356.7202113552,23.212447469991,"Yes"
"1602","CA5200546",28,25412.3679061317,15.7905525905848,"Yes",105,0,0,"No"
"1603","CA1400066",11,96551.4001954946,59.9944077668452,"Yes",10,16028.1041588173,9.95942694447245,"Yes"
"1604","CA2000692",11,8341.10352544393,5.18293432428444,"Yes",47,8341.10352544393,5.18293432428444,"Yes"
"1605","CA3710301",15,48240.6316989631,29.9754133365001,"Yes",80,42117.6019043387,26.1707295564261,"Yes"
"1606","CA2110009",33,3395.15789893086,2.10965855501688,"No",117,3395.15789893086,2.10965855501688,"No"
"1607","CA0400042",5,7543.58389548505,4.68737736928495,"No",77,5341.53065922679,3.3190815236226,"No"
"1608","CA2010001",19,16479.266549272,10.2397669537028,"Yes",18,0,0,"No"
"1609","CA2400227",21,1054.98103421529,0.655536452344,"No",82,1054.98103421529,0.655536452344,"No"
"1610","CA2207094",21,30438.3142247303,18.9135386088274,"Yes",82,30438.3142247303,18.9135386088274,"Yes"
"1611","CA5410020",52,9886.22495915505,6.1430306580058,"Yes",161,0,0,"No"
"1612","CA1502327",3,45262.5412657781,28.1249091340414,"Yes",7,45262.5412657781,28.1249091340414,"Yes"
"1613","CA5403213",11,21604.0442775271,13.4241641154306,"Yes",107,1167.43405350205,0.725411692682744,"No"
"1614","CA5000290",22,4787.58597282564,2.97487539788089,"No",83,4787.58597282564,2.97487539788089,"No"
"1615","CA5000503",22,2808.83914398031,1.74533606570414,"No",180,130.907902023075,0.0813426013291626,"No"
"1616","CA1000135",11,44434.0033352061,27.6100782527037,"Yes",47,44434.0033352061,27.6100782527037,"Yes"
"1617","CA1000140",11,59249.7145866208,36.8161572984086,"Yes",78,40830.9058142521,25.3712116856924,"Yes"
"1618","CA5200558",28,33169.2389714532,20.6104607922833,"Yes",105,5791.36626225758,3.59859710332036,"No"
"1619","CA5000583",22,570.455590850051,0.354465551623679,"No",83,570.455590850051,0.354465551623679,"No"
"1620","CA5000571",22,10724.2011811172,6.66372623629388,"Yes",155,1937.38135134546,1.20383595221983,"No"
"1621","CA5000577",22,19362.5711992641,12.0313738546635,"Yes",98,10188.5721354641,6.33090095036731,"Yes"
"1622","CA5000532",22,126.434698428513,0.0785630745700182,"No",83,126.434698428513,0.0785630745700182,"No"
"1623","CA1400040",27,85569.9951795615,53.1708620798349,"Yes",109,69371.9617294358,43.1058457065852,"Yes"
"1624","CA2700799",31,2818.02069800002,1.75104123305207,"No",115,2818.02069800002,1.75104123305207,"No"
"1625","CA0706111",6,1651.32103345119,1.02608586964295,"No",24,1651.32103345119,1.02608586964295,"No"
"1626","CA5200645",28,11930.0004793696,7.41297704609942,"Yes",105,11218.7267241179,6.97101092629149,"Yes"
"1627","CA5200585",28,54961.7722749348,34.1517468495997,"Yes",105,51784.4962598677,32.1774741570256,"Yes"
"1628","CA0900107",30,17452.7050129831,10.8446350758591,"Yes",100,10532.607472057,6.54467512897024,"Yes"
"1629","CA0710300",6,1153.19259518789,0.716562438756189,"No",24,1153.19259518789,0.716562438756189,"No"
"1630","CA4710009",28,75820.7441687873,47.1129432989842,"Yes",85,0,0,"No"
"1631","CA4510008",28,81400.6280475596,50.5801310149251,"Yes",85,78269.5276869463,48.6345506151256,"Yes"
"1632","CA4700546",28,74801.3383469782,46.47951231373,"Yes",85,232.190717386731,0.144276981487275,"No"
"1633","CA1700606",40,33564.4154688561,20.8560126939342,"Yes",20,0,0,"No"
"1634","CA3910022",43,10695.1440719221,6.64567094083417,"Yes",137,10695.1440719221,6.64567094083417,"Yes"
"1635","CA1500495",3,31358.3659148413,19.485233645371,"Yes",139,9330.93035339483,5.7979857291777,"Yes"
"1636","CA3710016",32,4699.69496730467,2.92026232325343,"No",172,14.8423731593752,0.00922264602841862,"No"
"1637","CA3900664",17,14245.3753032959,8.85168783681257,"Yes",48,13628.9937062238,8.46868511701927,"Yes"
"1638","CA2702412",31,27944.9406520921,17.3642242485069,"Yes",132,1373.58087880362,0.853505709672054,"No"
"1639","CA4901225",23,8163.11999120544,5.07234020853607,"Yes",134,56.9390124680172,0.0353803499993893,"No"
"1640","CA0706031",1,3996.79039893225,2.48349658800021,"No",32,0,0,"No"
"1641","CA3901114",43,5467.82749030294,3.39755893117858,"No",137,5467.82749030294,3.39755893117858,"No"
"1642","CA4901028",26,8415.19454333506,5.22897246283263,"Yes",134,2631.65682056601,1.63523980051823,"No"
"1643","CA5400670",27,7028.26771364152,4.36717394313291,"No",102,7028.26771364152,4.36717394313291,"No"
"1644","CA5400536",52,18195.3509850092,11.3060950358589,"Yes",168,2117.26390800018,1.31561006872394,"No"
"1645","CA5310002",28,59703.5977830097,37.0981879422681,"Yes",106,59703.5977830097,37.0981879422681,"Yes"
"1646","CA2400075",21,15539.4591002791,9.65579622719817,"Yes",82,15539.4591002791,9.65579622719817,"Yes"
"1647","CA1500516",3,30703.0401472475,19.0780320797641,"Yes",4,20954.0587557706,13.020280832994,"Yes"
"1648","CA3400181",30,6346.36915782396,3.943460771387,"No",113,6346.36915782396,3.943460771387,"No"
"1649","CA5510851",22,33304.7397012838,20.6946572515962,"Yes",135,8652.23750678253,5.37626449773356,"Yes"
"1650","CA2300507",40,62257.3377948387,38.6850123621104,"Yes",149,120.551966284107,0.0749077051984707,"No"
"1651","CA2210510",19,63656.626887692,39.5544924551009,"Yes",78,56511.5090470259,35.1147110287608,"Yes"
"1652","CA3710802",32,26202.9656428158,16.2818084698173,"Yes",169,16871.6125594391,10.4835600677539,"Yes"
"1653","CA1200547",28,139107.249418922,86.4374522592629,"Yes",46,1029.13063622761,0.639473719802909,"No"
"1654","CA3110001",29,21379.2686365944,13.2844946602921,"Yes",62,197.615125266759,0.122792651190401,"No"
"1655","CA0600056",40,68026.2972585835,42.2696864917193,"Yes",176,21879.9522033617,13.5956057783698,"Yes"
"1656","CA1000644",11,21441.0015365896,13.3228538013034,"Yes",107,1163.47595958226,0.72295224103189,"No"
"1657","CA3901213",43,162.202057617863,0.100787936432241,"No",137,162.202057617863,0.100787936432241,"No"
"1658","CA5000525",22,7181.22464525521,4.46221721031927,"No",83,7181.22464525521,4.46221721031927,"No"
"1659","CA1000264",11,18065.8642018196,11.2256354790284,"Yes",47,18065.8642018196,11.2256354790284,"Yes"
"1660","CA0706030",1,64.6930083687881,0.0401984716522227,"No",1,64.6930083687881,0.0401984716522227,"No"
"1661","CA3600107",59,6119.19480347842,3.80230082113066,"No",185,6119.19480347842,3.80230082113066,"No"
"1662","CA1000549",11,37353.8950911071,23.210692017291,"Yes",47,37353.8950911071,23.210692017291,"Yes"
"1663","CA3610082",57,7377.36743924776,4.58409499499656,"No",183,7377.36743924776,4.58409499499656,"No"
"1664","CA3610023",59,13121.6428576321,8.15343113178828,"Yes",112,2831.78384603613,1.75959327801219,"No"
"1665","CA3610033",57,7670.0126370125,4.76593674239906,"No",183,7670.0126370125,4.76593674239906,"No"
"1666","CA3600071",51,12549.6619436387,7.79801778594871,"Yes",152,12549.6619436387,7.79801778594871,"Yes"
"1667","CA3600301",59,5444.79807230313,3.38324907869259,"No",28,0,0,"No"
"1668","CA0301038",17,33252.6900398119,20.6623150110057,"Yes",64,9282.55691465771,5.76792779316845,"Yes"
"1669","CA3710019",32,9019.50444582622,5.60447416072814,"Yes",178,0,0,"No"
"1670","CA2100538",26,15843.3398795722,9.84461945864278,"Yes",167,12830.842566567,7.97273575911055,"Yes"
"1671","CA1000418",11,7802.7622948648,4.84842376058807,"No",118,3824.65111209811,2.37653392825513,"No"
"1672","CA4600084",29,51000.8037564018,31.6905090014551,"Yes",144,39745.8700653518,24.6970000530353,"Yes"
"1673","CA3910009",17,8749.58627730528,5.43675436968277,"Yes",48,7963.82989971259,4.94850677899797,"No"
"1674","CA4400618",34,108.323742220994,0.0673094201480071,"No",119,108.323742220994,0.0673094201480071,"No"
"1675","CA4300577",12,710.464751818271,0.441463427130545,"No",49,710.464751818271,0.441463427130545,"No"
"1676","CA4200961",39,1248.88596029385,0.776023686911312,"No",124,1248.88596029385,0.776023686911312,"No"
"1677","CA0900507",29,54729.087044917,34.0071625914455,"Yes",136,2802.03458916491,1.74110790085682,"No"
"1678","CA5000507",48,742.08906111269,0.461113910741478,"No",146,742.08906111269,0.461113910741478,"No"
"1679","CA5000500",22,2912.28997827178,1.80961759371654,"No",180,371.311899175044,0.230723090941034,"No"
"1680","CA5000486",48,18514.1983729638,11.5042181098859,"Yes",155,9624.65583210603,5.98049873370824,"Yes"
"1681","CA2701063",31,18389.733430977,11.4268789882666,"Yes",50,0,0,"No"
"1682","CA3301145",14,11438.5042026442,7.10757465957732,"Yes",58,11438.5042026442,7.10757465957732,"Yes"
"1683","CA4000523",35,9931.38922117118,6.17109449909353,"Yes",181,0,0,"No"
"1684","CA4000506",2,1214.31064307363,0.754539527429646,"No",89,0,0,"No"
"1685","CA5410025",27,8108.47618238595,5.03838603550894,"Yes",102,8108.47618238595,5.03838603550894,"Yes"
"1686","CA2700713",31,114.186728359407,0.070952519889773,"No",115,114.186728359407,0.070952519889773,"No"
"1687","CA1000560",11,20222.7043856572,12.5658371665759,"Yes",65,10059.5431994247,6.25072588727351,"Yes"
"1688","CA5000596",22,371.082089271821,0.23058029333256,"No",83,371.082089271821,0.23058029333256,"No"
"1689","CA3700906",32,30144.8158343597,18.7311667108005,"Yes",103,14325.4522288139,8.90144545516418,"Yes"
"1690","CA2701740",31,752.930545363319,0.467850513479637,"No",115,752.930545363319,0.467850513479637,"No"
"1691","CA5000516",22,163.687292062771,0.10171082062384,"No",83,163.687292062771,0.10171082062384,"No"
"1692","CA4901483",40,13171.1326847796,8.18418276111922,"Yes",21,210.831209565997,0.131004765659212,"No"
"1693","CA5000272",22,5611.49190219457,3.48682807995487,"No",180,0,0,"No"
"1694","CA5000166",22,812.983124517415,0.505165548931497,"No",83,812.983124517415,0.505165548931497,"No"
"1695","CA5500027",30,91588.9582475152,56.9108816331634,"Yes",135,23166.5234845692,14.3950460962688,"Yes"
"1696","CA5210004",28,26834.2484724314,16.6740704092556,"Yes",105,0,0,"No"
"1697","CA4901189",40,2562.33342764291,1.59216413414375,"No",167,959.049131934653,0.595926983691857,"No"
"1698","CA5000243",46,29457.6339546248,18.3041706256135,"Yes",98,19292.559724946,11.9878706332696,"Yes"
"1699","CA5000158",22,19501.9690246097,12.1179918628815,"Yes",98,10078.9482557817,6.26278366024688,"Yes"
"1700","CA5000298",22,10702.0174243439,6.6499418546385,"Yes",180,102.061632537287,0.0634183159166408,"No"
"1701","CA5000164",22,18722.32239075,11.6335407003803,"Yes",155,7677.96022773538,4.77087515859631,"No"
"1702","CA5000213",48,20111.3222458756,12.4966273415659,"Yes",88,0,0,"No"
"1703","CA5500040",22,53993.15054619,33.5498717152311,"Yes",135,1038.44615742991,0.645262130705701,"No"
"1704","CA5510852",22,35522.2464638469,22.0725554971895,"Yes",135,6805.37364960868,4.22867364858183,"No"
"1705","CA5500136",21,65418.0892635868,40.6490171521163,"Yes",135,33804.7052923574,21.0053222391523,"Yes"
"1706","CA5500031",21,75769.8714392828,47.0813323718312,"Yes",135,34190.2554840908,21.2448926169055,"Yes"
"1707","CA5500368",21,58981.6462200769,36.6495869238799,"Yes",135,18289.844350432,11.3648106369269,"Yes"
"1708","CA5500113",22,70247.5533642172,43.649914476877,"Yes",135,1606.88400094962,0.998473909148853,"No"
"1709","CA5500042",22,59179.5870043798,36.7725819307168,"Yes",135,0,0,"No"
"1710","CA3710039",32,26433.5539986124,16.4250897874982,"Yes",169,16092.4017360223,9.99937970598026,"Yes"
"1711","CA1000324",11,3737.74290974095,2.32253154071914,"No",47,3737.74290974095,2.32253154071914,"No"
"1712","CA3700235",32,23527.90045008,14.6195958902904,"Yes",103,4987.74922128809,3.09925138335472,"No"
"1713","CA2100545",26,14085.7069127457,8.75247425201991,"Yes",99,14085.7069127457,8.75247425201991,"Yes"
"1714","CA4900736",40,11197.2708405469,6.9576788251997,"Yes",21,1605.21663005576,0.997437850333525,"No"
"1715","CA3600089",51,22357.0460244442,13.8920588716145,"Yes",9,16550.5724300532,10.284074483983,"Yes"
"1716","CA3701184",32,36472.8160725347,22.6632135363159,"Yes",169,27288.748060262,16.9564840619521,"Yes"
"1717","CA0900623",29,45243.47865952,28.1130641502231,"Yes",136,0,0,"No"
"1718","CA2701683",53,5706.98581242451,3.54616539228784,"No",16,3197.86544583463,1.98706640351612,"No"
"1719","CA4901290",40,12059.0853318664,7.49318685415539,"Yes",167,5754.02151974664,3.57539209846685,"No"
"1720","CA4900604",40,4145.73265332084,2.57604524421243,"No",167,0,0,"No"
"1721","CA3700174",32,2201.82050698485,1.36815123403684,"No",116,2201.82050698485,1.36815123403684,"No"
"1722","CA5000585",22,5040.21667532618,3.13185322885542,"No",83,5040.21667532618,3.13185322885542,"No"
"1723","CA3700905",32,24971.8875104039,15.5168500816508,"Yes",103,10447.089645229,6.4915366828818,"Yes"
"1724","CA5100107",54,17485.1075323123,10.864769117969,"Yes",101,16334.0360408811,10.1495246752589,"Yes"
"1725","CA4901375",23,9254.94322555277,5.75076939960031,"Yes",134,0,0,"No"
"1726","CA3700276",32,13791.6411720333,8.56974981795849,"Yes",116,13791.6411720333,8.56974981795849,"Yes"
"1727","CA1900785",25,1963.00147201503,1.21975559671358,"No",95,1963.00147201503,1.21975559671358,"No"
"1728","CA1400014",11,117581.819809441,73.0621371552566,"Yes",10,456.610990944744,0.283725621027716,"No"
"1729","CA2100552",26,16736.6666329777,10.3997083481288,"Yes",167,13371.7233344943,8.30882432207882,"Yes"
"1730","CA4810010",49,898.422831420774,0.558255453428594,"No",150,898.422831420774,0.558255453428594,"No"
"1731","CA0600042",55,36495.9650686918,22.6775976914088,"Yes",157,13140.0686389359,8.16488040994192,"Yes"
"1732","CA0900505",29,49977.4569941305,31.0546292232409,"Yes",136,3882.7424053333,2.4126302741082,"No"
"1733","CA4900674",40,2292.4205468187,1.42444762872898,"No",167,0,0,"No"
"1734","CA1503290",3,1623.12048947311,1.00856282045628,"No",129,129.544148577749,0.0804952021187251,"No"
"1735","CA4900945",23,9397.22999585792,5.83918251945389,"Yes",134,0,0,"No"
"1736","CA1500216",3,22354.1201869399,13.8902408359575,"Yes",4,20526.9916071773,12.7549129501394,"Yes"
"1737","CA2701151",31,6439.51519149439,4.00133917723687,"No",115,6439.51519149439,4.00133917723687,"No"
"1738","CA1400070",11,115528.240583288,71.7860990115751,"Yes",10,6535.5972922437,4.06104197512254,"No"
"1739","CA2800023",40,14226.2901019449,8.83982881301956,"Yes",114,2568.69645292137,1.5961179445744,"No"
"1740","CA2210936",19,48885.0363421853,30.375828813169,"Yes",76,48885.0363421853,30.375828813169,"Yes"
"1741","CA2600532",21,127073.358684309,78.9599206409517,"Yes",78,46555.0369893839,28.9280307389265,"Yes"
"1742","CA4700585",28,117852.643439081,73.2304195751554,"Yes",2,65570.0382626699,40.7434341175077,"Yes"
"1743","CA4700582",28,89207.8465142438,55.4313237191916,"Yes",85,14329.6158016503,8.90403258581179,"Yes"
"1744","CA4500317",28,17376.3523451814,10.7971916097166,"Yes",106,17376.3523451814,10.7971916097166,"Yes"
"1745","CA1900767",37,35306.7414336477,21.9386465468128,"Yes",122,35306.7414336477,21.9386465468128,"Yes"
"1746","CA4700559",28,81090.5174679243,50.3874367553931,"Yes",85,3864.9380410742,2.40156712756422,"No"
"1747","CA0600027",55,25828.0197272731,16.0488273001809,"Yes",53,16363.0952585699,10.1675812808791,"Yes"
"1748","CA0400020",55,25236.9791003292,15.6815707683455,"Yes",93,0,0,"No"
"1749","CA1900976",25,12239.4139489336,7.6052381404387,"Yes",95,12239.4139489336,7.6052381404387,"Yes"
"1750","CA4901207",40,36731.2877322357,22.8238207788508,"Yes",167,31027.7607985305,19.2798046394985,"Yes"
"1751","CA4901316",40,3987.35944586715,2.47763645088493,"No",126,3987.35944586715,2.47763645088493,"No"
"1752","CA4700814",28,101024.904058481,62.7741211046026,"Yes",163,30553.4756683545,18.9850967902087,"Yes"
"1753","CA0901249",30,50589.8269417859,31.4351392134577,"Yes",100,20182.9551256016,12.5411380600753,"Yes"
"1754","CA5800803",55,15768.5996149307,9.7981778958646,"Yes",93,12074.1078407454,7.50252143160886,"Yes"
"1755","CA5301012",28,33106.5724368313,20.5715215161689,"Yes",106,33106.5724368313,20.5715215161689,"Yes"
"1756","CA2000589",11,37605.4455250426,23.366998598831,"Yes",47,37605.4455250426,23.366998598831,"Yes"
"1757","CA1009028",13,43407.7616735059,26.972399662909,"Yes",61,13151.8813669629,8.17222051708332,"Yes"
"1758","CA1300560",8,13138.423266362,8.16385802028283,"Yes",60,7553.72657206574,4.69367975198885,"No"
"1759","CA4901341",40,2926.63311685271,1.81853002898872,"No",167,0,0,"No"
"1760","CA4901333",40,3088.79187204861,1.91929105847652,"No",167,41.4415685219703,0.0257506608435572,"No"
"1761","CA0400067",55,17803.7267413634,11.0627504078463,"Yes",93,2548.01243422407,1.58326545927155,"No"
"1762","CA5200538",5,35577.4007717502,22.1068268804294,"Yes",105,9007.63633422497,5.5970996397436,"Yes"
"1763","CA3610046",59,1931.77761580775,1.2003539437333,"No",28,0,0,"No"
"1764","CA5400968",52,28444.104437662,17.6743910159829,"Yes",161,18658.3766802592,11.5938065792556,"Yes"
"1765","CA1600507",13,5394.95515330998,3.3522780477152,"No",57,5394.95515330998,3.3522780477152,"No"
"1766","CA2000554",19,9729.25626868109,6.04549459323766,"Yes",18,0,0,"No"
"1767","CA4900684",40,4072.84041711935,2.53075199592339,"No",167,0,0,"No"
"1768","CA3710036",15,38631.5749448557,24.0046074445771,"Yes",80,36905.8994923132,22.9323197660613,"Yes"
"1769","CA0706102",1,1706.98663270077,1.06067495538592,"No",1,1706.98663270077,1.06067495538592,"No"
"1770","CA2000647",11,39880.0801808317,24.7803945597771,"Yes",47,39880.0801808317,24.7803945597771,"Yes"
"1771","CA2701888",41,13264.8430582764,8.24241183235142,"Yes",127,13264.8430582764,8.24241183235142,"Yes"
"1772","CA2000950",11,1176.8075899273,0.731236152663393,"No",47,1176.8075899273,0.731236152663393,"No"
"1773","CA2000690",11,30529.9534085591,18.9704806992675,"Yes",47,30529.9534085591,18.9704806992675,"Yes"
"1774","CA2000506",11,42569.3766307594,26.4514500545313,"Yes",47,42569.3766307594,26.4514500545313,"Yes"
"1775","CA2000293",19,46143.2656299933,28.6721672424679,"Yes",76,46143.2656299933,28.6721672424679,"Yes"
"1776","CA2210906",21,55860.8269884847,34.7103949373561,"Yes",82,55860.8269884847,34.7103949373561,"Yes"
"1777","CA2000529",19,9087.61458417168,5.64679594378545,"Yes",76,9087.61458417168,5.64679594378545,"Yes"
"1778","CA4900033",40,1607.38312708925,0.998784052524169,"No",126,1607.38312708925,0.998784052524169,"No"
"1779","CA1610009",13,39172.3970604328,24.340659562574,"Yes",6,11982.2452600435,7.4454405284424,"Yes"
"1780","CA5403022",27,25778.0279848914,16.0177637944073,"Yes",30,5466.17424345874,3.39653164866264,"No"
"1781","CA0500095",22,42991.3128950055,26.7136297457377,"Yes",135,9701.53095648285,6.02826684012256,"Yes"
"1782","CA4901038",40,3789.36439646404,2.3546077251942,"No",126,3789.36439646404,2.3546077251942,"No"
"1783","CA1206002",28,122148.032697521,75.8994573536488,"Yes",46,59962.1125080019,37.2588219444007,"Yes"
"1784","CA1300513",8,34871.4687522815,21.6681799696034,"Yes",36,34871.4687522815,21.6681799696034,"Yes"
"1785","CA4901151",26,8058.45155849645,5.00730209806284,"Yes",134,2176.9090194376,1.35267191484559,"No"
"1786","CA4700503",28,72692.9193392987,45.1693982249237,"Yes",85,35224.1379243794,21.8873189782019,"Yes"
"1787","CA0900210",30,6311.36855799211,3.9217123528851,"No",113,6311.36855799211,3.9217123528851,"No"
"1788","CA1400108",11,115852.942935573,71.9878602008112,"Yes",10,0,0,"No"
"1789","CA3100011",30,13788.865061135,8.56802481833234,"Yes",5,4269.85052132143,2.6531687035191,"No"
"1790","CA2210921",21,47392.481315179,29.4483958114376,"Yes",82,47392.481315179,29.4483958114376,"Yes"
"1791","CA4901327",40,2288.80788703451,1.4222028204323,"No",167,0,0,"No"
"1792","CA4901016",40,2702.86761199581,1.67948824486797,"No",167,0,0,"No"
"1793","CA1700601",40,52870.0185310772,32.8519881013815,"Yes",176,9963.96756917982,6.19133779635119,"Yes"
"1794","CA3110034",30,10932.1444067472,6.79293648747139,"Yes",5,0,0,"No"
"1795","CA1500599",3,235.80323633211,0.146521702270564,"No",7,235.80323633211,0.146521702270564,"No"
"1796","CA4900936",40,6239.51116886799,3.87706213035654,"No",167,4454.20128697071,2.76771924327408,"No"
"1797","CA2210939",21,56749.2101244631,35.2624119977525,"Yes",135,48276.5849842561,29.9977537277742,"Yes"
"1798","CA2210942",21,40152.9687777658,24.9499600940546,"Yes",82,40152.9687777658,24.9499600940546,"Yes"
"1799","CA1510802",27,35563.0135039377,22.0978870244558,"Yes",30,0,0,"No"
"1800","CA2702386",31,14661.7412724896,9.1104062985383,"Yes",50,7536.43772149177,4.68293693159418,"No"
"1801","CA5500364",22,70613.8444721398,43.8775177850173,"Yes",135,0,0,"No"
"1802","CA1210002",28,133040.451325276,82.6677093251121,"Yes",170,2398.88959254855,1.49060459104264,"No"
"1803","CA2100568",33,652.060339427505,0.405172517570871,"No",117,652.060339427505,0.405172517570871,"No"
"1804","CA2610300",29,142321.085341029,88.4344422813259,"Yes",78,61463.8737852435,38.1919754590351,"Yes"
"1805","CA5000443",22,19458.4025667082,12.0909208537091,"Yes",98,10337.2122771316,6.42326188197126,"Yes"
"1806","CA0900551",29,45152.5629414393,28.0565716016748,"Yes",136,0,0,"No"
"1807","CA0500057",22,58356.4094482607,36.2610818399224,"Yes",135,19650.8535428961,12.2105046434539,"Yes"
"1808","CA1200728",28,152766.400906977,94.9248765997101,"Yes",2,12932.0467624797,8.03562128728527,"Yes"
"1809","CA4900532",40,20725.5964218153,12.8783205673228,"Yes",167,16136.8535238488,10.027000835031,"Yes"
"1810","CA4901227",40,241.91844590273,0.150321526776648,"No",126,241.91844590273,0.150321526776648,"No"
"1811","CA4901252",40,3401.33930156875,2.11349951009032,"No",126,3401.33930156875,2.11349951009032,"No"
"1812","CA1900537",37,2931.34685964728,1.82145902024885,"No",122,2931.34685964728,1.82145902024885,"No"
"1813","CA3600031",59,6237.28382342834,3.87567811862524,"No",185,6237.28382342834,3.87567811862524,"No"
"1814","CA4900640",40,17518.8596929812,10.8857417904117,"Yes",167,10823.0646179405,6.7251572805874,"Yes"
"1815","CA2010005",19,27361.7603525007,17.0018519097896,"Yes",76,27361.7603525007,17.0018519097896,"Yes"
"1816","CA0707595",46,7102.26940305796,4.41315657540231,"No",32,1512.33840076887,0.939725850826347,"No"
"1817","CA0300034",30,59286.8568003599,36.8392364574049,"Yes",136,34888.4727351981,21.6787457810022,"Yes"
"1818","CA4901176",40,12901.4628549942,8.01661728099357,"Yes",167,7482.50483233404,4.64942450466281,"No"
"1819","CA2800724",40,10569.2175422173,6.5674236284547,"Yes",13,200.564129452409,0.12462508199163,"No"
"1820","CA2210905",21,30670.8323196414,19.0580190137829,"Yes",82,30670.8323196414,19.0580190137829,"Yes"
"1821","CA5500053",22,67411.2787600534,41.8875307641974,"Yes",135,0,0,"No"
"1822","CA3500511",12,12528.5045471964,7.78487115662097,"Yes",59,5934.14191164193,3.68731399930526,"No"
"1823","CA4900549",40,7187.32475781273,4.46600765395301,"No",167,2198.34678093608,1.36599275537554,"No"
"1824","CA5304109",28,89879.64105648,55.8487585323673,"Yes",170,45018.4656267498,27.9732471862688,"Yes"
"1825","CA2701046",31,25739.2688146466,15.993679902722,"Yes",132,0,0,"No"
"1826","CA1000315",11,19917.8467641134,12.3764069519887,"Yes",168,3173.11326910803,1.97168607572547,"No"
"1827","CA1300591",8,25915.0033021777,16.1028765221629,"Yes",60,17408.7372328311,10.8173146959817,"Yes"
"1828","CA1510042",3,40135.0032550206,24.9387968080211,"Yes",7,40135.0032550206,24.9387968080211,"Yes"
"1829","CA4901221",40,1143.33633713886,0.71043802871914,"No",167,0,0,"No"
"1830","CA5500019",22,83050.3678465153,51.6052343485624,"Yes",135,11022.4635617517,6.84905834798844,"Yes"
"1831","CA0605007",55,30370.5406933857,18.8714259841834,"Yes",157,20901.5637898238,12.9876618923433,"Yes"
"1832","CA5000155",48,18514.5755365928,11.5044524690823,"Yes",155,9749.21877441968,6.05789875005883,"Yes"
"1833","CA3500549",12,17325.1572379963,10.765380365862,"Yes",59,3807.06680589885,2.36560751979001,"No"
"1834","CA1000484",11,8800.03752554278,5.46810339986751,"Yes",47,8800.03752554278,5.46810339986751,"Yes"
"1835","CA5301002",28,30889.0163344748,19.1935926121732,"Yes",106,30889.0163344748,19.1935926121732,"Yes"
"1836","CA0707545",1,3934.27504817804,2.44465125341944,"No",32,651.822490747338,0.405024724885567,"No"
"1837","CA3301294",59,70.2644072112291,0.0436603869979178,"No",185,70.2644072112291,0.0436603869979178,"No"
"1838","CA4900994",40,4413.3366057857,2.74232704449383,"No",167,3089.12780540348,1.91949979830457,"No"
"1839","CA4901364",40,3502.84066546436,2.17656969034782,"No",167,0,0,"No"
"1840","CA2701068",31,13886.1894805471,8.62849955916528,"Yes",50,4143.37944683558,2.57458302585879,"No"
"1841","CA0605006",55,37027.870657625,23.0081093228435,"Yes",157,11373.4152187699,7.06713013954159,"Yes"
"1842","CA1400010",11,117521.149041677,73.0244379942568,"Yes",10,19771.2856247153,12.2853378557143,"Yes"
"1843","CA5400919",47,4022.49664607844,2.49946974913843,"No",145,4022.49664607844,2.49946974913843,"No"
"1844","CA2701705",41,29670.0080604065,18.4361341049166,"Yes",52,26679.9673472547,16.5782043242912,"Yes"
"1845","CA1500489",3,39780.10407483,24.7182721331912,"Yes",140,396.761584597669,0.246536831618968,"No"
"1846","CA4901233",40,6184.11882611283,3.84264283874932,"No",134,171.830775319225,0.106770959100765,"No"
"1847","CA0410007",5,10671.8454197185,6.63119379355417,"Yes",77,0,0,"No"
"1848","CA1800574",29,97531.9460839055,60.6036922489378,"Yes",138,0,0,"No"
"1849","CA4710006",28,59228.5598868329,36.8030123447083,"Yes",85,14025.7968021934,8.71524774267304,"Yes"
"1850","CA1800801",28,130966.380142642,81.3789380383524,"Yes",138,30659.1374196017,19.0507521217404,"Yes"
"1851","CA1800515",5,131287.279656611,81.5783362475367,"Yes",138,30740.1811790553,19.1011105043405,"Yes"
"1852","CA1800632",29,121015.159570486,75.1955208784259,"Yes",138,43316.00939408,26.9153872979483,"Yes"
"1853","CA1800531",29,79820.7079817984,49.5984117599752,"Yes",138,16399.7849062317,10.1903792276534,"Yes"
"1854","CA1800589",28,97959.4505683591,60.8693318803727,"Yes",138,39569.4385037553,24.5873702907747,"Yes"
"1855","CA0110005",33,244.094668898328,0.151673772414982,"No",117,244.094668898328,0.151673772414982,"No"
"1856","CA5810005",55,18127.0030462189,11.2636254900884,"Yes",51,13484.4266276589,8.37885507578191,"Yes"
"1857","CA4901266",40,3219.38718891677,2.00043942791254,"No",126,3219.38718891677,2.00043942791254,"No"
"1858","CA5403110",27,3277.60795736639,2.03661622613393,"No",102,3277.60795736639,2.03661622613393,"No"
"1859","CA4900639",40,17833.622481209,11.0813268055283,"Yes",167,10725.7390051332,6.66468179821119,"Yes"
"1860","CA4901161",40,2500.89270845743,1.55398654632174,"No",126,2500.89270845743,1.55398654632174,"No"
"1861","CA4901201",40,191.22648438049,0.118822923919426,"No",126,191.22648438049,0.118822923919426,"No"
"1862","CA5610024",24,126.701506466285,0.0787288618106086,"No",94,126.701506466285,0.0787288618106086,"No"
"1863","CA4910026",40,9872.11938507096,6.13426583883515,"Yes",167,446.166020492409,0.277235401153522,"No"
"1864","CA1000439",13,43264.0299421407,26.8830886836472,"Yes",61,7915.24541374805,4.91831770399546,"No"
"1865","CA3200078",5,58378.7521488852,36.2749649849536,"Yes",77,44573.3141898767,27.6966422197154,"Yes"
"1866","CA1000204",11,3912.30460845518,2.43099942116345,"No",47,3912.30460845518,2.43099942116345,"No"
"1867","CA4500015",28,45586.6665857591,28.3263117711354,"Yes",85,15267.6468048768,9.48689947734899,"Yes"
"1868","CA3700074",32,24444.0340554813,15.1888563358155,"Yes",103,14399.1973342917,8.94726865316943,"Yes"
"1869","CA4500210",28,44319.2036722394,27.5387448719596,"Yes",106,44319.2036722394,27.5387448719596,"Yes"
"1870","CA0310018",30,38963.4219008322,24.2108080957611,"Yes",64,21444.1010693544,13.3247797664598,"Yes"
"1871","CA4800589",10,1242.03436495973,0.771766292368133,"No",41,1242.03436495973,0.771766292368133,"No"
"1872","CA5200508",28,23730.8071863314,14.7456766042796,"Yes",105,0,0,"No"
"1873","CA5200510",28,23543.3277045278,14.6291819656056,"Yes",105,0,0,"No"
"1874","CA1000411",11,19743.9721050305,12.2683659792403,"Yes",107,991.433188381499,0.616049553470056,"No"
"1875","CA4010015",9,14830.827799525,9.21547205657288,"Yes",84,0,0,"No"
"1876","CA4901080",33,5755.4584848553,3.57628498940889,"No",117,5755.4584848553,3.57628498940889,"No"
"1877","CA2910011",29,42657.2387937355,26.5060452071877,"Yes",144,11824.5227208137,7.34743604260984,"Yes"
"1878","CA1400002",11,106023.11304418,65.8798719003943,"Yes",10,5820.4780811866,3.61668639391714,"No"
"1879","CA2300743",40,109829.528880819,68.2450749256336,"Yes",44,0,0,"No"
"1880","CA1400056",11,115428.889493899,71.7243649532719,"Yes",10,0,0,"No"
"1881","CA2000573",11,34235.9396532102,21.2732795140929,"Yes",47,34235.9396532102,21.2732795140929,"Yes"
"1882","CA0900309",30,16774.9916485742,10.4235224679522,"Yes",100,10494.0415834233,6.52071133720862,"Yes"
"1883","CA1010006",11,2922.25137044614,1.81580733123276,"No",128,0,0,"No"
"1884","CA1910056",25,2740.63963406002,1.7029587495868,"No",95,2740.63963406002,1.7029587495868,"No"
"1885","CA0900624",29,45646.1760844431,28.3632893511894,"Yes",136,0,0,"No"
"1886","CA1910099",37,7892.53362844055,4.90420521980474,"No",122,7892.53362844055,4.90420521980474,"No"
"1887","CA1400531",27,90213.6924251493,56.056328945499,"Yes",161,86906.6573374843,54.0014275028796,"Yes"
"1888","CA4901321",40,122.429009020029,0.0760740483800995,"No",126,122.429009020029,0.0760740483800995,"No"
"1889","CA5400567",52,5361.57455413844,3.33153625345697,"No",40,0,0,"No"
"1890","CA1400030",11,118210.287102325,73.4526495969311,"Yes",10,0,0,"No"
"1891","CA2410012",48,5403.46904320597,3.3575683467794,"No",174,5245.97448809895,3.25970552406512,"No"
"1892","CA4901373",40,534.246097083258,0.331965959389103,"No",126,534.246097083258,0.331965959389103,"No"
"1893","CA2310007",40,55530.9701559736,34.5054308946361,"Yes",149,43079.4760519344,26.7684119278303,"Yes"
"1894","CA1900717",37,5129.99318617089,3.18763790508586,"No",122,5129.99318617089,3.18763790508586,"No"
"1895","CA0800622",28,165109.949004195,102.594820860847,"Yes",27,23778.3010942932,14.7751880238441,"Yes"
"1896","CA0707598",1,5211.36223822481,3.23819841563922,"No",32,0,0,"No"
"1897","CA4900558",40,3437.08011885061,2.13570787953485,"No",167,0,0,"No"
"1898","CA4500014",28,16930.964939239,10.5204400184169,"Yes",106,16930.964939239,10.5204400184169,"Yes"
"1899","CA5000237",22,5251.27800032037,3.26300098196799,"No",180,324.145504329792,0.201415179098135,"No"
"1900","CA4910007",40,47231.4035408863,29.3483064740119,"Yes",21,37936.1857380704,23.5725115501202,"Yes"
"1901","CA4500006",28,15307.6812973042,9.51177581946897,"Yes",106,15307.6812973042,9.51177581946897,"Yes"
"1902","CA4500022",28,72243.0486634356,44.8898608519241,"Yes",138,69531.0364173141,43.2046903807238,"Yes"
"1903","CA4800753",49,136.741862621835,0.0849676653919215,"No",150,136.741862621835,0.0849676653919215,"No"
"1904","CA5510016",22,73098.2102715154,45.4212349606145,"Yes",135,1283.21195376154,0.797352923410552,"No"
"1905","CA2100587",26,16754.309295419,10.4106710175718,"Yes",167,13503.6480007906,8.39079871300697,"Yes"
"1906","CA1100237",5,36458.1384567222,22.654093266011,"Yes",159,515.299620128986,0.320193135154154,"No"
"1907","CA5305004",28,82155.1954103873,51.048998602152,"Yes",46,64292.6878484838,39.9497233949842,"Yes"
"1908","CA5304209",28,52632.7542811992,32.7045585651256,"Yes",106,52632.7542811992,32.7045585651256,"Yes"
"1909","CA4901348",40,3107.0475273926,1.93063462499696,"No",126,3107.0475273926,1.93063462499696,"No"
"1910","CA1710007",40,29447.7934434868,18.2980560002776,"Yes",20,4041.79791796194,2.5114630332695,"No"
"1911","CA4700626",28,105317.379403969,65.4413482570301,"Yes",163,1912.59242631805,1.18843279003694,"No"
"1912","CA4901301",40,6137.811423741,3.81386868141039,"No",167,371.267625110937,0.230695580244657,"No"
"1913","CA5304507",28,96559.5402288491,59.9994657616471,"Yes",170,38940.8876967576,24.1968059557071,"Yes"
"1914","CA1210322",28,152598.397989858,94.8204841673344,"Yes",2,39125.270855799,24.3113766238327,"Yes"
"1915","CA2300705",40,88722.8991598742,55.1299906544759,"Yes",158,176.678318851311,0.109783090491326,"No"
"1916","CA4901294",23,8174.04467669981,5.07912851025875,"Yes",134,211.703002701599,0.131546474145674,"No"
"1917","CA0900206",30,29232.768716311,18.164445497105,"Yes",100,20672.5032186671,12.8453298983851,"Yes"
"1918","CA1800576",29,44694.6122694851,27.772013539392,"Yes",108,44694.6122694851,27.772013539392,"Yes"
"1919","CA1810801",28,101953.452658763,63.351095889472,"Yes",138,89081.3490987346,55.3527216739375,"Yes"
"1920","CA1700533",40,38095.6432848757,23.671594122358,"Yes",176,0,0,"No"
"1921","CA1700579",40,50703.0175821775,31.5054727914409,"Yes",176,7969.42270338387,4.95198199472074,"No"
"1922","CA1100711",5,24810.1454361373,15.4163479663324,"Yes",159,17062.0417218498,10.601887557539,"Yes"
"1923","CA1700628",40,51023.2659297842,31.7044663836009,"Yes",176,8384.61206359402,5.2099693437024,"Yes"
"1924","CA1700603",40,31808.8918339971,19.7651781686885,"Yes",20,0,0,"No"
"1925","CA1700716",40,27636.9954868817,17.172875518462,"Yes",13,15978.2818265411,9.92846870551971,"Yes"
"1926","CA1310001",8,12052.6759767293,7.48920425561364,"Yes",12,0,0,"No"
"1927","CA2700575",31,2261.7947580719,1.40541759856332,"No",115,2261.7947580719,1.40541759856332,"No"
"1928","CA1700599",40,78431.2282191964,48.7350269173676,"Yes",149,24886.2816242421,15.4636569178931,"Yes"
"1929","CA1502383",3,193.453008263346,0.120206425157733,"No",7,193.453008263346,0.120206425157733,"No"
"1930","CA1700712",40,33393.2226663349,20.7496381537369,"Yes",67,0,0,"No"
"1931","CA1700727",40,33707.3581630715,20.944833387023,"Yes",67,0,0,"No"
"1932","CA1200671",28,123645.557774773,76.8299786091027,"Yes",46,59200.7249815532,36.7857164934403,"Yes"
"1933","CA2000549",19,20562.2099940923,12.7767966955972,"Yes",76,20562.2099940923,12.7767966955972,"Yes"
"1934","CA1700704",40,51040.562485789,31.7152139919402,"Yes",176,6035.28463572276,3.75016133055958,"No"
"1935","CA1710010",40,34820.0067551151,21.6362028875906,"Yes",19,0,0,"No"
"1936","CA1700739",40,34086.003737815,21.1801134240217,"Yes",67,0,0,"No"
"1937","CA1700728",40,23898.6736253623,14.849984232892,"Yes",20,6666.243135317,4.14222174016492,"No"
"1938","CA5500077",22,60216.576621326,37.4169390068761,"Yes",135,0,0,"No"
"1939","CA1700670",40,51754.8483812178,32.1590517735332,"Yes",176,9054.57490333857,5.62626598688814,"Yes"
"1940","CA5000301",22,15321.9338194714,9.52063194817217,"Yes",98,0,0,"No"
"1941","CA1000116",52,51901.0091837683,32.2498721114049,"Yes",90,39001.3862365024,24.2343980989116,"Yes"
"1942","CA2700624",31,821.213232192108,0.510279513460243,"No",16,0,0,"No"
"1943","CA1300644",8,3691.60629547216,2.29386350645119,"No",36,3691.60629547216,2.29386350645119,"No"
"1944","CA3600166",59,2723.71218548767,1.6924404945429,"No",185,2723.71218548767,1.6924404945429,"No"
"1945","CA3610112",51,11915.1166890922,7.40372866460301,"Yes",130,1057.21471590746,0.656924401249867,"No"
"1946","CA3310030",14,8557.09596310373,5.31714613636878,"Yes",58,8557.09596310373,5.31714613636878,"Yes"
"1947","CA3701010",32,33879.0368496739,21.0515098423415,"Yes",178,26267.0440749241,16.3216250605367,"Yes"
"1948","CA3200617",5,66045.8432339347,41.0390863546142,"Yes",77,52482.0641461485,32.610923823523,"Yes"
"1949","CA1000192",11,8486.96460176384,5.27356842044804,"Yes",128,5645.9118563278,3.50821570105,"No"
"1950","CA1200778",28,113003.453580187,70.2172652020002,"Yes",46,26444.3616526147,16.4318053690424,"Yes"
"1951","CA1400144",11,117913.434410032,73.2681934271388,"Yes",10,0,0,"No"
"1952","CA1600023",13,24516.7848918548,15.2340617221065,"Yes",68,4359.73031557553,2.7090175572443,"No"
"1953","CA1400183",52,92283.212495904,57.3422722954155,"Yes",10,63163.2202538471,39.2479030247475,"Yes"
"1954","CA3500825",31,17313.6646498068,10.7582391848874,"Yes",59,1178.53432177919,0.732309096759659,"No"
"1955","CA4700638",28,106668.990453927,66.281202514029,"Yes",163,1964.57590734336,1.22073390790222,"No"
"1956","CA0400051",55,24349.2096522988,15.1299350369088,"Yes",93,0,0,"No"
"1957","CA1000193",11,19051.1438358696,11.8378613816034,"Yes",90,7419.33241276924,4.61017088543704,"No"
"1958","CA4901392",40,3592.75725769532,2.23244140933259,"No",126,3592.75725769532,2.23244140933259,"No"
"1959","CA3500904",12,15635.6970219628,9.71559584796423,"Yes",59,1130.16375012829,0.702252942279622,"No"
"1960","CA3500912",12,15854.8621004588,9.85177905256738,"Yes",59,5402.62194639419,3.35704198391526,"No"
"1961","CA3500911",31,19075.9676204112,11.853286204538,"Yes",59,629.185358645306,0.390958628161424,"No"
"1962","CA4110012",34,4450.00128594758,2.76510947714441,"No",119,4450.00128594758,2.76510947714441,"No"
"1963","CA1000552",11,31.0155990179497,0.0192722476406165,"No",47,31.0155990179497,0.0192722476406165,"No"
"1964","CA1090005",11,8504.81032134494,5.28465726406163,"Yes",118,0,0,"No"
"1965","CA0900306",30,30411.8685377853,18.8971059799578,"Yes",100,17764.0689767287,11.0381081541059,"Yes"
"1966","CA1000541",11,6371.21736407797,3.9589007693079,"No",128,0,0,"No"
"1967","CA4901101",40,5861.6411462056,3.64226400027688,"No",167,3574.79274062827,2.22127874820005,"No"
"1968","CA5210505",28,57058.6552223134,35.4546927450467,"Yes",106,57058.6552223134,35.4546927450467,"Yes"
"1969","CA0901217",30,33231.5164959623,20.6491583481193,"Yes",100,23704.1301441097,14.7291002175487,"Yes"
"1970","CA4901248",40,2630.10038743768,1.63427267540587,"No",126,2630.10038743768,1.63427267540587,"No"
"1971","CA1700584",40,32287.9389280186,20.0628449724848,"Yes",20,0,0,"No"
"1972","CA1500466",3,41169.776694187,25.5817768117284,"Yes",140,1338.0783150469,0.831445384472455,"No"
"1973","CA1000608",11,14642.7653480351,9.09861517642953,"Yes",118,5969.70306766139,3.70941073213951,"No"
"1974","CA2600592",11,107135.924899993,66.5713428486165,"Yes",78,15352.9571145861,9.53990897795746,"Yes"
"1975","CA4900982",40,42.8839516400728,0.02664691838895,"No",126,42.8839516400728,0.02664691838895,"No"
"1976","CA1000405",11,14643.2147276764,9.09889440868704,"Yes",47,14643.2147276764,9.09889440868704,"Yes"
"1977","CA4710008",28,65451.5830516326,40.6698292788551,"Yes",85,0,0,"No"
"1978","CA5000136",48,3999.95910207886,2.48546553374605,"No",146,3999.95910207886,2.48546553374605,"No"
"1979","CA1010044",13,34696.3079671236,21.5593398331761,"Yes",61,0,0,"No"
"1980","CA1000548",11,25464.4338777635,15.822904965864,"Yes",47,25464.4338777635,15.822904965864,"Yes"
"1981","CA0400150",5,508.572901462344,0.316013335567589,"No",17,508.572901462344,0.316013335567589,"No"
"1982","CA5000582",22,67.3470985140173,0.041847650909079,"No",83,67.3470985140173,0.041847650909079,"No"
"1983","CA2000538",19,53645.0435755312,33.333567534226,"Yes",76,53645.0435755312,33.333567534226,"Yes"
"1984","CA3901092",17,38.2751661740917,0.0237831447513215,"No",72,38.2751661740917,0.0237831447513215,"No"
"1985","CA2210917",21,59098.2591536961,36.7220470215716,"Yes",135,24525.8663316995,15.2397046812354,"Yes"
"1986","CA2702456",53,3830.01653583921,2.37986785628842,"No",156,3830.01653583921,2.37986785628842,"No"
"1987","CA4600094",29,53606.1657248305,33.309409897741,"Yes",144,41399.1853113706,25.7243250719988,"Yes"
"1988","CA1000015",11,45682.0525466947,28.3855820067199,"Yes",47,45682.0525466947,28.3855820067199,"Yes"
"1989","CA2010801",19,9624.95195969226,5.9806827393169,"Yes",18,4021.60543295598,2.49891597360159,"No"
"1990","CA4210305",18,24658.4968329062,15.3221176587335,"Yes",133,12699.3230531432,7.89101311913157,"Yes"
"1991","CA5401003",52,17343.6271535361,10.7768570678266,"Yes",92,0,0,"No"
"1992","CA1900509",25,6865.27454891974,4.26589443431453,"No",95,6865.27454891974,4.26589443431453,"No"
"1993","CA4900722",40,4900.29552936549,3.04491004347465,"No",126,4900.29552936549,3.04491004347465,"No"
"1994","CA0706018",1,6163.16734136528,3.82962415733486,"No",32,1040.13360342276,0.646310663640226,"No"
"1995","CA0400093",5,32667.5820760153,20.2987448743058,"Yes",77,23820.7770070064,14.8015813979684,"Yes"
"1996","CA1700519",40,32963.5293555633,20.4826384453026,"Yes",20,0,0,"No"
"1997","CA3100041",30,33978.0985849916,21.1130641039131,"Yes",51,7506.99952511817,4.66464483895147,"No"
"1998","CA2701280",41,26040.01137572,16.1805531309233,"Yes",127,26040.01137572,16.1805531309233,"Yes"
"1999","CA2801016",23,4105.66429070225,2.55114785607905,"No",86,4105.66429070225,2.55114785607905,"No"
"2000","CA2702268",41,50746.0604212551,31.5322184381517,"Yes",66,36914.6952893233,22.9377852345205,"Yes"
"2001","CA3500521",31,21695.8383788877,13.4812024674014,"Yes",59,0,0,"No"
"2002","CA1700568",40,33903.0189409271,21.0664116600141,"Yes",20,0,0,"No"
"2003","CA2300502",40,92853.38856651,57.6965641607802,"Yes",44,17288.4462471039,10.742569156986,"Yes"
"2004","CA1910305",37,29874.9068242852,18.5634526105641,"Yes",122,29874.9068242852,18.5634526105641,"Yes"
"2005","CA4710010",28,149660.654980747,92.9950507541891,"Yes",85,92964.3821688335,57.7655325592065,"Yes"
"2006","CA2210904",21,38395.9678088386,23.858207593696,"Yes",135,27742.174246483,17.2382307321529,"Yes"
"2007","CA1000208",11,512.664629585619,0.318555823869176,"No",47,512.664629585619,0.318555823869176,"No"
"2008","CA3610703",15,56175.2385562927,34.9057617136794,"Yes",148,0,0,"No"
"2009","CA0810300",28,178349.995776972,110.821824957418,"Yes",27,6540.29519142491,4.06396112159327,"No"
"2010","CA1500564",3,95881.6719203338,59.5782568756968,"Yes",109,0,0,"No"
"2011","CA4300611",12,12803.3652037524,7.95566207498253,"Yes",59,10181.9738592712,6.32680096143211,"Yes"
"2012","CA2110350",33,1216.91248813302,0.75615624301454,"No",117,1216.91248813302,0.75615624301454,"No"
"2013","CA5305003",28,83007.1315992093,51.5783685232513,"Yes",46,61626.9734304722,38.2933211319374,"Yes"
"2014","CA5305107",28,90619.2323325272,56.3083203875671,"Yes",46,48790.5658760627,30.3171274411018,"Yes"
"2015","CA4901293",40,4953.12314570691,3.0777356840114,"No",126,4953.12314570691,3.0777356840114,"No"
"2016","CA1400524",11,99595.4292603113,61.8858844372918,"Yes",10,12642.5463356345,7.85573361479519,"Yes"
"2017","CA5200531",5,28701.1408240321,17.8341064188003,"Yes",26,7004.64406515469,4.352494852023,"No"
"2018","CA2000832",11,31724.1326409571,19.712511116953,"Yes",47,31724.1326409571,19.712511116953,"Yes"
"2019","CA1000614",11,599.415782795006,0.372460625346419,"No",47,599.415782795006,0.372460625346419,"No"
"2020","CA1000213",13,50532.5348102331,31.3995394448861,"Yes",22,19055.0180186047,11.8402686931318,"Yes"
"2021","CA1502154",3,4858.12993101454,3.01870949023484,"No",7,4858.12993101454,3.01870949023484,"No"
"2022","CA5400709",52,11560.1326649335,7.18315127004455,"Yes",161,4648.54749529478,2.88848067859792,"No"
"2023","CA2000612",11,39228.4218151998,24.3754718177637,"Yes",47,39228.4218151998,24.3754718177637,"Yes"
"2024","CA1800585",29,103851.951891163,64.5307715530362,"Yes",138,0,0,"No"
"2025","CA4901042",40,6043.48503534863,3.75525683531673,"No",126,6043.48503534863,3.75525683531673,"No"
"2026","CA1210017",28,146685.367385342,91.146288158712,"Yes",39,0,0,"No"
"2027","CA0400133",5,15346.9898817192,9.53620110214074,"Yes",93,5941.65761262561,3.69198405099334,"No"
"2028","CA5401006",47,215.146256244992,0.133686018022911,"No",145,215.146256244992,0.133686018022911,"No"
"2029","CA4901284",40,2530.39120078204,1.57231610522453,"No",126,2530.39120078204,1.57231610522453,"No"
"2030","CA4901258",23,9290.62989109532,5.7729441206304,"Yes",134,0,0,"No"
"2031","CA2100549",26,14468.0378108204,8.99004424846236,"Yes",167,11706.8368653519,7.27430926053654,"Yes"
"2032","CA3610301",51,143085.514964712,88.9094380085697,"Yes",148,69634.3250850617,43.2688711428671,"Yes"
"2033","CA5400682",27,5646.47153122939,3.50856346777523,"No",69,5293.3856752018,3.28916554314303,"No"
"2034","CA2310006",40,58588.2061941088,36.4051140182365,"Yes",149,0,0,"No"
"2035","CA3910007",22,2068.08582100828,1.28505214622658,"No",177,0,0,"No"
"2036","CA3910008",17,4969.82081269214,3.08811115904168,"No",72,4969.82081269214,3.08811115904168,"No"
"2037","CA1000526",13,14108.8627318841,8.7668626467273,"Yes",168,3216.72789730208,1.99878701660437,"No"
"2038","CA2600699",11,130079.782151729,80.8280302184306,"Yes",10,14575.8670679329,9.05704640904525,"Yes"
"2039","CA1000389",11,127.708165387269,0.0793543722192132,"No",47,127.708165387269,0.0793543722192132,"No"
"2040","CA1000492",11,3376.39094519522,2.09799728161558,"No",47,3376.39094519522,2.09799728161558,"No"
"2041","CA4901152",40,283.20978013567,0.175978836128892,"No",126,283.20978013567,0.175978836128892,"No"
"2042","CA1000176",11,27736.9630917302,17.2349926626631,"Yes",65,18254.9670889869,11.3431388575359,"Yes"
"2043","CA1000637",11,21910.8797161255,13.6148232916136,"Yes",107,0,0,"No"
"2044","CA2900548",55,26965.9286492382,16.7558928810806,"Yes",51,5145.23012953211,3.19710572628041,"No"
"2045","CA4900644",40,18943.6991611428,11.77109819003,"Yes",167,15589.6572509108,9.68698798943095,"Yes"
"2046","CA2900511",55,42060.0772097334,26.1349852795142,"Yes",51,11209.7734834301,6.96544762662341,"Yes"
"2047","CA2110004",33,6565.66847793805,4.07972739007174,"No",117,6565.66847793805,4.07972739007174,"No"
"2048","CA1710021",40,42050.1781862029,26.1288342961729,"Yes",67,0,0,"No"
"2049","CA1000177",21,50809.5709068978,31.5716821224215,"Yes",34,15358.2215559071,9.54318015826802,"Yes"
"2050","CA4901113",40,2554.56177950258,1.58733504387052,"No",167,0,0,"No"
"2051","CA2900541",30,26016.1965607792,16.1657552541906,"Yes",51,760.921221271824,0.472815701636586,"No"
"2052","CA2000502",11,45867.263440196,28.5006670064722,"Yes",47,45867.263440196,28.5006670064722,"Yes"
"2053","CA5301113",28,36661.4471513033,22.7804237459476,"Yes",106,36661.4471513033,22.7804237459476,"Yes"
"2054","CA3600297",51,25624.255898238,15.9222140121031,"Yes",9,17219.1332998408,10.6994999812599,"Yes"
"2055","CA5301112",28,38827.4682773488,24.1263302206798,"Yes",106,38827.4682773488,24.1263302206798,"Yes"
"2056","CA5301114",28,34329.0181407628,21.3311159486267,"Yes",106,34329.0181407628,21.3311159486267,"Yes"
"2057","CA5301110",28,38118.6683087679,23.6859012444654,"Yes",106,38118.6683087679,23.6859012444654,"Yes"
"2058","CA5301109",28,32052.5053488136,19.9165529650749,"Yes",106,32052.5053488136,19.9165529650749,"Yes"
"2059","CA5301103",28,36985.6405016798,22.9818686552747,"Yes",106,36985.6405016798,22.9818686552747,"Yes"
"2060","CA5301105",28,38595.1449342583,23.981970829196,"Yes",106,38595.1449342583,23.981970829196,"Yes"
"2061","CA5301108",28,42589.1340223405,26.4637267590071,"Yes",106,42589.1340223405,26.4637267590071,"Yes"
"2062","CA5301013",28,30388.4405854396,18.8825484890947,"Yes",106,30388.4405854396,18.8825484890947,"Yes"
"2063","CA5301014",28,45270.1271633845,28.129622803997,"Yes",106,45270.1271633845,28.129622803997,"Yes"
"2064","CA4700875",28,148814.274307892,92.4691328792497,"Yes",163,86467.4783868598,53.7285336764511,"Yes"
"2065","CA4700501",28,60650.1955883262,37.6863780110643,"Yes",85,1864.90753420828,1.15880269812984,"No"
"2066","CA5301004",28,28355.4085225339,17.6192777924702,"Yes",106,28355.4085225339,17.6192777924702,"Yes"
"2067","CA5301006",28,34884.6775753113,21.6763875721173,"Yes",106,34884.6775753113,21.6763875721173,"Yes"
"2068","CA4700612",28,125127.899694214,77.7510654642365,"Yes",163,7128.17253438908,4.42925207500533,"No"
"2069","CA5301009",28,30904.5141727045,19.2032225463261,"Yes",106,30904.5141727045,19.2032225463261,"Yes"
"2070","CA4700545",28,50439.1040921854,31.3414841439257,"Yes",85,10447.536329317,6.49181424019597,"Yes"
"2071","CA4700891",28,124019.921074895,77.0625977574007,"Yes",163,48647.2922608414,30.228101122722,"Yes"
"2072","CA4700562",28,61771.1282762317,38.3828950229484,"Yes",85,17.3712548034336,0.0107940241362506,"No"
"2073","CA4700593",28,113703.142561175,70.6520328589202,"Yes",2,67772.9725118061,42.1122774005531,"Yes"
"2074","CA4700669",28,134053.90125718,83.2974394827567,"Yes",163,14746.9858998747,9.16337498594128,"Yes"
"2075","CA5301010",28,31779.9006109148,19.747163813063,"Yes",106,31779.9006109148,19.747163813063,"Yes"
"2076","CA4710013",28,87525.1985906933,54.3857721741169,"Yes",85,8692.72586539794,5.40142285992888,"Yes"
"2077","CA4700884",28,81822.9062734502,50.8425231917744,"Yes",85,3476.46980527971,2.16018355678707,"No"
"2078","CA2210909",21,47186.8900734903,29.3206470189582,"Yes",18,45610.7855069157,28.3412986111796,"Yes"
"2079","CA2210910",19,47550.0334502396,29.5462944127653,"Yes",18,46634.9816811714,28.9777061908431,"Yes"
"2080","CA2210930",21,48232.8172793282,29.9705576691862,"Yes",18,45978.7889152679,28.5699658961238,"Yes"
"2081","CA2210926",21,67211.8437245218,41.7636072703853,"Yes",135,54388.9748239918,33.7958261299612,"Yes"
"2082","CA2210918",19,47651.5964649797,29.6094029011767,"Yes",18,46212.7433568297,28.7153388077285,"Yes"
"2083","CA4901190",40,4444.66809332234,2.76179557664778,"No",167,0,0,"No"
"2084","CA5010042",22,9268.96321775688,5.75948104052399,"Yes",155,0,0,"No"
"2085","CA4901361",26,9270.79668504615,5.76062030711108,"Yes",134,1207.25143370868,0.750153127187965,"No"
"2086","CA1300669",8,1803.34303118047,1.12054819440296,"No",36,1803.34303118047,1.12054819440296,"No"
"2087","CA1410001",11,119144.37383816,74.033065628245,"Yes",10,0,0,"No"
"2088","CA4410800",38,561.859540779922,0.349124200467224,"No",123,561.859540779922,0.349124200467224,"No"
"2089","CA2400013",21,1852.94959063376,1.15137235800624,"No",82,1852.94959063376,1.15137235800624,"No"
"2090","CA5000101",48,1837.86024716634,1.14199625136164,"No",146,1837.86024716634,1.14199625136164,"No"
"2091","CA4901250",40,2510.22380972351,1.5597846382514,"No",167,0,0,"No"
"2092","CA5410017",52,12558.1532325109,7.80329404135292,"Yes",107,6617.1521986814,4.11171797052295,"No"
"2093","CA5401074",52,6468.94772362236,4.01962775027176,"No",153,6468.94772362236,4.01962775027176,"No"
"2094","CA5010033",22,11152.3297819018,6.92975367660145,"Yes",98,5626.33441256601,3.49605081124312,"No"
"2095","CA4901251",40,3653.37222473136,2.27010589728172,"No",126,3653.37222473136,2.27010589728172,"No"
"2096","CA3500539",12,10445.6183386336,6.49062245307617,"Yes",59,3914.66487407215,2.43246602586909,"No"
"2097","CA5400544",47,30702.6663486345,19.0777998114969,"Yes",30,8918.1743066868,5.54151037486597,"Yes"
"2098","CA5400824",52,17647.0250598886,10.9653802551907,"Yes",92,23.0183237940077,0.014302958848974,"No"
"2099","CA0706049",1,4087.51689412173,2.53987155860274,"No",32,0,0,"No"
"2100","CA1502164",3,11745.715302828,7.29846726162772,"Yes",129,0,0,"No"
"2101","CA1503475",3,9008.60771865339,5.59770323154423,"Yes",129,4183.69785591764,2.59963578604747,"No"
"2102","CA1000576",11,2392.57151536838,1.48667871013483,"No",47,2392.57151536838,1.48667871013483,"No"
"2103","CA1000630",11,6920.58813560549,4.30026478904737,"No",65,6260.60561556073,3.89016964442612,"No"
"2104","CA2701800",41,6116.28002055792,3.80048965449061,"No",127,6116.28002055792,3.80048965449061,"No"
"2105","CA1000514",11,10232.4769734554,6.35818221970213,"Yes",47,10232.4769734554,6.35818221970213,"Yes"
"2106","CA0701706",16,8405.45777473421,5.22292230028099,"Yes",71,8405.45777473421,5.22292230028099,"Yes"
"2107","CA1610004",47,17807.3362055664,11.064993230496,"Yes",25,0,0,"No"
"2108","CA5402048",27,9256.07881130194,5.75147502162498,"Yes",102,9256.07881130194,5.75147502162498,"Yes"
"2109","CA4901008",40,3351.43772931198,2.082492033574,"No",167,0,0,"No"
"2110","CA2700634",31,201.597701078344,0.12526731522136,"No",115,201.597701078344,0.12526731522136,"No"
"2111","CA5403061",52,26306.1223180854,16.3459072154333,"Yes",161,16493.3671792389,10.2485287007338,"Yes"
"2112","CA4901299",40,7226.89774930506,4.49059723197401,"No",13,4354.35204062916,2.70567564382241,"No"
"2113","CA4500181",28,32912.610815724,20.4509990528564,"Yes",106,32912.610815724,20.4509990528564,"Yes"
"2114","CA2100519",40,20599.9411421426,12.8002418023181,"Yes",167,14444.5738020194,8.97546435310087,"Yes"
"2115","CA1000257",11,26757.5285687342,16.6263987527398,"Yes",47,26757.5285687342,16.6263987527398,"Yes"
"2116","CA2208056",21,59218.8496430042,36.796978663927,"Yes",135,24563.7852478594,15.2632664619406,"Yes"
"2117","CA2203024",19,58654.0233365793,36.4460109961719,"Yes",78,56450.77341578,35.0769715633614,"Yes"
"2118","CA4100510",34,6286.01301324623,3.90595710865711,"No",119,6286.01301324623,3.90595710865711,"No"
"2119","CA4901216",40,15068.6128405484,9.36322519824796,"Yes",167,10878.55220353,6.75963575349521,"Yes"
"2120","CA2000521",11,45664.1882455333,28.3744816170189,"Yes",47,45664.1882455333,28.3744816170189,"Yes"
"2121","CA4901077",40,3492.95803022726,2.17042889024523,"No",134,3170.40112945339,1.97000082608609,"No"
"2122","CA1900145",25,3298.71276989424,2.04973018125085,"No",95,3298.71276989424,2.04973018125085,"No"
"2123","CA0410009",5,11296.9025767847,7.01958726980298,"Yes",77,0,0,"No"
"2124","CA5400616",52,12887.3260665569,8.00783306607487,"Yes",161,5185.11456173129,3.22188882506573,"No"
"2125","CA4010014",9,32276.3683274117,20.0556553167209,"Yes",15,0,0,"No"
"2126","CA3600070",51,16926.6739549342,10.5177737177565,"Yes",152,16926.6739549342,10.5177737177565,"Yes"
"2127","CA3610800",59,994.266569699682,0.617810139373707,"No",185,994.266569699682,0.617810139373707,"No"
"2128","CA5710004",54,9295.54973747482,5.77600117903912,"Yes",162,9295.54973747482,5.77600117903912,"Yes"
"2129","CA2700577",31,2160.97323784082,1.34276985462414,"No",16,0,0,"No"
"2130","CA4600018",29,31285.0983042388,19.4397071496631,"Yes",144,25078.0753601249,15.5828323164309,"Yes"
"2131","CA4810004",1,14910.2728893123,9.26483706942741,"Yes",110,0,0,"No"
"2132","CA2410004",21,4375.9685293937,2.71910754060279,"No",173,0,0,"No"
"2133","CA1200541",28,118050.360771734,73.3532757352294,"Yes",46,45443.8328776036,28.237558799013,"Yes"
"2134","CA2800109",23,2344.48148678005,1.45679687746533,"No",86,2344.48148678005,1.45679687746533,"No"
"2135","CA2000557",19,43632.6332616538,27.1121287370312,"Yes",76,43632.6332616538,27.1121287370312,"Yes"
"2136","CA1510020",3,42507.288142875,26.4128699609001,"Yes",140,0,0,"No"
"2137","CA4901246",40,1235.62112373892,0.767781279119963,"No",167,0,0,"No"
"2138","CA4500283",28,38379.450421878,23.8479441397579,"Yes",106,38379.450421878,23.8479441397579,"Yes"
"2139","CA2700733",31,1808.06718902719,1.12348365729255,"No",115,1808.06718902719,1.12348365729255,"No"
"2140","CA5000313",48,12472.0352418481,7.74978266981997,"Yes",98,4793.53391693653,2.97857128819052,"No"
"2141","CA1000143",11,38717.6444574082,24.0580886931339,"Yes",47,38717.6444574082,24.0580886931339,"Yes"
"2142","CA4700549",28,62529.400369543,38.8540646286944,"Yes",85,0,0,"No"
"2143","CA0202501",29,63703.5596064453,39.583655166991,"Yes",136,18488.4891600771,11.4882431059174,"Yes"
"2144","CA1400099",27,96057.24902585,59.6873557022444,"Yes",10,89890.678249995,55.8556167435066,"Yes"
"2145","CA1200776",28,152737.982295478,94.9072180493107,"Yes",46,30697.9578357719,19.074874069974,"Yes"
"2146","CA1700702",40,33007.6401199298,20.5100476716727,"Yes",20,0,0,"No"
"2147","CA1710016",40,33792.8449747923,20.9979525611693,"Yes",20,0,0,"No"
"2148","CA1700610",40,32383.6161913909,20.1222962154615,"Yes",20,3.50710450719467,0.00217921912535242,"No"
"2149","CA1700592",40,32587.358317163,20.2488960177234,"Yes",20,0,0,"No"
"2150","CA1400529",11,102266.669979312,63.5457205931075,"Yes",10,9812.65533825624,6.09731650133361,"Yes"
"2151","CA4900563",23,8766.50756629602,5.4472687973306,"Yes",134,588.898905321043,0.365925724409412,"No"
"2152","CA4901388",23,8365.6499354293,5.19818679423198,"Yes",134,1303.62075156531,0.810034393953612,"No"
"2153","CA4200800",39,2313.45753577751,1.43751944012919,"No",124,2313.45753577751,1.43751944012919,"No"
"2154","CA1400064",11,114630.477860368,71.2282537315722,"Yes",10,22323.6147540055,13.8712855916124,"Yes"
"2155","CA4910011",40,2281.13731736416,1.41743653756457,"No",167,0,0,"No"
"2156","CA4210303",36,13789.05441731,8.56814247909704,"Yes",133,13758.3502832689,8.54906376730142,"Yes"
"2157","CA1700561",40,50878.8845211583,31.6147517126016,"Yes",176,8158.67643191277,5.06957910193792,"Yes"
"2158","CA1210008",28,122407.669938921,76.0607888568735,"Yes",46,55412.8716742101,34.4320477178285,"Yes"
"2159","CA4100551",34,19456.9508452671,12.0900187935844,"Yes",119,19456.9508452671,12.0900187935844,"Yes"
"2160","CA3500571",12,17808.4375608919,11.0656775826686,"Yes",59,0,0,"No"
"2161","CA3900762",17,14108.3198526077,8.76652531634566,"Yes",48,13523.1043050896,8.40288833005434,"Yes"
"2162","CA4400664",53,2177.18018596326,1.35284041033173,"No",156,2177.18018596326,1.35284041033173,"No"
"2163","CA3901276",17,5659.08179034761,3.51639913899338,"No",72,5659.08179034761,3.51639913899338,"No"
"2164","CA1100203",5,27194.6604903531,16.8980206111531,"Yes",159,9801.39361631709,6.0903187743529,"Yes"
"2165","CA4100583",34,15857.6299749445,9.85349893431125,"Yes",119,15857.6299749445,9.85349893431125,"Yes"
"2166","CA2800531",23,97.2178331388594,0.0604085110286573,"No",86,97.2178331388594,0.0604085110286573,"No"
"2167","CA5010039",22,27545.5372971886,17.1160458928434,"Yes",98,9905.41690550009,6.15495601022785,"Yes"
"2168","CA2701295",41,39089.8200954471,24.2893484878566,"Yes",127,39089.8200954471,24.2893484878566,"Yes"
"2169","CA2610005",11,126729.168523392,78.7460502587347,"Yes",78,34993.5252895303,21.7440225741797,"Yes"
"2170","CA1000060",11,37626.9882066724,23.38038463387,"Yes",47,37626.9882066724,23.38038463387,"Yes"
"2171","CA1000584",11,32493.8638114858,20.190801080869,"Yes",65,20773.922045443,12.9083487923267,"Yes"
"2172","CA2701040",31,25632.9351438504,15.9276070587013,"Yes",132,0,0,"No"
"2173","CA1400084",28,91459.1451137776,56.8302192909998,"Yes",85,85249.5644895931,52.9717551851027,"Yes"
"2174","CA3103310",30,57076.7767497877,35.4659529681657,"Yes",51,22638.7732121401,14.0671164652218,"Yes"
"2175","CA4400665",53,807.98862966665,0.502062105997893,"No",156,807.98862966665,0.502062105997893,"No"
"2176","CA0410011",5,9594.27776132502,5.96162262873291,"Yes",77,0,0,"No"
"2177","CA5800851",55,800.123602176355,0.497174992342423,"No",164,800.123602176355,0.497174992342423,"No"
"2178","CA0400063",55,12472.007376595,7.74976535511143,"Yes",53,1367.95600527934,0.85001056661696,"No"
"2179","CA1000611",11,38097.8074416833,23.6729388703961,"Yes",47,38097.8074416833,23.6729388703961,"Yes"
"2180","CA1210009",28,144367.890148329,89.7062709858258,"Yes",39,0,0,"No"
"2181","CA1000629",11,9755.32841275397,6.06169511275055,"Yes",118,387.270619002332,0.240639404353544,"No"
"2182","CA1000486",11,6847.18104317285,4.25465162313299,"No",128,0,0,"No"
"2183","CA3200007",5,69291.1178986487,43.0556115542077,"Yes",138,45762.9546147268,28.4358523461337,"Yes"
"2184","CA0800647",28,193787.635358587,120.41435331166,"Yes",27,248.202424267646,0.154226219610304,"No"
"2185","CA4700565",28,62227.2572457393,38.6663211289966,"Yes",85,22439.5845598394,13.9433460672322,"Yes"
"2186","CA4700573",28,59877.8463657633,37.206461260991,"Yes",85,1807.7812474692,1.12330598100414,"No"
"2187","CA4700594",28,134219.108111405,83.4000945178799,"Yes",27,53986.6758385735,33.5458485084404,"Yes"
"2188","CA4700554",28,126130.57676583,78.3741016602023,"Yes",163,6861.34371219208,4.26345191953973,"No"
"2189","CA4700557",28,83564.9651527038,51.9249910849813,"Yes",85,6915.86034399628,4.29732706823685,"No"
"2190","CA4700558",28,101987.080904836,63.3719915647635,"Yes",85,28172.119958237,17.5053872756764,"Yes"
"2191","CA4700603",28,71288.2904605101,44.2966001345335,"Yes",85,21422.5259410392,13.311373569935,"Yes"
"2192","CA4700722",28,66640.9474251758,41.4088678745174,"Yes",85,28462.8300261143,17.6860265861249,"Yes"
"2193","CA4710003",28,105452.219328795,65.5251341101288,"Yes",163,17897.6249768067,11.1210962113703,"Yes"
"2194","CA4710002",28,53723.8177008661,33.3825156280625,"Yes",85,7544.66724996432,4.6880505362225,"No"
"2195","CA1000426",11,9941.17772583748,6.17717680902574,"Yes",118,6646.63863131665,4.13004003586355,"No"
"2196","CA4700597",28,121785.997000831,75.6744982420314,"Yes",163,38391.0259766812,23.8551368739242,"Yes"
"2197","CA4700807",28,82879.8589728363,51.4992847831013,"Yes",163,41262.352367671,25.6393008113084,"Yes"
"2198","CA4700601",28,116250.373407654,72.2348126608757,"Yes",163,35122.0874208575,21.823907577552,"Yes"
"2199","CA4700663",28,77518.7318043052,48.1680265228635,"Yes",85,208.82146291396,0.129755963882064,"No"
"2200","CA4700839",28,130978.530941353,81.3864882133997,"Yes",163,16359.12022316,10.1651113022481,"Yes"
"2201","CA4700863",28,66976.2939268404,41.6172430479827,"Yes",85,6531.28914851289,4.05836501206264,"No"
"2202","CA4700666",28,77836.9773279458,48.3657756148146,"Yes",85,8697.2330498473,5.40422350146476,"Yes"
"2203","CA2500547",28,126386.786967626,78.5333036944502,"Yes",138,86302.6496461003,53.6261135907268,"Yes"
"2204","CA1010023",52,25816.8334004454,16.0418764216669,"Yes",90,0,0,"No"
"2205","CA3510300",31,8743.02713572657,5.43267869792994,"Yes",115,8743.02713572657,5.43267869792994,"Yes"
"2206","CA5602301",45,4272.98057461751,2.65511363330155,"No",142,4272.98057461751,2.65511363330155,"No"
"2207","CA2701241",31,10040.4537750926,6.23886423943517,"Yes",115,10040.4537750926,6.23886423943517,"Yes"
"2208","CA1700676",40,36723.9629546849,22.8192693617787,"Yes",67,1923.70957041406,1.19534068028761,"No"
"2209","CA3301541",59,116.990476634782,0.0726946926285196,"No",185,116.990476634782,0.0726946926285196,"No"
"2210","CA0800615",28,162759.342913309,101.134218321367,"Yes",27,26354.9952752283,16.3762755385613,"Yes"
"2211","CA1700698",40,28220.5741106041,17.5354953649348,"Yes",20,1385.72687658106,0.861052901550362,"No"
"2212","CA1700677",40,36468.1124397137,22.6602908271177,"Yes",67,0,0,"No"
"2213","CA1700725",40,49771.0724469058,30.9263874923296,"Yes",176,643.952178666369,0.400134327529527,"No"
"2214","CA1700715",40,33515.7357686036,20.825764455369,"Yes",67,30.2314770840941,0.0187850156487095,"No"
"2215","CA4901338",40,1308.94512402188,0.813342813837895,"No",126,1308.94512402188,0.813342813837895,"No"
"2216","CA0900317",30,29965.7539354553,18.6199025286486,"Yes",100,20691.6007975561,12.8571966132428,"Yes"
"2217","CA1400012",27,87226.3503599525,54.2000760311385,"Yes",109,46433.5801056119,28.8525607426721,"Yes"
"2218","CA1700674",40,32869.4309295602,20.4241682488226,"Yes",20,0,0,"No"
"2219","CA1000178",13,47200.3076967696,29.3289843642546,"Yes",22,12459.7020068097,7.74211913381245,"Yes"
"2220","CA2300667",40,95038.5103234559,59.0543392468067,"Yes",44,12502.4508242942,7.76868208352135,"Yes"
"2221","CA1800511",5,107471.466697475,66.7798393735784,"Yes",138,5862.294253188,3.64266982314987,"No"
"2222","CA2100577",26,16825.6700316014,10.4550126335028,"Yes",167,13621.2485499671,8.4638724880803,"Yes"
"2223","CA2701701",9,42558.2944300464,26.4445638771462,"Yes",66,27843.997572983,17.301500971195,"Yes"
"2224","CA3710012",32,9911.55141301848,6.15876782595255,"Yes",116,9911.55141301848,6.15876782595255,"Yes"
"2225","CA4010006",9,14688.9655316879,9.1273227109796,"Yes",84,0,0,"No"
"2226","CA0400068",5,34011.8514907416,21.1340372393289,"Yes",93,9637.95572142588,5.98876292233206,"Yes"
"2227","CA3400155",30,9210.40530004383,5.72309474694212,"Yes",113,9210.40530004383,5.72309474694212,"Yes"
"2228","CA3510008",31,13527.4510489589,8.40558927818786,"Yes",59,2904.93955389605,1.80505024040666,"No"
"2229","CA4901300",26,195.833980992431,0.121685896698293,"No",99,195.833980992431,0.121685896698293,"No"
"2230","CA5000529",22,25.5835066084281,0.0158968935143774,"No",83,25.5835066084281,0.0158968935143774,"No"
"2231","CA5000574",48,24985.3762764107,15.5252316330985,"Yes",88,2372.37274029565,1.47412774199091,"No"
"2232","CA3500581",12,15547.9375845834,9.66106452619297,"Yes",59,3628.16695537627,2.25444403008455,"No"
"2233","CA0707585",6,769.973621812226,0.478440616533626,"No",24,769.973621812226,0.478440616533626,"No"
"2234","CA1700730",40,33645.774609694,20.9065670459281,"Yes",67,0,0,"No"
"2235","CA4600081",29,47295.7696856498,29.3883018415312,"Yes",144,37885.4052827714,23.5409579596427,"Yes"
"2236","CA4600098",29,42641.6142646881,26.4963365508147,"Yes",144,33806.7905792616,21.0066179795827,"Yes"
"2237","CA4600078",29,63325.0423981829,39.348454893424,"Yes",51,38075.7823250876,23.6592530634221,"Yes"
"2238","CA1700736",40,44925.7105326719,27.9156116996234,"Yes",19,4810.98233303128,2.98941325824952,"No"
"2239","CA4600071",29,20229.5698690741,12.570103190795,"Yes",144,12628.2477514965,7.84684886443917,"Yes"
"2240","CA3301947",14,11159.0327941568,6.93391874567017,"Yes",58,11159.0327941568,6.93391874567017,"Yes"
"2241","CA2700579",31,1812.90701761254,1.12649099482554,"No",115,1812.90701761254,1.12649099482554,"No"
"2242","CA4600075",55,60600.0826370306,37.6552391893762,"Yes",51,25025.1700913603,15.5499584247954,"Yes"
"2243","CA4600069",29,26487.9306109126,16.4588779318929,"Yes",144,20188.9791423377,12.5448812198402,"Yes"
"2244","CA1000279",11,17551.4961927651,10.9060212215971,"Yes",97,0,0,"No"
"2245","CA4600012",55,66803.8510470324,41.5100917438406,"Yes",51,24414.0046498707,15.1701968818713,"Yes"
"2246","CA4510800",28,18858.1490104864,11.7179396587958,"Yes",106,18858.1490104864,11.7179396587958,"Yes"
"2247","CA4510505",28,10157.8869179996,6.31183399281669,"Yes",106,10157.8869179996,6.31183399281669,"Yes"
"2248","CA4500284",28,6918.15131980051,4.29875061814191,"No",106,6918.15131980051,4.29875061814191,"No"
"2249","CA4500285",28,21647.816430103,13.4513629376658,"Yes",106,21647.816430103,13.4513629376658,"Yes"
"2250","CA1010051",11,7052.13769318655,4.38200609764658,"No",47,7052.13769318655,4.38200609764658,"No"
"2251","CA3500575",12,16724.634821898,10.3922321087514,"Yes",59,4566.85955220285,2.83772201784759,"No"
"2252","CA1206004",28,144861.626946764,90.0130655714541,"Yes",46,0,0,"No"
"2253","CA4900748",40,14928.8065729339,9.27635339513953,"Yes",167,10204.8506266236,6.34101596096758,"Yes"
"2254","CA3400149",1,8459.81508544933,5.25669845119697,"Yes",1,8459.81508544933,5.25669845119697,"Yes"
"2255","CA0900631",29,50232.6217246022,31.2131816301106,"Yes",136,3309.2537161892,2.05628003789702,"No"
"2256","CA1510018",25,11529.4857487471,7.16410811186391,"Yes",111,0,0,"No"
"2257","CA1910303",25,8890.15072010072,5.52409728217824,"Yes",95,8890.15072010072,5.52409728217824,"Yes"
"2258","CA5800924",55,51839.7988959694,32.2118377073642,"Yes",51,18183.6510005217,11.2988249844792,"Yes"
"2259","CA1200597",28,127417.399527644,79.1736982412938,"Yes",44,59634.8871188549,37.0554930088452,"Yes"
"2260","CA1210307",28,126695.836002815,78.7253383392043,"Yes",44,60703.9687888324,37.7197912118212,"Yes"
"2261","CA1200587",28,131056.313357756,81.4348200863435,"Yes",46,51274.422521266,31.8605282421776,"Yes"
"2262","CA1502564",3,47792.595160428,29.6970156464314,"Yes",7,47792.595160428,29.6970156464314,"Yes"
"2263","CA5105004",30,5438.13409400123,3.37910826425816,"No",113,5438.13409400123,3.37910826425816,"No"
"2264","CA1400109",11,115392.347624302,71.7016588317584,"Yes",10,7031.24722323694,4.36902532916409,"No"
"2265","CA1610006",13,14579.2214719439,9.05913074424539,"Yes",68,8244.53074346556,5.12292663046066,"Yes"
"2266","CA1900801",25,2222.57014717742,1.3810444947478,"No",95,2222.57014717742,1.3810444947478,"No"
"2267","CA1710011",40,35912.7742571144,22.3152188208299,"Yes",20,0,0,"No"
"2268","CA1510027",51,42659.8407649564,26.5076620011659,"Yes",130,40434.7468899473,25.1250493307488,"Yes"
"2269","CA1000601",11,12247.3980173928,7.61019922290678,"Yes",118,8014.59625820661,4.98005161010514,"No"
"2270","CA1000502",11,100.096933560686,0.0621975055368574,"No",47,100.096933560686,0.0621975055368574,"No"
"2271","CA1000041",11,13440.4082112775,8.35150323193201,"Yes",47,13440.4082112775,8.35150323193201,"Yes"
"2272","CA2110500",33,30545.1274176592,18.9799094148279,"Yes",117,30545.1274176592,18.9799094148279,"Yes"
"2273","CA5301201",28,48501.5998923995,30.1375718570343,"Yes",85,39389.4275761713,24.4755164080749,"Yes"
"2274","CA1900055",25,1085.97825823612,0.674797282262367,"No",95,1085.97825823612,0.674797282262367,"No"
"2275","CA1000545",11,13737.96084836,8.53639432833334,"Yes",128,0,0,"No"
"2276","CA1000042",11,29471.4100959141,18.3127307442269,"Yes",47,29471.4100959141,18.3127307442269,"Yes"
"2277","CA1000525",11,36958.0907330873,22.9647499801703,"Yes",90,21189.3622464565,13.1664920069448,"Yes"
"2278","CA1000508",11,23464.1189911395,14.5799638306011,"Yes",47,23464.1189911395,14.5799638306011,"Yes"
"2279","CA1000599",11,10513.4164126562,6.53275032787118,"Yes",118,8351.34878474206,5.18930044909221,"Yes"
"2280","CA1000635",11,10838.847502558,6.73496433479439,"Yes",128,0,0,"No"
"2281","CA1000562",11,15544.9154711469,9.65918666729648,"Yes",128,13451.0020872647,8.35808597764595,"Yes"
"2282","CA1210016",28,142809.802698484,88.7381179231759,"Yes",2,0,0,"No"
"2283","CA2400128",48,1871.8639871148,1.16312524830974,"No",146,1871.8639871148,1.16312524830974,"No"
"2284","CA1700609",40,20183.4801563181,12.5414642998485,"Yes",13,11033.7351374863,6.856062197849,"Yes"
"2285","CA2300735",40,114171.70759835,70.9431863983685,"Yes",44,1146.81800208561,0.712601440395202,"No"
"2286","CA2210901",21,42891.4078849262,26.6515514962197,"Yes",135,29118.4210454806,18.0933929719516,"Yes"
"2287","CA4901298",40,2781.05636811019,1.72807260623,"No",167,1188.40016596197,0.738439463358876,"No"
"2288","CA4300543",12,874.434296314921,0.543349631721651,"No",49,874.434296314921,0.543349631721651,"No"
"2289","CA1000573",11,26416.4616632653,16.4144690763079,"Yes",90,12022.6643581055,7.4705558540181,"Yes"
"2290","CA1300632",8,51133.2406220444,31.7728016590928,"Yes",80,45727.3719695029,28.4137422604937,"Yes"
"2291","CA5400538",52,287.380012587788,0.17857010488013,"No",153,287.380012587788,0.17857010488013,"No"
"2292","CA4901063",40,297.615909499795,0.184930412156409,"No",126,297.615909499795,0.184930412156409,"No"
"2293","CA0210001",30,77144.5302267154,47.9355078645379,"Yes",136,37192.4356712308,23.1103655357046,"Yes"
"2294","CA0800635",28,164351.000061477,102.123230679332,"Yes",27,25074.5852352716,15.5806636479996,"Yes"
"2295","CA0800825",28,188854.233405392,117.34887183901,"Yes",27,2985.04384164962,1.85482486090548,"No"
"2296","CA2300668",40,104658.642903357,65.032027354914,"Yes",44,4369.02243619018,2.7147914276599,"No"
"2297","CA2000385",11,47981.3798598619,29.8143213117563,"Yes",47,47981.3798598619,29.8143213117563,"Yes"
"2298","CA1300629",8,35774.1920072378,22.229107588973,"Yes",36,35774.1920072378,22.229107588973,"Yes"
"2299","CA4900946",40,318.342059505062,0.197809076705396,"No",126,318.342059505062,0.197809076705396,"No"
"2300","CA2701876",53,227.394251614435,0.141296588424096,"No",156,227.394251614435,0.141296588424096,"No"
"2301","CA5400747",52,27814.2146966296,17.28299470381,"Yes",161,17873.474925201,11.1060900277139,"Yes"
"2302","CA5601725",37,31416.5221008237,19.521370313808,"Yes",122,31416.5221008237,19.521370313808,"Yes"
"2303","CA1400024",11,112452.606684772,69.8749839591209,"Yes",10,0,0,"No"
"2304","CA4900568",40,13140.114140861,8.1649086835976,"Yes",167,6906.75418609285,4.29166874998002,"No"
"2305","CA5401071",52,47697.1772868637,29.6377255812095,"Yes",161,39116.9554351941,24.3062096481751,"Yes"
"2306","CA1200501",28,105612.472968071,65.6247113525239,"Yes",46,58124.0185066353,36.116680444552,"Yes"
"2307","CA5400940",52,31161.9286859754,19.3631729068907,"Yes",161,21189.1385462477,13.1663530057339,"Yes"
"2308","CA1400031",11,115759.42793743,71.9297525304972,"Yes",10,0,0,"No"
"2309","CA4900533",40,750.400999285043,0.466278722510497,"No",126,750.400999285043,0.466278722510497,"No"
"2310","CA0900103",30,50766.5799949475,31.5449687418119,"Yes",100,19399.8949833011,12.0545658364927,"Yes"
"2311","CA2400057",21,50750.5746413704,31.5350234514586,"Yes",34,15322.1079654934,9.52074015776241,"Yes"
"2312","CA3900682",17,5132.77942192956,3.18936919602418,"No",72,5132.77942192956,3.18936919602418,"No"
"2313","CA3110028",29,24910.1801375045,15.4785068024808,"Yes",144,3929.91282325153,2.44194068577897,"No"
"2314","CA4900703",40,1592.2430043956,0.989376393052801,"No",167,0,0,"No"
"2315","CA4901383",40,3175.32303181337,1.97305916202503,"No",134,275.226650049883,0.171018336740455,"No"
"2316","CA0300085",30,37257.5654100264,23.1508353797373,"Yes",64,11239.106842741,6.98367457637357,"Yes"
"2317","CA3200127",5,75926.7082913544,47.1787865158105,"Yes",138,40267.1720264759,25.0209228792399,"Yes"
"2318","CA0400149",5,4662.73094075521,2.89729388491879,"No",17,4662.73094075521,2.89729388491879,"No"
"2319","CA2100527",33,7078.82685891152,4.39859001759201,"No",117,7078.82685891152,4.39859001759201,"No"
"2320","CA3400128",1,7555.55439512342,4.69481551140432,"No",1,7555.55439512342,4.69481551140432,"No"
"2321","CA2701837",31,1147.90554500753,0.713277209916819,"No",16,0,0,"No"
"2322","CA1210312",28,125471.65139663,77.9646634002944,"Yes",46,26027.0414176916,16.1724939526089,"Yes"
"2323","CA5500213",30,107300.447370068,66.6735726260878,"Yes",135,44584.2992196499,27.7034680177277,"Yes"
"2324","CA5800820",55,16466.241689706,10.2316736610697,"Yes",51,14917.7710117274,9.26949619827222,"Yes"
"2325","CA4901153",40,3862.96885138897,2.40034352678052,"No",126,3862.96885138897,2.40034352678052,"No"
"2326","CA1206013",28,151070.211842648,93.8709109589323,"Yes",2,23650.6513666896,14.6958699632704,"Yes"
"2327","CA1210321",28,151108.419796505,93.894652339782,"Yes",2,24807.093013666,15.414451274228,"Yes"
"2328","CA1200798",28,127927.079292984,79.4903993518982,"Yes",46,11913.3023330249,7.40260127320818,"Yes"
"2329","CA5500357",21,56581.4588357537,35.1581759204107,"Yes",135,22044.5206220347,13.6978641070468,"Yes"
"2330","CA0800555",28,181226.538153061,112.609229965738,"Yes",27,13802.2403692647,8.57633587014843,"Yes"
"2331","CA1200522",28,137893.181015516,85.6830632529583,"Yes",46,59724.0982859844,37.1109263959042,"Yes"
"2332","CA3610093",59,8766.02696484646,5.44697016469264,"Yes",28,0,0,"No"
"2333","CA5500128",22,50760.2284198606,31.5410220462181,"Yes",135,0,0,"No"
"2334","CA5800827",55,36429.8530501204,22.6365174855036,"Yes",51,16901.7248330927,10.5022710136408,"Yes"
"2335","CA3700924",32,31254.8199649914,19.4208930151437,"Yes",169,24834.062522492,15.4312093917333,"Yes"
"2336","CA2701956",31,3309.90824566764,2.05668674467026,"No",115,3309.90824566764,2.05668674467026,"No"
"2337","CA1900936",25,3651.06758699316,2.26867385822335,"No",95,3651.06758699316,2.26867385822335,"No"
"2338","CA1700596",40,51130.8449765423,31.7713130702911,"Yes",176,8090.18471405682,5.02702021577592,"Yes"
"2339","CA1200704",28,152772.677717675,94.9287768387505,"Yes",2,13654.1280930398,8.48430293973917,"Yes"
"2340","CA4901263",40,3103.82590422507,1.92863279619289,"No",126,3103.82590422507,1.92863279619289,"No"
"2341","CA1710018",40,48650.0781133381,30.2298321755117,"Yes",176,7615.60356657268,4.73212842940129,"No"
"2342","CA4300578",12,3337.68971464343,2.0739493920759,"No",49,3337.68971464343,2.0739493920759,"No"
"2343","CA5500268",48,36083.2522120107,22.4211491742023,"Yes",135,23764.8092186545,14.7668045401559,"Yes"
"2344","CA1000067",11,59281.9388514469,36.83618057803,"Yes",78,40613.512833185,25.2361296141182,"Yes"
"2345","CA2702163",53,1062.41086061506,0.660153143906856,"No",156,1062.41086061506,0.660153143906856,"No"
"2346","CA4901331",40,3906.51278588994,2.42740054052589,"No",126,3906.51278588994,2.42740054052589,"No"
"2347","CA5500049",22,28765.6922833646,17.8742169357405,"Yes",135,13196.1588669693,8.19973334843434,"Yes"
"2348","CA1000482",11,449.838576119824,0.279517427094228,"No",47,449.838576119824,0.279517427094228,"No"
"2349","CA4900611",40,9443.07167013839,5.86766728605415,"Yes",21,1056.2281645119,0.65631138510936,"No"
"2350","CA1000424",11,20998.1815066693,13.0476975074685,"Yes",47,20998.1815066693,13.0476975074685,"Yes"
"2351","CA4901451",40,650.918718782266,0.404463145626323,"No",126,650.918718782266,0.404463145626323,"No"
"2352","CA1200706",28,150109.410777416,93.2738953716531,"Yes",2,7017.25124605739,4.36032861052195,"No"
"2353","CA5400550",52,10039.4532593769,6.23824254624687,"Yes",92,5865.71065203173,3.64479268024888,"No"
"2354","CA2800521",23,5746.94261046251,3.57099345723247,"No",86,5746.94261046251,3.57099345723247,"No"
"2355","CA2400064",48,13956.9278444137,8.67245444990722,"Yes",173,9195.1339632034,5.71360555457728,"Yes"
"2356","CA5500054",30,93009.0307174801,57.7932759500665,"Yes",135,23410.3894801477,14.5465777773172,"Yes"
"2357","CA5500132",22,52182.8871652537,32.4250234041618,"Yes",135,0,0,"No"
"2358","CA5500125",22,53161.6018454912,33.0331700234203,"Yes",135,0,0,"No"
"2359","CA1000579",11,23861.1430571371,14.8266637610058,"Yes",47,23861.1430571371,14.8266637610058,"Yes"
"2360","CA5304113",28,76341.5668669692,47.4365683242629,"Yes",170,58565.2022912287,36.3908200201503,"Yes"
"2361","CA3301535",58,5415.00971621428,3.36473940634936,"No",184,5415.00971621428,3.36473940634936,"No"
"2362","CA3901248",17,6080.47724914723,3.77824278843951,"No",72,6080.47724914723,3.77824278843951,"No"
"2363","CA2310004",40,85299.5571901204,53.0028192862418,"Yes",158,0,0,"No"
"2364","CA2000728",19,5661.31835874489,3.51778888161911,"No",76,5661.31835874489,3.51778888161911,"No"
"2365","CA5410003",52,3081.76696771094,1.91492597444353,"No",40,0,0,"No"
"2366","CA1200643",28,152834.97087553,94.9674841087215,"Yes",2,13262.5420666192,8.24098205886836,"Yes"
"2367","CA5400732",27,27086.0649613276,16.8305423100946,"Yes",102,27086.0649613276,16.8305423100946,"Yes"
"2368","CA2700731",31,867.494300720032,0.539037307666517,"No",115,867.494300720032,0.539037307666517,"No"
"2369","CA5400792",27,3145.91205459625,1.95478398262409,"No",102,3145.91205459625,1.95478398262409,"No"
"2370","CA3500579",31,21815.0107516622,13.5552529308053,"Yes",59,748.44178438287,0.465061319785049,"No"
"2371","CA1800524",29,97493.8878442386,60.5800438964039,"Yes",138,0,0,"No"
"2372","CA1900581",51,19734.7666511758,12.2626459611865,"Yes",152,19734.7666511758,12.2626459611865,"Yes"
"2373","CA2310001",40,110915.829799682,68.9200727004125,"Yes",44,0,0,"No"
"2374","CA2700853",31,529.949023955949,0.329295875300402,"No",115,529.949023955949,0.329295875300402,"No"
"2375","CA2400122",21,4159.70538312827,2.58472751757135,"No",173,1692.40501578592,1.05161433617876,"No"
"2376","CA2400245",48,6545.45125634972,4.06716495976594,"No",173,0,0,"No"
"2377","CA2400249",21,4271.39461151783,2.65412815907007,"No",173,724.378409779926,0.450108994854988,"No"
"2378","CA2400226",21,5468.24104590141,3.39781590335256,"No",82,5468.24104590141,3.39781590335256,"No"
"2379","CA1000049",11,53415.3298650528,33.1908296973,"Yes",78,45133.1749759295,28.0445244484879,"Yes"
"2380","CA2400250",21,18947.76826557,11.7736266205836,"Yes",18,3009.00989473033,1.86971671289493,"No"
"2381","CA2400248",21,9263.69093953145,5.75620499057467,"Yes",82,9263.69093953145,5.75620499057467,"Yes"
"2382","CA4901147",40,2365.55896204248,1.46989384595081,"No",167,0,0,"No"
"2383","CA3710011",8,56120.9657919393,34.8720380975675,"Yes",169,54016.1270197228,33.5641486694688,"Yes"
"2384","CA1010057",11,3121.69379595594,1.93973541697586,"No",47,3121.69379595594,1.93973541697586,"No"
"2385","CA2208034",21,39968.8606628684,24.8355603308613,"Yes",135,28728.377238841,17.8510303844067,"Yes"
"2386","CA2000775",19,37458.9522537692,23.275971673959,"Yes",76,37458.9522537692,23.275971673959,"Yes"
"2387","CA4900708",40,3568.30692761369,2.21724864081778,"No",167,0,0,"No"
"2388","CA2400058",21,26934.0217818511,16.7360668235744,"Yes",34,5539.4533017155,3.44206525763077,"No"
"2389","CA2000527",11,50430.1482495176,31.3359192274582,"Yes",47,50430.1482495176,31.3359192274582,"Yes"
"2390","CA5700571",54,14268.4757253327,8.8660418092713,"Yes",162,14268.4757253327,8.8660418092713,"Yes"
"2391","CA1300662",56,25058.8791306438,15.5709043027849,"Yes",166,25058.8791306438,15.5709043027849,"Yes"
"2392","CA3610025",15,36939.5346259771,22.9532197211137,"Yes",165,6546.57514720223,4.06786331490066,"No"
"2393","CA1909006",25,27029.627988823,16.7954739140412,"Yes",95,27029.627988823,16.7954739140412,"Yes"
"2394","CA1009111",11,50211.5997046097,31.2001191200179,"Yes",78,48679.242445168,30.2479540961935,"Yes"
"2395","CA2400028",21,6812.61916683467,4.23317581544898,"No",173,0,0,"No"
"2396","CA2400066",21,7079.88664584915,4.39924854030171,"No",82,7079.88664584915,4.39924854030171,"No"
"2397","CA2400065",21,9503.10540930406,5.90497061485085,"Yes",82,9503.10540930406,5.90497061485085,"Yes"
"2398","CA4901353",40,3059.15053074754,1.90087273711431,"No",126,3059.15053074754,1.90087273711431,"No"
"2399","CA5403132",47,13817.0720235635,8.58555185576915,"Yes",35,803.664093534597,0.499374957146779,"No"
"2400","CA0900582",29,43600.37792764,27.0920861518635,"Yes",136,0,0,"No"
"2401","CA1502659",3,89862.8890571373,55.8383492966914,"Yes",109,3047.70346542451,1.89375984280793,"No"
"2402","CA3601015",51,63624.2698711407,39.5343866871765,"Yes",45,32662.9011584445,20.2958362797448,"Yes"
"2403","CA2810302",40,12333.6333168999,7.66378348695732,"Yes",114,2276.19847284856,1.41436767423202,"No"
"2404","CA1000280",11,24047.9916178755,14.9427663625309,"Yes",47,24047.9916178755,14.9427663625309,"Yes"
"2405","CA1000586",11,316.739209303372,0.196813109289132,"No",47,316.739209303372,0.196813109289132,"No"
"2406","CA1000591",11,2288.073072317,1.42174622660035,"No",47,2288.073072317,1.42174622660035,"No"
"2407","CA1000634",11,10781.3560753677,6.69924072934725,"Yes",128,0,0,"No"
"2408","CA1000485",11,1503.90457754833,0.93448530301138,"No",47,1503.90457754833,0.93448530301138,"No"
"2409","CA1000553",11,157.91414936835,0.098123547148738,"No",47,157.91414936835,0.098123547148738,"No"
"2410","CA5000049",22,5218.55896653325,3.24267026640315,"No",180,0,0,"No"
"2411","CA1000578",11,19675.7623370351,12.2259822890347,"Yes",168,512.271911757942,0.318311799717861,"No"
"2412","CA1300638",8,32161.9926635691,19.9845853974729,"Yes",12,19477.0953447508,12.102536036357,"Yes"
"2413","CA4901278",26,9184.53202669927,5.70701780027792,"Yes",134,3449.70475550927,2.14355248456465,"No"
"2414","CA0500003",17,34250.3675885783,21.2822446397767,"Yes",104,161.531750724411,0.100371426003462,"No"
"2415","CA1000083",11,32637.2871613474,20.279920440272,"Yes",47,32637.2871613474,20.279920440272,"Yes"
"2416","CA1000593",11,9155.44943331435,5.68894666963746,"Yes",128,6101.25339671054,3.79115252010796,"No"
"2417","CA4901345",23,8281.31464404801,5.14578314343023,"Yes",134,320.990211743572,0.199454566308904,"No"
"2418","CA0810800",28,163150.71552954,101.377406594964,"Yes",27,28065.9011283479,17.4393857906644,"Yes"
"2419","CA1000564",13,45432.1004993734,28.2302686190447,"Yes",61,8998.21277129366,5.59124409465598,"Yes"
"2420","CA4500219",28,33785.3565488666,20.9932994574587,"Yes",106,33785.3565488666,20.9932994574587,"Yes"
"2421","CA0910302",29,49178.6228309146,30.5582554531141,"Yes",136,7638.56495883423,4.74639601254814,"No"
"2422","CA1000627",13,12879.3126508124,8.00285374800377,"Yes",57,12879.3126508124,8.00285374800377,"Yes"
"2423","CA1000641",19,23503.0757205627,14.6041704801737,"Yes",81,9622.75778760426,5.9793193406019,"Yes"
"2424","CA4901381",40,3884.57040710384,2.41376614457097,"No",126,3884.57040710384,2.41376614457097,"No"
"2425","CA1000012",11,59666.2694276311,37.0749931199318,"Yes",10,52165.3701929278,32.4141388351298,"Yes"
"2426","CA0706000",46,4887.33327874325,3.03685565433237,"No",32,3743.16959061474,2.32590353226462,"No"
"2427","CA1510056",3,30366.3401000018,18.8688158499769,"Yes",7,30366.3401000018,18.8688158499769,"Yes"
"2428","CA2700594",31,202.961044084625,0.126114459396165,"No",115,202.961044084625,0.126114459396165,"No"
"2429","CA5500020",22,59651.2723820651,37.0656743646869,"Yes",135,2443.68372546719,1.51843844400015,"No"
"2430","CA1000575",11,6838.34216086983,4.24915938264744,"No",128,1968.8052746005,1.22336192140908,"No"
"2431","CA5610006",57,4233.88301662889,2.63081947669783,"No",183,4233.88301662889,2.63081947669783,"No"
"2432","CA0900106",30,28837.4052798265,17.9187774366054,"Yes",100,16050.6358024924,9.97342749356409,"Yes"
"2433","CA3901304",43,186.092983222961,0.115633106256578,"No",137,186.092983222961,0.115633106256578,"No"
"2434","CA0900104",30,16972.7882901471,10.5464279084265,"Yes",100,10494.4541937977,6.52096772204612,"Yes"
"2435","CA1500374",3,39394.4397606375,24.4786308428533,"Yes",140,0,0,"No"
"2436","CA1110002",5,7924.24274668867,4.92390840138732,"No",17,7924.24274668867,4.92390840138732,"No"
"2437","CA2710705",9,14889.788922423,9.25210889086395,"Yes",37,14889.788922423,9.25210889086395,"Yes"
"2438","CA1510012",3,5253.72987236004,3.2645245084072,"No",182,0,0,"No"
"2439","CA1300616",56,75524.9055657099,46.9291172565834,"Yes",11,20589.2117535572,12.7935748527702,"Yes"
"2440","CA2300591",40,79961.1069935182,49.6856518781104,"Yes",158,3300.7931556222,2.05102287622392,"No"
"2441","CA0510002",30,46570.0007760236,28.9373288279814,"Yes",64,9347.02947260461,5.80798928293873,"Yes"
"2442","CA4901328",40,2081.1066787749,1.29314295225055,"No",126,2081.1066787749,1.29314295225055,"No"
"2443","CA2000800",19,28713.7745960174,17.841956700273,"Yes",43,1279.07574308803,0.794782794864992,"No"
"2444","CA4500018",28,12514.1149563605,7.77592985718401,"Yes",106,12514.1149563605,7.77592985718401,"Yes"
"2445","CA2300663",40,121293.210522773,75.3682941595767,"Yes",44,25096.391047398,15.5942131851554,"Yes"
"2446","CA2300837",40,46725.4805032295,29.0339396915689,"Yes",149,1788.95702645516,1.11160912327735,"No"
"2447","CA3301690",59,6251.0119347054,3.8842083926985,"No",185,6251.0119347054,3.8842083926985,"No"
"2448","CA5410513",52,33854.5597606095,21.0363004465243,"Yes",161,23508.7422735414,14.6076915217054,"Yes"
"2449","CA2100581",26,18707.3405694213,11.6242314050613,"Yes",99,18707.3405694213,11.6242314050613,"Yes"
"2450","CA0300048",30,38141.3881790304,23.7000187524267,"Yes",64,25834.8739749036,16.0530863427887,"Yes"
"2451","CA2800040",23,2934.46851880345,1.8233987341416,"No",86,2934.46851880345,1.8233987341416,"No"
"2452","CA0901244",30,25550.5798455779,15.8764337216361,"Yes",100,18925.3058246193,11.7596690721782,"Yes"
"2453","CA3701341",32,28736.5965317417,17.8561376289297,"Yes",116,28736.5965317417,17.8561376289297,"Yes"
"2454","CA1009120",11,16477.5727325757,10.2387144621868,"Yes",65,15044.3491737941,9.34814841723571,"Yes"
"2455","CA1700589",40,51202.2373108305,31.8156743204236,"Yes",176,8691.78695511796,5.40083944667874,"Yes"
"2456","CA0900102",30,10489.7002789719,6.51801376898102,"Yes",100,10060.5132089973,6.2513286247762,"Yes"
"2457","CA4901017",40,17207.5395882687,10.6922959649724,"Yes",21,1571.77997515361,0.976661224572564,"No"
"2458","CA3710009",32,18118.3780170624,11.2582661321178,"Yes",169,7486.47109644594,4.65188903304829,"No"
"2459","CA4901347",40,3132.11011739112,1.94620783513187,"No",126,3132.11011739112,1.94620783513187,"No"
"2460","CA2400071",21,4089.03330635613,2.54081381582272,"No",82,4089.03330635613,2.54081381582272,"No"
"2461","CA2400062",21,16388.250799656,10.1832122482856,"Yes",82,16388.250799656,10.1832122482856,"Yes"
"2462","CA2400055",48,25593.9192086634,15.9033636202813,"Yes",55,0,0,"No"
"2463","CA1210021",28,137548.123013785,85.4686536181198,"Yes",170,478.636205832329,0.297411489077715,"No"
"2464","CA3500562",31,7681.12833009058,4.77284373102675,"No",115,7681.12833009058,4.77284373102675,"No"
"2465","CA1200588",28,151766.928251777,94.3038315407414,"Yes",2,9963.13957250663,6.19082330179243,"Yes"
"2466","CA5000117",22,91.6817988330386,0.0569685702418623,"No",83,91.6817988330386,0.0569685702418623,"No"
"2467","CA1010021",19,31234.9947294158,19.4085741542594,"Yes",81,0,0,"No"
"2468","CA0400021",55,15829.3801200602,9.83594524467184,"Yes",53,2655.1025026241,1.64980830814129,"No"
"2469","CA2701935",31,1681.32554809418,1.04472985701852,"No",115,1681.32554809418,1.04472985701852,"No"
"2470","CA4901119",40,3648.24466002574,2.26691976836823,"No",126,3648.24466002574,2.26691976836823,"No"
"2471","CA5000337",22,15731.5127601597,9.77513313542177,"Yes",98,0,0,"No"
"2472","CA0707542",6,702.383484939158,0.436441948214273,"No",24,702.383484939158,0.436441948214273,"No"
"2473","CA3600382",15,106569.368308708,66.2193000290231,"Yes",96,65597.5365622913,40.7605208111967,"Yes"
"2474","CA1310013",8,5061.81199834002,3.14527197381537,"No",36,5061.81199834002,3.14527197381537,"No"
"2475","CA2000524",11,51521.3323319458,32.0139512669454,"Yes",47,51521.3323319458,32.0139512669454,"Yes"
"2476","CA2701742",31,52172.1571488789,32.4183560645227,"Yes",66,5850.74627611109,3.63549422503081,"No"
"2477","CA0310002",30,24490.9548206224,15.2180116200569,"Yes",64,12432.22122839,7.72504332732053,"Yes"
"2478","CA2701355",41,8902.43867131006,5.531732680049,"Yes",127,8902.43867131006,5.531732680049,"Yes"
"2479","CA3110051",29,26320.1906187588,16.3546488739227,"Yes",144,1944.01123913665,1.20795558374032,"No"
"2480","CA5200503",28,54918.7847340619,34.1250355636856,"Yes",105,51847.8059700114,32.2168130848742,"Yes"
"2481","CA4900999",40,11855.5992434197,7.36674614650711,"Yes",167,2424.18562442763,1.50632285559772,"No"
"2482","CA0300049",30,33930.3668474715,21.0834049035452,"Yes",64,10497.0105961553,6.52255620077503,"Yes"
"2483","CA3200130",5,64585.1803316354,40.1314702496896,"Yes",138,46381.3690495138,28.8201182158611,"Yes"
"2484","CA5400819",52,30.3360969245655,0.018850023565291,"No",153,30.3360969245655,0.018850023565291,"No"
"2485","CA2701503",31,3287.22315364137,2.04259084695675,"No",115,3287.22315364137,2.04259084695675,"No"
"2486","CA2702466",31,37688.7820588143,23.4187816488836,"Yes",132,4678.10379883258,2.90684615981246,"No"
"2487","CA1210308",28,122176.267812165,75.9170018841047,"Yes",46,17201.6530527106,10.6886382322633,"Yes"
"2488","CA1700536",40,33711.3431782387,20.947309566803,"Yes",20,0,0,"No"
"2489","CA5500112",22,72524.439422961,45.0647093982384,"Yes",135,657.787724728685,0.408731358649313,"No"
"2490","CA5500168",22,94078.2998541425,58.4576906397297,"Yes",135,22036.9856434681,13.6931820767943,"Yes"
"2491","CA1000497",11,25833.2558496095,16.0520808838465,"Yes",47,25833.2558496095,16.0520808838465,"Yes"
"2492","CA5500109",22,56644.9727583845,35.1976417403312,"Yes",135,780.87998441998,0.485217532914102,"No"
"2493","CA2700535",31,2768.48727596142,1.72026251504432,"No",115,2768.48727596142,1.72026251504432,"No"
"2494","CA3710707",57,91402.0700746946,56.7947544177704,"Yes",183,91402.0700746946,56.7947544177704,"Yes"
"2495","CA4900711",40,3568.38099910662,2.21729466682405,"No",167,0,0,"No"
"2496","CA5500266",48,35759.8272754038,22.2201817362421,"Yes",135,24165.3105889942,15.0156651726759,"Yes"
"2497","CA2701570",31,3296.09188072226,2.0481016321736,"No",115,3296.09188072226,2.0481016321736,"No"
"2498","CA5500201",21,57001.3492138469,35.4190843537394,"Yes",135,21668.3224249827,13.4641048038219,"Yes"
"2499","CA5500210",21,51064.0449133985,31.7298053322471,"Yes",135,15982.6506871229,9.9311833963755,"Yes"
"2500","CA5500194",22,52209.7754997152,32.4417310821301,"Yes",135,0,0,"No"
"2501","CA5500237",22,74736.5673759403,46.4392653982007,"Yes",135,2678.42256530966,1.66429875931106,"No"
"2502","CA5500242",22,43749.2602501554,27.1845975680437,"Yes",135,1083.25526146391,0.673105286306133,"No"
"2503","CA3200195",5,74592.8352681983,46.3499541850686,"Yes",138,36526.7230459622,22.6967098599191,"Yes"
"2504","CA2110502",33,28417.9036368115,17.6581105526561,"Yes",117,28417.9036368115,17.6581105526561,"Yes"
"2505","CA1800569",29,106716.0113963,66.3104200456709,"Yes",138,2287.84526199571,1.42160467147757,"No"
"2506","CA4600017",29,52735.4939913216,32.768398219967,"Yes",144,37792.7531004872,23.4833864195802,"Yes"
"2507","CA4600056",29,54095.566958121,33.6135104813905,"Yes",144,38647.3502091989,24.0144097637534,"Yes"
"2508","CA1200592",28,152133.201782356,94.5314239267997,"Yes",2,16170.3627377081,10.0478225469498,"Yes"
"2509","CA4510507",28,12175.7028742255,7.56564981559244,"Yes",106,12175.7028742255,7.56564981559244,"Yes"
"2510","CA5310800",28,32940.0768510978,20.4680656984216,"Yes",106,32940.0768510978,20.4680656984216,"Yes"
"2511","CA4500036",28,9119.72958138652,5.66675132749234,"Yes",106,9119.72958138652,5.66675132749234,"Yes"
"2512","CA4500072",28,68823.27850759,42.7649089114731,"Yes",106,68823.27850759,42.7649089114731,"Yes"
"2513","CA4510303",28,46325.7393312476,28.7855514255829,"Yes",85,14555.1117032886,9.04414959131604,"Yes"
"2514","CA4500039",28,68544.0497118365,42.5914037505042,"Yes",106,68544.0497118365,42.5914037505042,"Yes"
"2515","CA3210007",5,63927.4584920054,39.7227798302443,"Yes",138,48945.3578930918,30.4133109803346,"Yes"
"2516","CA3200022",5,71693.770450112,44.5485543453292,"Yes",138,43026.1955988255,26.7353049068721,"Yes"
"2517","CA3200009",5,76145.406497722,47.3146796188015,"Yes",138,54216.6555331813,33.6887516206527,"Yes"
"2518","CA3200020",29,45259.6181660441,28.1230927995602,"Yes",108,45259.6181660441,28.1230927995602,"Yes"
"2519","CA4910313",40,20666.9689743104,12.8418910698239,"Yes",167,16719.7066712066,10.3891698902697,"Yes"
"2520","CA2410002",21,33715.2637484817,20.9497457022641,"Yes",34,0,0,"No"
"2521","CA4100555",34,8456.2328115966,5.25447252388967,"Yes",119,8456.2328115966,5.25447252388967,"Yes"
"2522","CA3601085",51,20021.2497465241,12.4406587461469,"Yes",9,19892.4527451246,12.360627800915,"Yes"
"2523","CA5510004",22,90630.3272866044,56.3152144895451,"Yes",135,18744.3201394605,11.6472095016967,"Yes"
"2524","CA5500176",30,99604.22869765,61.891352167752,"Yes",135,47062.5054496002,29.2433578048145,"Yes"
"2525","CA5500248",22,78925.6367464195,49.0422388969512,"Yes",135,11356.9093566622,7.056873846833,"Yes"
"2526","CA4900844",40,591.03344955912,0.367252072004126,"No",126,591.03344955912,0.367252072004126,"No"
"2527","CA2310009",40,93427.3106179605,58.0531836765137,"Yes",158,1233.08652298424,0.766206347312714,"No"
"2528","CA2210516",21,70403.8495891112,43.7470326898674,"Yes",135,56392.3967587361,35.0406979002175,"Yes"
"2529","CA2210519",21,78090.1507279012,48.5230906631919,"Yes",78,56558.3250522303,35.1438012180337,"Yes"
"2530","CA4900686",40,7836.73633494403,4.86953430284715,"No",21,2941.03289538086,1.82747765877991,"No"
"2531","CA5510503",21,68502.1204716678,42.565350063795,"Yes",135,39627.7518344319,24.6236046046404,"Yes"
"2532","CA4710001",28,140934.40032137,87.5727940157893,"Yes",163,58596.7491215254,36.4104223604244,"Yes"
"2533","CA3410047",30,14169.1089883863,8.80429802800299,"Yes",113,14169.1089883863,8.80429802800299,"Yes"
"2534","CA1200710",28,152742.960133494,94.9103111421415,"Yes",2,12839.7420086269,7.97826562977797,"Yes"
"2535","CA2010012",19,22024.3788664993,13.6853485692888,"Yes",76,22024.3788664993,13.6853485692888,"Yes"
"2536","CA1300643",56,46171.9860312081,28.6900133167684,"Yes",60,43094.3535452532,26.7776563965683,"Yes"
"2537","CA0400019",5,25881.3869760874,16.0819882536241,"Yes",93,0,0,"No"
"2538","CA0300033",30,58215.5312884403,36.1735439922206,"Yes",100,35181.8296231099,21.861029753259,"Yes"
"2539","CA4900909",26,9371.33780917308,5.82309382055568,"Yes",134,1330.85430124255,0.82695657924525,"No"
"2540","CA4900580",40,1245.46183962152,0.773896031678528,"No",126,1245.46183962152,0.773896031678528,"No"
"2541","CA2010013",11,32864.8759186914,20.4213378892536,"Yes",47,32864.8759186914,20.4213378892536,"Yes"
"2542","CA2010014",19,42864.5875937993,26.6348860985244,"Yes",76,42864.5875937993,26.6348860985244,"Yes"
"2543","CA2701257",41,8291.29767131209,5.15198632440136,"Yes",127,8291.29767131209,5.15198632440136,"Yes"
"2544","CA1800528",29,99391.8324025944,61.759374900639,"Yes",138,3963.42253995448,2.46276271015104,"No"
"2545","CA1800577",29,87378.6815518999,54.294730480756,"Yes",138,8964.63204408564,5.57037794629204,"Yes"
"2546","CA1700734",40,31814.1853113197,19.7684673911788,"Yes",67,238.109712705748,0.14795488380687,"No"
"2547","CA0105010",16,5879.6106245927,3.65342974423844,"No",71,5879.6106245927,3.65342974423844,"No"
"2548","CA0500099",22,41369.9652584235,25.7061685277341,"Yes",104,14799.9027824608,9.19625609408877,"Yes"
"2549","CA3301800",14,10437.7399769483,6.48572705391547,"Yes",58,10437.7399769483,6.48572705391547,"Yes"
"2550","CA0800605",28,190430.656317398,118.32841805796,"Yes",27,0,0,"No"
"2551","CA0706022",1,5481.86491913579,3.40628140674798,"No",32,0,0,"No"
"2552","CA4010010",9,8339.66229802367,5.18203878485818,"Yes",37,8339.66229802367,5.18203878485818,"Yes"
"2553","CA2700842",31,2734.3457401014,1.69904789547355,"No",16,0,0,"No"
"2554","CA0900535",29,44541.4609794115,27.6768495031575,"Yes",136,0,0,"No"
"2555","CA0400079",5,8734.02891735247,5.42708745035385,"Yes",77,4907.48299787622,3.04937614045274,"No"
"2556","CA0500085",17,40076.0954747118,24.9021931193606,"Yes",104,5559.0234797644,3.45422563272174,"No"
"2557","CA1502319",3,30851.6351694287,19.1703649753493,"Yes",30,2654.46532704973,1.64941238461092,"No"
"2558","CA0900300",30,52524.0097378803,32.6369876706478,"Yes",100,21094.1852590896,13.1073516218385,"Yes"
"2559","CA1400007",11,115877.71536675,72.0032531141647,"Yes",10,0,0,"No"
"2560","CA4700531",28,100702.833142755,62.5739950183028,"Yes",85,41454.9703288532,25.758988360976,"Yes"
"2561","CA1710012",40,20904.3943743021,12.9894207403669,"Yes",19,11317.5608239586,7.03242374138377,"Yes"
"2562","CA0510003",22,44602.8258562234,27.7149799645963,"Yes",135,12159.9560332175,7.55586515790169,"Yes"
"2563","CA2500801",28,150894.051672703,93.761449832045,"Yes",85,96982.9070222251,60.2625343446538,"Yes"
"2564","CA2500911",28,144968.210831247,90.0792938914384,"Yes",138,112640.243016845,69.9915760602766,"Yes"
"2565","CA4700630",28,113485.569221365,70.5168387173404,"Yes",163,244.772042631363,0.152094673985213,"No"
"2566","CA2400167",21,4292.75139543342,2.66739868233774,"No",82,4292.75139543342,2.66739868233774,"No"
"2567","CA2010008",11,7103.06832363574,4.4136530028681,"No",47,7103.06832363574,4.4136530028681,"No"
"2568","CA2800035",40,12727.7126803271,7.90865365946729,"Yes",114,88.0477222401559,0.0547104541241477,"No"
"2569","CA2800527",40,16194.5275139759,10.0628378801098,"Yes",114,2193.30348803167,1.36285899066181,"No"
"2570","CA2800593",23,11851.2074655197,7.36401721545462,"Yes",86,11851.2074655197,7.36401721545462,"Yes"
"2571","CA3410005",30,9533.24708289027,5.92369982905432,"Yes",113,9533.24708289027,5.92369982905432,"Yes"
"2572","CA3310019",14,10847.1775206698,6.74014038094484,"Yes",58,10847.1775206698,6.74014038094484,"Yes"
"2573","CA0500019",22,60758.6961317157,37.7537972906382,"Yes",135,16457.9918488025,10.2265474348506,"Yes"
"2574","CA5200864",28,37140.2137957617,23.0779162860313,"Yes",106,37140.2137957617,23.0779162860313,"Yes"
"2575","CA4910308",40,18965.8484222223,11.7848611370017,"Yes",167,17231.5659898501,10.7072253158749,"Yes"
"2576","CA3301011",14,9824.05711259879,6.10440125305951,"Yes",58,9824.05711259879,6.10440125305951,"Yes"
"2577","CA3310040",15,12890.7238881472,8.00994437977504,"Yes",63,12890.7238881472,8.00994437977504,"Yes"
"2578","CA4700702",28,119935.555407518,74.5246842851839,"Yes",163,47954.3379628827,29.7975182142261,"Yes"
"2579","CA4900943",40,8163.75432709646,5.07273436756463,"Yes",167,7229.11233441251,4.49197331478277,"No"
"2580","CA0300036",30,56689.3480735925,35.2252153513816,"Yes",100,33166.5617537344,20.6087972421827,"Yes"
"2581","CA0300088",30,34032.067006081,21.1465986094182,"Yes",64,14019.8157582745,8.71153128504514,"Yes"
"2582","CA2701542",31,15508.9093517636,9.63681344635914,"Yes",50,715.583376713281,0.444644001089441,"No"
"2583","CA4700825",28,88731.419269222,55.1352848181379,"Yes",163,58542.5752645064,36.3767602026336,"Yes"
"2584","CA0800542",28,185692.58940013,115.384312451148,"Yes",27,860.458189008398,0.534665259676885,"No"
"2585","CA0300037",17,32574.2398812406,20.2407445792938,"Yes",64,8810.05284861712,5.47432664857465,"Yes"
"2586","CA1009179",13,35410.5070077724,22.0031236455767,"Yes",61,23634.1927202745,14.6856430091059,"Yes"
"2587","CA1910244",25,8837.78760489007,5.49156026998029,"Yes",95,8837.78760489007,5.49156026998029,"Yes"
"2588","CA3600114",15,19520.9466324096,12.1297840309752,"Yes",165,5935.43732311941,3.68811893268011,"No"
"2589","CA3500537",31,10512.0509979571,6.53190189640291,"Yes",59,3041.32805114935,1.8897983341925,"No"
"2590","CA4900975",40,600.08622070112,0.372877217182895,"No",126,600.08622070112,0.372877217182895,"No"
"2591","CA5500064",22,62216.3974341532,38.6595731381518,"Yes",135,3049.16796874007,1.89466984524095,"No"
"2592","CA1400005",11,118135.051188942,73.4059000515382,"Yes",10,0,0,"No"
"2593","CA1000122",52,51456.3485125547,31.9735720932523,"Yes",90,37006.8963564085,22.9950764638973,"Yes"
"2594","CA1700527",40,26338.9647435637,16.3663146032309,"Yes",19,6022.49992319882,3.7422172587513,"No"
"2595","CA5800874",55,18131.2123211451,11.2662410187686,"Yes",93,10988.9272457904,6.82821979556242,"Yes"
"2596","CA5200014",28,30974.872604425,19.2469413575907,"Yes",105,0,0,"No"
"2597","CA4901317",40,4085.59701222498,2.53867859633451,"No",126,4085.59701222498,2.53867859633451,"No"
"2598","CA3710041",32,30290.1339166724,18.8214634052919,"Yes",103,15358.9447965823,9.54362956030563,"Yes"
"2599","CA5200584",28,26734.7936250093,16.6122718785398,"Yes",105,0,0,"No"
"2600","CA3200509",29,54339.2784678014,33.7649461691137,"Yes",144,49784.5483181172,30.934761031303,"Yes"
"2601","CA2700629",31,432.244716294425,0.268585082266286,"No",115,432.244716294425,0.268585082266286,"No"
"2602","CA2400315",21,184.077237933943,0.114380577089952,"No",82,184.077237933943,0.114380577089952,"No"
"2603","CA0202503",29,62868.3923338087,39.0647049932324,"Yes",136,17573.0891958927,10.919438525043,"Yes"
"2604","CA5610702",24,100204.375861242,62.2642672531859,"Yes",94,100204.375861242,62.2642672531859,"Yes"
"2605","CA3701934",32,26080.5958177625,16.2057711967406,"Yes",169,15555.5315954942,9.66578323753476,"Yes"
"2606","CA4000705",2,319.070403082552,0.198261649547362,"No",89,0,0,"No"
"2607","CA3400103",1,10399.883662818,6.46220417240487,"Yes",110,9614.80758357042,5.97437930056447,"Yes"
"2608","CA5403212",52,11962.9067981906,7.43342413547824,"Yes",92,4374.83048579669,2.71840039133849,"No"
"2609","CA0400010",5,10862.9034125145,6.74991202139667,"Yes",77,470.971909133481,0.292649104063455,"No"
"2610","CA4210009",36,52660.6426246813,32.7218876214357,"Yes",139,25593.2373024722,15.9029399023651,"Yes"
"2611","CA0400060",55,14205.8129538041,8.82710487144053,"Yes",93,6953.83382855243,4.32092275625563,"No"
"2612","CA1500544",3,3470.99642584556,2.15678254802935,"No",7,3470.99642584556,2.15678254802935,"No"
"2613","CA2410021",21,21785.2245200575,13.5367445785586,"Yes",74,9648.24975151465,5.99515935197948,"Yes"
"2614","CA4200612",36,19913.4457706143,12.3736722946141,"Yes",133,1761.35818580293,1.09445995613291,"No"
"2615","CA2702641",31,11542.3461902047,7.172099239567,"Yes",50,5365.06061972498,3.33370239957062,"No"
"2616","CA4700880",28,61410.808991375,38.1590024428492,"Yes",85,0,0,"No"
"2617","CA5601105",45,11847.4430033201,7.36167808127565,"Yes",42,1029.20665474001,0.639520955633993,"No"
"2618","CA2000511",19,17958.6789148253,11.1590334639202,"Yes",18,953.379879038353,0.592404264504923,"No"
"2619","CA1310801",8,15032.8752387221,9.34101882679989,"Yes",36,15032.8752387221,9.34101882679989,"Yes"
"2620","CA4400684",38,702.927591533503,0.43678004121783,"No",123,702.927591533503,0.43678004121783,"No"
"2621","CA3302009",15,5180.7318759147,3.219165543586,"No",80,4830.88150870572,3.00177806349542,"No"
"2622","CA1300635",8,32136.6319953049,19.9688269696304,"Yes",12,19322.0012637728,12.0061648028215,"Yes"
"2623","CA3400167",1,8660.55124708924,5.38143042929974,"Yes",1,8660.55124708924,5.38143042929974,"Yes"
"2624","CA1200579",28,134977.429021511,83.8712944570512,"Yes",46,2868.66433311847,1.78250980719951,"No"
"2625","CA5200562",28,40132.4123762075,24.9371869065626,"Yes",105,37181.7166234128,23.1037050116276,"Yes"
"2626","CA1400193",11,94847.6674842704,58.935754709552,"Yes",10,18127.8206939249,11.2641335540811,"Yes"
"2627","CA0400155",5,33301.058268894,20.6923697098774,"Yes",77,24240.2654943131,15.0622401073192,"Yes"
"2628","CA2702409",31,4735.80193405279,2.94269820799383,"No",115,4735.80193405279,2.94269820799383,"No"
"2629","CA0405001",5,16905.8267716139,10.5048198464053,"Yes",77,2679.69091512474,1.66508687730668,"No"
"2630","CA2410007",21,7361.75535532199,4.57439407168279,"No",82,7361.75535532199,4.57439407168279,"No"
"2631","CA5800824",55,2736.19842435652,1.7001991029593,"No",164,2736.19842435652,1.7001991029593,"No"
"2632","CA2300708",40,75273.8800484277,46.7731368439408,"Yes",158,5119.34278115346,3.18102003377376,"No"
"2633","CA1500493",3,1920.26403628781,1.19319971931836,"No",7,1920.26403628781,1.19319971931836,"No"
"2634","CA0202504",29,72286.3337538723,44.9167570270249,"Yes",136,22861.9323152568,14.2057814478338,"Yes"
"2635","CA4410306",38,10349.1306860863,6.43066765635993,"Yes",123,10349.1306860863,6.43066765635993,"Yes"
"2636","CA1500597",3,13170.8775630935,8.18402423545896,"Yes",4,0,0,"No"
"2637","CA3210009",5,68259.7670783627,42.4147582725606,"Yes",138,48623.6728793581,30.2134246830117,"Yes"
"2638","CA2701273",41,22072.731783243,13.7153937534909,"Yes",127,22072.731783243,13.7153937534909,"Yes"
"2639","CA5410006",27,6333.50757899864,3.93546893695468,"No",69,0,0,"No"
"2640","CA2610004",11,111110.887808504,69.0412764291598,"Yes",78,15581.9641846092,9.68220772776986,"Yes"
"2641","CA4510011",28,1273.40781976203,0.791260901836795,"No",106,1273.40781976203,0.791260901836795,"No"
"2642","CA1000258",11,20909.3390754355,12.9924932428421,"Yes",47,20909.3390754355,12.9924932428421,"Yes"
"2643","CA4901404",40,2683.25052330609,1.66729872078373,"No",167,67.8114256856727,0.0421361711544315,"No"
"2644","CA2702256",9,37318.8676641976,23.1889269291745,"Yes",66,31494.1245453024,19.5695903571044,"Yes"
"2645","CA0707620",6,759.654903366135,0.47202884621406,"No",24,759.654903366135,0.47202884621406,"No"
"2646","CA4901204",40,4480.81702387076,2.78425753654962,"No",134,879.748784891114,0.546651910032134,"No"
"2647","CA1300622",56,72841.775266525,45.2618932397908,"Yes",11,22685.5327847375,14.0961715888113,"Yes"
"2648","CA1410800",11,109168.683194279,67.834443432885,"Yes",10,6488.26030382148,4.03162806108186,"No"
"2649","CA1510801",3,25291.4558008133,15.715421104809,"Yes",154,0,0,"No"
"2650","CA2800543",23,10243.8223680125,6.36523193856645,"Yes",86,10243.8223680125,6.36523193856645,"Yes"
"2651","CA0400103",5,31629.6274263627,19.6537881531328,"Yes",77,20090.2626253035,12.4835414674981,"Yes"
"2652","CA2702148",41,9375.69589421113,5.82580181578232,"Yes",127,9375.69589421113,5.82580181578232,"Yes"
"2653","CA2210907",21,28486.2636918032,17.7005876271038,"Yes",82,28486.2636918032,17.7005876271038,"Yes"
"2654","CA5601117",24,3666.14634492819,2.27804338730672,"No",94,3666.14634492819,2.27804338730672,"No"
"2655","CA2800625",40,13491.985391486,8.38355188554689,"Yes",114,0,0,"No"
"2656","CA2210503",21,84732.2575839754,52.6503147774711,"Yes",78,51463.9593372071,31.9783012521948,"Yes"
"2657","CA2600501",11,113705.082884476,70.6532385229201,"Yes",78,13891.9939446895,8.63210629493423,"Yes"
"2658","CA1200500",28,150416.206454985,93.4645298414162,"Yes",2,7646.22145218916,4.75115354877724,"No"
"2659","CA3600785",51,54443.9779630334,33.8300035809918,"Yes",8,24678.4596285282,15.3345219956804,"Yes"
"2660","CA2600538",11,111725.499315636,69.423179263323,"Yes",10,15846.7769292042,9.84675514757861,"Yes"
"2661","CA3700071",32,22457.8234307094,13.9546792043381,"Yes",169,11874.2359684404,7.37832649933539,"Yes"
"2662","CA3710026",32,2865.26314924608,1.78039640426888,"No",116,2865.26314924608,1.78039640426888,"No"
"2663","CA4900998",40,457.640838126177,0.284365539989174,"No",126,457.640838126177,0.284365539989174,"No"
"2664","CA4710800",28,112419.05958308,69.854138704736,"Yes",163,13790.8627380823,8.56926612032402,"Yes"
"2665","CA4700881",28,65393.2869314077,40.6336056590949,"Yes",85,0,0,"No"
"2666","CA2610002",11,109619.177174554,68.1143681102526,"Yes",78,15875.3789872739,9.86452768667522,"Yes"
"2667","CA4700591",28,109974.406255421,68.3350977763685,"Yes",163,3519.42900683131,2.18687723341949,"No"
"2668","CA2800530",23,1990.89707816418,1.23708916584698,"No",86,1990.89707816418,1.23708916584698,"No"
"2669","CA4900705",40,1849.61036140622,1.14929745200282,"No",126,1849.61036140622,1.14929745200282,"No"
"2670","CA4901253",40,2740.50015128478,1.70287207879303,"No",126,2740.50015128478,1.70287207879303,"No"
"2671","CA5800828",55,1148.03207955495,0.713355835034831,"No",164,1148.03207955495,0.713355835034831,"No"
"2672","CA4700577",28,99440.8910201109,61.7898585880615,"Yes",163,17735.447812424,11.0203237429157,"Yes"
"2673","CA1502619",3,90683.2206942444,56.348081011001,"Yes",109,2227.74314852916,1.38425885675442,"No"
"2674","CA4700569",28,124664.814000748,77.463316639584,"Yes",163,11884.0035376636,7.38439580055404,"Yes"
"2675","CA5200012",28,25085.7356576157,15.5875922164463,"Yes",105,0,0,"No"
"2676","CA5200555",28,24632.6462707816,15.3060548242022,"Yes",105,0,0,"No"
"2677","CA5200547",28,25804.1932028449,16.0340221474921,"Yes",105,0,0,"No"
"2678","CA5200548",28,25301.0052765768,15.7213548886977,"Yes",105,0,0,"No"
"2679","CA2700787",53,1620.70866338721,1.00706417748096,"No",156,1620.70866338721,1.00706417748096,"No"
"2680","CA0901243",30,59512.4981355799,36.9794438313718,"Yes",136,19625.5291528496,12.1947687579067,"Yes"
"2681","CA5301017",28,40211.5275609092,24.9863469253913,"Yes",106,40211.5275609092,24.9863469253913,"Yes"
"2682","CA0707521",1,6077.94048772369,3.77666651405153,"No",32,0,0,"No"
"2683","CA1000172",11,58829.6189798424,36.5551213415701,"Yes",78,40906.1517634635,25.4179674670756,"Yes"
"2684","CA1000050",11,55900.3501814154,34.7349535719086,"Yes",78,43185.8593889015,26.8345156330555,"Yes"
"2685","CA3400123",30,1350.81979520232,0.839362592865596,"No",113,1350.81979520232,0.839362592865596,"No"
"2686","CA1210015",28,105497.089591516,65.5530152680701,"Yes",170,32684.2451012727,20.3090988239109,"Yes"
"2687","CA4500102",28,3398.34385733157,2.11163822270718,"No",106,3398.34385733157,2.11163822270718,"No"
"2688","CA5310001",28,42203.9946199358,26.2244116345432,"Yes",106,42203.9946199358,26.2244116345432,"Yes"
"2689","CA0300078",17,26861.3131007679,16.6908876314314,"Yes",64,14311.6083110687,8.8928432221089,"Yes"
"2690","CA1900583",51,22134.9520493797,13.7540557305353,"Yes",152,22134.9520493797,13.7540557305353,"Yes"
"2691","CA1200772",28,150132.586773683,93.2882963038779,"Yes",2,6863.30166579825,4.26466853853024,"No"
"2692","CA4300834",34,2475.3813564359,1.53813448770049,"No",119,2475.3813564359,1.53813448770049,"No"
"2693","CA3700422",32,36408.4895670992,22.6232427995943,"Yes",169,25750.9305645127,16.0009261961504,"Yes"
"2694","CA0900564",29,45562.3912640672,28.3112277480627,"Yes",136,0,0,"No"
"2695","CA0410012",55,26232.286182958,16.3000274540855,"Yes",93,4707.83461298315,2.92532007716402,"No"
"2696","CA0300081",30,17011.3194857334,10.5703701428743,"Yes",64,9175.93334284418,5.7016748125593,"Yes"
"2697","CA1000058",11,37035.6338004385,23.0129331281386,"Yes",47,37035.6338004385,23.0129331281386,"Yes"
"2698","CA5410008",52,16758.5922297843,10.4133323162193,"Yes",92,0,0,"No"
"2699","CA1400110",11,116717.190113802,72.524879835089,"Yes",10,0,0,"No"
"2700","CA3500905",31,8573.13784045879,5.32711412160189,"Yes",59,8062.19001614372,5.00962507372197,"Yes"
"2701","CA2400078",48,1631.86321178521,1.01399530974512,"No",146,1631.86321178521,1.01399530974512,"No"
"2702","CA4810024",10,499.554415497449,0.310409494263145,"No",41,499.554415497449,0.310409494263145,"No"
"2703","CA1000600",11,21261.5287255736,13.2113342895681,"Yes",47,21261.5287255736,13.2113342895681,"Yes"
"2704","CA2700606",9,60428.3005317434,37.5484984725064,"Yes",66,13107.3617028219,8.1445572115413,"Yes"
"2705","CA1400184",27,79957.1538818303,49.6831955222826,"Yes",102,79957.1538818303,49.6831955222826,"Yes"
"2706","CA1000583",11,26324.5344899541,16.357348037055,"Yes",90,11168.1362250004,6.93957536940632,"Yes"
"2707","CA0400070",5,10738.6574965324,6.67270899656532,"Yes",77,7588.55700308935,4.71532243223269,"No"
"2708","CA1400067",11,96102.4835980341,59.7154632321536,"Yes",10,16618.5458034203,10.3263112850114,"Yes"
"2709","CA1400135",11,118841.027194768,73.8445742942871,"Yes",10,0,0,"No"
"2710","CA5304105",28,89047.9764764698,55.3319848363117,"Yes",170,45850.4258511944,28.4902045877157,"Yes"
"2711","CA1610005",13,6373.64650323824,3.96041017015561,"No",175,0,0,"No"
"2712","CA5010013",48,21466.4702277384,13.3386793516214,"Yes",88,0,0,"No"
"2713","CA5200500",28,28468.9206059119,17.6898111063616,"Yes",105,967.283421210777,0.601043546553728,"No"
"2714","CA5200502",5,33334.6694516984,20.7132547825186,"Yes",105,8462.4795765141,5.25835409330166,"Yes"
"2715","CA4900620",40,15585.8612182909,9.68462923825352,"Yes",167,9580.78845076723,5.9532407389161,"Yes"
"2716","CA5200521",5,32333.8693535327,20.0913848866819,"Yes",105,10234.2461553835,6.35928154111844,"Yes"
"2717","CA5200539",28,30138.6573299833,18.7273399840825,"Yes",105,0,0,"No"
"2718","CA5200527",5,35890.1479855403,22.3011594725417,"Yes",105,7488.86694822281,4.65337775002349,"No"
"2719","CA5200545",28,26703.2841748837,16.592692765285,"Yes",105,0,0,"No"
"2720","CA0706029",1,5049.38331207404,3.13754912701731,"No",32,76.9459141515101,0.0478120932503449,"No"
"2721","CA0500026",30,49364.9620194164,30.6740415446186,"Yes",64,25974.8250556928,16.1400481288558,"Yes"
"2722","CA2100566",33,3159.04925925207,1.962947083433,"No",117,3159.04925925207,1.962947083433,"No"
"2723","CA3701408",32,12020.4386225493,7.46917284262452,"Yes",116,12020.4386225493,7.46917284262452,"Yes"
"2724","CA1900616",57,5482.63090169643,3.40675736742791,"No",183,5482.63090169643,3.40675736742791,"No"
"2725","CA1910254",37,27516.7723116567,17.0981721150637,"Yes",122,27516.7723116567,17.0981721150637,"Yes"
"2726","CA1009023",13,40264.243534219,25.019103193992,"Yes",61,23159.4480447814,14.3906496108848,"Yes"
"2727","CA1300637",8,31573.0924332497,19.6186588497457,"Yes",12,19499.913989273,12.1167149199504,"Yes"
"2728","CA4710011",28,113800.848574249,70.7127447116516,"Yes",163,0,0,"No"
"2729","CA4901382",40,2799.40618278169,1.73947468078945,"No",167,2286.33945180677,1.42066900207959,"No"
"2730","CA2210900",21,59721.0506163483,37.109032657082,"Yes",135,49930.6282300932,31.0255311059771,"Yes"
"2731","CA1805007",29,56460.5939729857,35.0830737898677,"Yes",138,44891.8081561009,27.8945456871145,"Yes"
"2732","CA4901069",23,9160.43116153127,5.69204217973285,"Yes",134,0,0,"No"
"2733","CA2701187",9,35186.0313651835,21.86364060123,"Yes",66,33935.4039752188,21.0865348373984,"Yes"
"2734","CA1800523",29,105893.456146577,65.7993066391047,"Yes",138,0,0,"No"
"2735","CA2500538",29,165329.911620125,102.731499633468,"Yes",138,83005.6219749546,51.5774304838969,"Yes"
"2736","CA0800800",28,190818.218529041,118.569238650031,"Yes",27,8.74389062617787,0.00543321524735473,"No"
"2737","CA3610051",59,3079.62838523282,1.91359711759654,"No",28,0,0,"No"
"2738","CA2803657",40,12858.7005795749,7.99004596889089,"Yes",114,0,0,"No"
"2739","CA2100560",26,16487.9815799895,10.2451822361897,"Yes",167,13269.1058437379,8.24506061101934,"Yes"
"2740","CA1400006",11,106524.292308719,66.1912910315525,"Yes",10,12375.6633995616,7.68989983444245,"Yes"
"2741","CA3600386",51,41499.2554832681,25.7865059485678,"Yes",8,8299.3732922902,5.15700429510868,"Yes"
"2742","CA3900661",43,92.7666701716997,0.057642679714479,"No",137,92.7666701716997,0.057642679714479,"No"
"2743","CA1910301",25,5986.10962404754,3.71960531898016,"No",95,5986.10962404754,3.71960531898016,"No"
"2744","CA3110026",30,5790.66147384113,3.59815916701327,"No",5,0,0,"No"
"2745","CA1000316",52,23194.8356125702,14.4126384807252,"Yes",107,2289.03209318004,1.42234213601852,"No"
"2746","CA4500054",28,4439.16386749033,2.7583754007794,"No",106,4439.16386749033,2.7583754007794,"No"
"2747","CA2000737",11,44072.2994997529,27.3853253506114,"Yes",47,44072.2994997529,27.3853253506114,"Yes"
"2748","CA3600446",59,8287.8617227538,5.14985131964271,"Yes",28,0,0,"No"
"2749","CA4500089",28,28421.5912573016,17.6604019394917,"Yes",106,28421.5912573016,17.6604019394917,"Yes"
"2750","CA2210934",21,47619.1198046913,29.589222789896,"Yes",82,47619.1198046913,29.589222789896,"Yes"
"2751","CA1200707",28,120113.907118789,74.6355071761025,"Yes",46,41738.0880859917,25.9349100165234,"Yes"
"2752","CA2702613",31,32724.4160378355,20.3340599486967,"Yes",132,729.060402403839,0.453018257424683,"No"
"2753","CA1000021",11,9691.46803508363,6.02201401511404,"Yes",118,7466.3684581718,4.63939780169001,"No"
"2754","CA2000727",19,6445.63487372513,4.00514178093202,"No",76,6445.63487372513,4.00514178093202,"No"
"2755","CA2000550",11,46654.310184495,28.9897163958486,"Yes",47,46654.310184495,28.9897163958486,"Yes"
"2756","CA2000688",19,51890.2543290137,32.2431893378738,"Yes",76,51890.2543290137,32.2431893378738,"Yes"
"2757","CA2201070",21,43176.4723675322,26.8286827938983,"Yes",18,42766.3711473935,26.5738570764373,"Yes"
"2758","CA2000534",11,34783.4193004738,21.6134684407731,"Yes",47,34783.4193004738,21.6134684407731,"Yes"
"2759","CA1500096",3,76.6319605628079,0.047617011049752,"No",7,76.6319605628079,0.047617011049752,"No"
"2760","CA2010007",11,45839.9116295305,28.4836713370266,"Yes",47,45839.9116295305,28.4836713370266,"Yes"
"2761","CA2000553",19,7774.30085737901,4.83073859928854,"No",76,7774.30085737901,4.83073859928854,"No"
"2762","CA2000501",11,42347.6772518456,26.3136921047421,"Yes",47,42347.6772518456,26.3136921047421,"Yes"
"2763","CA5700700",54,3453.26461748493,2.14576448574256,"No",162,3453.26461748493,2.14576448574256,"No"
"2764","CA3700291",15,48939.4069915235,30.4096132523416,"Yes",80,42818.2981313461,26.6061230885618,"Yes"
"2765","CA5403023",52,16482.9016270225,10.2420256919125,"Yes",107,3717.95831324415,2.31023793185041,"No"
"2766","CA4110010",33,2594.81829651922,1.61234934601713,"No",56,0,0,"No"
"2767","CA3600260",59,6669.37570439885,4.14416823318805,"No",112,0,0,"No"
"2768","CA4900843",23,6374.91222582351,3.96119665566227,"No",134,1367.95602777036,0.850010580592267,"No"
"2769","CA4900893",40,14755.3609365115,9.16857900537579,"Yes",21,0,0,"No"
"2770","CA3900569",43,28.6190065174662,0.0177830703999566,"No",137,28.6190065174662,0.0177830703999566,"No"
"2771","CA1210018",28,149654.579309697,92.9912754978423,"Yes",2,5895.17817949594,3.66310299843162,"No"
"2772","CA1210319",28,153255.90493115,95.229041054811,"Yes",2,14548.7672658869,9.04020733088526,"Yes"
"2773","CA4901074",40,13131.8230826618,8.15975684607464,"Yes",167,6900.02152990185,4.2874852609777,"No"
"2774","CA4700541",28,63163.5798269613,39.2481264536774,"Yes",85,0,0,"No"
"2775","CA4700627",28,109067.06729997,67.7713020865512,"Yes",163,0,0,"No"
"2776","CA0800556",28,187741.38522017,116.657378316683,"Yes",27,3593.91754366418,2.23316237940036,"No"
"2777","CA0500027",30,47278.5364645713,29.3775935877884,"Yes",64,30141.8337945025,18.7293137525336,"Yes"
"2778","CA1700554",40,38550.9165420187,23.9544885120725,"Yes",176,319.797977915483,0.198713744712418,"No"
"2779","CA2210924",21,69291.7433187434,43.0560001732036,"Yes",135,59732.9049220898,37.1163985994816,"Yes"
"2780","CA4700872",28,65050.6518206561,40.4207015426548,"Yes",85,0,0,"No"
"2781","CA4700523",28,102749.552162674,63.8457704168627,"Yes",163,7620.42275809184,4.73512294362399,"No"
"2782","CA4300991",12,60.959140336084,0.0378783478544522,"No",49,60.959140336084,0.0378783478544522,"No"
"2783","CA4300989",12,159.277817136529,0.0989708931217324,"No",49,159.277817136529,0.0989708931217324,"No"
"2784","CA5601716",24,5124.34886948949,3.18413068058303,"No",94,5124.34886948949,3.18413068058303,"No"
"2785","CA3301863",14,17481.9381736654,10.8627997649132,"Yes",58,17481.9381736654,10.8627997649132,"Yes"
"2786","CA3301355",15,25345.5639583475,15.7490424387311,"Yes",63,25345.5639583475,15.7490424387311,"Yes"
"2787","CA3210010",5,73138.6311079415,45.4463513663623,"Yes",138,39013.6235769293,24.242002048622,"Yes"
"2788","CA3100034",29,49324.3772800074,30.6488232940257,"Yes",144,18625.9045257704,11.573629267756,"Yes"
"2789","CA4010012",9,16987.8510687847,10.5557875084101,"Yes",37,16987.8510687847,10.5557875084101,"Yes"
"2790","CA1410009",27,97508.6287403363,60.5892034873528,"Yes",10,87084.8125028896,54.1121282655558,"Yes"
"2791","CA1500333",25,50970.6013321819,31.6717420384642,"Yes",140,33391.7738841637,20.7487379199943,"Yes"
"2792","CA1910005",25,7462.82572823054,4.6371964458912,"No",95,7462.82572823054,4.6371964458912,"No"
"2793","CA1910242",25,11488.1701460644,7.13843572275862,"Yes",95,11488.1701460644,7.13843572275862,"Yes"
"2794","CA1910243",25,2406.66819390223,1.49543800185307,"No",95,2406.66819390223,1.49543800185307,"No"
"2795","CA1910248",25,6223.65482688822,3.86720943174732,"No",95,6223.65482688822,3.86720943174732,"No"
"2796","CA2710009",31,59390.4294555668,36.9035936816128,"Yes",66,0,0,"No"
"2797","CA5403041",52,20348.6017006302,12.6440663257175,"Yes",107,352.698317272705,0.219157118615523,"No"
"2798","CA5403051",27,5533.88661055603,3.43860626751092,"No",102,5533.88661055603,3.43860626751092,"No"
"2799","CA5403215",52,15767.7441565752,9.79764633736515,"Yes",107,4417.07513668347,2.74465006566883,"No"
"2800","CA5403114",52,9867.52763790201,6.13141265233078,"Yes",168,8220.07464969112,5.10773028054427,"Yes"
"2801","CA5400896",52,44351.8101187075,27.5590056288338,"Yes",161,34392.911252634,21.3708173864031,"Yes"
"2802","CA5403106",52,4139.39258948232,2.57210570139456,"No",40,97.9580200878633,0.0608684430187924,"No"
"2803","CA5403130",52,2300.59655143324,1.42952797509118,"No",153,2300.59655143324,1.42952797509118,"No"
"2804","CA5400846",52,101.253096035285,0.062915913377711,"No",153,101.253096035285,0.062915913377711,"No"
"2805","CA5401093",27,26708.184277132,16.5957375552289,"Yes",102,26708.184277132,16.5957375552289,"Yes"
"2806","CA4901420",26,7828.25406323828,4.86426365046434,"No",134,1486.12360179671,0.923436689448292,"No"
"2807","CA3110015",29,24475.0931168417,15.2081555897708,"Yes",62,2.38479023076555,0.00148184363202652,"No"
"2808","CA1700634",40,80340.2473422984,49.9212393542063,"Yes",149,27358.3234205081,16.9997162939516,"Yes"
"2809","CA1700650",40,20279.7190565297,12.6012645286451,"Yes",20,9803.65886936591,6.09172634083904,"Yes"
"2810","CA2300519",40,109314.593459008,67.925108093385,"Yes",44,0,0,"No"
"2811","CA2300524",40,109314.593459008,67.925108093385,"Yes",44,0,0,"No"
"2812","CA2300619",40,97419.2562749811,60.5336698739739,"Yes",44,12036.1730377023,7.47894977922772,"Yes"
"2813","CA2300621",40,96174.1213367426,59.7599769699023,"Yes",44,13320.2157153835,8.27681889183359,"Yes"
"2814","CA2300653",40,73464.1466700457,45.6486178620091,"Yes",149,42706.0771930901,26.5363920570483,"Yes"
"2815","CA2300775",40,114229.958436749,70.9793818812362,"Yes",44,1313.9774179339,0.816469744077635,"No"
"2816","CA2300818",40,102640.974167806,63.7783030110516,"Yes",158,9921.54369962928,6.16497676042929,"Yes"
"2817","CA2300820",28,123752.046623306,76.896147876338,"Yes",44,43120.4113679275,26.7938480171545,"Yes"
"2818","CA2300826",40,100978.410317197,62.7452311613436,"Yes",44,8194.50985841091,5.09184501622461,"Yes"
"2819","CA2300830",28,104792.044368613,65.1149193884528,"Yes",158,38056.8742630497,23.6475041091688,"Yes"
"2820","CA2300842",40,84236.2716974108,52.3421226697968,"Yes",158,4898.17752656952,3.04359397428108,"No"
"2821","CA2300845",40,75928.5294115956,47.1799181102785,"Yes",149,47426.2148615746,29.4693569174783,"Yes"
"2822","CA2300846",40,88876.3126232544,55.2253175980553,"Yes",44,18645.7841201687,11.5859819057307,"Yes"
"2823","CA2300873",40,75471.8077965595,46.8961237504564,"Yes",149,27563.8780513064,17.1274423374218,"Yes"
"2824","CA2300874",40,113553.777377906,70.5592214062323,"Yes",44,101.568094064887,0.0631116445654036,"No"
"2825","CA2300879",40,31268.9399907866,19.4296668142137,"Yes",67,11339.9218777761,7.04631829058873,"Yes"
"2826","CA2300900",40,59726.213746184,37.1122408851977,"Yes",149,19171.5331960265,11.9126680477876,"Yes"
"2827","CA2310310",28,130623.129561982,81.1656514856911,"Yes",44,45265.1509262899,28.1265307059353,"Yes"
"2828","CA2300509",40,69240.4747871842,43.0241433054446,"Yes",149,11469.6381285354,7.12692043231102,"Yes"
"2829","CA4100502",33,8217.15671064211,5.10591715277201,"Yes",56,2916.7444151875,1.8123854593731,"No"
"2830","CA4300992",12,1632.22049216766,1.01421731403411,"No",49,1632.22049216766,1.01421731403411,"No"
"2831","CA4510013",28,1994.02914059602,1.23903534405161,"No",106,1994.02914059602,1.23903534405161,"No"
"2832","CA4200814",18,21837.6262917812,13.5693056108599,"Yes",179,347.701441086524,0.216052195985015,"No"
"2833","CA3310049",59,628.276350458601,0.390393795256814,"No",185,628.276350458601,0.390393795256814,"No"
"2834","CA3310076",44,377.503144733892,0.234570162137207,"No",141,377.503144733892,0.234570162137207,"No"
"2835","CA3500550",31,17315.5358271102,10.7594018834492,"Yes",59,1843.7456049194,1.14565325221482,"No"
"2836","CA3702059",32,5053.93749648249,3.1403789730464,"No",116,5053.93749648249,3.1403789730464,"No"
"2837","CA3310009",44,290.311105672625,0.18039140621163,"No",141,290.311105672625,0.18039140621163,"No"
"2838","CA2710017",41,1371.5356882579,0.85223488402569,"No",127,1371.5356882579,0.85223488402569,"No"
"2839","CA1503226",3,46793.248054368,29.0760486002759,"Yes",140,5213.77703536875,3.239698904749,"No"
"2840","CA1910225",45,31.1386055611365,0.0193486805529823,"No",142,31.1386055611365,0.0193486805529823,"No"
"2841","CA4901442",40,8105.64130424225,5.03662451951872,"Yes",13,3168.46228947633,1.96879608378362,"No"
"2842","CA5400964",27,26944.130480188,16.7423480931239,"Yes",30,1684.36242463287,1.04661688930423,"No"
"2843","CA4901449",40,2295.745014161,1.42651336209937,"No",167,89.1628623416985,0.0554033717807912,"No"
"2844","CA4901455",40,333.805719083521,0.207417773176284,"No",126,333.805719083521,0.207417773176284,"No"
"2845","CA5000579",48,5011.34024953318,3.11391020513576,"No",155,4393.47351435342,2.72998466101223,"No"
"2846","CA4300792",34,18.6393094009149,0.011581958691709,"No",119,18.6393094009149,0.011581958691709,"No"
"2847","CA5510002",22,61641.9113146866,38.3026031259315,"Yes",135,1389.37915969597,0.863322330704495,"No"
"2848","CA4300987",34,1915.50994022704,1.19024565363879,"No",119,1915.50994022704,1.19024565363879,"No"
"2849","CA1510014",25,34840.7927460434,21.6491187356578,"Yes",140,18099.0398364081,11.2462499138828,"Yes"
"2850","CA5510012",22,61778.161165465,38.3872650685778,"Yes",135,0,0,"No"
"2851","CA5510013",22,52012.4142733772,32.3190961968119,"Yes",135,0,0,"No"
"2852","CA5510021",22,72996.1811307998,45.35783683423,"Yes",135,916.524872415461,0.56950356818041,"No"
"2853","CA5510028",22,55097.1364465157,34.2358584553393,"Yes",135,0,0,"No"
"2854","CA4300545",34,410.708117696654,0.255202827057461,"No",119,410.708117696654,0.255202827057461,"No"
"2855","CA5500138",21,81615.2402900977,50.7134852113896,"Yes",135,23663.4098116579,14.7037977131357,"Yes"
"2856","CA3810003",21,50122.5662172199,31.1447961383051,"Yes",135,15301.7027543563,9.50806091587627,"Yes"
"2857","CA2701202",31,9908.65372616549,6.15696728234276,"Yes",50,7575.42814974267,4.70716452069959,"No"
"2858","CA5500369",21,68568.7338433648,42.6067417968638,"Yes",135,37361.1851931056,23.2152218879203,"Yes"
"2859","CA5500233",22,53747.5038049984,33.3972335274077,"Yes",135,0,0,"No"
"2860","CA5500358",22,85962.2063511396,53.414571408863,"Yes",135,15929.6270564696,9.8982359578893,"Yes"
"2861","CA5500173",30,102511.415910191,63.6977990419618,"Yes",135,43437.1305017667,26.9906486520976,"Yes"
"2862","CA5500186",22,84108.9484519913,52.2630074763514,"Yes",135,12691.0511600763,7.88587319029934,"Yes"
"2863","CA5500250",22,82224.4308866774,51.0920196395276,"Yes",135,10765.3761545522,6.68931124221869,"Yes"
"2864","CA5500030",21,65135.5084858445,40.4734291609259,"Yes",135,33516.9150625167,20.8264972364551,"Yes"
"2865","CA2210513",21,74374.0328781776,46.2139963451959,"Yes",78,56738.1599491906,35.255545720103,"Yes"
"2866","CA5400810",27,27473.1026053033,17.0710369501182,"Yes",30,3521.70022023884,2.18828850351004,"No"
"2867","CA5403151",47,13172.3350114342,8.18492985412296,"Yes",35,1424.49905477964,0.88514487602349,"No"
"2868","CA5401084",52,30324.4787292849,18.8428043354946,"Yes",92,21940.3883403371,13.6331591461948,"Yes"
"2869","CA4300612",12,2003.62442915429,1.24499759476201,"No",49,2003.62442915429,1.24499759476201,"No"
"2870","CA4510508",28,10820.5368933122,6.72358662141759,"Yes",106,10820.5368933122,6.72358662141759,"Yes"
"2871","CA4300986",34,2364.32520652692,1.46912722390975,"No",119,2364.32520652692,1.46912722390975,"No"
"2872","CA4300998",12,17769.8047229934,11.0416721904591,"Yes",49,17769.8047229934,11.0416721904591,"Yes"
"2873","CA2710004",41,173.289830532419,0.10767757623151,"No",127,173.289830532419,0.10767757623151,"No"
"2874","CA2910003",29,23992.9583341566,14.9085701804197,"Yes",144,0,0,"No"
"2875","CA5400743",52,27630.1827646225,17.1686422785878,"Yes",161,17759.8690504614,11.0354984344274,"Yes"
"2876","CA5400679",47,1258.86887280741,0.782226796579597,"No",145,1258.86887280741,0.782226796579597,"No"
"2877","CA5400708",27,29709.7849609989,18.4608503864932,"Yes",102,29709.7849609989,18.4608503864932,"Yes"
"2878","CA5400558",27,10122.5484481375,6.28987563108944,"Yes",35,9028.79014860938,5.61024404327823,"Yes"
"2879","CA5400644",52,32764.4103774984,20.3589113409835,"Yes",161,22615.5796543756,14.0527046207611,"Yes"
"2880","CA5401001",52,22917.8929263551,14.2405538458965,"Yes",161,14216.8272310805,8.833948843054,"Yes"
"2881","CA5401099",27,37141.5849784778,23.0787683015881,"Yes",102,37141.5849784778,23.0787683015881,"Yes"
"2882","CA5403208",47,41.7525733450588,0.025943910761591,"No",145,41.7525733450588,0.025943910761591,"No"
"2883","CA4300815",12,2330.17312397216,1.44790605091041,"No",49,2330.17312397216,1.44790605091041,"No"
"2884","CA2310304",40,102464.24004358,63.668485244622,"Yes",44,5491.72560656866,3.41240856908339,"No"
"2885","CA2310800",40,96812.1576988224,60.1564353702899,"Yes",44,9541.56268029294,5.92886691456929,"Yes"
"2886","CA1700510",40,32858.7835097572,20.4175522324414,"Yes",20,0,0,"No"
"2887","CA3610114",59,8028.51776796522,4.98870205672215,"No",28,0,0,"No"
"2888","CA0910001",30,4074.85747669511,2.53200534175197,"No",100,92.0560234910868,0.0572011032417555,"No"
"2889","CA3600222",51,5303.66590831784,3.29555339972774,"No",152,5303.66590831784,3.29555339972774,"No"
"2890","CA2010501",11,96862.2598815489,60.1875675006828,"Yes",78,5658.25472181172,3.51588522115384,"No"
"2891","CA2701731",41,12269.8087670898,7.62412465177637,"Yes",127,12269.8087670898,7.62412465177637,"Yes"
"2892","CA1510703",3,108498.318000458,67.4178967778457,"Yes",109,4490.89133817913,2.79051744080128,"No"
"2893","CA5510001",22,49691.6197619614,30.8770177600516,"Yes",135,214.826522907161,0.133487344443785,"No"
"2894","CA1500578",3,46931.4823566184,29.1619436269641,"Yes",7,46931.4823566184,29.1619436269641,"Yes"
"2895","CA5500057",22,74783.2933453098,46.4682996416604,"Yes",135,2731.94673212501,1.69755721732201,"No"
"2896","CA3110031",29,35806.1826415212,22.2489856969449,"Yes",62,0,0,"No"
"2897","CA1710013",40,23074.3584920669,14.3377772826543,"Yes",13,16910.9770388523,10.5080200820537,"Yes"
"2898","CA0600001",55,15862.6728341897,9.85663242956098,"Yes",23,4861.05346502933,3.0205260945663,"No"
"2899","CA0605015",55,27825.8686502654,17.2902361528735,"Yes",23,14110.8756136037,8.76811339654995,"Yes"
"2900","CA0600033",5,37251.4448217302,23.1470322130378,"Yes",159,10581.7240484419,6.57519483045344,"Yes"
"2901","CA0600009",55,20394.8530876058,12.6728056766164,"Yes",23,758.366995105968,0.471228575133886,"No"
"2902","CA3400101",30,3624.51422284848,2.25217432167751,"No",113,3624.51422284848,2.25217432167751,"No"
"2903","CA2000770",19,194.800520645329,0.121043732614195,"No",76,194.800520645329,0.121043732614195,"No"
"2904","CA1510011",3,21918.8146635601,13.6197538516163,"Yes",129,16006.4968567122,9.94600075603181,"Yes"
"2905","CA4210020",36,24589.7216524443,15.2793826366364,"Yes",133,0,0,"No"
"2906","CA3702104",32,6030.92454878763,3.74745209140867,"No",116,6030.92454878763,3.74745209140867,"No"
"2907","CA1502690",3,94231.2010794317,58.5526992925247,"Yes",109,0,0,"No"
"2908","CA1500563",3,93844.9099564565,58.3126685202981,"Yes",109,0,0,"No"
"2909","CA1805005",29,90967.1396883256,56.5245005333401,"Yes",138,9711.79754656124,6.03464621929564,"Yes"
"2910","CA1800503",29,97700.7602513509,60.7085887701486,"Yes",138,0,0,"No"
"2911","CA5510008",21,34715.0533464669,21.5709877008382,"Yes",135,29841.2240766589,18.5425230694936,"Yes"
"2912","CA4000226",2,239.197926887013,0.148631070430744,"No",3,239.197926887013,0.148631070430744,"No"
"2913","CA5710005",49,8373.53166375471,5.20308428533108,"Yes",160,0,0,"No"
"2914","CA1500371",3,29293.0914006615,18.201928368562,"Yes",140,6911.82472574939,4.2948194450827,"No"
"2915","CA1500443",3,32888.3143679716,20.4359019026257,"Yes",7,32888.3143679716,20.4359019026257,"Yes"
"2916","CA2210515",21,64574.4726741926,40.1248168032812,"Yes",135,52576.8390488866,32.6698143642031,"Yes"
"2917","CA2210512",19,77317.0284959481,48.0426935861584,"Yes",78,53163.6512497928,33.0344434673797,"Yes"
"2918","CA1206011",28,127697.309625652,79.347626744909,"Yes",46,18089.1718085786,11.240118190425,"Yes"
"2919","CA2210001",21,41694.8340679476,25.9080331489602,"Yes",82,41694.8340679476,25.9080331489602,"Yes"
"2920","CA3000980",58,233.366450015791,0.145007549688563,"No",184,233.366450015791,0.145007549688563,"No"
"2921","CA1503270",3,34032.2246697438,21.1466965773198,"Yes",7,34032.2246697438,21.1466965773198,"Yes"
"2922","CA5500060",22,69807.8268543984,43.3766804120934,"Yes",135,0,0,"No"
"2923","CA2710019",31,3512.74085251246,2.18272139666724,"No",16,0,0,"No"
"2924","CA2710011",31,31533.3840979202,19.5939851727542,"Yes",132,0,0,"No"
"2925","CA4100509",34,5683.98668209898,3.5318743597369,"No",119,5683.98668209898,3.5318743597369,"No"
"2926","CA5401047",47,1698.77617858224,1.05557320304115,"No",145,1698.77617858224,1.05557320304115,"No"
"2927","CA5402041",27,27604.6347798768,17.1527674573905,"Yes",30,3346.14780998502,2.07920502192515,"No"
"2928","CA5402019",27,8637.53409195209,5.36712819662227,"Yes",102,8637.53409195209,5.36712819662227,"Yes"
"2929","CA5403211",11,26593.649959545,16.5245690528695,"Yes",90,2330.99975636049,1.44841969773975,"No"
"2930","CA5402022",52,10621.319226071,6.59979819433497,"Yes",168,7426.89812719048,4.61487201411167,"No"
"2931","CA5401045",47,1711.13342997769,1.06325166215821,"No",145,1711.13342997769,1.06325166215821,"No"
"2932","CA5400886",27,24446.6605708533,15.19048838086,"Yes",30,4452.21293858622,2.766483737797,"No"
"2933","CA5402057",27,3900.8861091401,2.4239042769956,"No",102,3900.8861091401,2.4239042769956,"No"
"2934","CA0605012",54,30572.469735002,18.9968991853816,"Yes",157,24839.4858573711,15.4345793041689,"Yes"
"2935","CA1010005",19,31744.0554692435,19.7248906192871,"Yes",43,0,0,"No"
"2936","CA4400642",38,1930.90642637356,1.19981261037044,"No",123,1930.90642637356,1.19981261037044,"No"
"2937","CA2702588",41,553.542610831421,0.343956286944599,"No",127,553.542610831421,0.343956286944599,"No"
"2938","CA5610021",37,9476.54571106109,5.88846714246902,"Yes",42,8153.75958007471,5.0665239042556,"Yes"
"2939","CA5200514",5,24283.9936233395,15.0894115745209,"Yes",26,1354.13097306402,0.841420068515058,"No"
"2940","CA5700555",54,22970.919599268,14.2735031747598,"Yes",162,22970.919599268,14.2735031747598,"Yes"
"2941","CA3610022",59,21877.7535646607,13.5942396042233,"Yes",9,0,0,"No"
"2942","CA3610044",59,21828.7380173228,13.5637826794355,"Yes",9,0,0,"No"
"2943","CA1510049",3,35411.2622914494,22.003592958262,"Yes",7,35411.2622914494,22.003592958262,"Yes"
"2944","CA1800529",29,101202.364701516,62.8843903100126,"Yes",138,1690.83641200268,1.05063964855324,"No"
"2945","CA2410005",21,33137.4729229707,20.5907222358052,"Yes",74,0,0,"No"
"2946","CA3310048",15,5658.30116403862,3.51591407908746,"No",63,5658.30116403862,3.51591407908746,"No"
"2947","CA3310001",15,1945.75574087801,1.20903956956144,"No",63,1945.75574087801,1.20903956956144,"No"
"2948","CA2610001",11,103340.906466584,64.2132218590131,"Yes",78,0,0,"No"
"2949","CA1400535",11,118034.589621634,73.3434759725317,"Yes",10,0,0,"No"
"2950","CA1900563",25,9881.91364601125,6.14035172555908,"Yes",111,1473.61993323356,0.91566725069504,"No"
"2951","CA5810006",55,39476.4717282639,24.52960327107,"Yes",93,14158.205616951,8.7975229702555,"Yes"
"2952","CA1900599",57,1042.99452819719,0.648088364296664,"No",183,1042.99452819719,0.648088364296664,"No"
"2953","CA3110049",29,37262.507229746,23.1539060917805,"Yes",62,141.402329605818,0.0878635525158252,"No"
"2954","CA1710002",40,36072.9703397423,22.414760299093,"Yes",19,0,0,"No"
"2955","CA5400711",52,7558.01441799291,4.69634410254695,"No",69,2347.16521286281,1.45846447168579,"No"
"2956","CA5400778",27,20566.5592862089,12.7794992271421,"Yes",102,20566.5592862089,12.7794992271421,"Yes"
"2957","CA5400884",27,423.157661442284,0.262938634124725,"No",102,423.157661442284,0.262938634124725,"No"
"2958","CA5400917",52,15755.6629766993,9.79013942156369,"Yes",168,2328.25734270861,1.44671563666385,"No"
"2959","CA5400929",52,16617.5736063075,10.3257071882309,"Yes",168,1055.89657319448,0.656105343305006,"No"
"2960","CA5401094",52,10539.1615677275,6.54874766533328,"Yes",168,7520.27652741131,4.67289480620087,"No"
"2961","CA5402036",27,35168.0346914674,21.8524579588325,"Yes",102,35168.0346914674,21.8524579588325,"Yes"
"2962","CA5403062",52,23877.2330727687,14.8366616580516,"Yes",161,14918.3648972666,9.26986522255497,"Yes"
"2963","CA4100538",34,7413.9157020073,4.60680508904725,"No",119,7413.9157020073,4.60680508904725,"No"
"2964","CA4300737",34,3987.70308889377,2.47784998129281,"No",119,3987.70308889377,2.47784998129281,"No"
"2965","CA4910019",40,5618.36967015712,3.4911017374558,"No",167,0,0,"No"
"2966","CA4300616",38,4154.22009477305,2.58131910893475,"No",123,4154.22009477305,2.58131910893475,"No"
"2967","CA4910008",40,8181.71510905498,5.08389470780257,"Yes",167,383.890432994827,0.238539048923675,"No"
"2968","CA4910004",40,12246.341775809,7.60954290318329,"Yes",167,4015.56494501577,2.49516257907948,"No"
"2969","CA3110022",29,40647.6098847955,25.2573165923891,"Yes",62,0,0,"No"
"2970","CA5700788",7,529.159573741133,0.328805332459973,"No",29,529.159573741133,0.328805332459973,"No"
"2971","CA4900745",40,9737.59011822292,6.05067302013429,"Yes",167,256.195439565439,0.159192861399977,"No"
"2972","CA4200560",39,7244.98068768765,4.50183347688347,"No",124,7244.98068768765,4.50183347688347,"No"
"2973","CA3600027",51,23734.8209787765,14.7481706654756,"Yes",9,17572.357163339,10.9189836599718,"Yes"
"2974","CA1410005",11,115721.492148116,71.9061802652737,"Yes",10,0,0,"No"
"2975","CA5510011",22,84459.0586483323,52.4805564071808,"Yes",135,12602.7131487597,7.83098235845733,"Yes"
"2976","CA2702140",31,1095.33327396273,0.680610233985812,"No",115,1095.33327396273,0.680610233985812,"No"
"2977","CA4900646",40,2636.2826195467,1.63811414589005,"No",126,2636.2826195467,1.63811414589005,"No"
"2978","CA1310700",8,4596.54837663559,2.85616984393328,"No",36,4596.54837663559,2.85616984393328,"No"
"2979","CA5401024",52,16239.8217776959,10.090982500712,"Yes",168,1713.11721422202,1.06448433160303,"No"
"2980","CA5400583",52,198.894790750038,0.123587800433742,"No",153,198.894790750038,0.123587800433742,"No"
"2981","CA5403050",52,348.792726928763,0.216730291255274,"No",153,348.792726928763,0.216730291255274,"No"
"2982","CA5403011",13,16920.2368271776,10.5137738620662,"Yes",168,0,0,"No"
"2983","CA5400757",52,18942.3289206765,11.7702467599616,"Yes",161,11408.328894089,7.08882454552116,"Yes"
"2984","CA5403137",52,21425.7962817771,13.3134056705091,"Yes",161,12953.4198240675,8.04890192505471,"Yes"
"2985","CA5403020",27,51824.1306703966,32.2021018991615,"Yes",102,51824.1306703966,32.2021018991615,"Yes"
"2986","CA5402026",27,61019.4002468264,37.9157917201004,"Yes",102,61019.4002468264,37.9157917201004,"Yes"
"2987","CA0605004",55,30102.9057725434,18.7051249409965,"Yes",157,7419.28972797819,4.61014436227161,"No"
"2988","CA4300996",12,775.489938865019,0.481868305556948,"No",49,775.489938865019,0.481868305556948,"No"
"2989","CA4300949",34,1945.85425940426,1.20910078628771,"No",119,1945.85425940426,1.20910078628771,"No"
"2990","CA3310801",14,11029.7718038611,6.85359949038805,"Yes",58,11029.7718038611,6.85359949038805,"Yes"
"2991","CA1510045",3,39955.8974032312,24.8275053147447,"Yes",140,0,0,"No"
"2992","CA3610047",51,16368.8986442582,10.171187346526,"Yes",152,16368.8986442582,10.171187346526,"Yes"
"2993","CA3610063",15,16864.0332790664,10.4788505095669,"Yes",31,7783.04101765277,4.8361694965966,"No"
"2994","CA5410001",52,15091.5407264705,9.37747196146896,"Yes",92,0,0,"No"
"2995","CA0600065",55,20910.9797764911,12.9935127297471,"Yes",23,0,0,"No"
"2996","CA0605005",55,32381.8579340272,20.1212036822718,"Yes",157,0,0,"No"
"2997","CA5200255",5,27061.4947055702,16.8152750230344,"Yes",26,0,0,"No"
"2998","CA4300596",12,566.470834766585,0.351989532831213,"No",49,566.470834766585,0.351989532831213,"No"
"2999","CA5200556",5,27152.0269641561,16.871529300307,"Yes",26,0,0,"No"
"3000","CA4300563",34,131.356106853297,0.0816211035910974,"No",119,131.356106853297,0.0816211035910974,"No"
"3001","CA4300571",12,63.0295843198978,0.0391648652987547,"No",49,63.0295843198978,0.0391648652987547,"No"
"3002","CA4300721",34,760.297842198156,0.472428350875611,"No",119,760.297842198156,0.472428350875611,"No"
"3003","CA0510019",17,21480.4138121488,13.3473435148252,"Yes",104,10005.8718168561,6.21737595340704,"Yes"
"3004","CA4310300",12,4908.65241095743,3.05010278185929,"No",49,4908.65241095743,3.05010278185929,"No"
"3005","CA1500364",3,33873.8035053027,21.0482579848278,"Yes",7,33873.8035053027,21.0482579848278,"Yes"
"3006","CA3710008",32,5098.18531918382,3.16787336372912,"No",172,874.835934305471,0.543599198618981,"No"
"3007","CA5200574",28,31967.5377002306,19.8637563847481,"Yes",105,1101.68035560434,0.684554137475202,"No"
"3008","CA1500481",3,48164.5975668251,29.9281677997348,"Yes",7,48164.5975668251,29.9281677997348,"Yes"
"3009","CA0910017",30,65830.6841641532,40.905392374609,"Yes",136,10051.7521904974,6.24588476673504,"Yes"
"3010","CA0910018",30,15760.3782428116,9.79306935937193,"Yes",100,9018.2503410655,5.60369489422092,"Yes"
"3011","CA5200526",5,28929.6225370084,17.9760787260668,"Yes",26,7395.49172846756,4.5953569341889,"No"
"3012","CA1300626",8,5459.30662399258,3.39226429716069,"No",36,5459.30662399258,3.39226429716069,"No"
"3013","CA1800522",29,71044.906078451,44.1453677149956,"Yes",138,25174.8989533198,15.6429958575067,"Yes"
"3014","CA4400634",38,1015.25049782317,0.630848980217465,"No",123,1015.25049782317,0.630848980217465,"No"
"3015","CA2000866",19,5552.62366994821,3.45024896538221,"No",76,5552.62366994821,3.45024896538221,"No"
"3016","CA0510006",43,30807.0434902247,19.1426569216105,"Yes",104,0,0,"No"
"3017","CA0510017",22,28692.4770656405,17.8287229955388,"Yes",135,15468.5944122789,9.61176284208363,"Yes"
"3018","CA2703132",31,2985.90161211462,1.85535785608673,"No",115,2985.90161211462,1.85535785608673,"No"
"3019","CA4100610",34,15910.1548218403,9.88613644216901,"Yes",119,15910.1548218403,9.88613644216901,"Yes"
"3020","CA5400629",52,26420.2492646759,16.4168225885617,"Yes",161,15802.4921161952,9.81923777212724,"Yes"
"3021","CA2300852",40,34154.5339696277,21.2226962417063,"Yes",149,12887.0578113807,8.00766637962191,"Yes"
"3022","CA2300854",40,62093.8213173235,38.5834076809894,"Yes",149,679.530933924308,0.422241996050746,"No"
"3023","CA2300855",40,59178.2129927973,36.7717281573796,"Yes",149,36.5224070131415,0.0226940279947938,"No"
"3024","CA2300871",40,92478.3845206222,57.4635468705321,"Yes",44,18440.0211003925,11.4581263750311,"Yes"
"3025","CA2300902",40,58777.9748519838,36.5230310885107,"Yes",149,18850.460421675,11.7131621793251,"Yes"
"3026","CA2300906",40,59505.5633324377,36.9751347337652,"Yes",149,19060.928936686,11.8439415764761,"Yes"
"3027","CA2300950",40,50481.927311914,31.3680933251606,"Yes",149,15829.7160812155,9.83615400177433,"Yes"
"3028","CA2300954",40,50827.532016762,31.5828426664111,"Yes",149,15589.2220527308,9.68671756914686,"Yes"
"3029","CA2300958",40,50060.0132473277,31.1059274282176,"Yes",149,16001.6788349419,9.94300696865915,"Yes"
"3030","CA2300970",40,58911.6256754576,36.6060780664481,"Yes",149,18875.7713821709,11.7288897201157,"Yes"
"3031","CA2310301",40,114676.787625647,71.2570293571569,"Yes",44,2035.35289328146,1.26471279734641,"No"
"3032","CA2310303",40,61910.711974443,38.4696285274976,"Yes",149,21406.9122585858,13.3016716533398,"Yes"
"3033","CA2310308",40,102320.887169701,63.5794096770733,"Yes",44,5813.51190434018,3.61235780154609,"No"
"3034","CA2310801",40,90348.4569273962,56.1400679330633,"Yes",158,15590.7864253643,9.68768962765127,"Yes"
"3035","CA2810650",23,21774.5949327255,13.5301396427887,"Yes",114,18553.5180408832,11.5286502795452,"Yes"
"3036","CA1700638",40,59732.8141087989,37.1163421705786,"Yes",176,9789.32434465365,6.08281925799001,"Yes"
"3037","CA2810012",40,18128.7670983341,11.2647216239789,"Yes",114,3782.13503004494,2.35011559399812,"No"
"3038","CA1910204",57,1769.73437735631,1.09966469320113,"No",183,1769.73437735631,1.09966469320113,"No"
"3039","CA4100582",34,16814.1159453058,10.4478332392818,"Yes",119,16814.1159453058,10.4478332392818,"Yes"
"3040","CA4301004",12,412.158233259163,0.256103889332996,"No",49,412.158233259163,0.256103889332996,"No"
"3041","CA1500554",3,90719.1305123836,56.3703943929708,"Yes",109,2547.99804834412,1.58325652027796,"No"
"3042","CA1502744",25,11367.9675208849,7.06374508859835,"Yes",111,0,0,"No"
"3043","CA1610002",13,46825.3043926643,29.09596753493,"Yes",6,332.639074205194,0.206692851855539,"No"
"3044","CA4300637",12,2596.03635280279,1.61310621298345,"No",49,2596.03635280279,1.61310621298345,"No"
"3045","CA1710800",40,28163.829016015,17.5002355102185,"Yes",20,3593.95685159892,2.23318680427934,"No"
"3046","CA2300730",40,127190.605921884,79.0327748778281,"Yes",44,18783.4773394788,11.6715407182316,"Yes"
"3047","CA3600372",15,189326.380897366,117.6422514182,"Yes",87,0,0,"No"
"3048","CA2701254",41,18.024752933606,0.0112000900577914,"No",127,18.024752933606,0.0112000900577914,"No"
"3049","CA5601141",4,7976.91157389241,4.95663537468304,"No",125,2852.52892016493,1.7724837014956,"No"
"3050","CA3301330",44,7929.98279636184,4.92747511176124,"No",141,7929.98279636184,4.92747511176124,"No"
"3051","CA3600283",59,24142.0835026705,15.0012324944825,"Yes",9,659.742236739631,0.409945839126369,"No"
"3052","CA3600395",59,22160.6795106728,13.7700420735661,"Yes",9,0,0,"No"
"3053","CA1510054",24,43656.8759367781,27.1271924744169,"Yes",4,41508.9962954116,25.7925586236666,"Yes"
"3054","CA1500475",37,43763.0099466184,27.193141254563,"Yes",4,35863.9141101326,22.2848584575867,"Yes"
"3055","CA2701940",31,210.982014773275,0.13109847190356,"No",115,210.982014773275,0.13109847190356,"No"
"3056","CA2702336",31,768.831834339664,0.477731140927128,"No",115,768.831834339664,0.477731140927128,"No"
"3057","CA4900582",40,6446.15260671807,4.0054634860987,"No",167,2689.25811634618,1.67103167531173,"No"
"3058","CA3710034",32,302.091434918551,0.187711381633807,"No",116,302.091434918551,0.187711381633807,"No"
"3059","CA5000015",22,5470.87705187147,3.399453845596,"No",180,0,0,"No"
"3060","CA4400528",34,792.92043672664,0.492699141714392,"No",119,792.92043672664,0.492699141714392,"No"
"3061","CA5000013",22,6312.40094634661,3.92235385086222,"No",180,0,0,"No"
"3062","CA3310081",59,9364.09280478311,5.81859197235085,"Yes",185,9364.09280478311,5.81859197235085,"Yes"
"3063","CA5000317",22,8877.53950902351,5.51626101943872,"Yes",180,0,0,"No"
"3064","CA2600546",11,109835.738377,68.2489333372689,"Yes",78,9321.91836438738,5.79238592490548,"Yes"
"3065","CA1400045",11,118260.863722361,73.4840765297334,"Yes",10,0,0,"No"
"3066","CA2600620",11,110346.68560514,68.5664220147019,"Yes",78,9521.10598478178,5.91615568169671,"Yes"
"3067","CA3301226",15,62688.1566735131,38.9527114677527,"Yes",147,52724.4737912993,32.7615505681207,"Yes"
"3068","CA3301227",15,63701.5879614745,39.5824300405598,"Yes",147,57605.1460732442,35.7942672606436,"Yes"
"3069","CA5610015",4,338.622198207078,0.210410601990306,"No",14,338.622198207078,0.210410601990306,"No"
"3070","CA4200809",18,21585.0669358254,13.4123721126831,"Yes",179,601.094958915426,0.373504019607681,"No"
"3071","CA0202522",29,64717.4211706919,40.213641101751,"Yes",136,18017.098535797,11.1953338236774,"Yes"
"3072","CA2702520",41,40581.9839801222,25.2165384444072,"Yes",52,5747.37883574705,3.57126451573133,"No"
"3073","CA2701906",9,37646.6921017996,23.3926280971079,"Yes",66,31149.0547321831,19.3551733829912,"Yes"
"3074","CA0707623",6,968.061181064852,0.601526825322711,"No",24,968.061181064852,0.601526825322711,"No"
"3075","CA4300766",34,1228.05686652953,0.763081055917041,"No",119,1228.05686652953,0.763081055917041,"No"
"3076","CA4300763",34,2982.61010398826,1.85331260267455,"No",119,2982.61010398826,1.85331260267455,"No"
"3077","CA1800010",5,77476.7580629291,48.1419451843173,"Yes",138,34583.2239169156,21.4890724874269,"Yes"
"3078","CA1800557",29,88547.547227062,55.0210317441075,"Yes",138,12636.9841159122,7.85227740310451,"Yes"
"3079","CA1805001",29,96258.6759670012,59.8125169119025,"Yes",138,62.3656556816263,0.0387523181438517,"No"
"3080","CA1800601",5,113437.684034791,70.4870841679143,"Yes",138,16834.8702120592,10.4607293748116,"Yes"
"3081","CA1000069",11,37648.4969849405,23.3937496022845,"Yes",47,37648.4969849405,23.3937496022845,"Yes"
"3082","CA2300646",40,108870.742483939,67.6493111983418,"Yes",44,0,0,"No"
"3083","CA5500371",22,56009.2350359804,34.8026116519694,"Yes",135,1695.5164815071,1.05354771614892,"No"
"3084","CA1600002",13,7498.32215426015,4.6592529572745,"No",175,1523.66775433948,0.946765602258988,"No"
"3085","CA1500478",3,51703.0875538372,32.1268890065724,"Yes",109,44533.017733538,27.6716031003629,"Yes"
"3086","CA3610026",59,10651.0046387906,6.61824390047511,"Yes",28,0,0,"No"
"3087","CA1500569",3,23155.338350142,14.38809595868,"Yes",140,12860.4223617958,7.9911158374214,"Yes"
"3088","CA1500571",25,11735.4730410649,7.29210299940656,"Yes",111,0,0,"No"
"3089","CA2210946",21,70121.8861897344,43.5718283207616,"Yes",78,60517.1830479266,37.6037276448275,"Yes"
"3090","CA1500406",3,47358.3232983107,29.4271709510176,"Yes",7,47358.3232983107,29.4271709510176,"Yes"
"3091","CA1502232",25,11087.4581796677,6.88944423159043,"Yes",111,0,0,"No"
"3092","CA1502247",25,11273.9720265436,7.00533885104674,"Yes",111,0,0,"No"
"3093","CA4000839",9,1083.1592852358,0.67304564929462,"No",37,1083.1592852358,0.67304564929462,"No"
"3094","CA4400667",53,1528.94438023029,0.950044353729037,"No",156,1528.94438023029,0.950044353729037,"No"
"3095","CA1000574",11,9281.99033782761,5.76757573777301,"Yes",47,9281.99033782761,5.76757573777301,"Yes"
"3096","CA1000678",11,25679.8119801522,15.9567350467597,"Yes",47,25679.8119801522,15.9567350467597,"Yes"
"3097","CA2301004",40,100672.885151965,62.5553861533082,"Yes",44,8143.00024536917,5.05983834700509,"Yes"
"3098","CA2300644",40,108719.976650308,67.5556294197049,"Yes",44,0,0,"No"
"3099","CA2300629",40,108542.992046916,67.4456560123505,"Yes",44,0,0,"No"
"3100","CA2300802",40,100709.5534028,62.5781708046777,"Yes",44,8089.65210631191,5.02668926784391,"Yes"
"3101","CA2300804",40,100647.161367311,62.5394020948406,"Yes",44,8172.72547583342,5.0783087948062,"Yes"
"3102","CA2300596",40,99921.6262809335,62.0885743726829,"Yes",44,8267.89012412433,5.13744151274705,"Yes"
"3103","CA2300590",40,101937.79492996,63.341366603676,"Yes",44,6161.53724649932,3.828611260827,"No"
"3104","CA2300604",40,101157.733602728,62.8566577620195,"Yes",44,7489.17947719861,4.65357194700847,"No"
"3105","CA2300746",40,100920.740231947,62.7093965426489,"Yes",44,7769.11923310405,4.82751887923251,"No"
"3106","CA2300832",40,100903.370036963,62.6986031770557,"Yes",44,7357.63662206589,4.57183480312792,"No"
"3107","CA2300545",40,103503.403334875,64.3141929827603,"Yes",44,5533.78470683924,3.43854294731955,"No"
"3108","CA2300609",40,103951.434824108,64.5925875353298,"Yes",44,5118.91684384277,3.18075536794137,"No"
"3109","CA5500145",21,62722.1415734423,38.9738287580265,"Yes",135,27295.1601132489,16.9604683368641,"Yes"
"3110","CA5500160",21,63018.2794099316,39.1578407359113,"Yes",135,27561.7775238438,17.126137126924,"Yes"
"3111","CA5500003",21,62652.9507113705,38.9308354427097,"Yes",135,28081.0574522014,17.4488035170949,"Yes"
"3112","CA5402030",47,11036.5048870402,6.85778324470913,"Yes",25,2886.17665525181,1.7933914867286,"No"
"3113","CA5400542",27,13887.373552017,8.62923530889492,"Yes",102,13887.373552017,8.62923530889492,"Yes"
"3114","CA5401082",52,7761.35546934495,4.82269468809882,"No",92,6349.05747775552,3.94513122009987,"No"
"3115","CA5400928",52,98.6815602494913,0.0613180311490992,"No",153,98.6815602494913,0.0613180311490992,"No"
"3116","CA5402046",52,8379.18971933645,5.20660004681202,"Yes",69,1533.17960824583,0.952676008951392,"No"
"3117","CA5400623",52,22504.2405609313,13.9835215435715,"Yes",161,13944.8996652227,8.66498046728639,"Yes"
"3118","CA4901066",40,34653.8776771438,21.5329748077745,"Yes",167,28059.0614297227,17.4351357884119,"Yes"
"3119","CA4901464",40,4771.11641094977,2.96464166114666,"No",126,4771.11641094977,2.96464166114666,"No"
"3120","CA4901466",23,9828.63502055068,6.1072458402517,"Yes",134,305.793449944133,0.190011712841372,"No"
"3121","CA4901459",40,4699.78918712986,2.92032086888405,"No",126,4699.78918712986,2.92032086888405,"No"
"3122","CA0800850",28,193422.705327413,120.187595739504,"Yes",27,0,0,"No"
"3123","CA4400709",38,2899.79223436309,1.80185183638205,"No",123,2899.79223436309,1.80185183638205,"No"
"3124","CA0500082",22,44052.7637095492,27.3731863431899,"Yes",135,8718.61615918911,5.41751038263457,"Yes"
"3125","CA2700523",31,255.96106467791,0.159047227234711,"No",115,255.96106467791,0.159047227234711,"No"
"3126","CA1000165",11,39512.7163416605,24.5521246856852,"Yes",47,39512.7163416605,24.5521246856852,"Yes"
"3127","CA3200225",29,42424.36375009,26.3613430040203,"Yes",108,42424.36375009,26.3613430040203,"Yes"
"3128","CA4901329",40,5463.75083797298,3.39502581056394,"No",126,5463.75083797298,3.39502581056394,"No"
"3129","CA2210919",21,48180.5991872692,29.9381107704209,"Yes",82,48180.5991872692,29.9381107704209,"Yes"
"3130","CA1400526",11,112362.184831734,69.8187982848462,"Yes",10,0,0,"No"
"3131","CA4700803",28,61464.4334204971,38.1923232011241,"Yes",85,0,0,"No"
"3132","CA1500491",3,16430.0574461711,10.2091897586408,"Yes",129,9889.18143602577,6.1448677321298,"Yes"
"3133","CA4210002",18,12847.2308903933,7.98291901673561,"Yes",73,12847.2308903933,7.98291901673561,"Yes"
"3134","CA3610702",51,39123.69593372,24.3103980101905,"Yes",8,6351.54804729015,3.94667879210741,"No"
"3135","CA0910015",29,47750.2547020774,29.6707064399551,"Yes",136,0,0,"No"
"3136","CA0105016",46,1637.28911659675,1.01736681906667,"No",143,1637.28911659675,1.01736681906667,"No"
"3137","CA4900578",40,18067.7148715843,11.2267854347647,"Yes",167,15850.8918347702,9.84931203771126,"Yes"
"3138","CA4000693",9,10772.3040934275,6.69361607455695,"Yes",37,10772.3040934275,6.69361607455695,"Yes"
"3139","CA2701825",41,21936.0018926469,13.6304335271894,"Yes",127,21936.0018926469,13.6304335271894,"Yes"
"3140","CA5403144",47,1494.92525300863,0.928905795548878,"No",145,1494.92525300863,0.928905795548878,"No"
"3141","CA3410011",17,2492.47489095094,1.54875594402112,"No",48,0,0,"No"
"3142","CA4000774",9,1635.31281917772,1.01613880173097,"No",37,1635.31281917772,1.01613880173097,"No"
"3143","CA4400585",38,33.7696592808674,0.0209835456030841,"No",123,33.7696592808674,0.0209835456030841,"No"
"3144","CA0202556",29,78697.2560191446,48.9003293394463,"Yes",136,18833.4881397156,11.7026160660368,"Yes"
"3145","CA3600258",59,8527.02647806284,5.29846177815927,"Yes",28,0,0,"No"
"3146","CA1400027",27,85089.795431329,52.8724790481371,"Yes",109,77691.4574335438,48.2753535197931,"Yes"
"3147","CA4200514",3,51979.7902594997,32.2988245240283,"Yes",139,23127.7302913467,14.3709410636327,"Yes"
"3148","CA1502012",3,7198.51289122749,4.47295965503094,"No",4,3049.61091096018,1.89494507746044,"No"
"3149","CA1610700",13,18603.8089287242,11.5598996661515,"Yes",68,6045.02263162886,3.75621225572524,"No"
"3150","CA5410026",27,3841.41718255603,2.38695190733843,"No",102,3841.41718255603,2.38695190733843,"No"
"3151","CA2210925",21,49717.365474374,30.8930154438304,"Yes",135,27523.7692875083,17.1025198450969,"Yes"
"3152","CA4500195",28,37748.6320599724,23.4559708078917,"Yes",106,37748.6320599724,23.4559708078917,"Yes"
"3153","CA0202529",29,68297.7461179498,42.4383574123242,"Yes",136,11005.2265374252,6.83834773101099,"Yes"
"3154","CA1200684",28,156208.28131268,97.0635672466228,"Yes",46,26626.7299772572,16.5451240740037,"Yes"
"3155","CA0400091",5,3270.46708662458,2.03217908373904,"No",77,2979.855532892,1.85160098729417,"No"
"3156","CA2400254",48,5506.74096186432,3.42173870149522,"No",174,4195.07846407707,2.60670738568423,"No"
"3157","CA3500509",31,24365.1010989115,15.1398095485799,"Yes",59,206.867729517167,0.128541967214614,"No"
"3158","CA5000041",22,6997.99995345197,4.34836638215167,"No",83,6997.99995345197,4.34836638215167,"No"
"3159","CA2000757",11,36372.3109348201,22.6007623838469,"Yes",47,36372.3109348201,22.6007623838469,"Yes"
"3160","CA0900423",30,9601.34887124456,5.96601642365476,"Yes",100,6334.18825214766,3.93589188869205,"No"
"3161","CA2701898",41,23584.1314596184,14.6545363065719,"Yes",127,23584.1314596184,14.6545363065719,"Yes"
"3162","CA3510302",31,16038.0462102373,9.96560466417121,"Yes",59,4773.21945011356,2.96594843234715,"No"
"3163","CA2400229",48,25899.6711623961,16.0933495485082,"Yes",55,0,0,"No"
"3164","CA4200703",36,8093.29875431596,5.02895519549378,"Yes",121,8093.29875431596,5.02895519549378,"Yes"
"3165","CA3200134",29,58512.9836951222,36.3583728081836,"Yes",144,54388.3236404059,33.7954215022344,"Yes"
"3166","CA2400169",48,7458.34073038275,4.63440959050465,"No",173,1744.51246585191,1.0839924850261,"No"
"3167","CA3301045",56,91348.1181958461,56.7612301911629,"Yes",11,1541.83580141117,0.958054731387508,"No"
"3168","CA1000147",11,58211.514067808,36.1710478008426,"Yes",78,41352.3009965526,25.6951924369944,"Yes"
"3169","CA2310010",40,33408.4415416417,20.759094747935,"Yes",149,13616.7186057103,8.46105770422056,"Yes"
"3170","CA1410006",11,118147.033552737,73.413345565721,"Yes",10,21679.742422234,13.4712008787664,"Yes"
"3171","CA3600613",15,154252.335116021,95.8481956056654,"Yes",96,17404.1454733888,10.8144615018509,"Yes"
"3172","CA1510052",25,39397.8732360792,24.4807643108847,"Yes",111,30820.8007442618,19.1512053042003,"Yes"
"3173","CA4700551",28,137156.526767826,85.2253263871067,"Yes",163,32133.1116487437,19.9666395222537,"Yes"
"3174","CA2202036",21,48040.0898374091,29.8508020911734,"Yes",82,48040.0898374091,29.8508020911734,"Yes"
"3175","CA1700617",40,51089.6084228408,31.7456898000676,"Yes",176,8201.14545523065,5.0959681951798,"Yes"
"3176","CA5401026",52,23643.4198873107,14.6913765191387,"Yes",161,15287.2168647007,9.49905977897816,"Yes"
"3177","CA0600076",40,74836.4757739776,46.5013457529034,"Yes",176,29141.2961107524,18.1076069138606,"Yes"
"3178","CA4901446",23,9541.78213642547,5.92900327862693,"Yes",134,0,0,"No"
"3179","CA0202548",30,100201.045648611,62.2621979498497,"Yes",136,48171.6825786763,29.9325702329379,"Yes"
"3180","CA1503397",25,44237.5771914496,27.4880244022081,"Yes",140,0,0,"No"
"3181","CA0710800",46,4006.94163376744,2.48980428857012,"No",143,4006.94163376744,2.48980428857012,"No"
"3182","CA1000472",11,52131.9903174103,32.3933974905305,"Yes",90,48732.7725974704,30.2812162734229,"Yes"
"3183","CA1200689",28,144557.169684433,89.8238841291666,"Yes",46,32624.6883852833,20.2720919043106,"Yes"
"3184","CA1000473",11,348.988573421126,0.216851984926197,"No",47,348.988573421126,0.216851984926197,"No"
"3185","CA2800526",40,32320.1563907307,20.0828640254581,"Yes",114,18058.7201276602,11.2211963461171,"Yes"
"3186","CA3400137",30,9035.2522544643,5.61425941967782,"Yes",113,9035.2522544643,5.61425941967782,"Yes"
"3187","CA2100578",26,18904.4670702204,11.746720438329,"Yes",99,18904.4670702204,11.746720438329,"Yes"
"3188","CA2701726",31,4696.29428201967,2.9181492301314,"No",115,4696.29428201967,2.9181492301314,"No"
"3189","CA3701988",32,6883.84633268739,4.2774344344187,"No",169,0,0,"No"
"3190","CA2702135",31,5422.78544202933,3.3695710303785,"No",115,5422.78544202933,3.3695710303785,"No"
"3191","CA1900062",37,172.628545951188,0.107266672021566,"No",122,172.628545951188,0.107266672021566,"No"
"3192","CA4901273",23,9341.4880660447,5.8045460039797,"Yes",134,0,0,"No"
"3193","CA1900903",37,2633.92234074861,1.63664753299403,"No",122,2633.92234074861,1.63664753299403,"No"
"3194","CA1000128",52,42722.008150534,26.5462911196727,"Yes",90,29658.8503088634,18.4292009823054,"Yes"
"3195","CA4901179",40,14810.2509957853,9.20268619172164,"Yes",21,0,0,"No"
"3196","CA4901330",40,748.289275619293,0.464966554997262,"No",126,748.289275619293,0.464966554997262,"No"
"3197","CA4000631",9,369.171423110716,0.229393057471209,"No",37,369.171423110716,0.229393057471209,"No"
"3198","CA2110303",26,21320.9465812855,13.2482549251777,"Yes",99,21320.9465812855,13.2482549251777,"Yes"
"3199","CA4400559",34,1070.77316946378,0.665349254640894,"No",119,1070.77316946378,0.665349254640894,"No"
"3200","CA4901363",40,3722.63350822775,2.31314297055175,"No",126,3722.63350822775,2.31314297055175,"No"
"3201","CA3700937",32,9542.04491119444,5.92916655970425,"Yes",116,9542.04491119444,5.92916655970425,"Yes"
"3202","CA4510016",28,2848.73837987574,1.77012836310272,"No",106,2848.73837987574,1.77012836310272,"No"
"3203","CA1210004",28,144962.596395894,90.0758052343783,"Yes",39,0,0,"No"
"3204","CA0410001",55,21853.2209689188,13.57899571807,"Yes",53,4334.98589286648,2.69364204758875,"No"
"3205","CA3610008",59,24767.6720801226,15.3899561808708,"Yes",9,0,0,"No"
"3206","CA5410021",27,23615.6190684402,14.674101848236,"Yes",35,0,0,"No"
"3207","CA5301104",28,37579.0672717036,23.3506078713657,"Yes",106,37579.0672717036,23.3506078713657,"Yes"
"3208","CA4700571",28,69044.7814348081,42.9025447915345,"Yes",85,3090.73643638699,1.92049935774105,"No"
"3209","CA1010052",11,36247.311590614,22.5230911992581,"Yes",47,36247.311590614,22.5230911992581,"Yes"
"3210","CA1400500",27,96314.2165690806,59.8470283278118,"Yes",10,89781.9631225879,55.7880641272744,"Yes"
"3211","CA4700870",28,112731.249206722,70.0481248255324,"Yes",85,64638.2467249096,40.1644442597025,"Yes"
"3212","CA1000367",11,9935.5832611617,6.17370056120006,"Yes",128,0,0,"No"
"3213","CA1206012",28,138744.823692609,86.2122507938714,"Yes",46,54645.6707432738,33.9553299758123,"Yes"
"3214","CA2701904",31,5442.18727731623,3.38162680186675,"No",115,5442.18727731623,3.38162680186675,"No"
"3215","CA2900531",55,27729.6774328251,17.2304655528509,"Yes",51,3913.19091548047,2.43155014818526,"No"
"3216","CA1000063",11,27395.867641625,17.0230452493724,"Yes",47,27395.867641625,17.0230452493724,"Yes"
"3217","CA0706112",1,5167.71359883832,3.21107634113259,"No",1,5167.71359883832,3.21107634113259,"No"
"3218","CA1010020",13,6839.38992539083,4.24981043495522,"No",57,6839.38992539083,4.24981043495522,"No"
"3219","CA1600017",13,10082.8728467266,6.26522229406255,"Yes",175,4944.35260718696,3.07228591048937,"No"
"3220","CA1300553",8,17657.504435043,10.9718918532087,"Yes",12,8086.13076042597,5.02450119951407,"Yes"
"3221","CA1502620",3,31351.7165031065,19.4811018822042,"Yes",30,3544.56444513175,2.20249570950312,"No"
"3222","CA2410011",21,12627.0784587359,7.84612229779655,"Yes",18,8577.78696116095,5.33000295845561,"Yes"
"3223","CA2300717",40,95324.1262995363,59.2318132274947,"Yes",158,3950.29521364803,2.45460574747911,"No"
"3224","CA1000156",11,56781.9935623208,35.282782732251,"Yes",78,43164.8356721833,26.8214520686638,"Yes"
"3225","CA0400001",5,4937.66861546013,3.06813266025832,"No",17,4937.66861546013,3.06813266025832,"No"
"3226","CA2701945",41,21866.6601670449,13.587346469388,"Yes",127,21866.6601670449,13.587346469388,"Yes"
"3227","CA1000013",11,58530.5830651594,36.3693085769069,"Yes",78,41176.5287828105,25.5859723755145,"Yes"
"3228","CA0400041",5,7557.61044633718,4.6960930855737,"No",77,5325.59503129375,3.30917955888361,"No"
"3229","CA1500465",3,40886.2361507441,25.4055924482981,"Yes",7,40886.2361507441,25.4055924482981,"Yes"
"3230","CA4300575",12,1332.72114759068,0.828116586669493,"No",49,1332.72114759068,0.828116586669493,"No"
"3231","CA3310003",56,95203.6011217343,59.1569221679287,"Yes",11,0,0,"No"
"3232","CA2400097",21,48.9789051810483,0.0304341563504594,"No",82,48.9789051810483,0.0304341563504594,"No"
"3233","CA1000295",11,9358.43738865249,5.81507785095287,"Yes",118,0,0,"No"
"3234","CA1700546",40,33025.1013499362,20.5208976039471,"Yes",20,182.073480621667,0.113135496925241,"No"
"3235","CA2400209",21,44662.4311675919,27.7520170800402,"Yes",74,10482.9392743923,6.51381266506288,"Yes"
"3236","CA5200013",28,26717.0142280607,16.6012242460019,"Yes",105,0,0,"No"
"3237","CA1000476",11,20962.7949115876,13.0257092420418,"Yes",47,20962.7949115876,13.0257092420418,"Yes"
"3238","CA2900523",30,59918.9753772507,37.2320177074146,"Yes",51,18942.2932226716,11.7702245781946,"Yes"
"3239","CA4600019",29,40002.3589277341,24.856375239374,"Yes",144,36102.573051991,22.4331546174152,"Yes"
"3240","CA1000361",11,43275.8916712547,26.8904592387281,"Yes",61,25845.9838659319,16.0599897261809,"Yes"
"3241","CA3210004",5,67049.9457388466,41.6630082759682,"Yes",77,53535.6669218348,33.265603863593,"Yes"
"3242","CA1000480",11,3427.10080485313,2.12950700588635,"No",47,3427.10080485313,2.12950700588635,"No"
"3243","CA1000005",11,49957.4745302088,31.0422126649488,"Yes",78,48829.5923445677,30.3413774246385,"Yes"
"3244","CA4900512",40,1852.11532799703,1.15085396994857,"No",126,1852.11532799703,1.15085396994857,"No"
"3245","CA5410503",52,47816.8006092802,29.7120562524266,"Yes",161,36503.4921803026,22.6822748333494,"Yes"
"3246","CA1400525",11,124999.325605565,77.6711730309102,"Yes",10,2575.43111549456,1.60030268028792,"No"
"3247","CA2710301",41,21067.186515762,13.090575338811,"Yes",127,21067.186515762,13.090575338811,"Yes"
"3248","CA4910702",40,6777.04407296107,4.21107042201218,"No",21,6768.1046246172,4.2055156925306,"No"
"3249","CA1810700",29,62161.81799044,38.6256589598469,"Yes",138,42006.9624000307,26.1019811848526,"Yes"
"3250","CA2300506",40,52242.6472767881,32.4621567082084,"Yes",149,16087.5801224977,9.99638368678941,"Yes"
"3251","CA2810005",50,374.251452611326,0.232549649304265,"No",151,374.251452611326,0.232549649304265,"No"
"3252","CA2900529",55,41798.4024262704,25.9723877032016,"Yes",51,10816.3093439709,6.72095973751407,"Yes"
"3253","CA1900155",25,8369.72889895983,5.20072135096364,"Yes",95,8369.72889895983,5.20072135096364,"Yes"
"3254","CA0901222",30,54585.4975950781,33.9179400220451,"Yes",136,21777.1751447536,13.5317429161977,"Yes"
"3255","CA3710318",32,2264.7808147167,1.40727305275249,"No",116,2264.7808147167,1.40727305275249,"No"
"3256","CA2610701",29,86912.3351535927,54.0049555430131,"Yes",136,49467.3606045031,30.7376692336629,"Yes"
"3257","CA4600068",29,11024.0360874393,6.8500354725784,"Yes",144,9170.63403251426,5.69838196559724,"Yes"
"3258","CA5800805",55,34999.0926480315,21.7474819789675,"Yes",51,15637.4653619135,9.71669464619874,"Yes"
"3259","CA0800557",28,166726.120071053,103.599065499554,"Yes",27,20643.6013241926,12.8273710491211,"Yes"
"3260","CA5800850",55,47024.1799263439,29.2195433695452,"Yes",51,16415.9857820527,10.2004460101984,"Yes"
"3261","CA2510001",28,170821.142227979,106.143600623845,"Yes",138,116077.694015534,72.1275143944313,"Yes"
"3262","CA1400527",27,105286.050835415,65.4218815386527,"Yes",109,88759.8768768994,55.1529675996989,"Yes"
"3263","CA1000317",19,23449.7821492448,14.571055307918,"Yes",65,12117.8449577917,7.5296984837211,"Yes"
"3264","CA1000490",13,40213.2034883922,24.9873883010378,"Yes",61,3700.69860655061,2.29951322066848,"No"
"3265","CA0901247",30,49339.4029417131,30.6581598305598,"Yes",100,19230.8616713196,11.9495331448417,"Yes"
"3266","CA5500148",22,40700.6050267737,25.2902463287892,"Yes",135,7216.67757221076,4.48424669256389,"No"
"3267","CA0605013",55,32050.2604604345,19.9151580526393,"Yes",157,10770.6753998024,6.69260404874195,"Yes"
"3268","CA0600032",55,31476.2557573353,19.5584871794246,"Yes",157,1953.12364750948,1.21361778586842,"No"
"3269","CA0600003",55,13289.153606925,8.25751774449461,"Yes",164,13289.153606925,8.25751774449461,"Yes"
"3270","CA4301014",34,86.326673245643,0.0536410412005188,"No",119,86.326673245643,0.0536410412005188,"No"
"3271","CA4300993",12,1774.65993258076,1.10272529893047,"No",49,1774.65993258076,1.10272529893047,"No"
"3272","CA4300976",12,1025.07479131947,0.63695352835291,"No",49,1025.07479131947,0.63695352835291,"No"
"3273","CA4300967",12,1337.15420508635,0.830871167737304,"No",49,1337.15420508635,0.830871167737304,"No"
"3274","CA2010016",11,631.552455370842,0.392429477531685,"No",47,631.552455370842,0.392429477531685,"No"
"3275","CA2410003",48,25858.4712274664,16.0677490321911,"Yes",55,0,0,"No"
"3276","CA2910001",30,36703.0940143372,22.8063019712038,"Yes",51,0,0,"No"
"3277","CA2910004",55,39358.5948937129,24.4563578197975,"Yes",51,0,0,"No"
"3278","CA2910010",29,15442.2704994655,9.59540588033947,"Yes",144,679.6722202139,0.422329787499161,"No"
"3279","CA0910003",30,10071.1963543104,6.25796684001543,"Yes",100,0,0,"No"
"3280","CA5510007",22,88844.0156250028,55.2052491238662,"Yes",135,17192.0093931683,10.6826459251421,"Yes"
"3281","CA2300620",40,92921.6256661458,57.738964834122,"Yes",44,17034.3707625844,10.5846935778545,"Yes"
"3282","CA2300626",40,99717.5023267224,61.961737312639,"Yes",44,8827.84810968753,5.48538413864537,"Yes"
"3283","CA2300636",28,130405.025195817,81.0301273788119,"Yes",44,49448.3784658569,30.7258742502249,"Yes"
"3284","CA2300740",40,100679.839201255,62.5597072099461,"Yes",44,8299.61380683044,5.15715374428675,"Yes"
"3285","CA2300789",40,59269.1170858352,36.8282134824432,"Yes",149,20053.9736208343,12.4609924694809,"Yes"
"3286","CA5403121",52,432.3893916781,0.268674979605366,"No",40,0,0,"No"
"3287","CA5400994",27,67.8480630684864,0.0421589366252541,"No",102,67.8480630684864,0.0421589366252541,"No"
"3288","CA5403089",27,73670.8999679717,45.7770887245527,"Yes",109,47641.5299873976,29.6031478664531,"Yes"
"3289","CA5400548",52,15620.8903085032,9.70639535990109,"Yes",168,2507.2824677979,1.55795696856966,"No"
"3290","CA5400875",52,23950.838187105,14.8823978693782,"Yes",161,14837.4857672132,9.21960913617581,"Yes"
"3291","CA5403046",52,25209.8638177902,15.6647220710292,"Yes",90,120.054424070341,0.0745985460315043,"No"
"3292","CA5400526",52,17638.7719302189,10.9602519854219,"Yes",107,4698.67762801046,2.91963017635208,"No"
"3293","CA4900916",40,1008.95551687522,0.626937450678676,"No",126,1008.95551687522,0.626937450678676,"No"
"3294","CA5500360",22,39857.7163351841,24.766498275805,"Yes",135,5644.72727457184,3.50747963424251,"No"
"3295","CA5305504",28,64962.3054452998,40.3658055136266,"Yes",106,64962.3054452998,40.3658055136266,"Yes"
"3296","CA0300032",30,66717.4896752743,41.4564291419304,"Yes",136,16824.0648349141,10.4540152080444,"Yes"
"3297","CA0600016",40,55422.3128671006,34.4379142176921,"Yes",19,16804.513324314,10.4418664323971,"Yes"
"3298","CA0300070",30,67149.4885825068,41.7248614851472,"Yes",136,16832.2832302329,10.4591218948345,"Yes"
"3299","CA2810009",23,27065.2573071347,16.8176130010654,"Yes",114,17061.4614234504,10.6015269759345,"Yes"
"3300","CA1700518",40,23620.6868638343,14.6772508381289,"Yes",20,8436.09262273233,5.24195795961843,"Yes"
"3301","CA2910023",55,27004.568599471,16.7799026927008,"Yes",51,4754.41209326886,2.95426205355541,"No"
"3302","CA4901468",40,286.492724634514,0.178018768336407,"No",126,286.492724634514,0.178018768336407,"No"
"3303","CA4301011",34,240.172209793823,0.14923646326682,"No",119,240.172209793823,0.14923646326682,"No"
"3304","CA5510005",22,64398.0205481196,40.0151742628156,"Yes",135,0,0,"No"
"3305","CA5500096",22,60356.6059182362,37.5039493943084,"Yes",135,754.421035357308,0.468776663326151,"No"
"3306","CA4300779",34,2128.3744124835,1.3225138333003,"No",119,2128.3744124835,1.3225138333003,"No"
"3307","CA4300764",34,1695.12017229292,1.05330146040794,"No",119,1695.12017229292,1.05330146040794,"No"
"3308","CA2310302",40,97306.2787608808,60.4634687268575,"Yes",44,11496.8858744044,7.1438514387292,"Yes"
"3309","CA4901425",40,4659.68120740852,2.89539886376311,"No",126,4659.68120740852,2.89539886376311,"No"
"3310","CA3610300",15,145783.083812372,90.5856337457416,"Yes",148,70332.0484909988,43.7024174450388,"Yes"
"3311","CA1700633",40,80959.7555295184,50.3061848518762,"Yes",149,26720.6928871972,16.6035100644968,"Yes"
"3312","CA1700710",40,29398.0243829068,18.2671308629045,"Yes",19,13472.22533505,8.37127352520288,"Yes"
"3313","CA2300512",40,92597.6194368848,57.5376361967544,"Yes",44,17062.9889517512,10.6024761403751,"Yes"
"3314","CA2300516",40,109557.179942859,68.0758447207295,"Yes",44,0,0,"No"
"3315","CA2300584",40,100509.589877724,62.4539189218709,"Yes",44,7746.31124292784,4.81334661595924,"No"
"3316","CA2300839",40,97311.6529039689,60.4668080728553,"Yes",158,14861.7042536682,9.2346578433819,"Yes"
"3317","CA2300853",40,61186.6025641131,38.019686681567,"Yes",149,1563.57548954918,0.971563180899736,"No"
"3318","CA2300856",40,61924.6975033634,38.4783187538764,"Yes",149,1068.42623670751,0.663890934611398,"No"
"3319","CA2300858",28,125245.07242684,77.823873405769,"Yes",158,32908.4195300875,20.4483947022304,"Yes"
"3320","CA5400795",47,11207.1296704422,6.96380483331189,"Yes",25,2637.7040566474,1.63899738815129,"No"
"3321","CA5403201",52,21590.1621772591,13.4155381567966,"Yes",107,400.825460961121,0.249062013596332,"No"
"3322","CA5403154",52,2428.86529189907,1.50923067338106,"No",153,2428.86529189907,1.50923067338106,"No"
"3323","CA2300819",40,106748.164847104,66.3303993233899,"Yes",158,13971.2200011261,8.68133520643624,"Yes"
"3324","CA2300821",40,107324.571948879,66.688562981644,"Yes",158,14586.8635633825,9.06387933151632,"Yes"
"3325","CA2300829",28,104739.044222689,65.0819865427377,"Yes",158,38018.094644623,23.6234075115407,"Yes"
"3326","CA2300838",40,41405.5460079107,25.728277435415,"Yes",149,5573.00480323533,3.46291324594885,"No"
"3327","CA2300872",40,100660.590288888,62.5477464605915,"Yes",44,8384.47567756321,5.2098845971412,"Yes"
"3328","CA2300877",40,60684.7059543939,37.7078218116706,"Yes",149,21553.5008877503,13.3927578310054,"Yes"
"3329","CA2300878",40,109203.147276062,67.8558584736983,"Yes",44,0,0,"No"
"3330","CA2300901",40,49568.6059516904,30.8005803321178,"Yes",149,15438.0686152008,9.5927949440148,"Yes"
"3331","CA2300905",40,64691.1892897514,40.1973413261035,"Yes",149,21243.9792506845,13.2004295243295,"Yes"
"3332","CA2300952",40,51081.6354124396,31.7407355887753,"Yes",149,15791.7996468421,9.81259376318375,"Yes"
"3333","CA2300953",40,50916.8937541959,31.6383696137522,"Yes",149,15743.0177391712,9.78228201571526,"Yes"
"3334","CA3500823",12,22543.7730133424,14.0080859317127,"Yes",59,1222.47868796809,0.759614927838798,"No"
"3335","CA4300748",34,22222.0366543522,13.8081677298471,"Yes",119,22222.0366543522,13.8081677298471,"Yes"
"3336","CA4300859",12,1068.55568633315,0.663971371079541,"No",49,1068.55568633315,0.663971371079541,"No"
"3337","CA4300937",34,29.8143007572779,0.0185257936528501,"No",119,29.8143007572779,0.0185257936528501,"No"
"3338","CA4200885",18,26151.4546714556,16.2498009565757,"Yes",133,232.907296256839,0.144722244060819,"No"
"3339","CA1500566",3,28739.0966160223,17.857691113141,"Yes",7,28739.0966160223,17.857691113141,"Yes"
"3340","CA5603123",4,905.610578226202,0.562721723331429,"No",14,905.610578226202,0.562721723331429,"No"
"3341","CA3500830",12,15109.5132862818,9.38863962014354,"Yes",59,440.112008389877,0.273473603085661,"No"
"3342","CA3310005",15,264.748716472132,0.164507634478812,"No",63,264.748716472132,0.164507634478812,"No"
"3343","CA2701918",53,3636.30921682204,2.25950340936163,"No",156,3636.30921682204,2.25950340936163,"No"
"3344","CA2710016",41,58654.0402294443,36.4460214929377,"Yes",66,1350.59680307877,0.839224031639537,"No"
"3345","CA2310317",40,105264.559677283,65.4085275189105,"Yes",44,4419.87839390901,2.74639193328259,"No"
"3346","CA5400718",27,3426.95539908637,2.12941665470713,"No",102,3426.95539908637,2.12941665470713,"No"
"3347","CA1010800",52,32802.6644577986,20.3826813835477,"Yes",92,19141.3816153924,11.8939326776147,"Yes"
"3348","CA1800514",5,118446.526625022,73.599442395654,"Yes",138,16854.1476067653,10.4727078223155,"Yes"
"3349","CA4100552",34,7642.83764609733,4.74905094392567,"No",119,7642.83764609733,4.74905094392567,"No"
"3350","CA4100553",38,19902.2000951718,12.366684538489,"Yes",123,19902.2000951718,12.366684538489,"Yes"
"3351","CA4100559",34,4643.89089996941,2.88558719721713,"No",119,4643.89089996941,2.88558719721713,"No"
"3352","CA4100560",38,16716.378016682,10.3871015550984,"Yes",123,16716.378016682,10.3871015550984,"Yes"
"3353","CA4100566",34,12025.214158387,7.47214023039693,"Yes",56,11345.5057527619,7.04978795826978,"Yes"
"3354","CA4100603",38,15690.4644045767,9.74962680637821,"Yes",123,15690.4644045767,9.74962680637821,"Yes"
"3355","CA4100605",33,2420.18412157083,1.50383643081687,"No",56,820.216382637695,0.50966009832459,"No"
"3356","CA4100607",34,15710.7991440956,9.76226225912213,"Yes",119,15710.7991440956,9.76226225912213,"Yes"
"3357","CA1710015",40,30973.582681941,19.2461398349267,"Yes",19,11572.4078445367,7.19077873198749,"Yes"
"3358","CA5010017",22,15561.50624745,9.66949572337106,"Yes",98,0,0,"No"
"3359","CA4300522",34,1443.58805524147,0.897006260480366,"No",119,1443.58805524147,0.897006260480366,"No"
"3360","CA4301013",12,972.48276836067,0.60427427912105,"No",49,972.48276836067,0.60427427912105,"No"
"3361","CA2704520",31,20445.0895117897,12.704021220991,"Yes",50,1993.47297194861,1.23868975601713,"No"
"3362","CA2701221",31,69.0446324103399,0.0429024521917928,"No",115,69.0446324103399,0.0429024521917928,"No"
"3363","CA4510504",28,9183.13294368454,5.70614844823626,"Yes",106,9183.13294368454,5.70614844823626,"Yes"
"3364","CA0110011",16,56.8242181271567,0.0353090199256569,"No",71,56.8242181271567,0.0353090199256569,"No"
"3365","CA2900530",55,31852.589173707,19.7923305042483,"Yes",51,0,0,"No"
"3366","CA1010039",11,11447.9178521205,7.11342404471431,"Yes",47,11447.9178521205,7.11342404471431,"Yes"
"3367","CA5400754",52,23248.4316715558,14.4459416105707,"Yes",161,14811.1745708035,9.20326007605818,"Yes"
"3368","CA1900007",37,8301.347490036,5.15823100776467,"Yes",122,8301.347490036,5.15823100776467,"Yes"
"3369","CA1500341",3,38877.1218161649,24.1571835759783,"Yes",7,38877.1218161649,24.1571835759783,"Yes"
"3370","CA1500448",3,45612.5480657493,28.3423938171855,"Yes",7,45612.5480657493,28.3423938171855,"Yes"
"3371","CA1500458",3,40511.1712385405,25.1725373373809,"Yes",7,40511.1712385405,25.1725373373809,"Yes"
"3372","CA2810001",40,16415.2072357578,10.1999622427566,"Yes",114,1975.00815211749,1.22721622038692,"No"
"3373","CA4000834",2,1895.9576048347,1.17809636548815,"No",3,1895.9576048347,1.17809636548815,"No"
"3374","CA3601048",59,14665.3769662957,9.11266541954818,"Yes",9,4742.47519722656,2.9468447917945,"No"
"3375","CA3702338",32,18275.4711855585,11.3558795441352,"Yes",178,2760.24245852897,1.71513941027314,"No"
"3376","CA1502073",24,43167.4041133368,26.8230480279722,"Yes",139,38113.4001075584,23.6826277278626,"Yes"
"3377","CA1500050",25,44277.9740727315,27.5131259228823,"Yes",140,588.964539250529,0.365966507543794,"No"
"3378","CA1500396",25,11984.0897646627,7.4465866533254,"Yes",111,0,0,"No"
"3379","CA1500415",3,35595.83355137,22.1182805071458,"Yes",4,26538.7518210903,16.4904568463409,"Yes"
"3380","CA1500600",3,10602.3806061844,6.58803025226764,"Yes",7,10602.3806061844,6.58803025226764,"Yes"
"3381","CA1502134",3,36283.7241787779,22.545716988814,"Yes",7,36283.7241787779,22.545716988814,"Yes"
"3382","CA1502223",25,14918.6188846024,9.27002304336086,"Yes",111,0,0,"No"
"3383","CA1502317",3,38687.2855902352,24.0392245207571,"Yes",7,38687.2855902352,24.0392245207571,"Yes"
"3384","CA1502325",25,44243.3112457586,27.4915873872262,"Yes",140,2903.38524064135,1.80408443252597,"No"
"3385","CA1502418",3,85526.0338408747,53.1435457025083,"Yes",109,9042.31914575336,5.61865059325771,"Yes"
"3386","CA1502524",24,43548.5737149895,27.0598964264789,"Yes",139,40475.5708022142,25.1504161968348,"Yes"
"3387","CA1502673",3,90456.7311986909,56.2073466133265,"Yes",109,2971.04862519162,1.84612861495496,"No"
"3388","CA1502686",3,36227.4782895723,22.510767326713,"Yes",7,36227.4782895723,22.510767326713,"Yes"
"3389","CA1502688",3,41012.6037012046,25.4841137989515,"Yes",7,41012.6037012046,25.4841137989515,"Yes"
"3390","CA1502753",3,43964.4150855597,27.3182889169222,"Yes",140,0,0,"No"
"3391","CA1502757",3,10650.950448581,6.61821022815626,"Yes",4,6103.62000310116,3.79262306479747,"No"
"3392","CA1503341",3,30424.2473642209,18.9047978452166,"Yes",4,21908.1937311247,13.6131542937631,"Yes"
"3393","CA1503515",3,21816.0419901542,13.5558937142892,"Yes",7,21816.0419901542,13.5558937142892,"Yes"
"3394","CA1503536",3,32610.9375507087,20.2635475105998,"Yes",7,32610.9375507087,20.2635475105998,"Yes"
"3395","CA1503668",3,48712.1870029853,30.2684249462421,"Yes",7,48712.1870029853,30.2684249462421,"Yes"
"3396","CA1503672",3,21721.59308382,13.4972057388867,"Yes",4,18267.0800591628,11.3506655269631,"Yes"
"3397","CA1503677",3,37585.3013125241,23.3544815343707,"Yes",140,4449.72569609306,2.76493823312231,"No"
"3398","CA1503678",51,95979.1838451381,59.6388481272684,"Yes",109,31079.9035184612,19.3122047040782,"Yes"
"3399","CA1503679",3,25825.8176276509,16.0474589755123,"Yes",4,16393.8904001929,10.1867165423048,"Yes"
"3400","CA1503682",3,33821.3670804314,21.0156754200054,"Yes",140,6900.18115417611,4.28758444714983,"No"
"3401","CA1503685",3,3744.74777169776,2.3268841709631,"No",129,429.444438464294,0.266845065967598,"No"
"3402","CA1503687",3,5153.69788305421,3.20236735745971,"No",7,5153.69788305421,3.20236735745971,"No"
"3403","CA1503688",3,18744.601910414,11.6473845864851,"Yes",4,11030.4976258551,6.85405049638676,"Yes"
"3404","CA1510300",25,69391.1201731201,43.1177502411673,"Yes",109,32320.8943562001,20.0833225770814,"Yes"
"3405","CA5400749",52,32752.7881050165,20.3516895777253,"Yes",161,22622.3472649384,14.056909829457,"Yes"
"3406","CA5510009",21,56229.0026808286,34.9391692748758,"Yes",135,14960.9415243844,9.29632117786444,"Yes"
"3407","CA4300610",12,828.757363968803,0.514967231267975,"No",49,828.757363968803,0.514967231267975,"No"
"3408","CA4901460",40,1564.67055614033,0.972243625424293,"No",126,1564.67055614033,0.972243625424293,"No"
"3409","CA1500413",3,43491.9099759613,27.0246871238901,"Yes",4,33209.6986474112,20.6356013318573,"Yes"
"3410","CA4510506",28,6707.20902005326,4.16767682407276,"No",106,6707.20902005326,4.16767682407276,"No"
"3411","CA5403217",47,7341.76111535302,4.56197019607604,"No",145,7341.76111535302,4.56197019607604,"No"
"3412","CA5103335",55,5352.84180020008,3.3261099582438,"No",70,0,0,"No"
"3413","CA1500426",25,11172.1082175597,6.94204345729289,"Yes",111,0,0,"No"
"3414","CA1500424",25,16203.4989280125,10.0684124722013,"Yes",111,345.56964563111,0.214727556408907,"No"
"3415","CA1500398",3,46933.8643310198,29.1634237209165,"Yes",7,46933.8643310198,29.1634237209165,"Yes"
"3416","CA3301775",59,3675.45079035505,2.28382491602461,"No",185,3675.45079035505,2.28382491602461,"No"
"3417","CA1500550",3,90085.4763473388,55.9766589703474,"Yes",109,6193.56503876162,3.84851245775387,"No"
"3418","CA1700659",40,31091.4733823766,19.319393902082,"Yes",67,2014.15584704812,1.2515415307195,"No"
"3419","CA1500464",3,45974.6576404309,28.5673988345725,"Yes",7,45974.6576404309,28.5673988345725,"Yes"
"3420","CA1500449",3,37082.5708589104,23.0420985366115,"Yes",7,37082.5708589104,23.0420985366115,"Yes"
"3421","CA2910016",29,35502.8315697259,22.0604916112977,"Yes",144,4622.30413654742,2.87217377095419,"No"
"3422","CA1502068",3,11881.687054034,7.38295640078168,"Yes",4,1902.55928822314,1.18219847156172,"No"
"3423","CA1502034",25,32420.6883897477,20.1453318688081,"Yes",140,9284.14233056292,5.7689129273882,"Yes"
"3424","CA1502042",24,42550.0614043629,26.4394480994463,"Yes",139,40597.4901520862,25.2261735569154,"Yes"
"3425","CA1502044",24,43487.3768307362,27.021870351036,"Yes",139,38230.4647154295,23.7553684836203,"Yes"
"3426","CA1502074",3,43741.0686284066,27.17950751762,"Yes",4,33419.3166557759,20.7658522473659,"Yes"
"3427","CA1502194",3,46218.9301542115,28.7191831149487,"Yes",7,46218.9301542115,28.7191831149487,"Yes"
"3428","CA1502249",24,42961.5976021255,26.6951654728805,"Yes",139,38330.7238512831,23.8176667772398,"Yes"
"3429","CA1502422",25,42327.178136102,26.3009545130935,"Yes",111,39966.3642035923,24.834009099129,"Yes"
"3430","CA1502572",3,24455.7825776253,15.1961565471717,"Yes",7,24455.7825776253,15.1961565471717,"Yes"
"3431","CA1502595",37,35220.6394908215,21.885145146968,"Yes",122,35220.6394908215,21.885145146968,"Yes"
"3432","CA1502607",3,36808.3419796459,22.8717001874345,"Yes",140,20233.1542413891,12.5723304220296,"Yes"
"3433","CA1502667",3,19971.7835557771,12.4099218038309,"Yes",4,14909.3073551122,9.26423711279919,"Yes"
"3434","CA1502689",3,41848.2040747098,26.003333089782,"Yes",7,41848.2040747098,26.003333089782,"Yes"
"3435","CA1502695",3,95926.3653466932,59.606028152344,"Yes",109,0,0,"No"
"3436","CA2710702",9,57903.3719813793,35.9795767093214,"Yes",66,20245.671367253,12.5801082227827,"Yes"
"3437","CA3310047",59,3810.64977524839,2.36783387926006,"No",185,3810.64977524839,2.36783387926006,"No"
"3438","CA5400620",52,16437.2360431882,10.2136503431147,"Yes",107,2622.42064450916,1.62950069252561,"No"
"3439","CA5402008",27,28093.2750549072,17.4563952023235,"Yes",102,28093.2750549072,17.4563952023235,"Yes"
"3440","CA5403083",52,17279.8628466315,10.7372356659448,"Yes",107,4614.60542968858,2.86739000440465,"No"
"3441","CA5403048",47,14044.7654899844,8.72703436811639,"Yes",35,588.92844322357,0.36594407845674,"No"
"3442","CA1500209",3,38262.9061861226,23.7755267290458,"Yes",7,38262.9061861226,23.7755267290458,"Yes"
"3443","CA0910006",30,31134.5149526682,19.3461387604038,"Yes",100,10399.842210004,6.46217841475634,"Yes"
"3444","CA1500405",25,48036.1133418171,29.8483312052252,"Yes",111,37837.7227130318,23.5113293107931,"Yes"
"3445","CA1500447",3,92913.1133258525,57.7336754979386,"Yes",109,639.398625256408,0.397304873585698,"No"
"3446","CA1500525",3,45201.9687783741,28.0872710417774,"Yes",7,45201.9687783741,28.0872710417774,"Yes"
"3447","CA1900075",25,18101.6316852793,11.2478604181088,"Yes",95,18101.6316852793,11.2478604181088,"Yes"
"3448","CA1500588",3,7072.64540576805,4.39474903113578,"No",4,2041.28684897743,1.26839999563637,"No"
"3449","CA4800804",49,10224.2170903302,6.35304975352023,"Yes",33,5402.76742156882,3.35713237822264,"No"
"3450","CA1502213",3,39160.823381485,24.3334679940131,"Yes",7,39160.823381485,24.3334679940131,"Yes"
"3451","CA5500243",22,50922.2388846701,31.6416909321027,"Yes",135,869.497977163186,0.54028233758136,"No"
"3452","CA5510003",22,60383.6579072166,37.5207587627329,"Yes",135,2116.67179262695,1.31524214437406,"No"
"3453","CA1503105",3,27707.6724568206,17.2167922606911,"Yes",7,27707.6724568206,17.2167922606911,"Yes"
"3454","CA3710055",32,20494.3760997211,12.7346465630141,"Yes",103,4539.34599624813,2.82062584428905,"No"
"3455","CA1500401",3,21339.129246012,13.2595531373184,"Yes",4,15699.667768392,9.75534552573851,"Yes"
"3456","CA1503140",37,38857.4639811361,24.1449687332299,"Yes",122,38857.4639811361,24.1449687332299,"Yes"
"3457","CA1500404",3,41002.0010905824,25.4775256257736,"Yes",7,41002.0010905824,25.4775256257736,"Yes"
"3458","CA1907028",25,4906.31014874035,3.04864736397551,"No",95,4906.31014874035,3.04864736397551,"No"
"3459","CA4901465",40,4140.43605225834,2.57275408071528,"No",126,4140.43605225834,2.57275408071528,"No"
"3460","CA5400797",52,6469.320813024,4.01985957785428,"No",153,6469.320813024,4.01985957785428,"No"
"3461","CA5402027",52,3266.18344651312,2.02951734656016,"No",153,3266.18344651312,2.02951734656016,"No"
"3462","CA5400696",27,2233.89042277656,1.38807860537647,"No",102,2233.89042277656,1.38807860537647,"No"
"3463","CA5400755",52,16492.6819983652,10.2481029480192,"Yes",161,8181.87298143323,5.08399280539428,"Yes"
"3464","CA5400826",27,62603.7322266613,38.9002524181722,"Yes",109,60326.7766474344,37.485414298678,"Yes"
"3465","CA5400783",27,38031.7112979039,23.6318685286539,"Yes",102,38031.7112979039,23.6318685286539,"Yes"
"3466","CA5400765",27,33370.8254761459,20.7357211503759,"Yes",102,33370.8254761459,20.7357211503759,"Yes"
"3467","CA5403119",47,8261.16701846708,5.13326395818601,"Yes",35,6375.68028447765,3.9616739063701,"No"
"3468","CA1503182",3,3775.53319015289,2.34601339067748,"No",129,95.4570603554525,0.0593144148256133,"No"
"3469","CA4901474",40,289.876905856411,0.180121606283577,"No",126,289.876905856411,0.180121606283577,"No"
"3470","CA4510004",28,7042.17089385623,4.37581300027106,"No",106,7042.17089385623,4.37581300027106,"No"
"3471","CA1503230",24,44659.0176261376,27.7498959984451,"Yes",4,41046.3575697446,25.5050875326187,"Yes"
"3472","CA1503232",3,18849.0407639392,11.7122800427127,"Yes",139,12102.4798222559,7.52015100740422,"Yes"
"3473","CA1503319",3,36510.8766044468,22.6868633131885,"Yes",7,36510.8766044468,22.6868633131885,"Yes"
"3474","CA1503360",25,6610.63740642552,4.10766985623021,"No",111,0,0,"No"
"3475","CA1503380",3,16760.6464635597,10.414608761082,"Yes",129,11085.8879210979,6.88846851572565,"Yes"
"3476","CA1503576",3,20858.4088332518,12.9608465788782,"Yes",4,12637.4541614617,7.85256947659393,"Yes"
"3477","CA1503629",3,5650.46226137283,3.51104319868569,"No",7,5650.46226137283,3.51104319868569,"No"
"3478","CA1503645",25,32902.2731285403,20.4445754958805,"Yes",140,12143.5174514168,7.54565067134156,"Yes"
"3479","CA1503655",25,43912.1369761289,27.2858047249984,"Yes",140,4783.57362700275,2.97238223557654,"No"
"3480","CA1503656",3,19681.5552251325,12.2295818317649,"Yes",4,12650.9182068899,7.86093566734801,"Yes"
"3481","CA1503661",3,34969.0897454874,21.7288389933062,"Yes",140,4190.31827006713,2.6037495309053,"No"
"3482","CA1503662",25,32102.943310982,19.9478937396585,"Yes",140,10748.4832657283,6.67881446166026,"Yes"
"3483","CA1503664",25,25564.2878652429,15.8849515113294,"Yes",111,9354.76748471799,5.81279747270185,"Yes"
"3484","CA1503680",3,34224.9231431414,21.266434155083,"Yes",140,4954.1702082599,3.0783863001354,"No"
"3485","CA1503683",24,42979.2492700111,26.706133738061,"Yes",139,30340.6233486584,18.8528361618169,"Yes"
"3486","CA1510023",24,44196.3430416952,27.4624026257318,"Yes",4,41431.4826558904,25.7443937613496,"Yes"
"3487","CA5500363",22,52318.3811518601,32.509215673419,"Yes",135,1161.58385883675,0.721776541213633,"No"
"3488","CA1900158",25,18484.4193014047,11.4857142066963,"Yes",95,18484.4193014047,11.4857142066963,"Yes"
"3489","CA3510003",12,20442.8693671198,12.7026416836218,"Yes",59,0,0,"No"
"3490","CA3702354",32,30294.9398998258,18.8244497121962,"Yes",178,29453.6315426294,18.3016836359187,"Yes"
"3491","CA3301171",44,24565.4012474327,15.2642706000178,"Yes",141,24565.4012474327,15.2642706000178,"Yes"
"3492","CA1510046",3,53843.8137340447,33.4570778915858,"Yes",154,29819.7481280195,18.5291785005154,"Yes"
"3493","CA2710008",31,43575.5039094307,27.0766301150973,"Yes",52,0,0,"No"
"3494","CA5010043",22,1012.4538603602,0.629111225943682,"No",83,1012.4538603602,0.629111225943682,"No"
"3495","CA1410801",11,111979.414400901,69.5809551747308,"Yes",10,0,0,"No"
"3496","CA2700622",31,348.197778389542,0.216360606453292,"No",115,348.197778389542,0.216360606453292,"No"
"3497","CA2801080",23,1686.09985629855,1.04769648197308,"No",86,1686.09985629855,1.04769648197308,"No"
"3498","CA2310011",40,118291.22197184,73.5029403182918,"Yes",158,25515.6370014831,15.8547211909746,"Yes"
"3499","CA3500527",12,17167.6382700304,10.6675023736628,"Yes",59,475.483871324385,0.295452714357678,"No"
"3500","CA4910018",40,13998.7343216508,8.69843185507773,"Yes",167,5104.90256294297,3.17204727586648,"No"
"3501","CA4900785",40,9655.6238367211,5.9997414074845,"Yes",167,1755.12892596915,1.09058926390269,"No"
"3502","CA1010024",11,10068.08752165,6.25603509615744,"Yes",128,0,0,"No"
"3503","CA1500407",3,40541.5492600312,25.1914134117286,"Yes",7,40541.5492600312,25.1914134117286,"Yes"
"3504","CA1510039",3,40839.6814393745,25.3766646198905,"Yes",7,40839.6814393745,25.3766646198905,"Yes"
"3505","CA2010017",11,5164.37957163988,3.20900466752823,"No",47,5164.37957163988,3.20900466752823,"No"
"3506","CA1110003",5,34405.9483479193,21.3789182819785,"Yes",159,0,0,"No"
"3507","CA1310003",8,33127.8234906328,20.5847263416263,"Yes",12,18553.5917908722,11.5286961057776,"Yes"
"3508","CA5403007",27,3124.14091684166,1.94125599117754,"No",102,3124.14091684166,1.94125599117754,"No"
"3509","CA5403204",27,26372.7010094009,16.3872773990586,"Yes",35,2606.02674942263,1.61931397307134,"No"
"3510","CA5403126",52,15720.3075394352,9.76817051675546,"Yes",92,0,0,"No"
"3511","CA5403147",52,1478.6703271475,0.91880542778251,"No",40,0,0,"No"
"3512","CA4900935",40,481.617774284227,0.299264154426179,"No",126,481.617774284227,0.299264154426179,"No"
"3513","CA4901409",23,5452.6950665965,3.38815605564797,"No",134,1946.6883711658,1.20961908059565,"No"
"3514","CA4901432",40,2198.81635536922,1.36628453612613,"No",126,2198.81635536922,1.36628453612613,"No"
"3515","CA4901436",40,3213.59646966761,1.99684123284552,"No",167,0,0,"No"
"3516","CA4901447",23,7737.94900815799,4.80815055125579,"No",134,3833.93791465389,2.38230449417394,"No"
"3517","CA4901454",23,8497.23552054083,5.2799504893564,"Yes",134,112.951780682022,0.070185157071857,"No"
"3518","CA3510001",12,15879.2505832239,9.86693339084586,"Yes",59,0,0,"No"
"3519","CA5500171",22,59881.7478731715,37.2088855513263,"Yes",135,1984.44555540699,1.23308036549579,"No"
"3520","CA2701403",31,42430.5756587547,26.3652029147071,"Yes",52,0,0,"No"
"3521","CA5500086",22,49879.9477509637,30.9940396379657,"Yes",135,230.813715780061,0.143421350230567,"No"
"3522","CA5510023",22,60011.7018114164,37.289635385572,"Yes",135,0,0,"No"
"3523","CA3500559",12,13565.6716343497,8.42933850792852,"Yes",59,0,0,"No"
"3524","CA4300909",34,7911.32373704051,4.91588088100744,"No",119,7911.32373704051,4.91588088100744,"No"
"3525","CA4300770",34,1674.12425486262,1.0402551697358,"No",119,1674.12425486262,1.0402551697358,"No"
"3526","CA5710011",54,6487.87159038646,4.03138652515097,"No",162,6487.87159038646,4.03138652515097,"No"
"3527","CA5500080",22,65428.1996090662,40.6552994451553,"Yes",135,0,0,"No"
"3528","CA4100575",38,14024.9915004655,8.71474735013455,"Yes",123,14024.9915004655,8.71474735013455,"Yes"
"3529","CA5500001",30,106530.466940415,66.1951277793471,"Yes",135,44799.5508723509,27.8372195262349,"Yes"
"3530","CA5500359",22,86834.7874638696,53.956769522829,"Yes",135,15827.3345907846,9.83467420854797,"Yes"
"3531","CA4300716",34,378.120411477173,0.234953714862722,"No",119,378.120411477173,0.234953714862722,"No"
"3532","CA4300614",38,5284.8642292002,3.2838705489208,"No",123,5284.8642292002,3.2838705489208,"No"
"3533","CA4400572",38,92.4125317808713,0.0574226277734173,"No",123,92.4125317808713,0.0574226277734173,"No"
"3534","CA4400617",34,1437.48072971883,0.893211334906754,"No",119,1437.48072971883,0.893211334906754,"No"
"3535","CA1510016",51,79361.199837082,49.3128859265798,"Yes",109,21516.5342923482,13.3697877964558,"Yes"
"3536","CA1503684",3,90341.6995470137,56.1358690811225,"Yes",109,2566.37540717486,1.59467571002701,"No"
"3537","CA1510038",3,25605.4745524007,15.9105437958422,"Yes",140,12303.8631196797,7.64528509804001,"Yes"
"3538","CA4710004",28,91862.8994689602,57.0811012396139,"Yes",163,32185.8906757716,19.9994349707157,"Yes"
"3539","CA3500900",31,18467.7516914937,11.4753574083125,"Yes",59,1289.81299201641,0.80145462861571,"No"
"3540","CA3301491",15,8490.92172132584,5.27602726665953,"Yes",63,8490.92172132584,5.27602726665953,"Yes"
"3541","CA3301512",15,9254.87589354044,5.75072756132355,"Yes",63,9254.87589354044,5.75072756132355,"Yes"
"3542","CA3410012",1,13114.6980697156,8.14911582991512,"Yes",110,6551.3251058163,4.07081480968366,"No"
"3543","CA5500274",21,36386.7358586397,22.6097256382366,"Yes",135,24677.7192106763,15.3340619202134,"Yes"
"3544","CA4110029",38,12975.4783155221,8.06260847025622,"Yes",123,12975.4783155221,8.06260847025622,"Yes"
"3545","CA4400619",38,60.5898567941409,0.0376488851293952,"No",123,60.5898567941409,0.0376488851293952,"No"
"3546","CA1710022",40,34049.8493718013,21.1576480866699,"Yes",20,324.863394134858,0.201861256250921,"No"
"3547","CA2702050",31,147.299692837365,0.0915280132460292,"No",115,147.299692837365,0.0915280132460292,"No"
"3548","CA2702550",31,230.598900547289,0.143287869901505,"No",115,230.598900547289,0.143287869901505,"No"
"3549","CA3400106",30,14609.295435531,9.07781788530143,"Yes",113,14609.295435531,9.07781788530143,"Yes"
"3550","CA5400537",11,21389.3545414798,13.2907617666123,"Yes",107,2801.03631925723,1.74048760315237,"No"
"3551","CA4200969",39,2792.81440395258,1.73537872913901,"No",124,2792.81440395258,1.73537872913901,"No"
"3552","CA2300736",40,105538.954515476,65.5790289904409,"Yes",44,3262.02333102912,2.02693236421708,"No"
"3553","CA3610009",15,45212.9317119964,28.094083109844,"Yes",148,8143.0972150565,5.05989860132508,"Yes"
"3554","CA3510002",31,7829.07026758709,4.86477081759423,"No",59,4898.82414947903,3.04399576812795,"No"
"3555","CA1503384",3,16128.5696945777,10.0218534893669,"Yes",154,5473.37412564302,3.40100545915905,"No"
"3556","CA1503657",3,9878.64190158299,6.13831875277007,"Yes",129,3271.67267878468,2.03292820583884,"No"
"3557","CA1510051",37,41181.9437789576,25.5893371064894,"Yes",4,37985.2815565288,23.6030183531937,"Yes"
"3558","CA2300785",28,130030.831590927,80.7976136745042,"Yes",44,44131.5977100575,27.4221716418268,"Yes"
"3559","CA1010053",11,37969.4619873189,23.5931885041812,"Yes",47,37969.4619873189,23.5931885041812,"Yes"
"3560","CA1300654",56,54858.3699190742,34.0874954447626,"Yes",11,38439.234788219,23.8850925150801,"Yes"
"3561","CA3110005",30,3561.87943723823,2.21325477353339,"No",5,0,0,"No"
"3562","CA3110024",30,44367.7807257041,27.5689293286093,"Yes",51,13478.4098556082,8.37511641766697,"Yes"
"3563","CA3110006",30,27193.0599487798,16.8970260782556,"Yes",51,6462.07183092974,4.01535525801244,"No"
"3564","CA3400374",1,10859.7467698211,6.74795056968765,"Yes",110,776.321221149906,0.482384841705237,"No"
"3565","CA0900500",29,61348.8670476437,38.1205134077595,"Yes",136,991.938798721212,0.616363725950522,"No"
"3566","CA1800014",5,82835.7171555005,51.4718562612627,"Yes",138,28844.06875198,17.922917936533,"Yes"
"3567","CA4500360",28,386.528917461455,0.240178531237312,"No",106,386.528917461455,0.240178531237312,"No"
"3568","CA3310080",14,16024.7533777679,9.95734486048189,"Yes",58,16024.7533777679,9.95734486048189,"Yes"
"3569","CA0900522",29,49310.6098281799,30.640268574807,"Yes",136,0,0,"No"
"3570","CA3200618",29,23416.392657017,14.5503079877571,"Yes",108,23416.392657017,14.5503079877571,"Yes"
"3571","CA4700885",28,64442.1701376616,40.0426076140912,"Yes",85,166.36830248418,0.103376727406378,"No"
"3572","CA2700547",31,468.030822808341,0.29082159320488,"No",16,0,0,"No"
"3573","CA2700674",31,812.023920651456,0.504569525800301,"No",16,0,0,"No"
"3574","CA3200138",29,25769.1465258422,16.0122450978924,"Yes",108,25769.1465258422,16.0122450978924,"Yes"
"3575","CA0900125",30,13061.712619083,8.11619211545292,"Yes",100,479.548073061709,0.297978098513496,"No"
"3576","CA3601128",56,167062.411751708,103.808027981476,"Yes",96,8918.0917451471,5.54145907337611,"Yes"
"3577","CA3310052",15,19096.7159641803,11.8661786596868,"Yes",63,19096.7159641803,11.8661786596868,"Yes"
"3578","CA2610003",29,130438.599744861,81.0509896882332,"Yes",78,69093.6811920012,42.9329297674831,"Yes"
"3579","CA2701633",31,288.107194756939,0.179021956054618,"No",16,0,0,"No"
"3580","CA3110050",30,14262.3232178159,8.86221880883834,"Yes",5,1513.51919842616,0.940459566298084,"No"
"3581","CA0409200",5,19234.1022387984,11.9515467451244,"Yes",77,3428.54893921392,2.13040683709715,"No"
"3582","CA2000382",11,96382.5294910653,59.889476115094,"Yes",78,4580.75889178201,2.84635868851952,"No"
"3583","CA5400750",52,23211.5625045263,14.4230321153555,"Yes",161,14369.4348228157,8.92877503996401,"Yes"
"3584","CA3600365",56,163358.999207735,101.506828394084,"Yes",96,5217.0875719189,3.24175598190494,"No"
"3585","CA3600133",59,2915.264751678,1.81146603680888,"No",185,2915.264751678,1.81146603680888,"No"
"3586","CA3601186",51,203.258917791084,0.126299549996324,"No",152,203.258917791084,0.126299549996324,"No"
"3587","CA1000677",11,7052.81448114184,4.38242663523049,"No",128,365.062135049393,0.226839657902862,"No"
"3588","CA2701515",53,6410.65581834969,3.98340674956795,"No",16,3314.0565313076,2.05926437627077,"No"
"3589","CA2702299",41,25168.8291404049,15.6392242412448,"Yes",127,25168.8291404049,15.6392242412448,"Yes"
"3590","CA2702296",53,4454.40153526863,2.76784367210697,"No",156,4454.40153526863,2.76784367210697,"No"
"3591","CA1000679",11,33217.1610749179,20.6402382808591,"Yes",90,17428.0356978319,10.8293062359923,"Yes"
"3592","CA1910234",57,0,0,"No",183,0,0,"No"
"3593","CA1500452",3,0,0,"No",7,0,0,"No"
"3594","CA4901165",40,0,0,"No",126,0,0,"No"
"3595","CA5410801",27,0,0,"No",102,0,0,"No"
"3596","CA4901143",26,0,0,"No",99,0,0,"No"
"3597","CA5400631",52,0,0,"No",153,0,0,"No"
"3598","CA3301943",59,0,0,"No",185,0,0,"No"
"3599","CA0707617",6,0,0,"No",24,0,0,"No"
"3600","CA4810026",10,0,0,"No",41,0,0,"No"
"3601","CA4400710",38,0,0,"No",123,0,0,"No"
"3602","CA2702679",31,0,0,"No",115,0,0,"No"
"3603","CA3910020",43,0,0,"No",137,0,0,"No"
"3604","CA3900586",17,0,0,"No",72,0,0,"No"
"3605","CA3010079",58,0,0,"No",184,0,0,"No"
"3606","CA4000501",2,0,0,"No",3,0,0,"No"
"3607","CA4400604",38,0,0,"No",123,0,0,"No"
"3608","CA4000203",35,0,0,"No",120,0,0,"No"
"3609","CA5800832",55,0,0,"No",164,0,0,"No"
"3610","CA4000507",9,0,0,"No",37,0,0,"No"
"3611","CA2701630",31,0,0,"No",115,0,0,"No"
"3612","CA3600399",51,0,0,"No",152,0,0,"No"
"3613","CA4000563",35,0,0,"No",120,0,0,"No"
"3614","CA3400179",30,0,0,"No",113,0,0,"No"
"3615","CA4400825",38,0,0,"No",123,0,0,"No"
"3616","CA4400726",38,0,0,"No",123,0,0,"No"
"3617","CA4901411",40,0,0,"No",126,0,0,"No"
"3618","CA3010068",57,0,0,"No",183,0,0,"No"
"3619","CA5400602",27,0,0,"No",102,0,0,"No"
"3620","CA1910194",57,0,0,"No",183,0,0,"No"
"3621","CA4400557",53,0,0,"No",156,0,0,"No"
"3622","CA0707523",1,0,0,"No",1,0,0,"No"
"3623","CA4410016",38,0,0,"No",123,0,0,"No"
"3624","CA4000648",2,0,0,"No",3,0,0,"No"
"3625","CA4410304",38,0,0,"No",123,0,0,"No"
"3626","CA4400753",38,0,0,"No",123,0,0,"No"
"3627","CA3601182",51,0,0,"No",152,0,0,"No"
"3628","CA5602108",24,0,0,"No",94,0,0,"No"
"3629","CA3100528",30,0,0,"No",113,0,0,"No"
"3630","CA4000649",9,0,0,"No",37,0,0,"No"
"3631","CA3900596",17,0,0,"No",72,0,0,"No"
"3632","CA5010010",22,0,0,"No",83,0,0,"No"
"3633","CA2700703",31,0,0,"No",115,0,0,"No"
"3634","CA1502680",3,0,0,"No",7,0,0,"No"
"3635","CA3900606",43,0,0,"No",137,0,0,"No"
"3636","CA2700983",9,0,0,"No",37,0,0,"No"
"3637","CA0790007",6,0,0,"No",24,0,0,"No"
"3638","CA4400558",53,0,0,"No",156,0,0,"No"
"3639","CA1900636",25,0,0,"No",95,0,0,"No"
"3640","CA5602110",24,0,0,"No",94,0,0,"No"
"3641","CA3700919",32,0,0,"No",116,0,0,"No"
"3642","CA4901139",26,0,0,"No",99,0,0,"No"
"3643","CA4400903",53,0,0,"No",156,0,0,"No"
"3644","CA1900808",25,0,0,"No",95,0,0,"No"
"3645","CA4400530",38,0,0,"No",123,0,0,"No"
"3646","CA4400756",38,0,0,"No",123,0,0,"No"
"3647","CA4400754",53,0,0,"No",156,0,0,"No"
"3648","CA4400725",53,0,0,"No",156,0,0,"No"
"3649","CA3010064",57,0,0,"No",183,0,0,"No"
"3650","CA3310002",59,0,0,"No",185,0,0,"No"
"3651","CA2710020",53,0,0,"No",156,0,0,"No"
"3652","CA3610053",59,0,0,"No",185,0,0,"No"
"3653","CA4900588",40,0,0,"No",126,0,0,"No"
"3654","CA1010007",11,0,0,"No",47,0,0,"No"
"3655","CA3310033",59,0,0,"No",185,0,0,"No"
"3656","CA1910239",57,0,0,"No",183,0,0,"No"
"3657","CA5610040",45,0,0,"No",142,0,0,"No"
"3658","CA1910028",57,0,0,"No",183,0,0,"No"
"3659","CA1910146",57,0,0,"No",183,0,0,"No"
"3660","CA2702571",41,0,0,"No",127,0,0,"No"
"3661","CA0400154",5,0,0,"No",17,0,0,"No"
"3662","CA4810008",49,0,0,"No",150,0,0,"No"
"3663","CA3310051",15,0,0,"No",63,0,0,"No"
"3664","CA2700705",31,0,0,"No",115,0,0,"No"
"3665","CA1910238",25,0,0,"No",95,0,0,"No"
"3666","CA4110021",33,0,0,"No",117,0,0,"No"
"3667","CA4110001",33,0,0,"No",117,0,0,"No"
"3668","CA1510015",3,0,0,"No",7,0,0,"No"
"3669","CA1910018",57,0,0,"No",183,0,0,"No"
"3670","CA5410010",27,0,0,"No",102,0,0,"No"
"3671","CA3610117",59,0,0,"No",185,0,0,"No"
"3672","CA3400397",30,0,0,"No",113,0,0,"No"
"3673","CA4910009",40,0,0,"No",126,0,0,"No"
"3674","CA4901170",40,0,0,"No",126,0,0,"No"
"3675","CA4901073",40,0,0,"No",126,0,0,"No"
"3676","CA3901159",43,0,0,"No",137,0,0,"No"
"3677","CA1500561",3,0,0,"No",7,0,0,"No"
"3678","CA0707592",1,0,0,"No",1,0,0,"No"
"3679","CA3901215",43,0,0,"No",137,0,0,"No"
"3680","CA1000511",11,0,0,"No",47,0,0,"No"
"3681","CA5402038",52,0,0,"No",153,0,0,"No"
"3682","CA3400473",30,0,0,"No",113,0,0,"No"
"3683","CA1000277",11,0,0,"No",47,0,0,"No"
"3684","CA4901191",40,0,0,"No",126,0,0,"No"
"3685","CA4210017",18,0,0,"No",73,0,0,"No"
"3686","CA5110007",55,0,0,"No",164,0,0,"No"
"3687","CA5000072",48,0,0,"No",146,0,0,"No"
"3688","CA4000222",2,0,0,"No",3,0,0,"No"
"3689","CA1910044",57,0,0,"No",183,0,0,"No"
"3690","CA3303035",15,0,0,"No",63,0,0,"No"
"3691","CA5010028",22,0,0,"No",83,0,0,"No"
"3692","CA4900798",40,0,0,"No",126,0,0,"No"
"3693","CA3710021",32,0,0,"No",116,0,0,"No"
"3694","CA1510029",3,0,0,"No",7,0,0,"No"
"3695","CA5610035",24,0,0,"No",94,0,0,"No"
"3696","CA4000716",2,0,0,"No",3,0,0,"No"
"3697","CA3010018",57,0,0,"No",183,0,0,"No"
"3698","CA5810002",55,0,0,"No",164,0,0,"No"
"3699","CA1000443",11,0,0,"No",47,0,0,"No"
"3700","CA2700638",31,0,0,"No",115,0,0,"No"
"3701","CA5805001",55,0,0,"No",164,0,0,"No"
"3702","CA4901027",26,0,0,"No",99,0,0,"No"
"3703","CA1910003",57,0,0,"No",183,0,0,"No"
"3704","CA5610059",42,0,0,"No",131,0,0,"No"
"3705","CA4910010",40,0,0,"No",126,0,0,"No"
"3706","CA1510006",3,0,0,"No",7,0,0,"No"
"3707","CA1910090",57,0,0,"No",183,0,0,"No"
"3708","CA3610028",59,0,0,"No",185,0,0,"No"
"3709","CA2701423",31,0,0,"No",115,0,0,"No"
"3710","CA1300550",8,0,0,"No",36,0,0,"No"
"3711","CA2700775",31,0,0,"No",115,0,0,"No"
"3712","CA3310038",44,0,0,"No",141,0,0,"No"
"3713","CA5000095",22,0,0,"No",83,0,0,"No"
"3714","CA3000618",57,0,0,"No",183,0,0,"No"
"3715","CA5610039",24,0,0,"No",94,0,0,"No"
"3716","CA4400755",53,0,0,"No",156,0,0,"No"
"3717","CA3710025",32,0,0,"No",116,0,0,"No"
"3718","CA1900741",57,0,0,"No",183,0,0,"No"
"3719","CA3400296",30,0,0,"No",113,0,0,"No"
"3720","CA1910054",57,0,0,"No",183,0,0,"No"
"3721","CA4900728",40,0,0,"No",126,0,0,"No"
"3722","CA3710700",32,0,0,"No",116,0,0,"No"
"3723","CA5400767",27,0,0,"No",102,0,0,"No"
"3724","CA4400608",38,0,0,"No",123,0,0,"No"
"3725","CA4901324",40,0,0,"No",126,0,0,"No"
"3726","CA4900774",40,0,0,"No",126,0,0,"No"
"3727","CA1910065",57,0,0,"No",183,0,0,"No"
"3728","CA3410016",30,0,0,"No",113,0,0,"No"
"3729","CA1910108",57,0,0,"No",183,0,0,"No"
"3730","CA4900796",40,0,0,"No",126,0,0,"No"
"3731","CA1910079",57,0,0,"No",183,0,0,"No"
"3732","CA1910001",57,0,0,"No",183,0,0,"No"
"3733","CA3103836",30,0,0,"No",113,0,0,"No"
"3734","CA0400120",5,0,0,"No",17,0,0,"No"
"3735","CA1910036",57,0,0,"No",183,0,0,"No"
"3736","CA1910039",57,0,0,"No",183,0,0,"No"
"3737","CA1910091",57,0,0,"No",183,0,0,"No"
"3738","CA1910092",57,0,0,"No",183,0,0,"No"
"3739","CA3310032",14,0,0,"No",58,0,0,"No"
"3740","CA3010004",57,0,0,"No",183,0,0,"No"
"3741","CA4900791",40,0,0,"No",126,0,0,"No"
"3742","CA3600155",51,0,0,"No",152,0,0,"No"
"3743","CA2702549",31,0,0,"No",115,0,0,"No"
"3744","CA3103835",30,0,0,"No",113,0,0,"No"
"3745","CA3301990",15,0,0,"No",63,0,0,"No"
"3746","CA4010007",9,0,0,"No",37,0,0,"No"
"3747","CA1910064",25,0,0,"No",95,0,0,"No"
"3748","CA4901175",40,0,0,"No",126,0,0,"No"
"3749","CA4300957",12,0,0,"No",49,0,0,"No"
"3750","CA5000218",22,0,0,"No",83,0,0,"No"
"3751","CA2700522",31,0,0,"No",115,0,0,"No"
"3752","CA4300994",12,0,0,"No",49,0,0,"No"
"3753","CA0103040",33,0,0,"No",117,0,0,"No"
"3754","CA5000054",22,0,0,"No",83,0,0,"No"
"3755","CA4900587",40,0,0,"No",126,0,0,"No"
"3756","CA1910023",25,0,0,"No",95,0,0,"No"
"3757","CA3901075",17,0,0,"No",72,0,0,"No"
"3758","CA4300521",34,0,0,"No",119,0,0,"No"
"3759","CA4400763",53,0,0,"No",156,0,0,"No"
"3760","CA0190002",16,0,0,"No",71,0,0,"No"
"3761","CA0710001",1,0,0,"No",1,0,0,"No"
"3762","CA1910166",57,0,0,"No",183,0,0,"No"
"3763","CA4110022",33,0,0,"No",117,0,0,"No"
"3764","CA4901079",26,0,0,"No",99,0,0,"No"
"3765","CA3410009",30,0,0,"No",113,0,0,"No"
"3766","CA1000442",11,0,0,"No",47,0,0,"No"
"3767","CA3410004",30,0,0,"No",113,0,0,"No"
"3768","CA1900907",25,0,0,"No",95,0,0,"No"
"3769","CA4400598",38,0,0,"No",123,0,0,"No"
"3770","CA2110302",33,0,0,"No",117,0,0,"No"
"3771","CA4400757",53,0,0,"No",156,0,0,"No"
"3772","CA2701959",41,0,0,"No",127,0,0,"No"
"3773","CA2702003",31,0,0,"No",115,0,0,"No"
"3774","CA5601401",24,0,0,"No",94,0,0,"No"
"3775","CA4400625",38,0,0,"No",123,0,0,"No"
"3776","CA1310004",8,0,0,"No",36,0,0,"No"
"3777","CA3610052",51,0,0,"No",152,0,0,"No"
"3778","CA3610050",57,0,0,"No",183,0,0,"No"
"3779","CA3400297",30,0,0,"No",113,0,0,"No"
"3780","CA4900812",40,0,0,"No",126,0,0,"No"
"3781","CA3901216",46,0,0,"No",143,0,0,"No"
"3782","CA1910009",57,0,0,"No",183,0,0,"No"
"3783","CA1503509",3,0,0,"No",7,0,0,"No"
"3784","CA4910006",26,0,0,"No",99,0,0,"No"
"3785","CA0707630",1,0,0,"No",1,0,0,"No"
"3786","CA1910103",25,0,0,"No",95,0,0,"No"
"3787","CA4900599",40,0,0,"No",126,0,0,"No"
"3788","CA1910012",57,0,0,"No",183,0,0,"No"
"3789","CA5403074",47,0,0,"No",145,0,0,"No"
"3790","CA3710702",32,0,0,"No",116,0,0,"No"
"3791","CA0707573",1,0,0,"No",1,0,0,"No"
"3792","CA3301209",15,0,0,"No",63,0,0,"No"
"3793","CA4400621",38,0,0,"No",123,0,0,"No"
"3794","CA0405003",5,0,0,"No",17,0,0,"No"
"3795","CA5602115",24,0,0,"No",94,0,0,"No"
"3796","CA5010029",22,0,0,"No",83,0,0,"No"
"3797","CA2702495",41,0,0,"No",127,0,0,"No"
"3798","CA4900737",26,0,0,"No",99,0,0,"No"
"3799","CA4900546",40,0,0,"No",126,0,0,"No"
"3800","CA5610029",24,0,0,"No",94,0,0,"No"
"3801","CA5610056",24,0,0,"No",94,0,0,"No"
"3802","CA0707576",1,0,0,"No",1,0,0,"No"
"3803","CA4810019",49,0,0,"No",150,0,0,"No"
"3804","CA3710750",32,0,0,"No",116,0,0,"No"
"3805","CA5010034",48,0,0,"No",146,0,0,"No"
"3806","CA3400180",30,0,0,"No",113,0,0,"No"
"3807","CA3400117",30,0,0,"No",113,0,0,"No"
"3808","CA3600220",51,0,0,"No",152,0,0,"No"
"3809","CA2701789",31,0,0,"No",115,0,0,"No"
"3810","CA4901269",40,0,0,"No",126,0,0,"No"
"3811","CA0707570",1,0,0,"No",1,0,0,"No"
"3812","CA5710006",54,0,0,"No",162,0,0,"No"
"3813","CA2410700",21,0,0,"No",82,0,0,"No"
"3814","CA4400668",38,0,0,"No",123,0,0,"No"
"3815","CA4400597",38,0,0,"No",123,0,0,"No"
"3816","CA5102025",55,0,0,"No",164,0,0,"No"
"3817","CA3010038",57,0,0,"No",183,0,0,"No"
"3818","CA1000366",11,0,0,"No",47,0,0,"No"
"3819","CA3400190",30,0,0,"No",113,0,0,"No"
"3820","CA1510003",3,0,0,"No",7,0,0,"No"
"3821","CA1910213",57,0,0,"No",183,0,0,"No"
"3822","CA1000460",11,0,0,"No",47,0,0,"No"
"3823","CA1510055",3,0,0,"No",7,0,0,"No"
"3824","CA2410010",21,0,0,"No",82,0,0,"No"
"3825","CA4500107",28,0,0,"No",106,0,0,"No"
"3826","CA3690006",59,0,0,"No",185,0,0,"No"
"3827","CA3010062",57,0,0,"No",183,0,0,"No"
"3828","CA3900543",46,0,0,"No",143,0,0,"No"
"3829","CA1000105",11,0,0,"No",47,0,0,"No"
"3830","CA4901445",40,0,0,"No",126,0,0,"No"
"3831","CA4901407",40,0,0,"No",126,0,0,"No"
"3832","CA1910004",57,0,0,"No",183,0,0,"No"
"3833","CA4310007",34,0,0,"No",119,0,0,"No"
"3834","CA0710007",1,0,0,"No",1,0,0,"No"
"3835","CA1502545",3,0,0,"No",7,0,0,"No"
"3836","CA3010053",57,0,0,"No",183,0,0,"No"
"3837","CA0707597",1,0,0,"No",1,0,0,"No"
"3838","CA3400139",30,0,0,"No",113,0,0,"No"
"3839","CA4400704",38,0,0,"No",123,0,0,"No"
"3840","CA1910046",57,0,0,"No",183,0,0,"No"
"3841","CA0707569",1,0,0,"No",1,0,0,"No"
"3842","CA3010041",57,0,0,"No",183,0,0,"No"
"3843","CA1910029",57,0,0,"No",183,0,0,"No"
"3844","CA4901156",40,0,0,"No",126,0,0,"No"
"3845","CA1910167",57,0,0,"No",183,0,0,"No"
"3846","CA5601122",24,0,0,"No",94,0,0,"No"
"3847","CA3705074",32,0,0,"No",116,0,0,"No"
"3848","CA1500494",3,0,0,"No",7,0,0,"No"
"3849","CA0710004",1,0,0,"No",1,0,0,"No"
"3850","CA1910155",57,0,0,"No",183,0,0,"No"
"3851","CA1910020",57,0,0,"No",183,0,0,"No"
"3852","CA3010002",57,0,0,"No",183,0,0,"No"
"3853","CA1910022",57,0,0,"No",183,0,0,"No"
"3854","CA3610851",59,0,0,"No",185,0,0,"No"
"3855","CA1610007",13,0,0,"No",57,0,0,"No"
"3856","CA0409183",5,0,0,"No",17,0,0,"No"
"3857","CA4000230",2,0,0,"No",3,0,0,"No"
"3858","CA2400327",21,0,0,"No",82,0,0,"No"
"3859","CA4000504",2,0,0,"No",3,0,0,"No"
"3860","CA0707511",6,0,0,"No",24,0,0,"No"
"3861","CA0707550",1,0,0,"No",1,0,0,"No"
"3862","CA5610069",45,0,0,"No",142,0,0,"No"
"3863","CA3600152",59,0,0,"No",185,0,0,"No"
"3864","CA4210700",18,0,0,"No",73,0,0,"No"
"3865","CA5610016",45,0,0,"No",142,0,0,"No"
"3866","CA5610018",45,0,0,"No",142,0,0,"No"
"3867","CA2010010",19,0,0,"No",76,0,0,"No"
"3868","CA1910083",57,0,0,"No",183,0,0,"No"
"3869","CA3410030",30,0,0,"No",113,0,0,"No"
"3870","CA4500081",28,0,0,"No",106,0,0,"No"
"3871","CA5602103",24,0,0,"No",94,0,0,"No"
"3872","CA4500092",28,0,0,"No",106,0,0,"No"
"3873","CA4500327",28,0,0,"No",106,0,0,"No"
"3874","CA1910073",57,0,0,"No",183,0,0,"No"
"3875","CA5000346",22,0,0,"No",83,0,0,"No"
"3876","CA2702475",31,0,0,"No",115,0,0,"No"
"3877","CA2700740",31,0,0,"No",115,0,0,"No"
"3878","CA2700709",31,0,0,"No",115,0,0,"No"
"3879","CA1500211",3,0,0,"No",7,0,0,"No"
"3880","CA4200633",36,0,0,"No",121,0,0,"No"
"3881","CA2701926",31,0,0,"No",115,0,0,"No"
"3882","CA3410007",30,0,0,"No",113,0,0,"No"
"3883","CA3000940",58,0,0,"No",184,0,0,"No"
"3884","CA1000078",11,0,0,"No",47,0,0,"No"
"3885","CA3410026",30,0,0,"No",113,0,0,"No"
"3886","CA1910157",57,0,0,"No",183,0,0,"No"
"3887","CA1910075",57,0,0,"No",183,0,0,"No"
"3888","CA5010019",48,0,0,"No",146,0,0,"No"
"3889","CA4210006",18,0,0,"No",73,0,0,"No"
"3890","CA3600180",51,0,0,"No",152,0,0,"No"
"3891","CA5810003",55,0,0,"No",164,0,0,"No"
"3892","CA4900799",40,0,0,"No",126,0,0,"No"
"3893","CA4310014",34,0,0,"No",119,0,0,"No"
"3894","CA2700669",31,0,0,"No",115,0,0,"No"
"3895","CA2000608",11,0,0,"No",47,0,0,"No"
"3896","CA5000274",22,0,0,"No",83,0,0,"No"
"3897","CA0707568",1,0,0,"No",1,0,0,"No"
"3898","CA4210007",36,0,0,"No",121,0,0,"No"
"3899","CA4901222",40,0,0,"No",126,0,0,"No"
"3900","CA4000670",9,0,0,"No",37,0,0,"No"
"3901","CA2010002",19,0,0,"No",76,0,0,"No"
"3902","CA1910067",57,0,0,"No",183,0,0,"No"
"3903","CA4901394",40,0,0,"No",126,0,0,"No"
"3904","CA2700773",53,0,0,"No",156,0,0,"No"
"3905","CA1910059",57,0,0,"No",183,0,0,"No"
"3906","CA3900724",43,0,0,"No",137,0,0,"No"
"3907","CA5000048",22,0,0,"No",83,0,0,"No"
"3908","CA0707503",1,0,0,"No",1,0,0,"No"
"3909","CA4900714",26,0,0,"No",99,0,0,"No"
"3910","CA1502699",3,0,0,"No",7,0,0,"No"
"3911","CA3410003",30,0,0,"No",113,0,0,"No"
"3912","CA5000384",22,0,0,"No",83,0,0,"No"
"3913","CA5000335",22,0,0,"No",83,0,0,"No"
"3914","CA3900653",20,0,0,"No",79,0,0,"No"
"3915","CA1910148",57,0,0,"No",183,0,0,"No"
"3916","CA4900547",40,0,0,"No",126,0,0,"No"
"3917","CA3610107",51,0,0,"No",152,0,0,"No"
"3918","CA4300740",34,0,0,"No",119,0,0,"No"
"3919","CA4900716",26,0,0,"No",99,0,0,"No"
"3920","CA4010040",2,0,0,"No",3,0,0,"No"
"3921","CA1010339",11,0,0,"No",47,0,0,"No"
"3922","CA4210016",39,0,0,"No",124,0,0,"No"
"3923","CA4000650",2,0,0,"No",3,0,0,"No"
"3924","CA3910023",20,0,0,"No",79,0,0,"No"
"3925","CA2700875",53,0,0,"No",156,0,0,"No"
"3926","CA2700534",31,0,0,"No",115,0,0,"No"
"3927","CA2810003",23,0,0,"No",86,0,0,"No"
"3928","CA4510005",28,0,0,"No",106,0,0,"No"
"3929","CA3600400",51,0,0,"No",152,0,0,"No"
"3930","CA1500546",3,0,0,"No",7,0,0,"No"
"3931","CA1900804",25,0,0,"No",95,0,0,"No"
"3932","CA5000474",22,0,0,"No",83,0,0,"No"
"3933","CA5000517",22,0,0,"No",83,0,0,"No"
"3934","CA1502645",3,0,0,"No",7,0,0,"No"
"3935","CA1500575",3,0,0,"No",7,0,0,"No"
"3936","CA5000044",22,0,0,"No",83,0,0,"No"
"3937","CA3910012",43,0,0,"No",137,0,0,"No"
"3938","CA5000595",48,0,0,"No",146,0,0,"No"
"3939","CA5000224",22,0,0,"No",83,0,0,"No"
"3940","CA5410019",52,0,0,"No",153,0,0,"No"
"3941","CA3100538",30,0,0,"No",113,0,0,"No"
"3942","CA5602101",24,0,0,"No",94,0,0,"No"
"3943","CA1000590",11,0,0,"No",47,0,0,"No"
"3944","CA3710015",32,0,0,"No",116,0,0,"No"
"3945","CA3900720",43,0,0,"No",137,0,0,"No"
"3946","CA3600108",59,0,0,"No",185,0,0,"No"
"3947","CA0707532",1,0,0,"No",1,0,0,"No"
"3948","CA5400903",52,0,0,"No",153,0,0,"No"
"3949","CA4901346",40,0,0,"No",126,0,0,"No"
"3950","CA1910021",57,0,0,"No",183,0,0,"No"
"3951","CA1910241",57,0,0,"No",183,0,0,"No"
"3952","CA1910161",57,0,0,"No",183,0,0,"No"
"3953","CA5610009",24,0,0,"No",94,0,0,"No"
"3954","CA5400769",27,0,0,"No",102,0,0,"No"
"3955","CA3910024",43,0,0,"No",137,0,0,"No"
"3956","CA2700558",31,0,0,"No",115,0,0,"No"
"3957","CA3010030",58,0,0,"No",184,0,0,"No"
"3958","CA1910086",57,0,0,"No",183,0,0,"No"
"3959","CA3110008",30,0,0,"No",113,0,0,"No"
"3960","CA3610850",59,0,0,"No",185,0,0,"No"
"3961","CA2110002",33,0,0,"No",117,0,0,"No"
"3962","CA3010097",57,0,0,"No",183,0,0,"No"
"3963","CA5000562",22,0,0,"No",83,0,0,"No"
"3964","CA0710006",6,0,0,"No",24,0,0,"No"
"3965","CA3601045",51,0,0,"No",152,0,0,"No"
"3966","CA2400234",21,0,0,"No",82,0,0,"No"
"3967","CA3710010",32,0,0,"No",116,0,0,"No"
"3968","CA2400211",21,0,0,"No",82,0,0,"No"
"3969","CA2400219",21,0,0,"No",82,0,0,"No"
"3970","CA2400307",21,0,0,"No",82,0,0,"No"
"3971","CA3010036",58,0,0,"No",184,0,0,"No"
"3972","CA4200572",36,0,0,"No",121,0,0,"No"
"3973","CA3900563",43,0,0,"No",137,0,0,"No"
"3974","CA1300009",56,0,0,"No",166,0,0,"No"
"3975","CA4900949",40,0,0,"No",126,0,0,"No"
"3976","CA3410032",30,0,0,"No",113,0,0,"No"
"3977","CA3600385",59,0,0,"No",185,0,0,"No"
"3978","CA1910139",57,0,0,"No",183,0,0,"No"
"3979","CA2701231",31,0,0,"No",115,0,0,"No"
"3980","CA1910002",57,0,0,"No",183,0,0,"No"
"3981","CA1910053",57,0,0,"No",183,0,0,"No"
"3982","CA3901337",43,0,0,"No",137,0,0,"No"
"3983","CA5000411",22,0,0,"No",83,0,0,"No"
"3984","CA3301040",15,0,0,"No",63,0,0,"No"
"3985","CA3610004",59,0,0,"No",185,0,0,"No"
"3986","CA2700792",31,0,0,"No",115,0,0,"No"
"3987","CA4900720",40,0,0,"No",126,0,0,"No"
"3988","CA4810001",50,0,0,"No",151,0,0,"No"
"3989","CA5810001",55,0,0,"No",164,0,0,"No"
"3990","CA3301879",59,0,0,"No",185,0,0,"No"
"3991","CA1000554",11,0,0,"No",47,0,0,"No"
"3992","CA4000744",35,0,0,"No",120,0,0,"No"
"3993","CA5000141",22,0,0,"No",83,0,0,"No"
"3994","CA4900794",40,0,0,"No",126,0,0,"No"
"3995","CA4500007",28,0,0,"No",106,0,0,"No"
"3996","CA4500194",28,0,0,"No",106,0,0,"No"
"3997","CA4210019",18,0,0,"No",73,0,0,"No"
"3998","CA1502600",3,0,0,"No",7,0,0,"No"
"3999","CA5000400",48,0,0,"No",146,0,0,"No"
"4000","CA5000414",48,0,0,"No",146,0,0,"No"
"4001","CA5000263",22,0,0,"No",83,0,0,"No"
"4002","CA4200556",39,0,0,"No",124,0,0,"No"
"4003","CA1000568",11,0,0,"No",47,0,0,"No"
"4004","CA4810021",50,0,0,"No",151,0,0,"No"
"4005","CA3710004",32,0,0,"No",116,0,0,"No"
"4006","CA3010010",57,0,0,"No",183,0,0,"No"
"4007","CA3010094",58,0,0,"No",184,0,0,"No"
"4008","CA4110009",33,0,0,"No",117,0,0,"No"
"4009","CA0400162",5,0,0,"No",17,0,0,"No"
"4010","CA4810701",10,0,0,"No",41,0,0,"No"
"4011","CA5410041",47,0,0,"No",145,0,0,"No"
"4012","CA3600187",59,0,0,"No",185,0,0,"No"
"4013","CA1910026",57,0,0,"No",183,0,0,"No"
"4014","CA1910169",57,0,0,"No",183,0,0,"No"
"4015","CA1000023",11,0,0,"No",47,0,0,"No"
"4016","CA3710013",32,0,0,"No",116,0,0,"No"
"4017","CA3900805",46,0,0,"No",143,0,0,"No"
"4018","CA0707556",1,0,0,"No",1,0,0,"No"
"4019","CA1900843",25,0,0,"No",95,0,0,"No"
"4020","CA3010092",57,0,0,"No",183,0,0,"No"
"4021","CA4210005",36,0,0,"No",121,0,0,"No"
"4022","CA3010037",57,0,0,"No",183,0,0,"No"
"4023","CA3010046",57,0,0,"No",183,0,0,"No"
"4024","CA4200842",39,0,0,"No",124,0,0,"No"
"4025","CA2702009",41,0,0,"No",127,0,0,"No"
"4026","CA5000493",22,0,0,"No",83,0,0,"No"
"4027","CA5000019",22,0,0,"No",83,0,0,"No"
"4028","CA5000512",22,0,0,"No",83,0,0,"No"
"4029","CA5000536",22,0,0,"No",83,0,0,"No"
"4030","CA4000206",35,0,0,"No",120,0,0,"No"
"4031","CA5000555",48,0,0,"No",146,0,0,"No"
"4032","CA5000563",22,0,0,"No",83,0,0,"No"
"4033","CA5000535",22,0,0,"No",83,0,0,"No"
"4034","CA3910803",43,0,0,"No",137,0,0,"No"
"4035","CA4910014",40,0,0,"No",126,0,0,"No"
"4036","CA1300517",8,0,0,"No",36,0,0,"No"
"4037","CA2710006",31,0,0,"No",115,0,0,"No"
"4038","CA2702315",31,0,0,"No",115,0,0,"No"
"4039","CA5010035",48,0,0,"No",146,0,0,"No"
"4040","CA4310006",12,0,0,"No",49,0,0,"No"
"4041","CA4010004",2,0,0,"No",3,0,0,"No"
"4042","CA0706005",1,0,0,"No",1,0,0,"No"
"4043","CA2400046",21,0,0,"No",82,0,0,"No"
"4044","CA1010026",11,0,0,"No",47,0,0,"No"
"4045","CA3600008",51,0,0,"No",152,0,0,"No"
"4046","CA3600009",51,0,0,"No",152,0,0,"No"
"4047","CA3310044",59,0,0,"No",185,0,0,"No"
"4048","CA4900905",40,0,0,"No",126,0,0,"No"
"4049","CA5000538",22,0,0,"No",83,0,0,"No"
"4050","CA5610014",24,0,0,"No",94,0,0,"No"
"4051","CA3610064",59,0,0,"No",185,0,0,"No"
"4052","CA4000749",2,0,0,"No",3,0,0,"No"
"4053","CA4200693",36,0,0,"No",121,0,0,"No"
"4054","CA5000473",48,0,0,"No",146,0,0,"No"
"4055","CA5000249",22,0,0,"No",83,0,0,"No"
"4056","CA5000454",48,0,0,"No",146,0,0,"No"
"4057","CA2400140",21,0,0,"No",82,0,0,"No"
"4058","CA3910027",46,0,0,"No",143,0,0,"No"
"4059","CA3410029",30,0,0,"No",113,0,0,"No"
"4060","CA2700738",31,0,0,"No",115,0,0,"No"
"4061","CA3410704",30,0,0,"No",113,0,0,"No"
"4062","CA1000221",11,0,0,"No",47,0,0,"No"
"4063","CA5601104",24,0,0,"No",94,0,0,"No"
"4064","CA3610038",59,0,0,"No",185,0,0,"No"
"4065","CA4500193",28,0,0,"No",106,0,0,"No"
"4066","CA4400605",53,0,0,"No",156,0,0,"No"
"4067","CA0707639",6,0,0,"No",24,0,0,"No"
"4068","CA4400517",53,0,0,"No",156,0,0,"No"
"4069","CA5000565",22,0,0,"No",83,0,0,"No"
"4070","CA4110024",33,0,0,"No",117,0,0,"No"
"4071","CA1503526",3,0,0,"No",7,0,0,"No"
"4072","CA1500553",3,0,0,"No",7,0,0,"No"
"4073","CA5610020",45,0,0,"No",142,0,0,"No"
"4074","CA5610005",24,0,0,"No",94,0,0,"No"
"4075","CA0707501",1,0,0,"No",1,0,0,"No"
"4076","CA0706004",1,0,0,"No",1,0,0,"No"
"4077","CA0707562",6,0,0,"No",24,0,0,"No"
"4078","CA0707594",1,0,0,"No",1,0,0,"No"
"4079","CA5602109",24,0,0,"No",94,0,0,"No"
"4080","CA1300554",8,0,0,"No",36,0,0,"No"
"4081","CA1910137",25,0,0,"No",95,0,0,"No"
"4082","CA1910138",25,0,0,"No",95,0,0,"No"
"4083","CA1910143",57,0,0,"No",183,0,0,"No"
"4084","CA5610068",24,0,0,"No",94,0,0,"No"
"4085","CA5000067",22,0,0,"No",83,0,0,"No"
"4086","CA1910040",57,0,0,"No",183,0,0,"No"
"4087","CA4210011",39,0,0,"No",124,0,0,"No"
"4088","CA0707507",1,0,0,"No",1,0,0,"No"
"4089","CA1000488",11,0,0,"No",47,0,0,"No"
"4090","CA3310037",59,0,0,"No",185,0,0,"No"
"4091","CA4900721",40,0,0,"No",126,0,0,"No"
"4092","CA4010024",9,0,0,"No",37,0,0,"No"
"4093","CA1900721",25,0,0,"No",95,0,0,"No"
"4094","CA3610036",57,0,0,"No",183,0,0,"No"
"4095","CA0410003",5,0,0,"No",17,0,0,"No"
"4096","CA0400166",5,0,0,"No",17,0,0,"No"
"4097","CA1000259",11,0,0,"No",47,0,0,"No"
"4098","CA0400040",5,0,0,"No",17,0,0,"No"
"4099","CA4310013",34,0,0,"No",119,0,0,"No"
"4100","CA4900553",40,0,0,"No",126,0,0,"No"
"4101","CA3301107",15,0,0,"No",63,0,0,"No"
"4102","CA0707588",1,0,0,"No",1,0,0,"No"
"4103","CA1910249",25,0,0,"No",95,0,0,"No"
"4104","CA4000837",2,0,0,"No",3,0,0,"No"
"4105","CA5000055",22,0,0,"No",83,0,0,"No"
"4106","CA5400604",27,0,0,"No",102,0,0,"No"
"4107","CA2702368",31,0,0,"No",115,0,0,"No"
"4108","CA3910014",20,0,0,"No",79,0,0,"No"
"4109","CA4901094",26,0,0,"No",99,0,0,"No"
"4110","CA3610125",51,0,0,"No",152,0,0,"No"
"4111","CA4910005",40,0,0,"No",126,0,0,"No"
"4112","CA5010023",48,0,0,"No",146,0,0,"No"
"4113","CA1502750",3,0,0,"No",7,0,0,"No"
"4114","CA1500231",3,0,0,"No",7,0,0,"No"
"4115","CA5000402",48,0,0,"No",146,0,0,"No"
"4116","CA2400117",21,0,0,"No",82,0,0,"No"
"4117","CA2400148",21,0,0,"No",82,0,0,"No"
"4118","CA1900803",25,0,0,"No",95,0,0,"No"
"4119","CA5000439",48,0,0,"No",146,0,0,"No"
"4120","CA3900983",43,0,0,"No",137,0,0,"No"
"4121","CA3900831",17,0,0,"No",72,0,0,"No"
"4122","CA1310006",8,0,0,"No",36,0,0,"No"
"4123","CA5610023",42,0,0,"No",131,0,0,"No"
"4124","CA5610007",24,0,0,"No",94,0,0,"No"
"4125","CA0110003",16,0,0,"No",71,0,0,"No"
"4126","CA1500543",3,0,0,"No",7,0,0,"No"
"4127","CA5000268",22,0,0,"No",83,0,0,"No"
"4128","CA2400153",21,0,0,"No",82,0,0,"No"
"4129","CA2400320",21,0,0,"No",82,0,0,"No"
"4130","CA4000775",9,0,0,"No",37,0,0,"No"
"4131","CA5000110",22,0,0,"No",83,0,0,"No"
"4132","CA1510031",3,0,0,"No",7,0,0,"No"
"4133","CA3610121",51,0,0,"No",152,0,0,"No"
"4134","CA4300997",34,0,0,"No",119,0,0,"No"
"4135","CA3400331",30,0,0,"No",113,0,0,"No"
"4136","CA3810700",33,0,0,"No",117,0,0,"No"
"4137","CA5410016",52,0,0,"No",153,0,0,"No"
"4138","CA5602104",24,0,0,"No",94,0,0,"No"
"4139","CA5610017",24,0,0,"No",94,0,0,"No"
"4140","CA1500483",3,0,0,"No",7,0,0,"No"
"4141","CA2700838",31,0,0,"No",115,0,0,"No"
"4142","CA2702439",31,0,0,"No",115,0,0,"No"
"4143","CA3107339",30,0,0,"No",113,0,0,"No"
"4144","CA1910147",57,0,0,"No",183,0,0,"No"
"4145","CA5400666",27,0,0,"No",102,0,0,"No"
"4146","CA3900964",43,0,0,"No",137,0,0,"No"
"4147","CA4900723",40,0,0,"No",126,0,0,"No"
"4148","CA1000513",11,0,0,"No",47,0,0,"No"
"4149","CA4010009",35,0,0,"No",120,0,0,"No"
"4150","CA3310004",59,0,0,"No",185,0,0,"No"
"4151","CA5010031",22,0,0,"No",83,0,0,"No"
"4152","CA4810005",10,0,0,"No",41,0,0,"No"
"4153","CA3910011",46,0,0,"No",143,0,0,"No"
"4154","CA4901365",40,0,0,"No",126,0,0,"No"
"4155","CA4310004",12,0,0,"No",49,0,0,"No"
"4156","CA3010082",57,0,0,"No",183,0,0,"No"
"4157","CA1910035",57,0,0,"No",183,0,0,"No"
"4158","CA3010069",57,0,0,"No",183,0,0,"No"
"4159","CA3900637",43,0,0,"No",137,0,0,"No"
"4160","CA2701263",31,0,0,"No",115,0,0,"No"
"4161","CA3900701",46,0,0,"No",143,0,0,"No"
"4162","CA3900705",43,0,0,"No",137,0,0,"No"
"4163","CA4110016",33,0,0,"No",117,0,0,"No"
"4164","CA5410012",27,0,0,"No",102,0,0,"No"
"4165","CA4900695",40,0,0,"No",126,0,0,"No"
"4166","CA3010008",57,0,0,"No",183,0,0,"No"
"4167","CA3010101",58,0,0,"No",184,0,0,"No"
"4168","CA0706054",1,0,0,"No",1,0,0,"No"
"4169","CA1000244",11,0,0,"No",47,0,0,"No"
"4170","CA5610058",4,0,0,"No",14,0,0,"No"
"4171","CA4110023",33,0,0,"No",117,0,0,"No"
"4172","CA3901474",43,0,0,"No",137,0,0,"No"
"4173","CA1000471",11,0,0,"No",47,0,0,"No"
"4174","CA1910063",57,0,0,"No",183,0,0,"No"
"4175","CA2710023",31,0,0,"No",115,0,0,"No"
"4176","CA1910159",57,0,0,"No",183,0,0,"No"
"4177","CA3610003",51,0,0,"No",152,0,0,"No"
"4178","CA5000003",22,0,0,"No",83,0,0,"No"
"4179","CA4110017",34,0,0,"No",119,0,0,"No"
"4180","CA4300526",34,0,0,"No",119,0,0,"No"
"4181","CA4300517",34,0,0,"No",119,0,0,"No"
"4182","CA4910016",40,0,0,"No",126,0,0,"No"
"4183","CA0105020",16,0,0,"No",71,0,0,"No"
"4184","CA3000825",57,0,0,"No",183,0,0,"No"
"4185","CA5000020",22,0,0,"No",83,0,0,"No"
"4186","CA5000457",22,0,0,"No",83,0,0,"No"
"4187","CA0110006",33,0,0,"No",117,0,0,"No"
"4188","CA5000487",22,0,0,"No",83,0,0,"No"
"4189","CA5000462",48,0,0,"No",146,0,0,"No"
"4190","CA5000426",22,0,0,"No",83,0,0,"No"
"4191","CA0110012",16,0,0,"No",71,0,0,"No"
"4192","CA5000332",48,0,0,"No",146,0,0,"No"
"4193","CA3900751",43,0,0,"No",137,0,0,"No"
"4194","CA3910701",43,0,0,"No",137,0,0,"No"
"4195","CA4900561",40,0,0,"No",126,0,0,"No"
"4196","CA1910124",57,0,0,"No",183,0,0,"No"
"4197","CA3700962",32,0,0,"No",116,0,0,"No"
"4198","CA3010042",58,0,0,"No",184,0,0,"No"
"4199","CA4901362",40,0,0,"No",126,0,0,"No"
"4200","CA5710001",7,0,0,"No",29,0,0,"No"
"4201","CA1910205",57,0,0,"No",183,0,0,"No"
"4202","CA1503392",3,0,0,"No",7,0,0,"No"
"4203","CA3010001",57,0,0,"No",183,0,0,"No"
"4204","CA1900794",25,0,0,"No",95,0,0,"No"
"4205","CA1910066",25,0,0,"No",95,0,0,"No"
"4206","CA1910105",57,0,0,"No",183,0,0,"No"
"4207","CA3310020",15,0,0,"No",63,0,0,"No"
"4208","CA1910134",57,0,0,"No",183,0,0,"No"
"4209","CA4900545",40,0,0,"No",126,0,0,"No"
"4210","CA4500082",28,0,0,"No",106,0,0,"No"
"4211","CA2010009",11,0,0,"No",47,0,0,"No"
"4212","CA3900732",43,0,0,"No",137,0,0,"No"
"4213","CA3600306",51,0,0,"No",152,0,0,"No"
"4214","CA0400161",5,0,0,"No",17,0,0,"No"
"4215","CA1910173",57,0,0,"No",183,0,0,"No"
"4216","CA1310007",8,0,0,"No",36,0,0,"No"
"4217","CA2000595",19,0,0,"No",76,0,0,"No"
"4218","CA3610037",59,0,0,"No",185,0,0,"No"
"4219","CA3610018",57,0,0,"No",183,0,0,"No"
"4220","CA5410048",27,0,0,"No",102,0,0,"No"
"4221","CA5400880",52,0,0,"No",153,0,0,"No"
"4222","CA4500066",28,0,0,"No",106,0,0,"No"
"4223","CA5800572",55,0,0,"No",164,0,0,"No"
"4224","CA4910022",40,0,0,"No",126,0,0,"No"
"4225","CA3910010",43,0,0,"No",137,0,0,"No"
"4226","CA1910200",57,0,0,"No",183,0,0,"No"
"4227","CA3010100",57,0,0,"No",183,0,0,"No"
"4228","CA1500314",3,0,0,"No",7,0,0,"No"
"4229","CA0707591",1,0,0,"No",1,0,0,"No"
"4230","CA1500584",3,0,0,"No",7,0,0,"No"
"4231","CA2702374",31,0,0,"No",115,0,0,"No"
"4232","CA2700686",31,0,0,"No",115,0,0,"No"
"4233","CA4010002",9,0,0,"No",37,0,0,"No"
"4234","CA0103041",33,0,0,"No",117,0,0,"No"
"4235","CA3900702",46,0,0,"No",143,0,0,"No"
"4236","CA4900513",40,0,0,"No",126,0,0,"No"
"4237","CA4000777",35,0,0,"No",120,0,0,"No"
"4238","CA1000459",11,0,0,"No",47,0,0,"No"
"4239","CA1600293",13,0,0,"No",57,0,0,"No"
"4240","CA1000447",11,0,0,"No",47,0,0,"No"
"4241","CA3301114",59,0,0,"No",185,0,0,"No"
"4242","CA1000230",11,0,0,"No",47,0,0,"No"
"4243","CA3301534",59,0,0,"No",185,0,0,"No"
"4244","CA3810011",33,0,0,"No",117,0,0,"No"
"4245","CA2410001",21,0,0,"No",82,0,0,"No"
"4246","CA5000017",22,0,0,"No",83,0,0,"No"
"4247","CA5000568",22,0,0,"No",83,0,0,"No"
"4248","CA1900649",25,0,0,"No",95,0,0,"No"
"4249","CA4901244",40,0,0,"No",126,0,0,"No"
"4250","CA2702490",31,0,0,"No",115,0,0,"No"
"4251","CA4900551",40,0,0,"No",126,0,0,"No"
"4252","CA1910117",57,0,0,"No",183,0,0,"No"
"4253","CA4900693",40,0,0,"No",126,0,0,"No"
"4254","CA4300516",34,0,0,"No",119,0,0,"No"
"4255","CA4300542",12,0,0,"No",49,0,0,"No"
"4256","CA3400191",30,0,0,"No",113,0,0,"No"
"4257","CA4500106",28,0,0,"No",106,0,0,"No"
"4258","CA1910098",57,0,0,"No",183,0,0,"No"
"4259","CA4000213",35,0,0,"No",120,0,0,"No"
"4260","CA3610041",59,0,0,"No",185,0,0,"No"
"4261","CA4910027",40,0,0,"No",126,0,0,"No"
"4262","CA4900694",40,0,0,"No",126,0,0,"No"
"4263","CA4410018",38,0,0,"No",123,0,0,"No"
"4264","CA0707509",1,0,0,"No",1,0,0,"No"
"4265","CA5601119",24,0,0,"No",94,0,0,"No"
"4266","CA4010008",2,0,0,"No",3,0,0,"No"
"4267","CA4800564",49,0,0,"No",150,0,0,"No"
"4268","CA4210004",36,0,0,"No",121,0,0,"No"
"4269","CA5010009",22,0,0,"No",83,0,0,"No"
"4270","CA0707575",1,0,0,"No",1,0,0,"No"
"4271","CA5000225",48,0,0,"No",146,0,0,"No"
"4272","CA2701446",31,0,0,"No",115,0,0,"No"
"4273","CA1000416",11,0,0,"No",47,0,0,"No"
"4274","CA4410013",38,0,0,"No",123,0,0,"No"
"4275","CA1510024",3,0,0,"No",7,0,0,"No"
"4276","CA3310016",14,0,0,"No",58,0,0,"No"
"4277","CA4400762",53,0,0,"No",156,0,0,"No"
"4278","CA3010017",58,0,0,"No",184,0,0,"No"
"4279","CA3710005",32,0,0,"No",116,0,0,"No"
"4280","CA4900665",40,0,0,"No",126,0,0,"No"
"4281","CA2400084",21,0,0,"No",82,0,0,"No"
"4282","CA5410015",47,0,0,"No",145,0,0,"No"
"4283","CA1000495",11,0,0,"No",47,0,0,"No"
"4284","CA5000306",22,0,0,"No",83,0,0,"No"
"4285","CA5000388",22,0,0,"No",83,0,0,"No"
"4286","CA5000336",22,0,0,"No",83,0,0,"No"
"4287","CA3900607",43,0,0,"No",137,0,0,"No"
"4288","CA5100112",55,0,0,"No",164,0,0,"No"
"4289","CA1000018",11,0,0,"No",47,0,0,"No"
"4290","CA5610022",24,0,0,"No",94,0,0,"No"
"4291","CA4400582",38,0,0,"No",123,0,0,"No"
"4292","CA1009039",11,0,0,"No",47,0,0,"No"
"4293","CA3900561",17,0,0,"No",72,0,0,"No"
"4294","CA3900568",43,0,0,"No",137,0,0,"No"
"4295","CA0707613",1,0,0,"No",1,0,0,"No"
"4296","CA0400151",5,0,0,"No",17,0,0,"No"
"4297","CA0400160",5,0,0,"No",17,0,0,"No"
"4298","CA0400007",5,0,0,"No",17,0,0,"No"
"4299","CA4900743",40,0,0,"No",126,0,0,"No"
"4300","CA3303003",15,0,0,"No",63,0,0,"No"
"4301","CA1300575",8,0,0,"No",36,0,0,"No"
"4302","CA1000537",11,0,0,"No",47,0,0,"No"
"4303","CA1000557",11,0,0,"No",47,0,0,"No"
"4304","CA3000519",57,0,0,"No",183,0,0,"No"
"4305","CA3000585",57,0,0,"No",183,0,0,"No"
"4306","CA3900835",43,0,0,"No",137,0,0,"No"
"4307","CA2700612",31,0,0,"No",115,0,0,"No"
"4308","CA3010027",57,0,0,"No",183,0,0,"No"
"4309","CA3610013",59,0,0,"No",185,0,0,"No"
"4310","CA3900523",43,0,0,"No",137,0,0,"No"
"4311","CA2400011",21,0,0,"No",82,0,0,"No"
"4312","CA4900913",40,0,0,"No",126,0,0,"No"
"4313","CA1910160",57,0,0,"No",183,0,0,"No"
"4314","CA5000552",22,0,0,"No",83,0,0,"No"
"4315","CA1000515",11,0,0,"No",47,0,0,"No"
"4316","CA4900699",40,0,0,"No",126,0,0,"No"
"4317","CA3900649",43,0,0,"No",137,0,0,"No"
"4318","CA3901113",43,0,0,"No",137,0,0,"No"
"4319","CA1500535",3,0,0,"No",7,0,0,"No"
"4320","CA3900991",46,0,0,"No",143,0,0,"No"
"4321","CA1900809",25,0,0,"No",95,0,0,"No"
"4322","CA1010003",11,0,0,"No",47,0,0,"No"
"4323","CA1910038",57,0,0,"No",183,0,0,"No"
"4324","CA0707519",1,0,0,"No",1,0,0,"No"
"4325","CA1910144",57,0,0,"No",183,0,0,"No"
"4326","CA1910212",57,0,0,"No",183,0,0,"No"
"4327","CA0706015",1,0,0,"No",1,0,0,"No"
"4328","CA5602117",24,0,0,"No",94,0,0,"No"
"4329","CA2700665",31,0,0,"No",115,0,0,"No"
"4330","CA4010830",35,0,0,"No",120,0,0,"No"
"4331","CA5610043",45,0,0,"No",142,0,0,"No"
"4332","CA3400121",30,0,0,"No",113,0,0,"No"
"4333","CA3400335",30,0,0,"No",113,0,0,"No"
"4334","CA3410017",30,0,0,"No",113,0,0,"No"
"4335","CA3400401",30,0,0,"No",113,0,0,"No"
"4336","CA3410033",30,0,0,"No",113,0,0,"No"
"4337","CA3400156",30,0,0,"No",113,0,0,"No"
"4338","CA3410006",30,0,0,"No",113,0,0,"No"
"4339","CA4110007",33,0,0,"No",117,0,0,"No"
"4340","CA4110019",33,0,0,"No",117,0,0,"No"
"4341","CA4110020",33,0,0,"No",117,0,0,"No"
"4342","CA3610085",57,0,0,"No",183,0,0,"No"
"4343","CA1900146",25,0,0,"No",95,0,0,"No"
"4344","CA4110027",33,0,0,"No",117,0,0,"No"
"4345","CA3610034",57,0,0,"No",183,0,0,"No"
"4346","CA3910702",46,0,0,"No",143,0,0,"No"
"4347","CA3600012",51,0,0,"No",152,0,0,"No"
"4348","CA2700682",31,0,0,"No",115,0,0,"No"
"4349","CA1910062",57,0,0,"No",183,0,0,"No"
"4350","CA3303028",59,0,0,"No",185,0,0,"No"
"4351","CA5000284",22,0,0,"No",83,0,0,"No"
"4352","CA1910154",57,0,0,"No",183,0,0,"No"
"4353","CA5000588",22,0,0,"No",83,0,0,"No"
"4354","CA0707589",1,0,0,"No",1,0,0,"No"
"4355","CA0105008",16,0,0,"No",71,0,0,"No"
"4356","CA4910025",40,0,0,"No",126,0,0,"No"
"4357","CA1910153",57,0,0,"No",183,0,0,"No"
"4358","CA3901348",46,0,0,"No",143,0,0,"No"
"4359","CA4900911",40,0,0,"No",126,0,0,"No"
"4360","CA3900714",17,0,0,"No",72,0,0,"No"
"4361","CA1910149",57,0,0,"No",183,0,0,"No"
"4362","CA2702165",31,0,0,"No",115,0,0,"No"
"4363","CA2710018",41,0,0,"No",127,0,0,"No"
"4364","CA0707572",1,0,0,"No",1,0,0,"No"
"4365","CA4901208",40,0,0,"No",126,0,0,"No"
"4366","CA1000592",11,0,0,"No",47,0,0,"No"
"4367","CA4110025",33,0,0,"No",117,0,0,"No"
"4368","CA1000529",11,0,0,"No",47,0,0,"No"
"4369","CA3900579",43,0,0,"No",137,0,0,"No"
"4370","CA1910061",57,0,0,"No",183,0,0,"No"
"4371","CA0110016",33,0,0,"No",117,0,0,"No"
"4372","CA1000057",11,0,0,"No",47,0,0,"No"
"4373","CA3400125",30,0,0,"No",113,0,0,"No"
"4374","CA4901086",40,0,0,"No",126,0,0,"No"
"4375","CA3900512",43,0,0,"No",137,0,0,"No"
"4376","CA4900552",40,0,0,"No",126,0,0,"No"
"4377","CA4901370",40,0,0,"No",126,0,0,"No"
"4378","CA3900733",17,0,0,"No",72,0,0,"No"
"4379","CA3600308",59,0,0,"No",185,0,0,"No"
"4380","CA5101009",55,0,0,"No",164,0,0,"No"
"4381","CA3910017",43,0,0,"No",137,0,0,"No"
"4382","CA5010005",22,0,0,"No",83,0,0,"No"
"4383","CA1500349",3,0,0,"No",7,0,0,"No"
"4384","CA2010006",19,0,0,"No",76,0,0,"No"
"4385","CA4900817",40,0,0,"No",126,0,0,"No"
"4386","CA1900102",25,0,0,"No",95,0,0,"No"
"4387","CA4900675",40,0,0,"No",126,0,0,"No"
"4388","CA4510006",28,0,0,"No",106,0,0,"No"
"4389","CA3910015",43,0,0,"No",137,0,0,"No"
"4390","CA1900523",25,0,0,"No",95,0,0,"No"
"4391","CA2700691",31,0,0,"No",115,0,0,"No"
"4392","CA1910081",57,0,0,"No",183,0,0,"No"
"4393","CA1500557",3,0,0,"No",7,0,0,"No"
"4394","CA1500555",3,0,0,"No",7,0,0,"No"
"4395","CA2010004",19,0,0,"No",76,0,0,"No"
"4396","CA1500593",3,0,0,"No",7,0,0,"No"
"4397","CA3010073",58,0,0,"No",184,0,0,"No"
"4398","CA3710023",32,0,0,"No",116,0,0,"No"
"4399","CA4010003",2,0,0,"No",3,0,0,"No"
"4400","CA1000533",11,0,0,"No",47,0,0,"No"
"4401","CA2700509",31,0,0,"No",115,0,0,"No"
"4402","CA1000570",11,0,0,"No",47,0,0,"No"
"4403","CA0410002",5,0,0,"No",17,0,0,"No"
"4404","CA4800531",49,0,0,"No",150,0,0,"No"
"4405","CA5410036",27,0,0,"No",102,0,0,"No"
"4406","CA3901074",43,0,0,"No",137,0,0,"No"
"4407","CA5010021",48,0,0,"No",146,0,0,"No"
"4408","CA3301283",59,0,0,"No",185,0,0,"No"
"4409","CA4900832",40,0,0,"No",126,0,0,"No"
"4410","CA3810702",33,0,0,"No",117,0,0,"No"
"4411","CA3900558",43,0,0,"No",137,0,0,"No"
"4412","CA4901133",40,0,0,"No",126,0,0,"No"
"4413","CA0710008",1,0,0,"No",1,0,0,"No"
"4414","CA1500585",3,0,0,"No",7,0,0,"No"
"4415","CA4900548",40,0,0,"No",126,0,0,"No"
"4416","CA4010005",2,0,0,"No",3,0,0,"No"
"4417","CA1900817",25,0,0,"No",95,0,0,"No"
"4418","CA1610001",13,0,0,"No",57,0,0,"No"
"4419","CA2700503",31,0,0,"No",115,0,0,"No"
"4420","CA4400613",53,0,0,"No",156,0,0,"No"
"4421","CA5000035",22,0,0,"No",83,0,0,"No"
"4422","CA0706037",1,0,0,"No",1,0,0,"No"
"4423","CA3610031",59,0,0,"No",185,0,0,"No"
"4424","CA1510004",3,0,0,"No",7,0,0,"No"
"4425","CA5000467",22,0,0,"No",83,0,0,"No"
"4426","CA0790004",1,0,0,"No",1,0,0,"No"
"4427","CA4400595",34,0,0,"No",119,0,0,"No"
"4428","CA4410010",38,0,0,"No",123,0,0,"No"
"4429","CA3910002",43,0,0,"No",137,0,0,"No"
"4430","CA4500153",28,0,0,"No",106,0,0,"No"
"4431","CA2702026",31,0,0,"No",115,0,0,"No"
"4432","CA2700656",31,0,0,"No",115,0,0,"No"
"4433","CA1910127",57,0,0,"No",183,0,0,"No"
"4434","CA1910101",57,0,0,"No",183,0,0,"No"
"4435","CA2702055",31,0,0,"No",115,0,0,"No"
"4436","CA3710029",32,0,0,"No",116,0,0,"No"
"4437","CA4910024",40,0,0,"No",126,0,0,"No"
"4438","CA4500098",28,0,0,"No",106,0,0,"No"
"4439","CA2702004",31,0,0,"No",115,0,0,"No"
"4440","CA5610010",24,0,0,"No",94,0,0,"No"
"4441","CA4900797",40,0,0,"No",126,0,0,"No"
"4442","CA1010055",11,0,0,"No",47,0,0,"No"
"4443","CA1900301",25,0,0,"No",95,0,0,"No"
"4444","CA0110009",16,0,0,"No",71,0,0,"No"
"4445","CA3901081",43,0,0,"No",137,0,0,"No"
"4446","CA3410031",30,0,0,"No",113,0,0,"No"
"4447","CA3690002",59,0,0,"No",185,0,0,"No"
"4448","CA3301169",44,0,0,"No",141,0,0,"No"
"4449","CA4900912",40,0,0,"No",126,0,0,"No"
"4450","CA2700586",31,0,0,"No",115,0,0,"No"
"4451","CA3301031",59,0,0,"No",185,0,0,"No"
"4452","CA5000099",22,0,0,"No",83,0,0,"No"
"4453","CA2702608",31,0,0,"No",115,0,0,"No"
"4454","CA1900913",37,0,0,"No",122,0,0,"No"
"4455","CA3400122",30,0,0,"No",113,0,0,"No"
"4456","CA3700866",32,0,0,"No",116,0,0,"No"
"4457","CA3410022",30,0,0,"No",113,0,0,"No"
"4458","CA4500104",28,0,0,"No",106,0,0,"No"
"4459","CA2700984",9,0,0,"No",37,0,0,"No"
"4460","CA1910140",57,0,0,"No",183,0,0,"No"
"4461","CA4010019",9,0,0,"No",37,0,0,"No"
"4462","CA1910085",57,0,0,"No",183,0,0,"No"
"4463","CA4200733",36,0,0,"No",121,0,0,"No"
"4464","CA4400652",38,0,0,"No",123,0,0,"No"
"4465","CA3301717",15,0,0,"No",63,0,0,"No"
"4466","CA4500012",28,0,0,"No",106,0,0,"No"
"4467","CA3310026",44,0,0,"No",141,0,0,"No"
"4468","CA4901257",40,0,0,"No",126,0,0,"No"
"4469","CA1000461",11,0,0,"No",47,0,0,"No"
"4470","CA3610001",51,0,0,"No",152,0,0,"No"
"4471","CA3900722",43,0,0,"No",137,0,0,"No"
"4472","CA2701897",31,0,0,"No",115,0,0,"No"
"4473","CA5000573",22,0,0,"No",83,0,0,"No"
"4474","CA4010832",9,0,0,"No",37,0,0,"No"
"4475","CA4400624",53,0,0,"No",156,0,0,"No"
"4476","CA3710018",32,0,0,"No",116,0,0,"No"
"4477","CA2701942",31,0,0,"No",115,0,0,"No"
"4478","CA1000467",11,0,0,"No",47,0,0,"No"
"4479","CA1900046",37,0,0,"No",122,0,0,"No"
"4480","CA4310011",34,0,0,"No",119,0,0,"No"
"4481","CA4010001",2,0,0,"No",3,0,0,"No"
"4482","CA4900600",40,0,0,"No",126,0,0,"No"
"4483","CA5602120",24,0,0,"No",94,0,0,"No"
"4484","CA2701681",31,0,0,"No",115,0,0,"No"
"4485","CA2700592",31,0,0,"No",115,0,0,"No"
"4486","CA3910004",17,0,0,"No",72,0,0,"No"
"4487","CA3600209",59,0,0,"No",185,0,0,"No"
"4488","CA5410004",52,0,0,"No",153,0,0,"No"
"4489","CA4900787",40,0,0,"No",126,0,0,"No"
"4490","CA4500303",28,0,0,"No",106,0,0,"No"
"4491","CA4310020",34,0,0,"No",119,0,0,"No"
"4492","CA3910005",20,0,0,"No",79,0,0,"No"
"4493","CA5610700",24,0,0,"No",94,0,0,"No"
"4494","CA2701822",31,0,0,"No",115,0,0,"No"
"4495","CA3410013",30,0,0,"No",113,0,0,"No"
"4496","CA5400816",52,0,0,"No",153,0,0,"No"
"4497","CA3610055",59,0,0,"No",185,0,0,"No"
"4498","CA1910240",37,0,0,"No",122,0,0,"No"
"4499","CA4310005",34,0,0,"No",119,0,0,"No"
"4500","CA1910010",25,0,0,"No",95,0,0,"No"
"4501","CA1910033",57,0,0,"No",183,0,0,"No"
"4502","CA1910047",57,0,0,"No",183,0,0,"No"
"4503","CA1910050",57,0,0,"No",183,0,0,"No"
"4504","CA1910070",25,0,0,"No",95,0,0,"No"
"4505","CA1910104",57,0,0,"No",183,0,0,"No"
"4506","CA1910185",37,0,0,"No",122,0,0,"No"
"4507","CA2710012",31,0,0,"No",115,0,0,"No"
"4508","CA1900693",25,0,0,"No",95,0,0,"No"
"4509","CA3310036",44,0,0,"No",141,0,0,"No"
"4510","CA1910043",57,0,0,"No",183,0,0,"No"
"4511","CA1910174",57,0,0,"No",183,0,0,"No"
"4512","CA1910152",57,0,0,"No",183,0,0,"No"
"4513","CA4301003",12,0,0,"No",49,0,0,"No"
"4514","CA5610003",57,0,0,"No",183,0,0,"No"
"4515","CA4300791",34,0,0,"No",119,0,0,"No"
"4516","CA4300971",34,0,0,"No",119,0,0,"No"
"4517","CA4410017",38,0,0,"No",123,0,0,"No"
"4518","CA4300783",12,0,0,"No",49,0,0,"No"
"4519","CA5610001",24,0,0,"No",94,0,0,"No"
"4520","CA5401039",52,0,0,"No",153,0,0,"No"
"4521","CA4300816",34,0,0,"No",119,0,0,"No"
"4522","CA4410002",38,0,0,"No",123,0,0,"No"
"4523","CA3610024",51,0,0,"No",152,0,0,"No"
"4524","CA4300562",34,0,0,"No",119,0,0,"No"
"4525","CA1503349",3,0,0,"No",7,0,0,"No"
"4526","CA3410002",30,0,0,"No",113,0,0,"No"
"4527","CA3400173",30,0,0,"No",113,0,0,"No"
"4528","CA1910042",57,0,0,"No",183,0,0,"No"
"4529","CA1910125",57,0,0,"No",183,0,0,"No"
"4530","CA1910030",57,0,0,"No",183,0,0,"No"
"4531","CA1910077",57,0,0,"No",183,0,0,"No"
"4532","CA1910142",57,0,0,"No",183,0,0,"No"
"4533","CA4300929",34,0,0,"No",119,0,0,"No"
"4534","CA4300924",12,0,0,"No",49,0,0,"No"
"4535","CA4300912",12,0,0,"No",49,0,0,"No"
"4536","CA4300856",34,0,0,"No",119,0,0,"No"
"4537","CA2710001",31,0,0,"No",115,0,0,"No"
"4538","CA3410010",30,0,0,"No",113,0,0,"No"
"4539","CA3310025",59,0,0,"No",185,0,0,"No"
"4540","CA3410027",30,0,0,"No",113,0,0,"No"
"4541","CA3110025",30,0,0,"No",113,0,0,"No"
"4542","CA3110040",30,0,0,"No",113,0,0,"No"
"4543","CA2710010",31,0,0,"No",115,0,0,"No"
"4544","CA2710013",53,0,0,"No",156,0,0,"No"
"4545","CA4110002",33,0,0,"No",117,0,0,"No"
"4546","CA4110005",33,0,0,"No",117,0,0,"No"
"4547","CA4110008",33,0,0,"No",117,0,0,"No"
"4548","CA4310001",34,0,0,"No",119,0,0,"No"
"4549","CA5403047",27,0,0,"No",102,0,0,"No"
"4550","CA3410021",30,0,0,"No",113,0,0,"No"
"4551","CA1000229",11,0,0,"No",47,0,0,"No"
"4552","CA4410008",38,0,0,"No",123,0,0,"No"
"4553","CA4510001",28,0,0,"No",106,0,0,"No"
"4554","CA3010022",57,0,0,"No",183,0,0,"No"
"4555","CA1910186",57,0,0,"No",183,0,0,"No"
"4556","CA2700511",31,0,0,"No",115,0,0,"No"
"4557","CA4310022",34,0,0,"No",119,0,0,"No"
"4558","CA1910011",57,0,0,"No",183,0,0,"No"
"4559","CA1910156",57,0,0,"No",183,0,0,"No"
"4560","CA4310018",34,0,0,"No",119,0,0,"No"
"4561","CA1910072",57,0,0,"No",183,0,0,"No"
"4562","CA1910195",57,0,0,"No",183,0,0,"No"
"4563","CA3010035",57,0,0,"No",183,0,0,"No"
"4564","CA3010047",57,0,0,"No",183,0,0,"No"
"4565","CA5400529",27,0,0,"No",102,0,0,"No"
"4566","CA5400805",47,0,0,"No",145,0,0,"No"
"4567","CA5403118",47,0,0,"No",145,0,0,"No"
"4568","CA4010023",35,0,0,"No",120,0,0,"No"
"4569","CA4210021",39,0,0,"No",124,0,0,"No"
"4570","CA2701367",31,0,0,"No",115,0,0,"No"
"4571","CA5000501",22,0,0,"No",83,0,0,"No"
"4572","CA3110150",30,0,0,"No",113,0,0,"No"
"4573","CA5603301",57,0,0,"No",183,0,0,"No"
"4574","CA5400922",27,0,0,"No",102,0,0,"No"
"4575","CA5400985",27,0,0,"No",102,0,0,"No"
"4576","CA5401044",52,0,0,"No",153,0,0,"No"
"4577","CA3710002",32,0,0,"No",116,0,0,"No"
"4578","CA4301006",12,0,0,"No",49,0,0,"No"
"4579","CA4300964",34,0,0,"No",119,0,0,"No"
"4580","CA2410008",21,0,0,"No",82,0,0,"No"
"4581","CA4300951",12,0,0,"No",49,0,0,"No"
"4582","CA5010008",22,0,0,"No",83,0,0,"No"
"4583","CA3410008",30,0,0,"No",113,0,0,"No"
"4584","CA2702007",31,0,0,"No",115,0,0,"No"
"4585","CA3610105",51,0,0,"No",152,0,0,"No"
"4586","CA3410015",30,0,0,"No",113,0,0,"No"
"4587","CA3410023",30,0,0,"No",113,0,0,"No"
"4588","CA5400504",27,0,0,"No",102,0,0,"No"
"4589","CA4300525",34,0,0,"No",119,0,0,"No"
"4590","CA4300638",12,0,0,"No",49,0,0,"No"
"4591","CA4500094",28,0,0,"No",106,0,0,"No"
"4592","CA1610003",13,0,0,"No",57,0,0,"No"
"4593","CA1910013",57,0,0,"No",183,0,0,"No"
"4594","CA4500203",28,0,0,"No",106,0,0,"No"
"4595","CA4500255",28,0,0,"No",106,0,0,"No"
"4596","CA2700589",31,0,0,"No",115,0,0,"No"
"4597","CA1910034",57,0,0,"No",183,0,0,"No"
"4598","CA3710001",32,0,0,"No",116,0,0,"No"
"4599","CA3710020",32,0,0,"No",116,0,0,"No"
"4600","CA3310046",44,0,0,"No",141,0,0,"No"
"4601","CA5710003",30,0,0,"No",113,0,0,"No"
"4602","CA1900520",25,0,0,"No",95,0,0,"No"
"4603","CA4300608",12,0,0,"No",49,0,0,"No"
"4604","CA4300605",12,0,0,"No",49,0,0,"No"
"4605","CA3610048",59,0,0,"No",185,0,0,"No"
"4606","CA3400172",30,0,0,"No",113,0,0,"No"
"4607","CA1500409",3,0,0,"No",7,0,0,"No"
"4608","CA3900907",43,0,0,"No",137,0,0,"No"
"4609","CA5100125",55,0,0,"No",164,0,0,"No"
"4610","CA1910084",57,0,0,"No",183,0,0,"No"
"4611","CA4310009",34,0,0,"No",119,0,0,"No"
"4612","CA3310006",59,0,0,"No",185,0,0,"No"
"4613","CA4410001",38,0,0,"No",123,0,0,"No"
"4614","CA5610019",4,0,0,"No",14,0,0,"No"
"4615","CA1910211",57,0,0,"No",183,0,0,"No"
"4616","CA1910245",57,0,0,"No",183,0,0,"No"
"4617","CA4000637",2,0,0,"No",3,0,0,"No"
"4618","CA4300808",34,0,0,"No",119,0,0,"No"
"4619","CA4810003",10,0,0,"No",41,0,0,"No"
"4620","CA3710027",32,0,0,"No",116,0,0,"No"
"4621","CA0110008",16,0,0,"No",71,0,0,"No"
"4622","CA2700687",31,0,0,"No",115,0,0,"No"
"4623","CA3900755",43,0,0,"No",137,0,0,"No"
"4624","CA0707553",1,0,0,"No",1,0,0,"No"
"4625","CA3610030",51,0,0,"No",152,0,0,"No"
"4626","CA3900517",43,0,0,"No",137,0,0,"No"
"4627","CA3310018",59,0,0,"No",185,0,0,"No"
"4628","CA1910102",25,0,0,"No",95,0,0,"No"
"4629","CA4400502",38,0,0,"No",123,0,0,"No"
"4630","CA4000844",2,0,0,"No",3,0,0,"No"
"4631","CA1910158",57,0,0,"No",183,0,0,"No"
"4632","CA1900130",57,0,0,"No",183,0,0,"No"
"4633","CA1910165",57,0,0,"No",183,0,0,"No"
"4634","CA3601034",59,0,0,"No",185,0,0,"No"
"4635","CA3810010",33,0,0,"No",117,0,0,"No"
"4636","CA1900942",25,0,0,"No",95,0,0,"No"
"4637","CA4810800",49,0,0,"No",150,0,0,"No"
"4638","CA4400599",53,0,0,"No",156,0,0,"No"
"4639","CA5000547",48,0,0,"No",146,0,0,"No"
"4640","CA5000211",22,0,0,"No",83,0,0,"No"
"4641","CA4901408",26,0,0,"No",99,0,0,"No"
"4642","CA1910126",57,0,0,"No",183,0,0,"No"
"4643","CA4810007",50,0,0,"No",151,0,0,"No"
"4644","CA1000626",11,0,0,"No",47,0,0,"No"
"4645","CA5000494",48,0,0,"No",146,0,0,"No"
"4646","CA3600010",51,0,0,"No",152,0,0,"No"
"4647","CA3010003",57,0,0,"No",183,0,0,"No"
"4648","CA0707601",1,0,0,"No",1,0,0,"No"
"4649","CA3600215",59,0,0,"No",185,0,0,"No"
"4650","CA0706032",1,0,0,"No",1,0,0,"No"
"4651","CA5700797",54,0,0,"No",162,0,0,"No"
"4652","CA3900624",17,0,0,"No",72,0,0,"No"
"4653","CA4400701",38,0,0,"No",123,0,0,"No"
"4654","CA1502663",3,0,0,"No",7,0,0,"No"
"4655","CA3710014",32,0,0,"No",116,0,0,"No"
"4656","CA1010042",11,0,0,"No",47,0,0,"No"
"4657","CA1500289",3,0,0,"No",7,0,0,"No"
"4658","CA0900404",30,0,0,"No",113,0,0,"No"
"4659","CA1910097",25,0,0,"No",95,0,0,"No"
"4660","CA4400723",38,0,0,"No",123,0,0,"No"
"4661","CA0707608",1,0,0,"No",1,0,0,"No"
"4662","CA5000557",48,0,0,"No",146,0,0,"No"
"4663","CA3710044",32,0,0,"No",116,0,0,"No"
"4664","CA3301280",14,0,0,"No",58,0,0,"No"
"4665","CA0790002",6,0,0,"No",24,0,0,"No"
"4666","CA5000371",22,0,0,"No",83,0,0,"No"
"4667","CA3710006",32,0,0,"No",116,0,0,"No"
"4668","CA4300630",12,0,0,"No",49,0,0,"No"
"4669","CA3410018",30,0,0,"No",113,0,0,"No"
"4670","CA4300833",34,0,0,"No",119,0,0,"No"
"4671","CA4300832",12,0,0,"No",49,0,0,"No"
"4672","CA4300851",12,0,0,"No",49,0,0,"No"
"4673","CA4300839",12,0,0,"No",49,0,0,"No"
"4674","CA5010018",22,0,0,"No",83,0,0,"No"
"4675","CA3310012",44,0,0,"No",141,0,0,"No"
"4676","CA3310021",59,0,0,"No",185,0,0,"No"
"4677","CA4900795",40,0,0,"No",126,0,0,"No"
"4678","CA2702584",31,0,0,"No",115,0,0,"No"
"4679","CA2701364",31,0,0,"No",115,0,0,"No"
"4680","CA5400881",52,0,0,"No",153,0,0,"No"
"4681","CA4300567",12,0,0,"No",49,0,0,"No"
"4682","CA4300814",12,0,0,"No",49,0,0,"No"
"4683","CA3310074",59,0,0,"No",185,0,0,"No"
"4684","CA1500378",3,0,0,"No",7,0,0,"No"
"4685","CA1502629",3,0,0,"No",7,0,0,"No"
"4686","CA4300831",34,0,0,"No",119,0,0,"No"
"4687","CA4300760",12,0,0,"No",49,0,0,"No"
"4688","CA4300941",12,0,0,"No",49,0,0,"No"
"4689","CA1010001",11,0,0,"No",47,0,0,"No"
"4690","CA2702816",41,0,0,"No",127,0,0,"No"
"4691","CA4910023",40,0,0,"No",126,0,0,"No"
"4692","CA2700702",31,0,0,"No",115,0,0,"No"
"4693","CA1000378",11,0,0,"No",47,0,0,"No"
"4694","CA4310019",34,0,0,"No",119,0,0,"No"
"4695","CA4410014",38,0,0,"No",123,0,0,"No"
"4696","CA2701659",31,0,0,"No",115,0,0,"No"
"4697","CA3610029",59,0,0,"No",185,0,0,"No"
"4698","CA4210024",36,0,0,"No",121,0,0,"No"
"4699","CA1000299",11,0,0,"No",47,0,0,"No"
"4700","CA1000298",11,0,0,"No",47,0,0,"No"
"4701","CA1000430",11,0,0,"No",47,0,0,"No"
"4702","CA4110013",33,0,0,"No",117,0,0,"No"
"4703","CA4110018",33,0,0,"No",117,0,0,"No"
"4704","CA1910203",25,0,0,"No",95,0,0,"No"
"4705","CA4300602",12,0,0,"No",49,0,0,"No"
"4706","CA4300593",12,0,0,"No",49,0,0,"No"
"4707","CA3610057",59,0,0,"No",185,0,0,"No"
"4708","CA0110001",33,0,0,"No",117,0,0,"No"
"4709","CA3010023",57,0,0,"No",183,0,0,"No"
"4710","CA3400217",30,0,0,"No",113,0,0,"No"
"4711","CA5403150",27,0,0,"No",102,0,0,"No"
"4712","CA3410001",30,0,0,"No",113,0,0,"No"
"4713","CA4210010",36,0,0,"No",121,0,0,"No"
"4714","CA5602111",24,0,0,"No",94,0,0,"No"
"4715","CA5110002",55,0,0,"No",164,0,0,"No"
"4716","CA1910049",57,0,0,"No",183,0,0,"No"
"4717","CA1900541",25,0,0,"No",95,0,0,"No"
"4718","CA4310021",34,0,0,"No",119,0,0,"No"
"4719","CA1910007",57,0,0,"No",183,0,0,"No"
"4720","CA1910060",57,0,0,"No",183,0,0,"No"
"4721","CA1910051",57,0,0,"No",183,0,0,"No"
"4722","CA1503669",3,0,0,"No",7,0,0,"No"
"4723","CA1500296",3,0,0,"No",7,0,0,"No"
"4724","CA3110004",30,0,0,"No",113,0,0,"No"
"4725","CA3410014",30,0,0,"No",113,0,0,"No"
"4726","CA3610039",59,0,0,"No",185,0,0,"No"
"4727","CA3310800",59,0,0,"No",185,0,0,"No"
"4728","CA1910130",25,0,0,"No",95,0,0,"No"
"4729","CA4410011",53,0,0,"No",156,0,0,"No"
"4730","CA5400935",27,0,0,"No",102,0,0,"No"
"4731","CA3910001",43,0,0,"No",137,0,0,"No"
"4732","CA0710002",1,0,0,"No",1,0,0,"No"
"4733","CA1910024",57,0,0,"No",183,0,0,"No"
"4734","CA4310012",34,0,0,"No",119,0,0,"No"
"4735","CA4300988",12,0,0,"No",49,0,0,"No"
"4736","CA4300741",34,0,0,"No",119,0,0,"No"
"4737","CA4300520",34,0,0,"No",119,0,0,"No"
"4738","CA4910017",40,0,0,"No",126,0,0,"No"
"4739","CA4300551",12,0,0,"No",49,0,0,"No"
"4740","CA3610014",59,0,0,"No",185,0,0,"No"
"4741","CA1910163",57,0,0,"No",183,0,0,"No"
"4742","CA1500560",3,0,0,"No",7,0,0,"No"
"4743","CA1910179",57,0,0,"No",183,0,0,"No"
"4744","CA1910218",57,0,0,"No",183,0,0,"No"
"4745","CA1910052",57,0,0,"No",183,0,0,"No"
"4746","CA3410045",30,0,0,"No",113,0,0,"No"
"4747","CA5610081",4,0,0,"No",14,0,0,"No"
"4748","CA4110003",33,0,0,"No",117,0,0,"No"
"4749","CA3900559",17,0,0,"No",72,0,0,"No"
"4750","CA3610012",59,0,0,"No",185,0,0,"No"
"4751","CA4200867",39,0,0,"No",124,0,0,"No"
"4752","CA3900602",43,0,0,"No",137,0,0,"No"
"4753","CA4500246",28,0,0,"No",106,0,0,"No"
"4754","CA5602408",24,0,0,"No",94,0,0,"No"
"4755","CA1600249",13,0,0,"No",57,0,0,"No"
"4756","CA2710021",31,0,0,"No",115,0,0,"No"
"4757","CA3310031",59,0,0,"No",185,0,0,"No"
"4758","CA2701553",31,0,0,"No",115,0,0,"No"
"4759","CA2702073",31,0,0,"No",115,0,0,"No"
"4760","CA1910019",57,0,0,"No",183,0,0,"No"
"4761","CA1910191",57,0,0,"No",183,0,0,"No"
"4762","CA2700678",31,0,0,"No",115,0,0,"No"
"4763","CA5602406",24,0,0,"No",94,0,0,"No"
"4764","CA1910189",57,0,0,"No",183,0,0,"No"
"4765","CA1910223",57,0,0,"No",183,0,0,"No"
"4766","CA3000734",57,0,0,"No",183,0,0,"No"
"4767","CA3310022",14,0,0,"No",58,0,0,"No"
"4768","CA3600200",51,0,0,"No",152,0,0,"No"
"4769","CA5610008",4,0,0,"No",14,0,0,"No"
"4770","CA4901071",26,0,0,"No",99,0,0,"No"
"4771","CA2701670",31,0,0,"No",115,0,0,"No"
"4772","CA2702388",31,0,0,"No",115,0,0,"No"
"4773","CA3310017",59,0,0,"No",185,0,0,"No"
"4774","CA3310007",15,0,0,"No",63,0,0,"No"
"4775","CA3410020",30,0,0,"No",113,0,0,"No"
"4776","CA4200702",36,0,0,"No",121,0,0,"No"
