"","pwsid","population_served_count_echo","service_connections_count_echo","pws_type_code_echo","gw_sw_code_echo","primary_source_code_echo","carceral_sys","count_of_viols_over5yrs_health","count_of_viols_over5yrs_mon","binary_viol_over5yrs_health","binary_viol_over5yrs_mon"
"1","CA0103039",116,99,"CWS","SW","SWP","other_water_systems",0,0,0,0
"2","CA0103040",50,19,"CWS","GW","GW","other_water_systems",0,0,0,0
"3","CA0103041",459,191,"CWS","SW","SWP","other_water_systems",0,0,0,0
"4","CA0105008",524,207,"CWS","GW","GWP","other_water_systems",0,0,0,0
"5","CA0105009",50,1,"NTNCWS","SW","SWP","other_water_systems",0,0,0,0
"6","CA0105020",82,33,"NTNCWS","GW","GW","other_water_systems",0,0,0,0
"7","CA0110001",344000,86959,"CWS","SW","SW","carceral_serving_water_system",0,0,0,0
"8","CA0110003",60414,18595,"CWS","SW","SWP","other_water_systems",0,0,0,0
"9","CA0110005",1442800,392875,"CWS","SW","SW","carceral_serving_water_system",0,0,0,0
"10","CA0110006",162954,36838,"CWS","SW","SWP","carceral_serving_water_system",0,0,0,0
"11","CA0110008",76689,22334,"CWS","SW","SWP","other_water_systems",0,0,0,0
"12","CA0110009",98776,25458,"CWS","SW","SWP","carceral_serving_water_system",0,0,0,0
"13","CA0110010",40,12,"CWS","SW","SW","other_water_systems",0,0,0,0
"14","CA0110011",38892,9958,"CWS","SW","SWP","other_water_systems",0,0,0,0
"15","CA0110012",281,102,"CWS","SW","SWP","other_water_systems",0,0,0,0
"16","CA0110016",1400,378,"CWS","SW","SWP","other_water_systems",0,0,0,0
"17","CA0110018",1,1,"CWS","GW","GW","other_water_systems",0,0,0,0
"18","CA0110650",90,1,"NTNCWS","SW","SW","other_water_systems",0,0,0,0
"19","CA0110701",10870,2,"NTNCWS","SW","SWP","other_water_systems",0,0,0,0
"20","CA0202501",100,5,"NTNCWS","GW","GW","other_water_systems",0,0,0,0
"21","CA0202503",50,16,"CWS","GW","GW","other_water_systems",0,0,0,0
"22","CA0202504",25,167,"CWS","SW","SW","other_water_systems",0,0,0,0
"23","CA0202522",70,32,"CWS","GW","GW","other_water_systems",0,0,0,0
"24","CA0202599",35,1,"NTNCWS","GW","GW","other_water_systems",0,0,0,0
"25","CA0205425",30,10,"NTNCWS","GW","GW","other_water_systems",0,0,0,0
"26","CA0210001",625,490,"CWS","SW","SW","other_water_systems",1,0,1,0
"27","CA0210002",7851,866,"CWS","GW","GW","other_water_systems",0,1,0,1
"28","CA0300010",221,67,"CWS","SW","SWP","other_water_systems",0,0,0,0
"29","CA0300011",40,20,"CWS","SW","GU","other_water_systems",0,0,0,0
"30","CA0300016",103,73,"CWS","SW","GU","other_water_systems",0,1,0,1
"31","CA0300019",100,66,"CWS","GW","GW","other_water_systems",1,0,1,0
"32","CA0300024",62,22,"CWS","GW","GW","other_water_systems",0,0,0,0
"33","CA0300037",3553,355,"CWS","SW","SW","other_water_systems",0,1,0,1
"34","CA0300053",44,27,"CWS","GW","GW","other_water_systems",0,0,0,0
"35","CA0300055",25,7,"NTNCWS","GW","GW","other_water_systems",0,1,0,1
"36","CA0300062",299,21,"CWS","GW","GW","other_water_systems",0,0,0,0
"37","CA0300073",32,9,"NTNCWS","SW","SW","other_water_systems",0,0,0,0
"38","CA0300078",40,12,"CWS","GW","GW","other_water_systems",0,1,0,1
"39","CA0300448",25,9,"NTNCWS","GW","GW","other_water_systems",0,3,0,1
"40","CA0300524",130,2,"NTNCWS","GW","GW","other_water_systems",0,0,0,0
"41","CA0301038",383,80,"NTNCWS","SW","SW","other_water_systems",0,0,0,0
"42","CA0310001",5019,2208,"CWS","SW","SWP","carceral_serving_water_system",1,0,1,0
"43","CA0310002",7227,2342,"CWS","SW","SW","carceral_serving_water_system",1,0,1,0
"44","CA0310003",4940,1754,"CWS","SW","SW","other_water_systems",0,0,0,0
"45","CA0310004",1060,534,"CWS","SW","SWP","other_water_systems",1,0,1,0
"46","CA0310005",1141,410,"CWS","SW","SWP","other_water_systems",0,0,0,0
"47","CA0310006",574,230,"CWS","GW","GW","other_water_systems",0,0,0,0
"48","CA0310008",1012,211,"CWS","GW","GW","other_water_systems",0,0,0,0
"49","CA0310011",838,337,"CWS","SW","SWP","other_water_systems",0,0,0,0
"50","CA0310012",8791,2738,"CWS","SW","SW","carceral_serving_water_system",0,0,0,0
"51","CA0310018",230,82,"CWS","SW","SWP","other_water_systems",0,0,0,0
"52","CA0310019",188,55,"CWS","GW","GW","other_water_systems",0,0,0,0
"53","CA0310021",2402,728,"CWS","GW","GW","other_water_systems",0,0,0,0
"54","CA0400001",150,54,"CWS","GW","GW","other_water_systems",0,0,0,0
"55","CA0400003",41,15,"CWS","GW","GW","other_water_systems",0,0,0,0
"56","CA0400004",119,42,"CWS","GW","GW","other_water_systems",0,0,0,0
"57","CA0400007",399,172,"CWS","GW","GW","other_water_systems",0,4,0,1
"58","CA0400008",290,91,"CWS","GW","GW","other_water_systems",0,0,0,0
"59","CA0400012",460,135,"CWS","GW","GW","other_water_systems",0,2,0,1
"60","CA0400013",90,97,"CWS","GW","GW","other_water_systems",0,0,0,0
"61","CA0400014",297,123,"CWS","GW","GW","other_water_systems",0,1,0,1
"62","CA0400016",28,8,"CWS","GW","GW","other_water_systems",0,0,0,0
"63","CA0400019",76,35,"CWS","GW","GW","other_water_systems",0,0,0,0
"64","CA0400020",327,88,"CWS","GW","GW","other_water_systems",0,3,0,1
"65","CA0400021",20,20,"CWS","GW","GW","other_water_systems",1,5,1,1
"66","CA0400023",75,25,"CWS","GW","GW","other_water_systems",0,0,0,0
"67","CA0400026",50,26,"CWS","GW","GW","other_water_systems",0,2,0,1
"68","CA0400027",180,127,"CWS","GW","GW","other_water_systems",0,0,0,0
"69","CA0400030",275,101,"CWS","GW","GW","other_water_systems",0,0,0,0
"70","CA0400040",253,184,"CWS","GW","GW","other_water_systems",0,1,0,1
"71","CA0400042",28,17,"CWS","GW","GW","other_water_systems",0,0,0,0
"72","CA0400051",220,80,"CWS","GW","GW","other_water_systems",0,0,0,0
"73","CA0400060",25,3,"NTNCWS","GW","GW","other_water_systems",0,0,0,0
"74","CA0400062",63,4,"NTNCWS","GW","GW","other_water_systems",0,2,0,1
"75","CA0400063",295,3,"NTNCWS","GW","GW","other_water_systems",0,1,0,1
"76","CA0400064",115,11,"NTNCWS","GW","GW","other_water_systems",0,0,0,0
"77","CA0400065",70,1,"NTNCWS","GW","GW","other_water_systems",0,1,0,1
"78","CA0400067",34,2,"NTNCWS","GW","GW","other_water_systems",0,0,0,0
"79","CA0400070",18000,55,"NTNCWS","GW","GW","other_water_systems",0,0,0,0
"80","CA0400073",230,17,"NTNCWS","GW","GW","other_water_systems",0,1,0,1
"81","CA0400078",46,21,"CWS","GW","GW","other_water_systems",1,0,1,0
"82","CA0400079",125,4,"NTNCWS","GW","GW","other_water_systems",0,0,0,0
"83","CA0400090",40,17,"CWS","GW","GW","other_water_systems",0,1,0,1
"84","CA0400091",99,30,"CWS","GW","GW","other_water_systems",0,0,0,0
"85","CA0400117",50,21,"CWS","GW","GW","other_water_systems",0,0,0,0
"86","CA0400123",58,28,"CWS","GW","GW","other_water_systems",0,0,0,0
"87","CA0400133",240,8,"NTNCWS","GW","GW","other_water_systems",0,0,0,0
"88","CA0400140",102,3,"NTNCWS","GW","GW","other_water_systems",0,0,0,0
"89","CA0400149",55,31,"CWS","GW","GW","other_water_systems",0,0,0,0
"90","CA0400150",41,2,"NTNCWS","GW","GW","other_water_systems",0,0,0,0
"91","CA0400151",160,55,"CWS","GW","GW","other_water_systems",0,0,0,0
"92","CA0400154",85,2,"NTNCWS","GW","GW","other_water_systems",0,0,0,0
"93","CA0400155",25,18,"CWS","GW","GW","other_water_systems",0,0,0,0
"94","CA0400158",51,22,"NTNCWS","GW","GW","other_water_systems",0,2,0,1
"95","CA0400162",600,3,"NTNCWS","GW","GW","other_water_systems",1,4,1,1
"96","CA0405001",888,269,"CWS","SW","SW","other_water_systems",0,0,0,0
"97","CA0405003",195,1,"NTNCWS","GW","GW","other_water_systems",0,0,0,0
"98","CA0409177",130,8,"NTNCWS","GW","GW","other_water_systems",0,0,0,0
"99","CA0409181",81,30,"CWS","GW","GW","other_water_systems",0,2,0,1
"100","CA0409183",120,86,"CWS","GW","GW","other_water_systems",0,3,0,1
"101","CA0409187",25,1,"NTNCWS","GW","GW","other_water_systems",0,0,0,0
"102","CA0409188",37,1,"NTNCWS","GW","GW","other_water_systems",0,0,0,0
"103","CA0409189",100,3,"NTNCWS","GW","GW","other_water_systems",0,1,0,1
"104","CA0409194",180,2,"NTNCWS","GW","GW","other_water_systems",0,0,0,0
"105","CA0409197",350,3,"NTNCWS","GW","GW","other_water_systems",0,1,0,1
"106","CA0410001",2060,800,"CWS","GW","GW","other_water_systems",0,1,0,1
"107","CA0410002",111831,30239,"CWS","GW","GW","other_water_systems",0,0,0,0
"108","CA0410003",1581,479,"CWS","GW","GW","other_water_systems",0,0,0,0
"109","CA0410004",7444,2282,"CWS","GW","GW","other_water_systems",0,0,0,0
"110","CA0410005",11045,3553,"CWS","SW","SW","other_water_systems",0,1,0,1
"111","CA0410006",22664,6868,"CWS","SW","SW","other_water_systems",0,0,0,0
"112","CA0410007",9142,9368,"CWS","SW","SW","other_water_systems",0,0,0,0
"113","CA0410008",12136,3141,"CWS","SW","SW","carceral_serving_water_system",1,1,1,1
"114","CA0410009",350,106,"CWS","GW","GW","other_water_systems",0,1,0,1
"115","CA0410011",10900,3300,"CWS","SW","SWP","other_water_systems",0,0,0,0
"116","CA0410012",73,22,"CWS","SW","SW","other_water_systems",0,0,0,0
"117","CA0410018",501,152,"CWS","SW","SW","other_water_systems",0,0,0,0
"118","CA0500009",75,1,"NTNCWS","GW","GW","other_water_systems",0,0,0,0
"119","CA0500019",67,34,"CWS","GW","GW","other_water_systems",0,0,0,0
"120","CA0500027",99,70,"CWS","GW","GW","other_water_systems",0,0,0,0
"121","CA0500039",150,11,"NTNCWS","GW","GW","other_water_systems",0,0,0,0
"122","CA0500053",50,13,"NTNCWS","SW","SW","other_water_systems",0,0,0,0
"123","CA0500068",99,37,"CWS","GW","GW","other_water_systems",0,0,0,0
"124","CA0500075",30,24,"CWS","GW","GW","other_water_systems",0,0,0,0
"125","CA0500082",288,102,"CWS","GW","GW","other_water_systems",0,0,0,0
"126","CA0500085",200,1,"NTNCWS","GW","GW","other_water_systems",0,0,0,0
"127","CA0500091",150,13,"CWS","SW","SW","other_water_systems",0,0,0,0
"128","CA0500095",85,3,"NTNCWS","GW","GW","other_water_systems",0,0,0,0
"129","CA0500097",100,2,"NTNCWS","GW","GW","other_water_systems",0,0,0,0
"130","CA0510001",4774,1735,"CWS","SW","SW","carceral_serving_water_system",2,0,1,0
"131","CA0510002",6286,1956,"CWS","SW","SW","other_water_systems",0,0,0,0
"132","CA0510003",3836,2000,"CWS","SW","SW","other_water_systems",0,0,0,0
"133","CA0510004",89,49,"CWS","SW","SW","other_water_systems",0,0,0,0
"134","CA0510005",1043,576,"CWS","SW","SW","other_water_systems",0,0,0,0
"135","CA0510006",9861,3884,"CWS","SW","SW","other_water_systems",0,0,0,0
"136","CA0510009",4801,1726,"CWS","SW","SWP","other_water_systems",0,0,0,0
"137","CA0510010",900,263,"CWS","GW","GW","other_water_systems",0,0,0,0
"138","CA0510011",361,298,"CWS","SW","SWP","other_water_systems",0,0,0,0
"139","CA0510012",837,448,"CWS","SW","SW","other_water_systems",0,0,0,0
"140","CA0510016",11545,6010,"CWS","SW","SW","other_water_systems",3,0,1,0
"141","CA0510017",5187,2759,"CWS","SW","SW","other_water_systems",0,0,0,0
"142","CA0510019",255,108,"CWS","GW","GW","other_water_systems",0,0,0,0
"143","CA0600005",250,63,"CWS","GW","GW","other_water_systems",0,2,0,1
"144","CA0600008",305,123,"CWS","GW","GW","other_water_systems",5,4,1,1
"145","CA0600012",246,88,"CWS","SW","SW","other_water_systems",0,2,0,1
"146","CA0600013",382,120,"CWS","GW","GW","other_water_systems",0,0,0,0
"147","CA0600065",556,40,"NTNCWS","GW","GW","other_water_systems",0,1,0,1
"148","CA0605002",390,5,"NTNCWS","GW","GW","other_water_systems",0,2,0,1
"149","CA0605004",84,1,"NTNCWS","GW","GW","other_water_systems",0,0,0,0
"150","CA0605007",151,1,"NTNCWS","GW","GW","other_water_systems",0,0,0,0
"151","CA0605011",185,56,"CWS","GW","GW","other_water_systems",0,0,0,0
"152","CA0605012",95,1,"NTNCWS","GW","GW","other_water_systems",0,0,0,0
"153","CA0610001",2778,1027,"CWS","GW","GW","other_water_systems",0,1,0,1
"154","CA0610002",6428,2258,"CWS","GW","GW","carceral_serving_water_system",0,1,0,1
"155","CA0610003",1175,393,"CWS","GW","GW","other_water_systems",0,0,0,0
"156","CA0610004",5538,1526,"CWS","GW","GW","other_water_systems",0,0,0,0
"157","CA0706004",170,50,"CWS","GW","GW","other_water_systems",4,0,1,0
"158","CA0706005",140,70,"CWS","GW","GW","other_water_systems",0,0,0,0
"159","CA0706028",350,4,"NTNCWS","GW","GW","other_water_systems",0,0,0,0
"160","CA0706029",600,2,"NTNCWS","GW","GW","other_water_systems",0,0,0,0
"161","CA0706050",60,61,"NTNCWS","GW","GW","other_water_systems",0,1,0,1
"162","CA0706102",41,6,"NTNCWS","GW","GW","other_water_systems",0,1,0,1
"163","CA0707501",60,32,"CWS","GW","GW","other_water_systems",0,1,0,1
"164","CA0707507",380,166,"CWS","GW","GW","other_water_systems",4,0,1,0
"165","CA0707517",32,10,"CWS","GW","GW","other_water_systems",0,1,0,1
"166","CA0707519",49,17,"CWS","GW","GW","other_water_systems",0,1,0,1
"167","CA0707523",200,62,"CWS","GW","GW","other_water_systems",0,0,0,0
"168","CA0707545",350,11,"CWS","GW","GW","other_water_systems",0,1,0,1
"169","CA0707547",73,22,"CWS","GW","GW","other_water_systems",0,0,0,0
"170","CA0707553",126,45,"CWS","GW","GW","other_water_systems",0,1,0,1
"171","CA0707556",100,110,"CWS","GW","GW","other_water_systems",0,1,0,1
"172","CA0707569",99,99,"CWS","GW","GW","other_water_systems",0,1,0,1
"173","CA0707572",123,43,"CWS","GW","GW","other_water_systems",0,1,0,1
"174","CA0707573",333,119,"CWS","GW","GW","other_water_systems",4,0,1,0
"175","CA0707575",185,65,"CWS","GW","GW","other_water_systems",0,0,0,0
"176","CA0707576",644,195,"CWS","GW","GW","other_water_systems",0,0,0,0
"177","CA0707577",230,89,"CWS","GW","GW","other_water_systems",0,1,0,1
"178","CA0707585",66,20,"CWS","GW","GW","other_water_systems",0,0,0,0
"179","CA0707588",156,66,"CWS","GW","GW","other_water_systems",0,0,0,0
"180","CA0707589",93,33,"CWS","GW","GW","other_water_systems",4,1,1,1
"181","CA0707594",45,16,"CWS","GW","GW","other_water_systems",0,1,0,1
"182","CA0707597",67,24,"CWS","GW","GW","other_water_systems",0,1,0,1
"183","CA0707598",210,75,"CWS","GW","GW","other_water_systems",0,0,0,0
"184","CA0707601",110,20,"CWS","GW","GW","other_water_systems",0,1,0,1
"185","CA0707603",549,202,"CWS","SW","SWP","other_water_systems",0,0,0,0
"186","CA0707608",75,24,"CWS","GW","GW","other_water_systems",0,0,0,0
"187","CA0707613",481,172,"CWS","GW","GW","other_water_systems",0,0,0,0
"188","CA0707615",132,20,"CWS","GW","GW","other_water_systems",0,0,0,0
"189","CA0707620",238,1,"NTNCWS","GW","GW","other_water_systems",0,0,0,0
"190","CA0707623",31,19,"CWS","GW","GW","other_water_systems",0,1,0,1
"191","CA0707625",600,46,"NTNCWS","GW","GW","other_water_systems",0,0,0,0
"192","CA0710001",115074,33597,"CWS","SW","SW","other_water_systems",0,0,0,0
"193","CA0710002",23731,5073,"CWS","SW","SWP","other_water_systems",0,0,0,0
"194","CA0710003",198000,60730,"CWS","SW","SW","carceral_serving_water_system",0,0,0,0
"195","CA0710004",64513,21441,"CWS","SW","SWP","other_water_systems",0,0,0,0
"196","CA0710006",30997,10230,"CWS","SW","SWP","carceral_serving_water_system",0,0,0,0
"197","CA0710007",43357,13617,"CWS","SW","SWP","other_water_systems",0,0,0,0
"198","CA0710008",62500,19534,"CWS","SW","SWP","other_water_systems",0,0,0,0
"199","CA0710009",16790,6163,"CWS","GW","GW","other_water_systems",0,0,0,0
"200","CA0710010",1,1,"CWS","SW","SWP","other_water_systems",0,0,0,0
"201","CA0710011",0,1,"CWS","SW","SWP","other_water_systems",0,0,0,0
"202","CA0710800",180,1,"NTNCWS","SW","SW","other_water_systems",0,0,0,0
"203","CA0800526",200,44,"CWS","GW","GW","other_water_systems",0,0,0,0
"204","CA0800532",650,116,"CWS","GW","GW","other_water_systems",0,0,0,0
"205","CA0800548",360,63,"CWS","GW","GW","other_water_systems",0,0,0,0
"206","CA0800552",250,89,"CWS","GW","GW","other_water_systems",0,0,0,0
"207","CA0800555",657,201,"CWS","SW","SW","other_water_systems",0,2,0,1
"208","CA0800556",185,69,"CWS","GW","GW","other_water_systems",0,2,0,1
"209","CA0800557",96,69,"CWS","GW","GW","other_water_systems",0,2,0,1
"210","CA0800603",65,23,"CWS","GW","GW","other_water_systems",1,3,1,1
"211","CA0800605",112,42,"CWS","GW","GW","other_water_systems",0,1,0,1
"212","CA0800647",421,1,"NTNCWS","GW","GW","other_water_systems",0,2,0,1
"213","CA0800649",120,2,"NTNCWS","GW","GW","other_water_systems",0,2,0,1
"214","CA0800700",120,60,"CWS","GW","GW","other_water_systems",0,2,0,1
"215","CA0800800",100,51,"CWS","GW","GW","other_water_systems",0,0,0,0
"216","CA0800825",58,27,"CWS","GW","GW","other_water_systems",0,1,0,1
"217","CA0810001",17170,3731,"CWS","GW","GW","carceral_serving_water_system",0,0,0,0
"218","CA0810002",2568,601,"CWS","GW","GW","other_water_systems",0,1,0,1
"219","CA0810003",2609,739,"CWS","GW","GWP","other_water_systems",0,0,0,0
"220","CA0810800",135,1,"NTNCWS","SW","GU","carceral_water_system",0,1,0,1
"221","CA0900102",134,48,"CWS","GW","GW","other_water_systems",1,1,1,1
"222","CA0900111",227,19,"NTNCWS","GW","GW","other_water_systems",0,4,0,1
"223","CA0900112",75,32,"CWS","GW","GW","other_water_systems",0,0,0,0
"224","CA0900210",120,7,"NTNCWS","GW","GW","other_water_systems",0,0,0,0
"225","CA0900300",150,118,"CWS","SW","SW","other_water_systems",1,3,1,1
"226","CA0900304",25,1,"NTNCWS","GW","GW","other_water_systems",0,63,0,1
"227","CA0900308",80,51,"CWS","GW","GW","other_water_systems",0,4,0,1
"228","CA0900309",125,8,"NTNCWS","GW","GW","other_water_systems",0,3,0,1
"229","CA0900404",75,35,"CWS","GW","GW","other_water_systems",0,1,0,1
"230","CA0900410",65,5,"NTNCWS","GW","GW","other_water_systems",0,0,0,0
"231","CA0900422",112,40,"CWS","GW","GW","other_water_systems",0,0,0,0
"232","CA0900529",310,4,"NTNCWS","GW","GW","other_water_systems",0,2,0,1
"233","CA0900649",3300,200,"NTNCWS","GW","GW","other_water_systems",1,0,1,0
"234","CA0900659",1940,5,"NTNCWS","GW","GW","other_water_systems",0,3,0,1
"235","CA0900660",1000,5,"NTNCWS","GW","GW","other_water_systems",0,1,0,1
"236","CA0901217",100,57,"CWS","GW","GW","other_water_systems",0,0,0,0
"237","CA0910001",132171,43500,"CWS","SW","SW","carceral_serving_water_system",0,0,0,0
"238","CA0910002",117013,14287,"CWS","GW","GW","carceral_serving_water_system",0,0,0,0
"239","CA0910003",9224,3050,"CWS","SW","SWP","other_water_systems",0,0,0,0
"240","CA0910006",1374,620,"CWS","SW","SW","other_water_systems",0,2,0,1
"241","CA0910007",3286,993,"CWS","GW","GW","other_water_systems",0,0,0,0
"242","CA0910012",703,625,"CWS","GW","GW","other_water_systems",0,0,0,0
"243","CA0910013",9434,3729,"CWS","SW","SW","carceral_serving_water_system",0,1,0,1
"244","CA0910015",1420,1566,"CWS","GW","GW","other_water_systems",1,0,1,0
"245","CA0910017",400,149,"CWS","SW","SW","other_water_systems",0,0,0,0
"246","CA0910018",535,191,"CWS","SW","SW","other_water_systems",0,0,0,0
"247","CA0910019",2648,142,"CWS","SW","SW","other_water_systems",0,1,0,1
"248","CA1000004",264,40,"CWS","GW","GW","other_water_systems",0,0,0,0
"249","CA1000005",72,67,"CWS","SW","SWP","other_water_systems",0,0,0,0
"250","CA1000018",302,108,"CWS","GW","GW","other_water_systems",0,0,0,0
"251","CA1000019",241,56,"CWS","SW","SW","other_water_systems",6,0,1,0
"252","CA1000021",417,149,"CWS","GW","GW","other_water_systems",0,0,0,0
"253","CA1000023",115,41,"CWS","GW","GW","other_water_systems",0,0,0,0
"254","CA1000039",132,47,"CWS","GW","GW","other_water_systems",0,0,0,0
"255","CA1000040",129,46,"CWS","GW","GW","other_water_systems",0,0,0,0
"256","CA1000041",176,67,"CWS","GW","GW","other_water_systems",0,0,0,0
"257","CA1000042",196,70,"CWS","GW","GW","other_water_systems",0,0,0,0
"258","CA1000053",528,158,"CWS","GW","GW","other_water_systems",1,0,1,0
"259","CA1000054",375,107,"CWS","GW","GWP","other_water_systems",1,0,1,0
"260","CA1000056",240,120,"CWS","GW","GW","other_water_systems",0,0,0,0
"261","CA1000057",92,28,"CWS","GW","GW","other_water_systems",2,0,1,0
"262","CA1000060",60,68,"NTNCWS","GW","GW","other_water_systems",0,1,0,1
"263","CA1000061",289,74,"NTNCWS","GW","GW","other_water_systems",0,0,0,0
"264","CA1000063",120,35,"CWS","GW","GW","other_water_systems",0,1,0,1
"265","CA1000069",345,201,"CWS","GW","GW","other_water_systems",0,0,0,0
"266","CA1000075",25,10,"CWS","GW","GW","other_water_systems",0,1,0,1
"267","CA1000078",291,104,"CWS","GW","GW","other_water_systems",0,0,0,0
"268","CA1000104",489,11,"NTNCWS","GW","GW","other_water_systems",1,0,1,0
"269","CA1000105",505,8,"NTNCWS","GW","GW","other_water_systems",0,0,0,0
"270","CA1000111",100,13,"NTNCWS","GW","GW","other_water_systems",1,0,1,0
"271","CA1000136",56,18,"NTNCWS","GW","GW","other_water_systems",0,1,0,1
"272","CA1000148",107,28,"NTNCWS","GW","GW","other_water_systems",0,0,0,0
"273","CA1000176",70,1,"NTNCWS","GW","GW","other_water_systems",0,0,0,0
"274","CA1000177",85,10,"NTNCWS","SW","SW","other_water_systems",1,0,1,0
"275","CA1000178",225,17,"NTNCWS","SW","SW","other_water_systems",1,0,1,0
"276","CA1000180",389,1,"NTNCWS","GW","GW","other_water_systems",0,0,0,0
"277","CA1000181",210,8,"NTNCWS","GW","GW","other_water_systems",0,0,0,0
"278","CA1000182",181,2,"NTNCWS","GW","GW","other_water_systems",0,0,0,0
"279","CA1000184",454,1,"NTNCWS","GW","GW","other_water_systems",0,0,0,0
"280","CA1000185",380,1,"NTNCWS","GW","GW","other_water_systems",0,0,0,0
"281","CA1000186",105,11,"CWS","GW","GW","other_water_systems",0,0,0,0
"282","CA1000187",511,10,"NTNCWS","GW","GW","other_water_systems",0,0,0,0
"283","CA1000189",150,1,"NTNCWS","GW","GW","other_water_systems",0,0,0,0
"284","CA1000190",700,6,"NTNCWS","GW","GW","other_water_systems",0,0,0,0
"285","CA1000192",200,3,"NTNCWS","GW","GW","other_water_systems",0,1,0,1
"286","CA1000193",367,1,"NTNCWS","GW","GW","other_water_systems",0,0,0,0
"287","CA1000194",490,6,"NTNCWS","GW","GW","other_water_systems",0,0,0,0
"288","CA1000196",461,1,"NTNCWS","GW","GW","other_water_systems",0,0,0,0
"289","CA1000198",236,25,"NTNCWS","GW","GW","other_water_systems",0,0,0,0
"290","CA1000199",46,1,"CWS","GW","GW","other_water_systems",0,0,0,0
"291","CA1000200",79,1,"CWS","GW","GW","other_water_systems",0,0,0,0
"292","CA1000201",650,10,"NTNCWS","GW","GW","other_water_systems",0,1,0,1
"293","CA1000204",250,1,"NTNCWS","GW","GW","other_water_systems",3,2,1,1
"294","CA1000206",235,4,"NTNCWS","GW","GW","other_water_systems",0,0,0,0
"295","CA1000208",560,12,"NTNCWS","GW","GW","other_water_systems",0,0,0,0
"296","CA1000213",98,20,"CWS","SW","SW","other_water_systems",0,0,0,0
"297","CA1000214",1750,4,"NTNCWS","SW","SW","other_water_systems",0,0,0,0
"298","CA1000217",870,10,"NTNCWS","GW","GW","other_water_systems",0,0,0,0
"299","CA1000221",1000,23,"NTNCWS","GW","GW","other_water_systems",0,2,0,1
"300","CA1000229",350,113,"CWS","GW","GW","other_water_systems",0,0,0,0
"301","CA1000238",75,26,"CWS","GW","GW","other_water_systems",0,0,0,0
"302","CA1000244",160,65,"CWS","GW","GW","other_water_systems",0,0,0,0
"303","CA1000247",48,48,"CWS","GW","GW","other_water_systems",0,0,0,0
"304","CA1000257",47,36,"CWS","GW","GW","other_water_systems",0,0,0,0
"305","CA1000259",82,77,"CWS","GW","GW","other_water_systems",0,0,0,0
"306","CA1000260",90,45,"CWS","GW","GW","other_water_systems",0,0,0,0
"307","CA1000265",63,34,"CWS","GW","GW","other_water_systems",0,0,0,0
"308","CA1000267",120,26,"CWS","GW","GW","other_water_systems",0,0,0,0
"309","CA1000277",64,12,"CWS","GW","GW","other_water_systems",0,1,0,1
"310","CA1000279",190,29,"NTNCWS","GW","GW","other_water_systems",0,0,0,0
"311","CA1000280",720,26,"NTNCWS","GW","GW","other_water_systems",0,2,0,1
"312","CA1000295",160,41,"CWS","GW","GW","other_water_systems",0,1,0,1
"313","CA1000298",300,172,"CWS","GW","GW","other_water_systems",0,0,0,0
"314","CA1000299",347,105,"CWS","GW","GW","other_water_systems",0,1,0,1
"315","CA1000315",265,5,"NTNCWS","GW","GW","other_water_systems",0,0,0,0
"316","CA1000316",119,1,"NTNCWS","GW","GW","other_water_systems",0,0,0,0
"317","CA1000324",170,1,"CWS","GW","GW","other_water_systems",0,0,0,0
"318","CA1000345",146,50,"CWS","SW","SW","other_water_systems",2,0,1,0
"319","CA1000359",462,79,"CWS","SW","SW","other_water_systems",6,0,1,0
"320","CA1000361",48,4,"NTNCWS","SW","SW","other_water_systems",0,0,0,0
"321","CA1000362",43,1,"NTNCWS","GW","GW","other_water_systems",0,0,0,0
"322","CA1000366",275,2,"CWS","GW","GW","other_water_systems",0,0,0,0
"323","CA1000367",2225,21,"NTNCWS","GW","GW","other_water_systems",0,0,0,0
"324","CA1000369",100,15,"CWS","GW","GW","other_water_systems",0,2,0,1
"325","CA1000377",78,2,"NTNCWS","GW","GW","other_water_systems",0,5,0,1
"326","CA1000378",350,159,"CWS","GW","GW","other_water_systems",0,0,0,0
"327","CA1000381",750,3,"NTNCWS","GW","GW","other_water_systems",0,1,0,1
"328","CA1000383",245,1,"NTNCWS","GW","GW","other_water_systems",0,0,0,0
"329","CA1000405",36,15,"CWS","GW","GW","other_water_systems",0,0,0,0
"330","CA1000411",90,2,"NTNCWS","GW","GW","other_water_systems",0,1,0,1
"331","CA1000418",45,2,"NTNCWS","GW","GW","other_water_systems",0,0,0,0
"332","CA1000424",449,21,"NTNCWS","GW","GW","other_water_systems",0,0,0,0
"333","CA1000426",400,49,"CWS","GW","GW","other_water_systems",0,1,0,1
"334","CA1000430",1234,1,"CWS","GW","GW","other_water_systems",0,1,0,1
"335","CA1000440",580,1,"NTNCWS","GW","GW","other_water_systems",0,0,0,0
"336","CA1000447",232,1,"NTNCWS","GW","GW","other_water_systems",0,0,0,0
"337","CA1000461",700,4,"NTNCWS","GW","GW","other_water_systems",0,0,0,0
"338","CA1000467",50,6,"NTNCWS","GW","GW","other_water_systems",0,0,0,0
"339","CA1000468",150,10,"NTNCWS","GW","GW","other_water_systems",0,0,0,0
"340","CA1000471",395,141,"CWS","GW","GWP","other_water_systems",0,0,0,0
"341","CA1000472",40,22,"CWS","GW","GW","other_water_systems",0,0,0,0
"342","CA1000473",150,1,"NTNCWS","GW","GW","other_water_systems",0,0,0,0
"343","CA1000476",750,12,"NTNCWS","GW","GW","other_water_systems",0,2,0,1
"344","CA1000480",470,5,"NTNCWS","GW","GW","other_water_systems",0,0,0,0
"345","CA1000484",1117,403,"CWS","SW","SW","other_water_systems",3,2,1,1
"346","CA1000485",70,8,"NTNCWS","GW","GW","other_water_systems",0,1,0,1
"347","CA1000486",80,3,"NTNCWS","GW","GW","other_water_systems",0,0,0,0
"348","CA1000490",219,1,"NTNCWS","SW","SW","other_water_systems",0,0,0,0
"349","CA1000495",70,3,"NTNCWS","GW","GW","other_water_systems",0,2,0,1
"350","CA1000514",500,2,"NTNCWS","GW","GW","other_water_systems",0,1,0,1
"351","CA1000517",318,2,"NTNCWS","GW","GW","other_water_systems",0,0,0,0
"352","CA1000526",950,2,"NTNCWS","GW","GW","other_water_systems",0,0,0,0
"353","CA1000533",25,24,"NTNCWS","GW","GW","other_water_systems",0,1,0,1
"354","CA1000534",30,1,"NTNCWS","GW","GW","other_water_systems",0,0,0,0
"355","CA1000541",250,2,"NTNCWS","GW","GW","other_water_systems",0,0,0,0
"356","CA1000546",440,46,"CWS","SW","SW","other_water_systems",3,0,1,0
"357","CA1000548",25,4,"NTNCWS","GW","GW","other_water_systems",0,0,0,0
"358","CA1000550",344,125,"CWS","GW","GW","other_water_systems",0,0,0,0
"359","CA1000551",182,68,"CWS","GW","GW","other_water_systems",0,0,0,0
"360","CA1000554",81,29,"CWS","GW","GW","other_water_systems",2,0,1,0
"361","CA1000555",34,12,"CWS","GW","GW","other_water_systems",0,0,0,0
"362","CA1000562",25,2,"NTNCWS","GW","GW","other_water_systems",0,0,0,0
"363","CA1000565",130,27,"NTNCWS","GW","GW","other_water_systems",0,1,0,1
"364","CA1000566",47,2,"NTNCWS","GW","GW","other_water_systems",0,0,0,0
"365","CA1000570",565,15,"CWS","GW","GW","carceral_water_system",0,1,0,1
"366","CA1000574",65,15,"CWS","GW","GW","other_water_systems",0,0,0,0
"367","CA1000575",50,6,"NTNCWS","GW","GW","other_water_systems",0,0,0,0
"368","CA1000576",175,2,"NTNCWS","GW","GW","other_water_systems",0,2,0,1
"369","CA1000578",42,16,"NTNCWS","GW","GW","other_water_systems",0,0,0,0
"370","CA1000580",520,10,"NTNCWS","GW","GW","other_water_systems",0,0,0,0
"371","CA1000583",39,1,"NTNCWS","GW","GW","other_water_systems",0,0,0,0
"372","CA1000584",90,4,"NTNCWS","GW","GW","other_water_systems",0,0,0,0
"373","CA1000585",25,10,"CWS","GW","GW","other_water_systems",0,3,0,1
"374","CA1000593",60,2,"NTNCWS","GW","GW","other_water_systems",0,1,0,1
"375","CA1000602",60,2,"NTNCWS","GW","GW","other_water_systems",0,0,0,0
"376","CA1000607",64,13,"NTNCWS","SW","SW","other_water_systems",0,0,0,0
"377","CA1000627",62,14,"CWS","GW","GW","other_water_systems",0,0,0,0
"378","CA1000639",90,3,"NTNCWS","GW","GW","other_water_systems",0,0,0,0
"379","CA1000641",95,2,"NTNCWS","GW","GW","other_water_systems",0,0,0,0
"380","CA1000643",40,8,"NTNCWS","GW","GW","other_water_systems",0,0,0,0
"381","CA1000645",27,8,"NTNCWS","SW","SW","other_water_systems",0,0,0,0
"382","CA1000663",60,4,"NTNCWS","GW","GW","other_water_systems",0,0,0,0
"383","CA1000673",115,1,"NTNCWS","GW","GW","other_water_systems",0,0,0,0
"384","CA1009020",98,8,"CWS","GW","GW","other_water_systems",0,0,0,0
"385","CA1009023",85,15,"CWS","SW","SW","other_water_systems",0,0,0,0
"386","CA1009027",140,50,"CWS","SW","SW","other_water_systems",0,0,0,0
"387","CA1009028",182,29,"CWS","SW","SW","other_water_systems",0,0,0,0
"388","CA1009039",27,13,"CWS","SW","SW","other_water_systems",4,0,1,0
"389","CA1009051",52,16,"CWS","GW","GW","other_water_systems",3,0,1,0
"390","CA1009078",222,20,"CWS","SW","SW","other_water_systems",0,0,0,0
"391","CA1009091",325,1,"NTNCWS","GW","GW","other_water_systems",0,0,0,0
"392","CA1009111",126,105,"CWS","SW","SW","other_water_systems",0,0,0,0
"393","CA1009120",105,43,"CWS","GW","GW","other_water_systems",0,0,0,0
"394","CA1009179",76,23,"CWS","SW","SW","other_water_systems",0,0,0,0
"395","CA1009214",72,24,"CWS","SW","SW","other_water_systems",0,0,0,0
"396","CA1009222",80,12,"CWS","SW","SW","other_water_systems",0,0,0,0
"397","CA1009232",82,19,"CWS","SW","SW","other_water_systems",0,0,0,0
"398","CA1010001",17393,2679,"CWS","GW","GW","other_water_systems",0,0,0,0
"399","CA1010003",128411,39512,"CWS","SW","SW","other_water_systems",0,0,0,0
"400","CA1010004",17277,4026,"CWS","SW","SW","carceral_serving_water_system",0,0,0,0
"401","CA1010005",8096,1642,"CWS","GW","GW","other_water_systems",0,0,0,0
"402","CA1010006",7100,2160,"CWS","GW","GW","other_water_systems",0,2,0,1
"403","CA1010007",545466,140150,"CWS","SW","SW","carceral_serving_water_system",0,0,0,0
"404","CA1010013",2427,388,"CWS","SW","SW","other_water_systems",0,0,0,0
"405","CA1010017",2722,972,"CWS","GW","GW","other_water_systems",0,0,0,0
"406","CA1010018",16995,3992,"CWS","GW","GW","other_water_systems",0,0,0,0
"407","CA1010019",12380,4121,"CWS","GW","GW","other_water_systems",0,1,0,1
"408","CA1010020",1551,473,"CWS","GW","GW","other_water_systems",0,0,0,0
"409","CA1010021",11404,2315,"CWS","GW","GW","other_water_systems",0,0,0,0
"410","CA1010023",9525,1714,"CWS","SW","SW","other_water_systems",0,0,0,0
"411","CA1010024",26456,6470,"CWS","GW","GW","other_water_systems",0,0,0,0
"412","CA1010025",14576,2688,"CWS","GW","GW","other_water_systems",0,0,0,0
"413","CA1010026",16736,2120,"CWS","GW","GW","other_water_systems",0,1,0,1
"414","CA1010027",25227,6275,"CWS","GW","GW","other_water_systems",0,0,0,0
"415","CA1010028",2756,928,"CWS","GW","GW","other_water_systems",0,0,0,0
"416","CA1010029",26241,7033,"CWS","GW","GW","other_water_systems",0,0,0,0
"417","CA1010030",807,340,"CWS","GW","GW","other_water_systems",0,0,0,0
"418","CA1010034",4060,749,"CWS","GW","GW","other_water_systems",0,0,0,0
"419","CA1010035",1413,312,"CWS","GW","GW","other_water_systems",0,0,0,0
"420","CA1010039",2613,752,"CWS","GW","GW","other_water_systems",3,0,1,0
"421","CA1010042",5979,468,"CWS","GW","GW","other_water_systems",0,0,0,0
"422","CA1010044",9306,945,"CWS","SW","SW","other_water_systems",2,0,1,0
"423","CA1010049",1623,300,"CWS","GW","GW","other_water_systems",0,1,0,1
"424","CA1010051",772,251,"CWS","SW","SW","other_water_systems",0,2,0,1
"425","CA1010052",850,233,"CWS","GW","GW","other_water_systems",0,0,0,0
"426","CA1010053",1230,220,"CWS","GW","GW","other_water_systems",0,0,0,0
"427","CA1010055",1988,711,"CWS","GW","GW","other_water_systems",0,0,0,0
"428","CA1010057",190,13,"NTNCWS","GW","GW","other_water_systems",0,0,0,0
"429","CA1010062",274,51,"CWS","GW","GW","other_water_systems",0,3,0,1
"430","CA1010339",41000,160,"CWS","GW","GW","other_water_systems",0,0,0,0
"431","CA1010501",2950,100,"CWS","GW","GW","other_water_systems",0,0,0,0
"432","CA1010800",52,9,"CWS","GW","GW","carceral_water_system",0,1,0,1
"433","CA1100101",37,1,"NTNCWS","GW","GW","other_water_systems",0,0,0,0
"434","CA1100102",68,1,"NTNCWS","GW","GW","other_water_systems",0,0,0,0
"435","CA1100104",49,2,"NTNCWS","GW","GW","other_water_systems",0,0,0,0
"436","CA1100203",201,62,"CWS","GW","GW","other_water_systems",0,0,0,0
"437","CA1100232",340,2,"NTNCWS","GW","GW","other_water_systems",0,0,0,0
"438","CA1100237",261,87,"CWS","GW","GW","other_water_systems",0,0,0,0
"439","CA1100254",27,15,"CWS","GW","GW","other_water_systems",0,0,0,0
"440","CA1100404",277,84,"CWS","GW","GW","other_water_systems",0,0,0,0
"441","CA1100413",40,33,"CWS","GW","GW","other_water_systems",0,0,0,0
"442","CA1100436",186,83,"CWS","GW","GW","other_water_systems",0,0,0,0
"443","CA1100440",205,1,"NTNCWS","GW","GW","other_water_systems",0,0,0,0
"444","CA1100444",244,74,"CWS","GW","GW","other_water_systems",0,0,0,0
"445","CA1100445",178,54,"CWS","GW","GW","other_water_systems",0,1,0,1
"446","CA1100448",250,4,"NTNCWS","GW","GW","other_water_systems",0,0,0,0
"447","CA1100452",62,43,"CWS","GW","GW","other_water_systems",0,0,0,0
"448","CA1100527",230,1,"NTNCWS","GW","GW","other_water_systems",0,0,0,0
"449","CA1100616",212,92,"CWS","SW","SW","other_water_systems",0,0,0,0
"450","CA1100711",75,48,"CWS","GW","GW","other_water_systems",1,1,1,1
"451","CA1100749",80,2,"NTNCWS","GW","GW","other_water_systems",0,0,0,0
"452","CA1105003",30,2,"NTNCWS","GW","GW","other_water_systems",0,1,0,1
"453","CA1105005",131,7,"NTNCWS","GW","GW","other_water_systems",0,0,0,0
"454","CA1105006",50,1,"NTNCWS","GW","GW","other_water_systems",0,0,0,0
"455","CA1110001",8217,2712,"CWS","GW","GW","other_water_systems",0,0,0,0
"456","CA1110002",1779,650,"CWS","GW","GW","other_water_systems",0,0,0,0
"457","CA1110003",7216,2378,"CWS","GW","GW","carceral_serving_water_system",0,0,0,0
"458","CA1110800",140,1,"NTNCWS","GW","GW","carceral_serving_water_system",0,1,0,1
"459","CA1200501",219,88,"CWS","SW","SW","other_water_systems",0,1,0,1
"460","CA1200518",333,101,"CWS","GW","GW","other_water_systems",0,0,0,0
"461","CA1200522",42,1,"NTNCWS","SW","SW","other_water_systems",0,0,0,0
"462","CA1200538",330,93,"CWS","GW","GW","other_water_systems",0,1,0,1
"463","CA1200541",300,80,"CWS","GW","GW","other_water_systems",0,1,0,1
"464","CA1200544",116,31,"CWS","SW","SW","other_water_systems",0,1,0,1
"465","CA1200546",50,1,"NTNCWS","GW","GW","other_water_systems",0,0,0,0
"466","CA1200547",85,36,"CWS","GW","GW","other_water_systems",0,1,0,1
"467","CA1200553",456,135,"CWS","SW","SW","other_water_systems",0,0,0,0
"468","CA1200566",85,38,"CWS","SW","SW","other_water_systems",0,4,0,1
"469","CA1200579",25,17,"NTNCWS","GW","GW","other_water_systems",0,1,0,1
"470","CA1200587",75,26,"CWS","SW","SW","other_water_systems",0,1,0,1
"471","CA1200588",63,25,"CWS","SW","SW","other_water_systems",0,0,0,0
"472","CA1200590",33,16,"CWS","GW","GW","other_water_systems",0,0,0,0
"473","CA1200591",70,76,"CWS","GW","GW","other_water_systems",0,0,0,0
"474","CA1200592",112,43,"CWS","GW","GW","other_water_systems",0,0,0,0
"475","CA1200643",67,24,"CWS","SW","SW","other_water_systems",0,0,0,0
"476","CA1200671",353,107,"CWS","SW","SW","other_water_systems",0,0,0,0
"477","CA1200681",165,1,"NTNCWS","GW","GW","other_water_systems",0,2,0,1
"478","CA1200684",50,1,"NTNCWS","GW","GW","other_water_systems",0,2,0,1
"479","CA1200687",60,31,"CWS","GW","GW","other_water_systems",0,1,0,1
"480","CA1200701",396,143,"CWS","GW","GW","other_water_systems",0,0,0,0
"481","CA1200706",130,72,"CWS","SW","SW","other_water_systems",0,0,0,0
"482","CA1200707",492,149,"CWS","GW","GW","other_water_systems",0,0,0,0
"483","CA1200715",250,18,"CWS","GW","GW","other_water_systems",0,0,0,0
"484","CA1200718",75,25,"CWS","GW","GW","other_water_systems",0,2,0,1
"485","CA1200729",636,167,"CWS","SW","SW","other_water_systems",1,0,1,0
"486","CA1200778",50,1,"NTNCWS","GW","GW","other_water_systems",0,0,0,0
"487","CA1200817",40,1,"NTNCWS","GW","GW","other_water_systems",0,1,0,1
"488","CA1206002",64,19,"CWS","SW","SW","other_water_systems",0,1,0,1
"489","CA1206004",320,132,"CWS","GW","GW","other_water_systems",0,1,0,1
"490","CA1206012",45,22,"NTNCWS","SW","SW","other_water_systems",0,4,0,1
"491","CA1206016",100,1,"NTNCWS","GW","GW","other_water_systems",0,0,0,0
"492","CA1210001",21193,6148,"CWS","GW","GWP","other_water_systems",0,0,0,0
"493","CA1210002",1245,731,"CWS","GW","GWP","other_water_systems",0,1,0,1
"494","CA1210004",27078,10412,"CWS","GW","GWP","other_water_systems",0,0,0,0
"495","CA1210006",12133,4641,"CWS","GW","GW","other_water_systems",0,0,0,0
"496","CA1210007",1662,775,"CWS","GW","GW","other_water_systems",0,0,0,0
"497","CA1210008",1815,465,"CWS","SW","SW","other_water_systems",0,0,0,0
"498","CA1210009",19778,7974,"CWS","GW","GW","other_water_systems",0,0,0,0
"499","CA1210010",906,304,"CWS","SW","SW","other_water_systems",0,0,0,0
"500","CA1210011",1207,533,"CWS","SW","SW","other_water_systems",0,0,0,0
"501","CA1210012",3300,1273,"CWS","SW","SW","other_water_systems",0,0,0,0
"502","CA1210013",680,217,"CWS","GW","GW","other_water_systems",0,0,0,0
"503","CA1210015",1298,932,"CWS","SW","GU","other_water_systems",0,1,0,1
"504","CA1210016",16900,5999,"CWS","GW","GWP","other_water_systems",0,1,0,1
"505","CA1210017",750,362,"CWS","GW","GWP","other_water_systems",0,0,0,0
"506","CA1210018",1072,324,"CWS","SW","SW","other_water_systems",0,2,0,1
"507","CA1210019",1412,437,"CWS","GW","GW","other_water_systems",0,1,0,1
"508","CA1210020",1845,560,"CWS","GW","GWP","other_water_systems",0,0,0,0
"509","CA1210021",927,335,"CWS","GW","GWP","other_water_systems",0,0,0,0
"510","CA1210022",803,631,"CWS","SW","SW","other_water_systems",0,0,0,0
"511","CA1210023",937,284,"CWS","GW","GW","other_water_systems",0,0,0,0
"512","CA1210024",490,228,"CWS","SW","SW","other_water_systems",0,2,0,1
"513","CA1210800",100,1,"NTNCWS","SW","SW","carceral_water_system",0,2,0,1
"514","CA1210801",80,1,"NTNCWS","SW","SW","other_water_systems",0,1,0,1
"515","CA1300009",92,122,"CWS","GW","GW","other_water_systems",0,3,0,1
"516","CA1300018",1800,55,"CWS","SW","SW","carceral_serving_water_system",2,1,1,1
"517","CA1300513",150,113,"CWS","GW","GW","other_water_systems",0,0,0,0
"518","CA1300514",125,124,"CWS","GW","GW","other_water_systems",0,0,0,0
"519","CA1300517",210,1,"NTNCWS","GW","GW","other_water_systems",0,3,0,1
"520","CA1300546",40,21,"CWS","GW","GW","other_water_systems",1,5,1,1
"521","CA1300549",9301,1,"NTNCWS","SW","SW","other_water_systems",0,0,0,0
"522","CA1300550",600,160,"CWS","SW","SW","other_water_systems",0,1,0,1
"523","CA1300553",142,1,"NTNCWS","SW","SW","other_water_systems",0,3,0,1
"524","CA1300554",550,1,"NTNCWS","SW","SW","other_water_systems",2,2,1,1
"525","CA1300555",175,70,"CWS","GW","GW","other_water_systems",1,1,1,1
"526","CA1300556",85,2,"NTNCWS","SW","SW","other_water_systems",0,2,0,1
"527","CA1300560",217,1,"NTNCWS","SW","SW","other_water_systems",0,0,0,0
"528","CA1300571",27,17,"NTNCWS","SW","SWP","other_water_systems",0,0,0,0
"529","CA1300572",70,22,"CWS","SW","SW","other_water_systems",0,3,0,1
"530","CA1300575",72,72,"CWS","SW","SW","other_water_systems",0,1,0,1
"531","CA1300579",1369,1,"NTNCWS","SW","SW","other_water_systems",0,3,0,1
"532","CA1300588",37,18,"CWS","GW","GW","other_water_systems",1,0,1,0
"533","CA1300616",410,134,"CWS","GW","GW","other_water_systems",1,0,1,0
"534","CA1300620",130,69,"CWS","SW","SW","other_water_systems",0,1,0,1
"535","CA1300622",138,49,"CWS","GW","GW","other_water_systems",0,1,0,1
"536","CA1300626",650,1,"CWS","SW","SWP","other_water_systems",1,0,1,0
"537","CA1300628",40,15,"CWS","SW","SW","other_water_systems",0,4,0,1
"538","CA1300629",29,26,"CWS","GW","GW","other_water_systems",0,2,0,1
"539","CA1300635",39,4,"NTNCWS","SW","SW","other_water_systems",0,0,0,0
"540","CA1300637",31,3,"NTNCWS","SW","SW","other_water_systems",0,0,0,0
"541","CA1300638",99,3,"NTNCWS","SW","SW","other_water_systems",0,0,0,0
"542","CA1300642",28,3,"NTNCWS","SW","SW","other_water_systems",0,0,0,0
"543","CA1300643",300,1,"NTNCWS","GW","GW","other_water_systems",0,30,0,1
"544","CA1300644",300,1,"NTNCWS","SW","SW","other_water_systems",0,5,0,1
"545","CA1300652",30,1,"NTNCWS","SW","SW","other_water_systems",0,0,0,0
"546","CA1300653",30,5,"NTNCWS","SW","SW","other_water_systems",0,0,0,0
"547","CA1300661",40,1,"NTNCWS","SW","SW","other_water_systems",0,0,0,0
"548","CA1300664",25,10,"CWS","GW","GW","other_water_systems",0,1,0,1
"549","CA1300668",45,2,"NTNCWS","SW","SW","other_water_systems",0,3,0,1
"550","CA1300669",60,4,"NTNCWS","SW","SW","other_water_systems",0,2,0,1
"551","CA1300676",78,16,"NTNCWS","SW","SW","other_water_systems",0,3,0,1
"552","CA1300679",39,2,"NTNCWS","SW","SW","other_water_systems",1,1,1,1
"553","CA1300685",50,2,"NTNCWS","SW","SW","other_water_systems",0,2,0,1
"554","CA1300693",32,1,"NTNCWS","SW","SW","other_water_systems",0,2,0,1
"555","CA1310001",26928,6051,"CWS","SW","SWP","other_water_systems",0,1,0,1
"556","CA1310002",40357,8616,"CWS","SW","SWP","other_water_systems",0,0,0,0
"557","CA1310003",7412,1163,"CWS","SW","SWP","other_water_systems",0,0,0,0
"558","CA1310004",44158,10230,"CWS","SW","SWP","carceral_serving_water_system",0,0,0,0
"559","CA1310005",6355,1624,"CWS","SW","SWP","other_water_systems",0,0,0,0
"560","CA1310006",21233,6819,"CWS","SW","SWP","other_water_systems",0,0,0,0
"561","CA1310007",6979,1675,"CWS","SW","SWP","other_water_systems",0,1,0,1
"562","CA1310008",2202,582,"CWS","SW","SWP","other_water_systems",1,1,1,1
"563","CA1310013",1729,405,"CWS","SW","SWP","other_water_systems",0,1,0,1
"564","CA1310016",300,6,"NTNCWS","SW","SWP","other_water_systems",0,0,0,0
"565","CA1310019",330,2,"NTNCWS","SW","SWP","other_water_systems",0,1,0,1
"566","CA1310700",1024,386,"CWS","SW","SWP","other_water_systems",0,1,0,1
"567","CA1310800",4800,1979,"CWS","SW","SWP","carceral_water_system",0,0,0,0
"568","CA1310801",4100,2001,"CWS","SW","SWP","carceral_water_system",0,0,0,0
"569","CA1400002",241,74,"CWS","GW","GW","other_water_systems",0,1,0,1
"570","CA1400004",242,31,"CWS","GW","GW","other_water_systems",1,3,1,1
"571","CA1400005",311,111,"CWS","GW","GW","other_water_systems",0,0,0,0
"572","CA1400006",240,89,"CWS","GW","GW","other_water_systems",0,0,0,0
"573","CA1400007",600,215,"CWS","GW","GW","other_water_systems",0,0,0,0
"574","CA1400010",1225,285,"CWS","GW","GW","other_water_systems",0,1,0,1
"575","CA1400019",80,2,"NTNCWS","GW","GW","other_water_systems",0,1,0,1
"576","CA1400020",38,75,"CWS","GW","GW","other_water_systems",0,0,0,0
"577","CA1400025",70,25,"CWS","GW","GW","other_water_systems",0,0,0,0
"578","CA1400026",90,40,"CWS","GW","GW","other_water_systems",0,0,0,0
"579","CA1400027",132,40,"CWS","GW","GW","other_water_systems",0,2,0,1
"580","CA1400030",468,167,"CWS","GW","GW","other_water_systems",0,0,0,0
"581","CA1400031",65,27,"CWS","GW","GW","other_water_systems",0,0,0,0
"582","CA1400034",175,36,"CWS","GW","GW","other_water_systems",0,1,0,1
"583","CA1400036",66,84,"CWS","GW","GW","other_water_systems",1,2,1,1
"584","CA1400037",54,48,"CWS","GW","GW","other_water_systems",2,0,1,0
"585","CA1400045",73,26,"CWS","GW","GW","other_water_systems",0,0,0,0
"586","CA1400055",80,6,"NTNCWS","GW","GW","other_water_systems",0,3,0,1
"587","CA1400056",59,21,"CWS","GW","GW","other_water_systems",0,0,0,0
"588","CA1400059",126,45,"CWS","GW","GW","other_water_systems",0,0,0,0
"589","CA1400064",253,15,"NTNCWS","GW","GW","other_water_systems",0,1,0,1
"590","CA1400066",60,94,"CWS","GW","GW","other_water_systems",0,0,0,0
"591","CA1400068",40,13,"NTNCWS","GW","GW","other_water_systems",0,1,0,1
"592","CA1400070",138,49,"CWS","GW","GW","other_water_systems",0,0,0,0
"593","CA1400072",70,33,"CWS","GW","GW","other_water_systems",0,1,0,1
"594","CA1400078",35,17,"CWS","GW","GW","other_water_systems",0,0,0,0
"595","CA1400098",40,63,"CWS","SW","GU","other_water_systems",0,1,0,1
"596","CA1400099",182,24,"CWS","GW","GW","other_water_systems",0,0,0,0
"597","CA1400102",0,2,"NTNCWS","GW","GW","other_water_systems",0,0,0,0
"598","CA1400109",42,16,"CWS","GW","GW","other_water_systems",0,0,0,0
"599","CA1400110",188,67,"CWS","GW","GW","other_water_systems",0,0,0,0
"600","CA1400111",764,284,"CWS","GW","GW","other_water_systems",0,0,0,0
"601","CA1400135",107,48,"CWS","GW","GW","other_water_systems",0,0,0,0
"602","CA1400144",73,26,"CWS","GW","GW","other_water_systems",0,0,0,0
"603","CA1400155",32,12,"CWS","SW","GU","other_water_systems",0,3,0,1
"604","CA1400503",30,6,"NTNCWS","GW","GW","other_water_systems",0,0,0,0
"605","CA1400511",22,16,"CWS","GW","GW","other_water_systems",0,1,0,1
"606","CA1400518",25,15,"CWS","GW","GW","other_water_systems",0,0,0,0
"607","CA1400522",35,7,"NTNCWS","GW","GW","other_water_systems",0,0,0,0
"608","CA1400525",65,14,"NTNCWS","GW","GWP","other_water_systems",0,0,0,0
"609","CA1400526",290,1,"NTNCWS","GW","GW","other_water_systems",1,0,1,0
"610","CA1400527",66,3,"NTNCWS","SW","SW","other_water_systems",0,2,0,1
"611","CA1400528",115,3,"NTNCWS","GW","GW","other_water_systems",0,1,0,1
"612","CA1410001",3819,1171,"CWS","GW","GW","other_water_systems",0,0,0,0
"613","CA1410002",0,2,"CWS","GW","GW","other_water_systems",0,0,0,0
"614","CA1410003",0,2,"CWS","GW","GW","other_water_systems",0,0,0,0
"615","CA1410004",0,2,"CWS","GW","GW","other_water_systems",0,0,0,0
"616","CA1410005",1030,297,"CWS","GW","GW","other_water_systems",0,0,0,0
"617","CA1410006",792,323,"CWS","GW","GWP","other_water_systems",0,0,0,0
"618","CA1410007",1400,603,"CWS","GW","GW","other_water_systems",0,0,0,0
"619","CA1410008",669,336,"CWS","GW","GWP","carceral_serving_water_system",0,6,0,1
"620","CA1410009",1835,503,"CWS","GW","GWP","other_water_systems",0,7,0,1
"621","CA1410502",175,14,"CWS","GW","GW","other_water_systems",0,1,0,1
"622","CA1410503",88,61,"CWS","GW","GW","other_water_systems",0,1,0,1
"623","CA1410505",150,150,"CWS","GW","GW","other_water_systems",0,0,0,0
"624","CA1410510",0,2,"CWS","GW","GW","other_water_systems",0,0,0,0
"625","CA1410800",92,37,"CWS","GW","GW","carceral_water_system",0,0,0,0
"626","CA1410801",43,6,"NTNCWS","GW","GW","other_water_systems",0,0,0,0
"627","CA1500050",115,1,"NTNCWS","GW","GW","other_water_systems",0,0,0,0
"628","CA1500096",126,14,"CWS","GW","GW","other_water_systems",0,1,0,1
"629","CA1500152",26,12,"CWS","GW","GW","other_water_systems",0,0,0,0
"630","CA1500209",143,224,"CWS","GW","GW","other_water_systems",0,0,0,0
"631","CA1500211",433,143,"CWS","GW","GW","other_water_systems",0,0,0,0
"632","CA1500216",33,11,"NTNCWS","GW","GW","other_water_systems",0,0,0,0
"633","CA1500231",849,173,"CWS","GW","GW","other_water_systems",0,2,0,1
"634","CA1500251",272,145,"CWS","GW","GW","other_water_systems",0,0,0,0
"635","CA1500252",132,47,"CWS","GW","GW","other_water_systems",1,2,1,1
"636","CA1500289",150,55,"CWS","GW","GW","other_water_systems",0,1,0,1
"637","CA1500290",270,198,"CWS","SW","SWP","other_water_systems",0,2,0,1
"638","CA1500296",545,165,"CWS","GW","GW","other_water_systems",0,2,0,1
"639","CA1500314",297,90,"CWS","GW","GW","other_water_systems",0,0,0,0
"640","CA1500324",92,34,"CWS","GW","GWP","other_water_systems",0,0,0,0
"641","CA1500327",33,35,"CWS","GW","GW","other_water_systems",0,0,0,0
"642","CA1500333",173,84,"CWS","GW","GW","other_water_systems",0,0,0,0
"643","CA1500336",44,41,"CWS","GW","GW","other_water_systems",0,0,0,0
"644","CA1500340",150,36,"CWS","GW","GW","other_water_systems",0,0,0,0
"645","CA1500341",60,180,"CWS","GW","GW","other_water_systems",0,0,0,0
"646","CA1500344",32,15,"CWS","GW","GW","other_water_systems",1,5,1,1
"647","CA1500349",200,81,"CWS","GW","GW","other_water_systems",0,0,0,0
"648","CA1500364",75,32,"CWS","GW","GWP","other_water_systems",0,2,0,1
"649","CA1500371",208,26,"CWS","GW","GWP","other_water_systems",0,0,0,0
"650","CA1500374",122,46,"CWS","GW","GW","other_water_systems",0,0,0,0
"651","CA1500378",150,50,"CWS","GW","GW","other_water_systems",0,1,0,1
"652","CA1500393",238,85,"CWS","GW","GW","other_water_systems",10,0,1,0
"653","CA1500398",32,32,"CWS","GW","GW","other_water_systems",0,0,0,0
"654","CA1500401",90,42,"CWS","GW","GW","other_water_systems",4,1,1,1
"655","CA1500404",68,42,"CWS","GW","GW","other_water_systems",0,0,0,0
"656","CA1500405",87,49,"CWS","GW","GW","other_water_systems",0,4,0,1
"657","CA1500406",632,219,"CWS","GW","GW","other_water_systems",3,2,1,1
"658","CA1500407",226,161,"CWS","SW","GU","other_water_systems",0,0,0,0
"659","CA1500409",462,155,"CWS","GW","GW","other_water_systems",4,0,1,0
"660","CA1500413",132,33,"CWS","GW","GW","other_water_systems",0,0,0,0
"661","CA1500415",2207,16,"NTNCWS","GW","GW","other_water_systems",0,0,0,0
"662","CA1500424",174,63,"CWS","GW","GW","other_water_systems",5,0,1,0
"663","CA1500426",65,32,"CWS","GW","GW","other_water_systems",2,0,1,0
"664","CA1500436",74,36,"CWS","GW","GW","other_water_systems",5,1,1,1
"665","CA1500443",465,141,"CWS","GW","GW","other_water_systems",1,1,1,1
"666","CA1500447",150,60,"CWS","GW","GW","other_water_systems",0,0,0,0
"667","CA1500448",36,47,"CWS","GW","GW","other_water_systems",0,0,0,0
"668","CA1500449",56,29,"CWS","GW","GW","other_water_systems",0,0,0,0
"669","CA1500452",750,290,"CWS","GW","GW","other_water_systems",0,0,0,0
"670","CA1500455",56,16,"CWS","GW","GW","other_water_systems",5,0,1,0
"671","CA1500458",67,24,"CWS","GW","GW","other_water_systems",13,0,1,0
"672","CA1500459",82,86,"CWS","GW","GW","other_water_systems",0,0,0,0
"673","CA1500465",123,47,"CWS","GW","GW","other_water_systems",1,0,1,0
"674","CA1500466",710,220,"CWS","GW","GW","other_water_systems",0,0,0,0
"675","CA1500475",504,179,"CWS","GW","GW","other_water_systems",0,0,0,0
"676","CA1500478",386,117,"CWS","GW","GW","other_water_systems",0,0,0,0
"677","CA1500481",877,287,"CWS","GW","GW","other_water_systems",0,0,0,0
"678","CA1500483",195,59,"CWS","GW","GW","other_water_systems",0,0,0,0
"679","CA1500485",60,28,"CWS","GW","GW","other_water_systems",0,0,0,0
"680","CA1500489",89,32,"CWS","GW","GW","other_water_systems",0,0,0,0
"681","CA1500491",2947,21,"NTNCWS","GW","GW","other_water_systems",0,0,0,0
"682","CA1500493",200,80,"CWS","GW","GW","other_water_systems",0,0,0,0
"683","CA1500494",66,20,"CWS","GW","GW","other_water_systems",4,0,1,0
"684","CA1500495",1500,21,"NTNCWS","GW","GW","other_water_systems",0,0,0,0
"685","CA1500507",105,32,"CWS","GW","GW","other_water_systems",0,0,0,0
"686","CA1500516",32,13,"CWS","GW","GW","other_water_systems",0,0,0,0
"687","CA1500517",85,7,"NTNCWS","GW","GW","other_water_systems",0,2,0,1
"688","CA1500518",38,2,"CWS","GW","GW","other_water_systems",0,0,0,0
"689","CA1500525",120,71,"CWS","GW","GW","other_water_systems",4,0,1,0
"690","CA1500535",200,55,"CWS","GW","GW","other_water_systems",0,0,0,0
"691","CA1500540",112,1,"CWS","GW","GW","other_water_systems",0,1,0,1
"692","CA1500542",275,104,"CWS","GW","GW","other_water_systems",0,4,0,1
"693","CA1500543",50,16,"CWS","GW","GW","other_water_systems",0,0,0,0
"694","CA1500544",365,89,"CWS","GW","GW","other_water_systems",0,0,0,0
"695","CA1500546",138,49,"CWS","GW","GW","other_water_systems",0,0,0,0
"696","CA1500550",70,41,"CWS","GW","GW","other_water_systems",0,1,0,1
"697","CA1500553",62,24,"CWS","GW","GW","other_water_systems",0,0,0,0
"698","CA1500554",87,28,"CWS","GW","GW","other_water_systems",0,0,0,0
"699","CA1500555",200,51,"CWS","GW","GW","other_water_systems",0,0,0,0
"700","CA1500556",56,28,"CWS","GW","GW","other_water_systems",0,0,0,0
"701","CA1500557",393,95,"CWS","GW","GW","other_water_systems",0,0,0,0
"702","CA1500560",42,15,"CWS","GW","GW","other_water_systems",0,0,0,0
"703","CA1500561",50,17,"CWS","GW","GW","other_water_systems",4,0,1,0
"704","CA1500563",198,60,"CWS","GW","GW","other_water_systems",0,0,0,0
"705","CA1500564",25,12,"CWS","GW","GW","other_water_systems",0,0,0,0
"706","CA1500566",26,13,"CWS","GW","GW","other_water_systems",2,0,1,0
"707","CA1500569",97,50,"CWS","GW","GW","other_water_systems",0,0,0,0
"708","CA1500571",73,60,"CWS","GW","GW","other_water_systems",5,0,1,0
"709","CA1500575",165,61,"CWS","GW","GW","other_water_systems",4,0,1,0
"710","CA1500578",122,64,"CWS","GW","GW","other_water_systems",0,0,0,0
"711","CA1500579",27,18,"CWS","GW","GW","other_water_systems",0,1,0,1
"712","CA1500584",90,32,"CWS","GW","GW","other_water_systems",1,0,1,0
"713","CA1500585",100,39,"CWS","GW","GW","other_water_systems",0,0,0,0
"714","CA1500588",438,106,"CWS","GW","GW","other_water_systems",4,0,1,0
"715","CA1500591",47,15,"CWS","GW","GW","other_water_systems",0,0,0,0
"716","CA1500593",80,20,"CWS","GW","GW","other_water_systems",0,0,0,0
"717","CA1500597",300,7,"NTNCWS","GW","GW","other_water_systems",0,0,0,0
"718","CA1500599",44,18,"CWS","GW","GW","other_water_systems",0,0,0,0
"719","CA1500600",59,5,"NTNCWS","GW","GW","other_water_systems",0,0,0,0
"720","CA1502012",47,8,"NTNCWS","GW","GW","other_water_systems",3,0,1,0
"721","CA1502034",200,14,"NTNCWS","GW","GW","other_water_systems",1,2,1,1
"722","CA1502056",90,20,"CWS","GW","GW","other_water_systems",0,1,0,1
"723","CA1502066",41,1,"NTNCWS","GW","GW","other_water_systems",0,0,0,0
"724","CA1502068",243,1,"NTNCWS","GW","GW","other_water_systems",4,0,1,0
"725","CA1502074",550,1,"NTNCWS","GW","GW","other_water_systems",0,0,0,0
"726","CA1502133",250,3,"NTNCWS","GW","GW","other_water_systems",1,0,1,0
"727","CA1502154",897,4,"NTNCWS","GW","GW","other_water_systems",0,2,0,1
"728","CA1502164",54,55,"CWS","GW","GW","other_water_systems",0,0,0,0
"729","CA1502221",250,2,"NTNCWS","GW","GW","other_water_systems",0,0,0,0
"730","CA1502229",1219,15,"NTNCWS","GW","GW","other_water_systems",4,0,1,0
"731","CA1502231",940,2,"NTNCWS","SW","SWP","other_water_systems",5,1,1,1
"732","CA1502232",175,79,"CWS","GW","GW","other_water_systems",4,0,1,0
"733","CA1502247",82,63,"CWS","GW","GW","other_water_systems",5,0,1,0
"734","CA1502260",154,2,"NTNCWS","GW","GW","other_water_systems",0,0,0,0
"735","CA1502315",110,23,"CWS","GW","GW","carceral_water_system",0,0,0,0
"736","CA1502320",2800,110,"CWS","GW","GW","carceral_water_system",0,0,0,0
"737","CA1502383",32,16,"CWS","GW","GW","other_water_systems",0,0,0,0
"738","CA1502449",44,16,"CWS","GW","GW","other_water_systems",1,0,1,0
"739","CA1502465",45,16,"CWS","GW","GW","other_water_systems",0,0,0,0
"740","CA1502545",27,8,"CWS","GW","GW","other_water_systems",0,0,0,0
"741","CA1502561",300,30,"NTNCWS","SW","SWP","other_water_systems",0,0,0,0
"742","CA1502564",68,51,"CWS","GW","GW","other_water_systems",0,0,0,0
"743","CA1502569",35,13,"CWS","GW","GW","other_water_systems",5,0,1,0
"744","CA1502580",40,2,"NTNCWS","GW","GW","other_water_systems",0,1,0,1
"745","CA1502581",130,6,"NTNCWS","GW","GW","other_water_systems",0,0,0,0
"746","CA1502595",120,1,"NTNCWS","GW","GW","other_water_systems",0,0,0,0
"747","CA1502600",64,23,"CWS","GW","GW","other_water_systems",0,0,0,0
"748","CA1502607",75,5,"NTNCWS","GW","GW","other_water_systems",0,0,0,0
"749","CA1502608",79,24,"CWS","GW","GW","other_water_systems",0,0,0,0
"750","CA1502615",900,5,"NTNCWS","GW","GW","other_water_systems",0,0,0,0
"751","CA1502619",28,14,"CWS","GW","GW","other_water_systems",0,0,0,0
"752","CA1502620",48,18,"CWS","GW","GW","other_water_systems",0,0,0,0
"753","CA1502622",50,15,"CWS","GW","GW","other_water_systems",0,0,0,0
"754","CA1502629",39,14,"CWS","GW","GW","other_water_systems",0,0,0,0
"755","CA1502645",32,16,"CWS","GW","GW","other_water_systems",0,1,0,1
"756","CA1502653",150,46,"CWS","GW","GW","other_water_systems",0,0,0,0
"757","CA1502659",45,17,"CWS","GW","GW","other_water_systems",0,0,0,0
"758","CA1502663",73,22,"CWS","GW","GW","other_water_systems",0,0,0,0
"759","CA1502670",240,80,"CWS","GW","GW","other_water_systems",0,0,0,0
"760","CA1502690",119,36,"CWS","GW","GW","other_water_systems",0,0,0,0
"761","CA1502691",130,1,"NTNCWS","GW","GW","other_water_systems",0,0,0,0
"762","CA1502697",495,2,"NTNCWS","GW","GW","other_water_systems",0,0,0,0
"763","CA1502699",35,14,"CWS","GW","GW","other_water_systems",4,1,1,1
"764","CA1502744",39,10,"CWS","GW","GW","other_water_systems",1,0,1,0
"765","CA1502750",40,20,"CWS","GW","GW","other_water_systems",0,0,0,0
"766","CA1502753",469,1,"NTNCWS","GW","GW","other_water_systems",0,0,0,0
"767","CA1502759",1888,36,"NTNCWS","SW","SW","other_water_systems",0,0,0,0
"768","CA1502763",26,10,"NTNCWS","GW","GWP","other_water_systems",0,0,0,0
"769","CA1502771",150,10,"NTNCWS","GW","GW","other_water_systems",0,1,0,1
"770","CA1502820",1100,3,"NTNCWS","GW","GW","other_water_systems",0,0,0,0
"771","CA1503093",1200,39,"NTNCWS","GW","GW","other_water_systems",3,0,1,0
"772","CA1503104",100,5,"NTNCWS","GW","GW","other_water_systems",0,0,0,0
"773","CA1503140",500,1,"NTNCWS","GW","GW","other_water_systems",3,0,1,0
"774","CA1503182",175,3,"NTNCWS","GW","GW","other_water_systems",0,1,0,1
"775","CA1503194",31,14,"NTNCWS","GW","GW","other_water_systems",0,0,0,0
"776","CA1503209",61,49,"NTNCWS","GW","GW","other_water_systems",0,0,0,0
"777","CA1503226",192,77,"CWS","GW","GW","other_water_systems",0,0,0,0
"778","CA1503232",45,4,"NTNCWS","GW","GW","other_water_systems",0,0,0,0
"779","CA1503243",100,4,"NTNCWS","GW","GW","other_water_systems",0,0,0,0
"780","CA1503270",500,142,"CWS","GW","GWP","other_water_systems",0,2,0,1
"781","CA1503275",274,3,"NTNCWS","SW","SW","other_water_systems",0,0,0,0
"782","CA1503290",300,6,"NTNCWS","GW","GW","other_water_systems",0,0,0,0
"783","CA1503329",148,93,"CWS","GW","GW","other_water_systems",0,0,0,0
"784","CA1503330",60,9,"NTNCWS","GW","GW","other_water_systems",0,0,0,0
"785","CA1503336",53,1,"NTNCWS","GW","GW","other_water_systems",0,0,0,0
"786","CA1503341",59801,132,"NTNCWS","SW","SW","other_water_systems",0,2,0,1
"787","CA1503349",1917,35,"NTNCWS","GW","GW","other_water_systems",0,0,0,0
"788","CA1503360",460,2,"NTNCWS","GW","GW","other_water_systems",0,0,0,0
"789","CA1503368",204,1,"NTNCWS","GW","GW","other_water_systems",0,0,0,0
"790","CA1503374",100,3,"NTNCWS","GW","GW","other_water_systems",0,0,0,0
"791","CA1503380",204,6,"NTNCWS","GW","GW","other_water_systems",0,2,0,1
"792","CA1503384",75,5,"NTNCWS","GW","GW","other_water_systems",0,0,0,0
"793","CA1503440",700,51,"NTNCWS","GW","GWP","other_water_systems",0,0,0,0
"794","CA1503475",380,110,"CWS","GW","GW","other_water_systems",0,1,0,1
"795","CA1503509",51,4,"CWS","GW","GW","other_water_systems",0,0,0,0
"796","CA1503515",100,5,"NTNCWS","GW","GW","other_water_systems",1,0,1,0
"797","CA1503521",454,3,"NTNCWS","GW","GW","other_water_systems",0,0,0,0
"798","CA1503526",29,12,"CWS","GW","GW","other_water_systems",4,0,1,0
"799","CA1503536",100,25,"CWS","GW","GW","other_water_systems",0,0,0,0
"800","CA1503543",25,6,"NTNCWS","GW","GW","other_water_systems",0,0,0,0
"801","CA1503642",25,1,"NTNCWS","GW","GW","other_water_systems",0,0,0,0
"802","CA1503645",50,1,"NTNCWS","GW","GWP","other_water_systems",0,0,0,0
"803","CA1503652",35,5,"NTNCWS","GW","GW","other_water_systems",1,2,1,1
"804","CA1503653",50,1,"NTNCWS","GW","GW","other_water_systems",0,0,0,0
"805","CA1503660",65,11,"NTNCWS","GW","GW","other_water_systems",0,0,0,0
"806","CA1503662",47,1,"NTNCWS","GW","GW","other_water_systems",0,0,0,0
"807","CA1503663",80,5,"NTNCWS","SW","SW","other_water_systems",0,0,0,0
"808","CA1503664",250,5,"NTNCWS","GW","GW","other_water_systems",0,0,0,0
"809","CA1503666",33,2,"NTNCWS","GW","GW","other_water_systems",0,0,0,0
"810","CA1503669",28,9,"CWS","GW","GW","other_water_systems",0,0,0,0
"811","CA1503671",92,7,"NTNCWS","GW","GW","other_water_systems",0,0,0,0
"812","CA1503678",150,24,"NTNCWS","GW","GW","other_water_systems",0,2,0,1
"813","CA1503681",35,1,"NTNCWS","GW","GW","other_water_systems",0,0,0,0
"814","CA1503682",190,1,"NTNCWS","GW","GW","other_water_systems",0,0,0,0
"815","CA1503683",100,3,"NTNCWS","GW","GWP","other_water_systems",0,8,0,1
"816","CA1503684",36,14,"CWS","GW","GW","other_water_systems",1,67,1,1
"817","CA1503685",200,1,"NTNCWS","GW","GW","other_water_systems",0,1,0,1
"818","CA1503686",25,1,"NTNCWS","GW","GW","other_water_systems",0,0,0,0
"819","CA1503688",114,1,"NTNCWS","GW","GW","other_water_systems",5,1,1,1
"820","CA1504000",80,5,"NTNCWS","GW","GW","other_water_systems",3,0,1,0
"821","CA1504001",250,4,"NTNCWS","GW","GW","other_water_systems",1,0,1,0
"822","CA1504003",85,1,"NTNCWS","GW","GW","other_water_systems",3,0,1,0
"823","CA1504004",45,1,"NTNCWS","GW","GW","other_water_systems",0,0,0,0
"824","CA1504005",35,1,"NTNCWS","GW","GW","other_water_systems",0,0,0,0
"825","CA1504006",296,1,"NTNCWS","GW","GW","other_water_systems",0,0,0,0
"826","CA1504007",27,1,"NTNCWS","GW","GW","other_water_systems",0,1,0,1
"827","CA1504008",275,1,"NTNCWS","GW","GW","other_water_systems",1,1,1,1
"828","CA1504012",25,3,"NTNCWS","GW","GW","other_water_systems",0,0,0,0
"829","CA1510001",19669,4246,"CWS","GW","GW","other_water_systems",0,1,0,1
"830","CA1510002",2086,631,"CWS","SW","SWP","other_water_systems",0,2,0,1
"831","CA1510003",266643,64884,"CWS","SW","SW","carceral_serving_water_system",0,0,0,0
"832","CA1510004",900,248,"CWS","GW","GW","other_water_systems",0,0,0,0
"833","CA1510005",51428,10112,"CWS","GW","GW","carceral_serving_water_system",0,0,0,0
"834","CA1510006",32517,8238,"CWS","SW","SWP","other_water_systems",0,0,0,0
"835","CA1510007",2592,1313,"CWS","GW","GW","other_water_systems",1,0,1,0
"836","CA1510009",2500,1131,"CWS","GW","GW","other_water_systems",0,2,0,1
"837","CA1510011",1508,416,"CWS","GW","GW","other_water_systems",0,0,0,0
"838","CA1510012",19057,3169,"CWS","GW","GW","other_water_systems",0,0,0,0
"839","CA1510013",15506,2849,"CWS","GW","GW","carceral_serving_water_system",1,2,1,1
"840","CA1510014",4699,1201,"CWS","SW","SWP","other_water_systems",0,0,0,0
"841","CA1510015",39756,12683,"CWS","SW","SWP","other_water_systems",0,0,0,0
"842","CA1510016",303,274,"CWS","GW","GW","other_water_systems",4,3,1,1
"843","CA1510017",31024,12377,"CWS","GW","GW","other_water_systems",0,0,0,0
"844","CA1510018",17711,5293,"CWS","SW","SWP","other_water_systems",0,0,0,0
"845","CA1510019",21036,4884,"CWS","GW","GW","carceral_serving_water_system",0,0,0,0
"846","CA1510020",9094,3410,"CWS","GW","GW","other_water_systems",0,1,0,1
"847","CA1510021",22652,5531,"CWS","GW","GW","other_water_systems",0,0,0,0
"848","CA1510022",20500,7165,"CWS","GW","GW","carceral_serving_water_system",0,0,0,0
"849","CA1510023",779,392,"CWS","GW","GW","other_water_systems",1,1,1,1
"850","CA1510024",11590,3643,"CWS","GW","GW","other_water_systems",0,0,0,0
"851","CA1510025",4868,1438,"CWS","GW","GW","other_water_systems",0,4,0,1
"852","CA1510026",308,192,"CWS","GW","GW","other_water_systems",0,0,0,0
"853","CA1510027",968,242,"CWS","SW","SWP","other_water_systems",0,0,0,0
"854","CA1510028",1600,2395,"CWS","GW","GW","other_water_systems",0,0,0,0
"855","CA1510029",37075,11448,"CWS","GW","GW","other_water_systems",0,0,0,0
"856","CA1510031",158260,50271,"CWS","SW","SWP","other_water_systems",0,0,0,0
"857","CA1510032",14198,4757,"CWS","SW","SWP","other_water_systems",0,0,0,0
"858","CA1510033",2585,1891,"CWS","SW","SW","other_water_systems",0,0,0,0
"859","CA1510036",782,265,"CWS","GW","GW","other_water_systems",0,1,0,1
"860","CA1510038",5592,3051,"CWS","GW","GW","other_water_systems",0,0,0,0
"861","CA1510039",1117,813,"CWS","GW","GW","other_water_systems",0,0,0,0
"862","CA1510040",0,4,"CWS","SW","SW","other_water_systems",0,0,0,0
"863","CA1510042",777,376,"CWS","GW","GW","other_water_systems",0,0,0,0
"864","CA1510043",286,193,"CWS","GW","GW","other_water_systems",0,0,0,0
"865","CA1510045",9857,2987,"CWS","GW","GW","other_water_systems",0,0,0,0
"866","CA1510046",2370,461,"CWS","GW","GW","other_water_systems",0,1,0,1
"867","CA1510049",295,201,"CWS","GW","GW","other_water_systems",0,0,0,0
"868","CA1510051",1379,297,"CWS","GW","GW","other_water_systems",5,0,1,0
"869","CA1510052",1105,271,"CWS","SW","SWP","other_water_systems",5,1,1,1
"870","CA1510053",0,17,"CWS","SW","SW","other_water_systems",0,0,0,0
"871","CA1510054",908,275,"CWS","GW","GW","other_water_systems",0,0,0,0
"872","CA1510055",22657,8352,"CWS","SW","SW","other_water_systems",0,0,0,0
"873","CA1510056",739,549,"CWS","GW","GW","other_water_systems",0,0,0,0
"874","CA1510701",11316,1088,"CWS","SW","SWP","other_water_systems",1,1,1,1
"875","CA1510702",469,117,"NTNCWS","SW","SWP","other_water_systems",0,0,0,0
"876","CA1510703",5500,969,"CWS","GW","GW","other_water_systems",0,2,0,1
"877","CA1510800",2993,1806,"CWS","GW","GW","carceral_water_system",1,0,1,0
"878","CA1510801",5042,1768,"CWS","GW","GW","carceral_water_system",0,0,0,0
"879","CA1510802",5000,2249,"CWS","GW","GW","carceral_water_system",0,0,0,0
"880","CA1600002",400,109,"CWS","GW","GW","other_water_systems",0,0,0,0
"881","CA1600009",175,14,"NTNCWS","GW","GW","other_water_systems",0,0,0,0
"882","CA1600011",750,6,"NTNCWS","GW","GW","other_water_systems",0,0,0,0
"883","CA1600013",388,5,"NTNCWS","GW","GW","other_water_systems",0,0,0,0
"884","CA1600015",908,7,"NTNCWS","GW","GW","other_water_systems",0,0,0,0
"885","CA1600017",416,17,"NTNCWS","GW","GW","other_water_systems",0,0,0,0
"886","CA1600022",53,8,"NTNCWS","GW","GW","other_water_systems",0,0,0,0
"887","CA1600023",73,21,"CWS","SW","SW","other_water_systems",0,0,0,0
"888","CA1600050",812,6,"NTNCWS","GW","GW","other_water_systems",3,0,1,0
"889","CA1600249",1040,5,"NTNCWS","GW","GW","other_water_systems",0,1,0,1
"890","CA1600293",50,3,"CWS","GW","GW","other_water_systems",0,0,0,0
"891","CA1600303",174,4,"NTNCWS","SW","SW","other_water_systems",0,0,0,0
"892","CA1600507",69,40,"CWS","GW","GW","other_water_systems",0,0,0,0
"893","CA1600602",375,4,"NTNCWS","GW","GW","other_water_systems",0,0,0,0
"894","CA1600605",47,4,"NTNCWS","GW","GW","other_water_systems",5,0,1,0
"895","CA1600609",50,3,"NTNCWS","GW","GW","other_water_systems",5,1,1,1
"896","CA1610001",4143,1366,"CWS","GW","GW","other_water_systems",0,0,0,0
"897","CA1610002",13696,2140,"CWS","SW","SW","carceral_serving_water_system",2,0,1,0
"898","CA1610003",62127,18712,"CWS","GW","GW","carceral_serving_water_system",2,1,1,1
"899","CA1610004",21835,3560,"CWS","GW","GW","carceral_serving_water_system",0,0,0,0
"900","CA1610005",27185,7306,"CWS","GW","GW","other_water_systems",5,2,1,1
"901","CA1610006",1277,364,"CWS","GW","GW","other_water_systems",0,3,0,1
"902","CA1610007",1750,467,"CWS","GW","GW","other_water_systems",0,3,0,1
"903","CA1610009",1136,355,"CWS","SW","SW","other_water_systems",2,0,1,0
"904","CA1610700",15000,1396,"CWS","SW","SW","other_water_systems",0,0,0,0
"905","CA1700502",373,227,"CWS","GW","GW","other_water_systems",0,1,0,1
"906","CA1700508",300,131,"CWS","GW","GW","other_water_systems",0,0,0,0
"907","CA1700511",401,72,"NTNCWS","SW","GU","other_water_systems",0,0,0,0
"908","CA1700518",693,238,"CWS","GW","GW","other_water_systems",0,1,0,1
"909","CA1700519",30,24,"CWS","SW","SW","other_water_systems",4,1,1,1
"910","CA1700527",40,26,"CWS","GW","GW","other_water_systems",0,2,0,1
"911","CA1700536",83,42,"CWS","GW","GW","other_water_systems",0,1,0,1
"912","CA1700546",252,89,"CWS","SW","SW","other_water_systems",0,0,0,0
"913","CA1700549",150,74,"CWS","GW","GW","other_water_systems",0,4,0,1
"914","CA1700554",469,142,"CWS","GW","GW","other_water_systems",0,0,0,0
"915","CA1700561",86,43,"CWS","GW","GW","other_water_systems",0,0,0,0
"916","CA1700568",550,250,"CWS","SW","SW","other_water_systems",0,0,0,0
"917","CA1700579",60,21,"CWS","GW","GW","other_water_systems",0,0,0,0
"918","CA1700580",50,17,"CWS","GW","GW","other_water_systems",0,2,0,1
"919","CA1700584",104,38,"CWS","SW","SW","other_water_systems",0,0,0,0
"920","CA1700589",32,23,"CWS","GW","GW","other_water_systems",0,0,0,0
"921","CA1700592",277,99,"CWS","GW","GW","other_water_systems",0,0,0,0
"922","CA1700595",255,91,"CWS","GW","GW","other_water_systems",0,1,0,1
"923","CA1700596",65,44,"CWS","GW","GW","other_water_systems",0,1,0,1
"924","CA1700606",70,57,"CWS","GW","GW","other_water_systems",0,0,0,0
"925","CA1700609",73,24,"CWS","SW","SW","other_water_systems",2,1,1,1
"926","CA1700610",152,46,"CWS","GW","GW","other_water_systems",0,0,0,0
"927","CA1700630",152,54,"CWS","GW","GW","other_water_systems",0,1,0,1
"928","CA1700657",25,25,"CWS","GW","GW","other_water_systems",0,1,0,1
"929","CA1700674",200,60,"CWS","GW","GW","other_water_systems",0,0,0,0
"930","CA1700702",56,22,"CWS","GW","GW","other_water_systems",0,1,0,1
"931","CA1700739",1522,1,"NTNCWS","GW","GW","other_water_systems",0,0,0,0
"932","CA1710001",2359,2120,"CWS","SW","SW","other_water_systems",2,0,1,0
"933","CA1710002",4648,2131,"CWS","SW","SW","other_water_systems",0,0,0,0
"934","CA1710003",9510,2882,"CWS","SW","SW","other_water_systems",1,0,1,0
"935","CA1710004",4762,2314,"CWS","SW","SW","other_water_systems",0,0,0,0
"936","CA1710005",2174,1245,"CWS","SW","SW","other_water_systems",0,0,0,0
"937","CA1710006",5928,1807,"CWS","SW","SW","other_water_systems",0,0,0,0
"938","CA1710007",4181,1267,"CWS","GW","GW","other_water_systems",0,0,0,0
"939","CA1710008",2731,1058,"CWS","SW","SW","other_water_systems",0,0,0,0
"940","CA1710009",989,403,"CWS","GW","GW","other_water_systems",0,0,0,0
"941","CA1710010",1355,835,"CWS","GW","GW","other_water_systems",0,0,0,0
"942","CA1710011",1508,457,"CWS","SW","SW","other_water_systems",0,0,0,0
"943","CA1710012",3515,1081,"CWS","GW","GW","other_water_systems",0,0,0,0
"944","CA1710013",1481,532,"CWS","GW","GW","other_water_systems",0,0,0,0
"945","CA1710014",4360,1603,"CWS","SW","SW","other_water_systems",0,1,0,1
"946","CA1710015",6235,2528,"CWS","GW","GW","other_water_systems",0,0,0,0
"947","CA1710018",1624,492,"CWS","SW","SW","other_water_systems",0,0,0,0
"948","CA1710021",4241,1285,"CWS","SW","SW","carceral_serving_water_system",0,0,0,0
"949","CA1710022",2003,607,"CWS","SW","SW","other_water_systems",0,0,0,0
"950","CA1710800",100,7,"CWS","GW","GW","carceral_water_system",0,1,0,1
"951","CA1800202",32,1,"NTNCWS","GW","GW","other_water_systems",0,1,0,1
"952","CA1800503",140,50,"CWS","GW","GW","other_water_systems",0,0,0,0
"953","CA1800511",565,220,"CWS","GW","GW","other_water_systems",0,0,0,0
"954","CA1800512",400,167,"CWS","GW","GW","other_water_systems",0,0,0,0
"955","CA1800516",70,44,"CWS","GW","GW","other_water_systems",0,0,0,0
"956","CA1800522",25,11,"CWS","GW","GW","other_water_systems",0,1,0,1
"957","CA1800523",80,52,"CWS","GW","GW","other_water_systems",0,2,0,1
"958","CA1800524",62,31,"CWS","GW","GW","other_water_systems",0,1,0,1
"959","CA1800529",316,98,"CWS","GW","GW","other_water_systems",0,0,0,0
"960","CA1800534",300,79,"CWS","GW","GW","other_water_systems",0,0,0,0
"961","CA1800569",40,1,"NTNCWS","GW","GW","other_water_systems",0,0,0,0
"962","CA1800573",247,1,"NTNCWS","GW","GW","other_water_systems",0,0,0,0
"963","CA1800574",238,1,"NTNCWS","GW","GW","other_water_systems",0,0,0,0
"964","CA1800575",248,7,"NTNCWS","GW","GW","other_water_systems",0,0,0,0
"965","CA1800576",196,1,"NTNCWS","GW","GW","other_water_systems",0,0,0,0
"966","CA1800577",425,1,"NTNCWS","GW","GW","other_water_systems",0,0,0,0
"967","CA1800585",1380,21,"NTNCWS","GW","GW","other_water_systems",0,0,0,0
"968","CA1805001",40,1,"NTNCWS","GW","GW","other_water_systems",0,1,0,1
"969","CA1805004",3357,2724,"CWS","GW","GW","carceral_water_system",0,0,0,0
"970","CA1805005",55,1,"NTNCWS","GW","GW","other_water_systems",0,0,0,0
"971","CA1805007",2114,297,"CWS","GW","GW","carceral_serving_water_system",0,0,0,0
"972","CA1805011",25,3,"NTNCWS","GW","GW","other_water_systems",0,0,0,0
"973","CA1810001",7811,3772,"CWS","GW","GW","carceral_serving_water_system",0,0,0,0
"974","CA1810002",1662,949,"CWS","GW","GW","other_water_systems",0,0,0,0
"975","CA1810003",450,147,"CWS","GW","GW","other_water_systems",0,0,0,0
"976","CA1810004",950,259,"CWS","GW","GW","other_water_systems",0,0,0,0
"977","CA1810700",1500,284,"NTNCWS","GW","GW","other_water_systems",0,0,0,0
"978","CA1810801",108,1,"NTNCWS","GW","GW","carceral_water_system",0,0,0,0
"979","CA1900007",107,1,"CWS","SW","GU","carceral_water_system",0,1,0,1
"980","CA1900011",275,2,"NTNCWS","GW","GW","other_water_systems",0,0,0,0
"981","CA1900018",60,2,"NTNCWS","GW","GW","other_water_systems",0,0,0,0
"982","CA1900035",300,2,"NTNCWS","GW","GW","other_water_systems",0,0,0,0
"983","CA1900038",60,21,"CWS","GW","GW","other_water_systems",5,0,1,0
"984","CA1900040",45,2,"NTNCWS","GW","GW","other_water_systems",2,0,1,0
"985","CA1900046",7000,1952,"CWS","GW","GW","carceral_water_system",0,0,0,0
"986","CA1900055",56,20,"CWS","GW","GW","other_water_systems",0,0,0,0
"987","CA1900057",210,22,"NTNCWS","GW","GW","other_water_systems",0,0,0,0
"988","CA1900062",184,22,"CWS","SW","SWP","other_water_systems",0,0,0,0
"989","CA1900074",57,5,"CWS","GW","GW","other_water_systems",0,0,0,0
"990","CA1900075",50,36,"CWS","GW","GW","other_water_systems",0,0,0,0
"991","CA1900089",125,2,"NTNCWS","GW","GW","carceral_serving_water_system",0,1,0,1
"992","CA1900100",160,98,"CWS","GW","GW","other_water_systems",5,0,1,0
"993","CA1900102",495,171,"CWS","GW","GW","other_water_systems",0,0,0,0
"994","CA1900130",700,133,"CWS","GW","GW","other_water_systems",0,0,0,0
"995","CA1900145",76,23,"CWS","GW","GW","other_water_systems",0,1,0,1
"996","CA1900146",436,159,"CWS","GW","GW","other_water_systems",0,0,0,0
"997","CA1900154",75,32,"CWS","GW","GW","other_water_systems",0,0,0,0
"998","CA1900155",129,39,"CWS","GW","GW","other_water_systems",0,0,0,0
"999","CA1900158",55,36,"CWS","GW","GW","other_water_systems",0,1,0,1
"1000","CA1900301",450,164,"CWS","SW","SWP","other_water_systems",0,0,0,0
"1001","CA1900303",277,81,"CWS","GW","GWP","other_water_systems",0,0,0,0
"1002","CA1900520",71,34,"CWS","GW","GW","other_water_systems",5,1,1,1
"1003","CA1900523",749,253,"CWS","SW","SWP","other_water_systems",0,2,0,1
"1004","CA1900529",80,69,"CWS","GW","GW","other_water_systems",0,0,0,0
"1005","CA1900537",109,31,"CWS","GW","GW","other_water_systems",1,0,1,0
"1006","CA1900541",198,61,"CWS","GW","GW","other_water_systems",0,0,0,0
"1007","CA1900542",44,17,"CWS","SW","SW","other_water_systems",0,0,0,0
"1008","CA1900555",29,19,"CWS","SW","SW","other_water_systems",0,0,0,0
"1009","CA1900563",1100,330,"CWS","GW","GW","other_water_systems",0,1,0,1
"1010","CA1900599",25,9,"CWS","GW","GW","other_water_systems",0,1,0,1
"1011","CA1900616",35,1,"CWS","GW","GW","other_water_systems",0,0,0,0
"1012","CA1900636",215,76,"CWS","GW","GW","other_water_systems",0,0,0,0
"1013","CA1900649",450,152,"CWS","GW","GW","other_water_systems",0,0,0,0
"1014","CA1900679",3200,12,"NTNCWS","GW","GW","other_water_systems",0,0,0,0
"1015","CA1900693",140,56,"CWS","GW","GW","other_water_systems",0,0,0,0
"1016","CA1900707",450,1,"NTNCWS","GW","GW","other_water_systems",0,1,0,1
"1017","CA1900717",27,17,"CWS","GW","GW","other_water_systems",0,0,0,0
"1018","CA1900721",140,75,"CWS","GW","GW","other_water_systems",0,0,0,0
"1019","CA1900750",825,2,"NTNCWS","GW","GW","other_water_systems",0,0,0,0
"1020","CA1900751",650,36,"NTNCWS","GW","GW","other_water_systems",0,1,0,1
"1021","CA1900752",30,2,"NTNCWS","GW","GW","other_water_systems",0,0,0,0
"1022","CA1900764",50,1,"NTNCWS","SW","SW","other_water_systems",0,0,0,0
"1023","CA1900767",70,22,"CWS","GW","GW","other_water_systems",0,1,0,1
"1024","CA1900785",24,24,"CWS","GW","GW","other_water_systems",5,0,1,0
"1025","CA1900794",445,146,"CWS","GW","GW","other_water_systems",0,0,0,0
"1026","CA1900801",39,13,"CWS","GW","GW","other_water_systems",0,0,0,0
"1027","CA1900803",660,240,"CWS","SW","SWP","other_water_systems",0,0,0,0
"1028","CA1900804",98,47,"CWS","GW","GW","other_water_systems",0,0,0,0
"1029","CA1900808",80,22,"CWS","GW","GW","other_water_systems",0,0,0,0
"1030","CA1900809",559,186,"CWS","GW","GW","other_water_systems",0,0,0,0
"1031","CA1900817",131,47,"CWS","GW","GW","other_water_systems",0,0,0,0
"1032","CA1900843",372,133,"CWS","GW","GW","other_water_systems",0,1,0,1
"1033","CA1900849",534,187,"CWS","GW","GW","other_water_systems",0,0,0,0
"1034","CA1900868",35,45,"CWS","GW","GW","other_water_systems",0,0,0,0
"1035","CA1900886",550,2,"NTNCWS","GW","GW","other_water_systems",0,0,0,0
"1036","CA1900901",125,1,"CWS","SW","GU","carceral_water_system",0,0,0,0
"1037","CA1900903",162,58,"CWS","GW","GW","other_water_systems",1,0,1,0
"1038","CA1900904",90,1,"NTNCWS","SW","GU","carceral_serving_water_system",0,0,0,0
"1039","CA1900907",540,185,"CWS","GW","GW","other_water_systems",0,0,0,0
"1040","CA1900913",552,182,"CWS","GW","GW","other_water_systems",0,0,0,0
"1041","CA1900929",500,57,"NTNCWS","GW","GW","other_water_systems",0,0,0,0
"1042","CA1900936",158,49,"CWS","GW","GW","other_water_systems",0,0,0,0
"1043","CA1900942",175,53,"CWS","GW","GW","other_water_systems",0,0,0,0
"1044","CA1900961",56,20,"CWS","GW","GW","other_water_systems",5,0,1,0
"1045","CA1900975",99,47,"CWS","GW","GW","other_water_systems",0,0,0,0
"1046","CA1901000",450,24,"NTNCWS","GW","GW","other_water_systems",0,0,0,0
"1047","CA1907011",2565,2,"NTNCWS","GW","GW","other_water_systems",0,0,0,0
"1048","CA1907014",100,49,"CWS","GW","GW","other_water_systems",6,0,1,0
"1049","CA1907028",211,73,"CWS","GW","GW","other_water_systems",0,0,0,0
"1050","CA1909006",798,242,"CWS","GW","GW","other_water_systems",0,0,0,0
"1051","CA1909627",25,1,"NTNCWS","GW","GW","other_water_systems",0,1,0,1
"1052","CA1909648",45,1,"NTNCWS","GW","GW","other_water_systems",0,0,0,0
"1053","CA1910001",83750,18965,"CWS","SW","SWP","carceral_serving_water_system",0,0,0,0
"1054","CA1910002",3134,625,"CWS","GW","GW","other_water_systems",0,7,0,1
"1055","CA1910003",45764,15218,"CWS","GW","GW","carceral_serving_water_system",0,0,0,0
"1056","CA1910004",50355,10778,"CWS","GW","GW","other_water_systems",0,0,0,0
"1057","CA1910005",12620,3665,"CWS","SW","SWP","other_water_systems",0,0,0,0
"1058","CA1910006",3822,1999,"CWS","SW","SW","other_water_systems",0,0,0,0
"1059","CA1910007",110044,23379,"CWS","SW","SW","carceral_serving_water_system",0,0,0,0
"1060","CA1910009",68871,12648,"CWS","GW","GW","carceral_serving_water_system",0,0,0,0
"1061","CA1910010",1435,674,"CWS","SW","SWP","other_water_systems",0,0,0,0
"1062","CA1910011",54696,7448,"CWS","SW","SWP","carceral_serving_water_system",0,0,0,0
"1063","CA1910012",1129,342,"CWS","SW","SWP","other_water_systems",0,0,0,0
"1064","CA1910013",46300,6996,"CWS","SW","SWP","other_water_systems",0,1,0,1
"1065","CA1910017",135281,33105,"CWS","SW","SWP","other_water_systems",0,0,0,0
"1066","CA1910018",5999,1817,"CWS","SW","SWP","other_water_systems",0,0,0,0
"1067","CA1910019",47475,15664,"CWS","SW","SWP","other_water_systems",0,0,0,0
"1068","CA1910020",9949,2984,"CWS","GW","GW","other_water_systems",0,0,0,0
"1069","CA1910021",26067,6929,"CWS","SW","SWP","other_water_systems",0,0,0,0
"1070","CA1910022",29271,148,"CWS","SW","SW","other_water_systems",1,21,1,1
"1071","CA1910023",1003,306,"CWS","GW","GW","other_water_systems",0,0,0,0
"1072","CA1910024",39566,11259,"CWS","SW","SWP","carceral_serving_water_system",0,0,0,0
"1073","CA1910025",870,368,"CWS","SW","SWP","other_water_systems",0,0,0,0
"1074","CA1910026",74877,14365,"CWS","SW","SWP","other_water_systems",0,0,0,0
"1075","CA1910027",619,243,"CWS","GW","GW","other_water_systems",0,0,0,0
"1076","CA1910028",35841,8429,"CWS","SW","SWP","other_water_systems",0,0,0,0
"1077","CA1910029",6125,1856,"CWS","GW","GW","other_water_systems",0,0,0,0
"1078","CA1910030",38025,9331,"CWS","SW","SWP","carceral_serving_water_system",0,0,0,0
"1079","CA1910032",0,7,"CWS","SW","SWP","other_water_systems",0,2,0,1
"1080","CA1910033",143632,33147,"CWS","SW","SWP","other_water_systems",0,0,0,0
"1081","CA1910034",109934,23478,"CWS","GW","GW","carceral_serving_water_system",0,0,0,0
"1082","CA1910035",1953,592,"CWS","GW","GW","other_water_systems",0,2,0,1
"1083","CA1910036",152217,26227,"CWS","SW","SWP","carceral_serving_water_system",0,0,0,0
"1084","CA1910038",22968,3516,"CWS","GW","GW","carceral_serving_water_system",0,0,0,0
"1085","CA1910039",246000,46608,"CWS","GW","GW","other_water_systems",0,0,0,0
"1086","CA1910040",16898,6228,"CWS","SW","SWP","other_water_systems",0,0,0,0
"1087","CA1910041",0,15,"CWS","SW","SW","other_water_systems",0,0,0,0
"1088","CA1910042",40600,9474,"CWS","GW","GW","other_water_systems",0,3,0,1
"1089","CA1910043",188784,36011,"CWS","SW","SWP","carceral_serving_water_system",0,0,0,0
"1090","CA1910044",52558,14053,"CWS","SW","SWP","carceral_serving_water_system",0,1,0,1
"1091","CA1910045",0,49,"CWS","SW","SW","other_water_systems",0,0,0,0
"1092","CA1910046",5249,1548,"CWS","SW","SWP","other_water_systems",0,0,0,0
"1093","CA1910047",44729,6205,"CWS","SW","SWP","carceral_serving_water_system",0,0,0,0
"1094","CA1910048",0,26,"CWS","SW","SW","other_water_systems",0,0,0,0
"1095","CA1910049",15275,5608,"CWS","SW","SWP","carceral_serving_water_system",0,0,0,0
"1096","CA1910050",4203,977,"CWS","SW","SWP","other_water_systems",0,0,0,0
"1097","CA1910051",80824,15942,"CWS","SW","SWP","other_water_systems",0,1,0,1
"1098","CA1910052",20859,6194,"CWS","SW","SWP","other_water_systems",0,0,0,0
"1099","CA1910053",686,208,"CWS","GW","GW","other_water_systems",0,0,0,0
"1100","CA1910054",9300,2949,"CWS","SW","SWP","other_water_systems",0,0,0,0
"1101","CA1910056",1790,725,"CWS","SW","SWP","other_water_systems",0,1,0,1
"1102","CA1910059",56793,15309,"CWS","GW","GW","other_water_systems",0,0,0,0
"1103","CA1910060",8243,2498,"CWS","GW","GW","other_water_systems",0,0,0,0
"1104","CA1910061",4847,1479,"CWS","SW","SWP","other_water_systems",0,0,0,0
"1105","CA1910062",32206,8819,"CWS","SW","SWP","carceral_serving_water_system",0,0,0,0
"1106","CA1910063",16126,4493,"CWS","SW","SW","other_water_systems",0,0,0,0
"1107","CA1910064",3041,1357,"CWS","GW","GW","other_water_systems",0,5,0,1
"1108","CA1910065",458222,90104,"CWS","SW","SWP","carceral_serving_water_system",0,0,0,0
"1109","CA1910066",325,211,"CWS","GW","GW","other_water_systems",0,0,0,0
"1110","CA1910067",3856043,708607,"CWS","SW","SW","carceral_serving_water_system",0,0,0,0
"1111","CA1910070",204673,52476,"CWS","SW","SWP","carceral_serving_water_system",0,0,0,0
"1112","CA1910072",10685,1452,"CWS","SW","SWP","other_water_systems",0,0,0,0
"1113","CA1910073",20256,4452,"CWS","SW","SWP","other_water_systems",0,0,0,0
"1114","CA1910075",579,263,"CWS","SW","SWP","other_water_systems",0,0,0,0
"1115","CA1910077",63142,9744,"CWS","SW","SWP","other_water_systems",0,0,0,0
"1116","CA1910079",66967,9322,"CWS","SW","SWP","carceral_serving_water_system",0,0,0,0
"1117","CA1910081",2300,470,"CWS","GW","GW","other_water_systems",0,0,0,0
"1118","CA1910083",33673,13437,"CWS","SW","SWP","other_water_systems",0,0,0,0
"1119","CA1910084",5500,1167,"CWS","SW","SWP","other_water_systems",0,0,0,0
"1120","CA1910085",6349,1924,"CWS","SW","SWP","other_water_systems",0,0,0,0
"1121","CA1910086",9500,2035,"CWS","SW","SWP","other_water_systems",0,0,0,0
"1122","CA1910087",0,309,"CWS","SW","SW","other_water_systems",0,0,0,0
"1123","CA1910090",37931,9425,"CWS","GW","GW","carceral_serving_water_system",0,1,0,1
"1124","CA1910091",26554,3956,"CWS","GW","GW","carceral_serving_water_system",0,1,0,1
"1125","CA1910092",62183,13616,"CWS","GW","GW","carceral_serving_water_system",0,0,0,0
"1126","CA1910096",17498,3981,"CWS","SW","SWP","other_water_systems",0,0,0,0
"1127","CA1910097",6409,41,"NTNCWS","GW","GW","other_water_systems",0,2,0,1
"1128","CA1910098",43133,9397,"CWS","SW","SWP","other_water_systems",0,0,0,0
"1129","CA1910099",360,95,"CWS","GW","GW","other_water_systems",0,0,0,0
"1130","CA1910101",25000,4345,"CWS","GW","GWP","other_water_systems",0,1,0,1
"1131","CA1910102",126804,27257,"CWS","SW","SW","other_water_systems",0,0,0,0
"1132","CA1910103",5507,1713,"CWS","SW","SWP","other_water_systems",0,0,0,0
"1133","CA1910104",71202,24413,"CWS","SW","SWP","other_water_systems",0,0,0,0
"1134","CA1910105",55200,7537,"CWS","SW","SWP","other_water_systems",0,1,0,1
"1135","CA1910108",11305,1653,"CWS","SW","SWP","other_water_systems",0,0,0,0
"1136","CA1910117",7250,1502,"CWS","SW","SWP","other_water_systems",0,2,0,1
"1137","CA1910124",161162,38338,"CWS","SW","SWP","carceral_serving_water_system",0,0,0,0
"1138","CA1910125",22051,5281,"CWS","GW","GW","other_water_systems",0,21,0,1
"1139","CA1910126",151713,30172,"CWS","SW","SW","carceral_serving_water_system",0,0,0,0
"1140","CA1910127",33300,8707,"CWS","SW","SWP","carceral_serving_water_system",0,0,0,0
"1141","CA1910128",0,12,"CWS","SW","SW","other_water_systems",0,0,0,0
"1142","CA1910130",19100,5842,"CWS","SW","SWP","other_water_systems",0,0,0,0
"1143","CA1910134",96708,26800,"CWS","SW","SWP","carceral_serving_water_system",0,0,0,0
"1144","CA1910137",60,9,"NTNCWS","GW","GW","other_water_systems",0,0,0,0
"1145","CA1910138",156,5,"NTNCWS","GW","GW","other_water_systems",0,0,0,0
"1146","CA1910139",47124,14280,"CWS","SW","SWP","other_water_systems",0,0,0,0
"1147","CA1910140",9600,3136,"CWS","SW","SW","other_water_systems",0,0,0,0
"1148","CA1910142",56512,16168,"CWS","SW","SWP","carceral_serving_water_system",0,0,0,0
"1149","CA1910143",23946,5380,"CWS","GW","GW","other_water_systems",0,0,0,0
"1150","CA1910144",39345,9530,"CWS","GW","GW","other_water_systems",0,0,0,0
"1151","CA1910146",89947,16887,"CWS","SW","SWP","carceral_serving_water_system",0,0,0,0
"1152","CA1910147",4339,1315,"CWS","SW","SWP","other_water_systems",0,0,0,0
"1153","CA1910148",11000,3797,"CWS","SW","SWP","other_water_systems",0,0,0,0
"1154","CA1910149",11795,3035,"CWS","SW","SWP","carceral_serving_water_system",1,1,1,1
"1155","CA1910152",76443,14414,"CWS","SW","SWP","carceral_serving_water_system",0,0,0,0
"1156","CA1910153",15021,2351,"CWS","GW","GW","other_water_systems",0,1,0,1
"1157","CA1910154",25329,6131,"CWS","SW","SWP","other_water_systems",0,0,0,0
"1158","CA1910155",277856,52612,"CWS","SW","SWP","other_water_systems",0,0,0,0
"1159","CA1910156",40856,10455,"CWS","SW","SWP","carceral_serving_water_system",0,2,0,1
"1160","CA1910157",25252,6326,"CWS","GW","GW","other_water_systems",0,0,0,0
"1161","CA1910158",548,201,"CWS","GW","GW","other_water_systems",0,2,0,1
"1162","CA1910159",14000,1190,"CWS","GW","GW","other_water_systems",0,31,0,1
"1163","CA1910160",3132,949,"CWS","GW","GW","other_water_systems",0,0,0,0
"1164","CA1910161",24416,4379,"CWS","SW","SWP","other_water_systems",0,0,0,0
"1165","CA1910163",7775,1682,"CWS","SW","SWP","other_water_systems",0,0,0,0
"1166","CA1910165",4613,1398,"CWS","GW","GW","other_water_systems",0,2,0,1
"1167","CA1910166",10070,3610,"CWS","SW","SWP","other_water_systems",0,0,0,0
"1168","CA1910167",28112,1032,"CWS","SW","SWP","carceral_serving_water_system",0,0,0,0
"1169","CA1910169",16180,2832,"CWS","GW","GW","other_water_systems",0,0,0,0
"1170","CA1910173",49954,12001,"CWS","GW","GW","carceral_serving_water_system",0,0,0,0
"1171","CA1910174",66045,18056,"CWS","GW","GW","other_water_systems",0,0,0,0
"1172","CA1910179",104535,25690,"CWS","SW","SWP","carceral_serving_water_system",0,4,0,1
"1173","CA1910185",6250,1570,"CWS","SW","SWP","other_water_systems",0,0,0,0
"1174","CA1910186",24258,7351,"CWS","GW","GW","other_water_systems",0,0,0,0
"1175","CA1910189",9300,1570,"CWS","GW","GWP","other_water_systems",0,0,0,0
"1176","CA1910191",17790,5398,"CWS","SW","SWP","other_water_systems",0,0,0,0
"1177","CA1910194",54660,13514,"CWS","SW","SWP","other_water_systems",0,0,0,0
"1178","CA1910195",8073,1672,"CWS","GW","GW","other_water_systems",0,0,0,0
"1179","CA1910199",0,21,"CWS","GW","GW","other_water_systems",0,0,0,0
"1180","CA1910200",1437,496,"CWS","SW","SWP","other_water_systems",0,0,0,0
"1181","CA1910203",11243,2977,"CWS","SW","SWP","other_water_systems",0,0,0,0
"1182","CA1910204",32792,8065,"CWS","SW","SWP","other_water_systems",0,0,0,0
"1183","CA1910205",168843,40233,"CWS","SW","SWP","carceral_serving_water_system",0,1,0,1
"1184","CA1910211",71786,16534,"CWS","SW","SWP","other_water_systems",0,0,0,0
"1185","CA1910212",26803,7606,"CWS","GW","GW","other_water_systems",0,0,0,0
"1186","CA1910213",106183,26916,"CWS","SW","SWP","carceral_serving_water_system",0,0,0,0
"1187","CA1910218",5447,2002,"CWS","SW","SWP","other_water_systems",0,0,0,0
"1188","CA1910223",26074,5020,"CWS","SW","SWP","other_water_systems",0,0,0,0
"1189","CA1910225",72602,20162,"CWS","SW","SW","carceral_serving_water_system",0,0,0,0
"1190","CA1910234",100941,27149,"CWS","SW","SWP","other_water_systems",0,0,0,0
"1191","CA1910238",500,7,"NTNCWS","GW","GW","other_water_systems",0,0,0,0
"1192","CA1910239",63083,20027,"CWS","GW","GW","other_water_systems",0,0,0,0
"1193","CA1910240",108813,32473,"CWS","SW","SW","carceral_serving_water_system",0,0,0,0
"1194","CA1910241",1601,710,"CWS","SW","SWP","other_water_systems",0,0,0,0
"1195","CA1910242",961,211,"CWS","GW","GW","other_water_systems",0,0,0,0
"1196","CA1910243",908,431,"CWS","SW","SWP","other_water_systems",0,0,0,0
"1197","CA1910244",1275,499,"CWS","GW","GW","other_water_systems",0,0,0,0
"1198","CA1910245",19219,6165,"CWS","SW","SWP","other_water_systems",0,0,0,0
"1199","CA1910246",2800,548,"CWS","GW","GW","other_water_systems",6,8,1,1
"1200","CA1910247",9999,1941,"CWS","SW","SWP","other_water_systems",0,0,0,0
"1201","CA1910248",4929,1456,"CWS","SW","SWP","other_water_systems",0,0,0,0
"1202","CA1910249",1508,457,"CWS","SW","SWP","other_water_systems",0,1,0,1
"1203","CA1910250",15998,2802,"CWS","SW","SWP","other_water_systems",0,0,0,0
"1204","CA1910254",534,12,"NTNCWS","GW","GW","other_water_systems",1,10,1,1
"1205","CA1910255",6499,1225,"CWS","SW","SWP","other_water_systems",0,0,0,0
"1206","CA1910443",65,7,"NTNCWS","SW","SW","other_water_systems",0,0,0,0
"1207","CA1910801",100,1,"CWS","GW","GW","carceral_water_system",0,0,0,0
"1208","CA2000202",551,9,"NTNCWS","GW","GW","other_water_systems",0,0,0,0
"1209","CA2000206",736,6,"NTNCWS","GW","GW","other_water_systems",0,0,0,0
"1210","CA2000275",2500,17,"NTNCWS","GW","GW","other_water_systems",0,1,0,1
"1211","CA2000293",300,90,"CWS","GW","GW","other_water_systems",0,0,0,0
"1212","CA2000352",145,5,"NTNCWS","GW","GW","other_water_systems",0,0,0,0
"1213","CA2000370",2100,14,"NTNCWS","GW","GW","other_water_systems",0,0,0,0
"1214","CA2000384",72,4,"NTNCWS","GW","GW","other_water_systems",0,0,0,0
"1215","CA2000501",42,28,"CWS","GW","GW","other_water_systems",2,0,1,0
"1216","CA2000502",250,90,"CWS","GW","GW","other_water_systems",0,1,0,1
"1217","CA2000504",162,15,"NTNCWS","GW","GW","other_water_systems",0,0,0,0
"1218","CA2000506",200,89,"CWS","GW","GW","other_water_systems",7,0,1,0
"1219","CA2000507",244,7,"NTNCWS","GW","GW","other_water_systems",0,1,0,1
"1220","CA2000509",137,120,"CWS","GW","GW","other_water_systems",0,0,0,0
"1221","CA2000511",45,20,"CWS","GW","GW","other_water_systems",0,0,0,0
"1222","CA2000512",250,85,"CWS","GW","GW","other_water_systems",0,2,0,1
"1223","CA2000521",498,178,"CWS","GW","GWP","other_water_systems",0,0,0,0
"1224","CA2000524",175,64,"CWS","GW","GW","other_water_systems",1,0,1,0
"1225","CA2000526",74,20,"CWS","GW","GW","other_water_systems",5,2,1,1
"1226","CA2000527",110,99,"CWS","GW","GW","other_water_systems",5,0,1,0
"1227","CA2000529",50,23,"CWS","GW","GW","other_water_systems",0,1,0,1
"1228","CA2000530",80,26,"CWS","GW","GW","other_water_systems",0,0,0,0
"1229","CA2000533",120,58,"CWS","GW","GW","other_water_systems",0,0,0,0
"1230","CA2000534",45,24,"CWS","GW","GW","other_water_systems",2,1,1,1
"1231","CA2000538",137,67,"CWS","GW","GW","other_water_systems",4,0,1,0
"1232","CA2000544",162,49,"CWS","SW","SW","other_water_systems",9,0,1,0
"1233","CA2000549",239,27,"CWS","GW","GW","other_water_systems",1,0,1,0
"1234","CA2000551",200,83,"CWS","GW","GW","other_water_systems",2,0,1,0
"1235","CA2000552",150,66,"CWS","GW","GW","other_water_systems",5,0,1,0
"1236","CA2000553",48,17,"CWS","GW","GW","other_water_systems",0,0,0,0
"1237","CA2000554",568,164,"CWS","GW","GW","other_water_systems",0,0,0,0
"1238","CA2000557",100,26,"CWS","GW","GW","other_water_systems",0,0,0,0
"1239","CA2000558",115,5,"NTNCWS","GW","GW","other_water_systems",0,0,0,0
"1240","CA2000561",264,75,"CWS","GW","GW","other_water_systems",5,1,1,1
"1241","CA2000573",40,21,"CWS","GW","GW","other_water_systems",0,0,0,0
"1242","CA2000589",30,33,"CWS","GW","GW","other_water_systems",0,2,0,1
"1243","CA2000592",35,15,"CWS","GW","GW","other_water_systems",5,1,1,1
"1244","CA2000593",138,116,"CWS","GW","GW","other_water_systems",0,0,0,0
"1245","CA2000595",450,99,"CWS","GW","GW","other_water_systems",0,43,0,1
"1246","CA2000597",253,8,"NTNCWS","GW","GW","other_water_systems",0,0,0,0
"1247","CA2000598",177,1,"NTNCWS","GW","GW","other_water_systems",0,0,0,0
"1248","CA2000600",618,7,"NTNCWS","GW","GW","other_water_systems",0,0,0,0
"1249","CA2000601",267,7,"NTNCWS","GW","GW","other_water_systems",0,0,0,0
"1250","CA2000602",66,4,"NTNCWS","GW","GW","other_water_systems",0,0,0,0
"1251","CA2000605",38,30,"CWS","GW","GW","other_water_systems",0,0,0,0
"1252","CA2000607",150,10,"NTNCWS","GW","GW","other_water_systems",0,0,0,0
"1253","CA2000608",106,68,"CWS","GW","GW","other_water_systems",0,0,0,0
"1254","CA2000611",441,11,"NTNCWS","GW","GW","other_water_systems",0,0,0,0
"1255","CA2000612",500,18,"NTNCWS","GW","GW","other_water_systems",3,3,1,1
"1256","CA2000616",354,5,"NTNCWS","GW","GW","other_water_systems",0,0,0,0
"1257","CA2000619",43,5,"NTNCWS","GW","GW","other_water_systems",0,1,0,1
"1258","CA2000641",60,3,"NTNCWS","GW","GW","other_water_systems",0,0,0,0
"1259","CA2000647",80,18,"CWS","GW","GW","other_water_systems",0,4,0,1
"1260","CA2000655",280,1,"NTNCWS","GW","GW","other_water_systems",0,0,0,0
"1261","CA2000659",450,20,"NTNCWS","GW","GW","other_water_systems",0,1,0,1
"1262","CA2000660",384,4,"NTNCWS","GW","GW","other_water_systems",0,0,0,0
"1263","CA2000672",73,8,"NTNCWS","GW","GW","other_water_systems",0,0,0,0
"1264","CA2000681",170,1,"NTNCWS","GW","GW","other_water_systems",1,0,1,0
"1265","CA2000682",99,7,"NTNCWS","GW","GW","other_water_systems",0,0,0,0
"1266","CA2000688",100,20,"CWS","GW","GW","other_water_systems",0,1,0,1
"1267","CA2000690",375,127,"CWS","GW","GW","other_water_systems",0,0,0,0
"1268","CA2000692",150,27,"CWS","GW","GW","other_water_systems",0,0,0,0
"1269","CA2000695",750,5,"NTNCWS","GW","GW","other_water_systems",0,0,0,0
"1270","CA2000724",100,31,"CWS","GW","GW","other_water_systems",0,0,0,0
"1271","CA2000727",84,16,"CWS","GW","GW","other_water_systems",0,0,0,0
"1272","CA2000728",350,100,"CWS","GW","GW","other_water_systems",0,0,0,0
"1273","CA2000729",135,41,"CWS","SW","SW","other_water_systems",3,0,1,0
"1274","CA2000733",40,1,"NTNCWS","GW","GW","other_water_systems",1,0,1,0
"1275","CA2000737",100,34,"CWS","GW","GW","other_water_systems",10,1,1,1
"1276","CA2000757",300,87,"CWS","GW","GW","other_water_systems",0,0,0,0
"1277","CA2000760",316,4,"NTNCWS","GW","GW","other_water_systems",0,0,0,0
"1278","CA2000775",370,198,"CWS","GW","GW","other_water_systems",0,0,0,0
"1279","CA2000794",90,2,"NTNCWS","GW","GW","other_water_systems",0,0,0,0
"1280","CA2000800",50,22,"CWS","GW","GW","other_water_systems",0,0,0,0
"1281","CA2000828",23,21,"CWS","GW","GW","other_water_systems",2,2,1,1
"1282","CA2000832",450,254,"CWS","GW","GW","other_water_systems",0,0,0,0
"1283","CA2000840",48,1,"NTNCWS","GW","GW","other_water_systems",0,0,0,0
"1284","CA2000843",46,2,"NTNCWS","GW","GW","other_water_systems",0,2,0,1
"1285","CA2000844",485,9,"NTNCWS","GW","GW","other_water_systems",0,0,0,0
"1286","CA2000846",250,23,"NTNCWS","GW","GW","other_water_systems",0,0,0,0
"1287","CA2000848",143,3,"NTNCWS","GW","GW","other_water_systems",0,0,0,0
"1288","CA2000849",150,38,"CWS","GW","GW","other_water_systems",0,0,0,0
"1289","CA2000851",150,27,"CWS","GW","GW","other_water_systems",0,0,0,0
"1290","CA2000855",125,21,"NTNCWS","GW","GW","other_water_systems",0,0,0,0
"1291","CA2000865",75,25,"CWS","GW","GW","other_water_systems",0,0,0,0
"1292","CA2000866",60,4,"NTNCWS","GW","GW","other_water_systems",4,0,1,0
"1293","CA2000920",90,5,"NTNCWS","GW","GW","other_water_systems",3,1,1,1
"1294","CA2000947",450,17,"NTNCWS","GW","GW","other_water_systems",0,1,0,1
"1295","CA2000951",529,2,"NTNCWS","GW","GW","other_water_systems",0,0,0,0
"1296","CA2000953",25,4,"NTNCWS","GW","GW","other_water_systems",0,0,0,0
"1297","CA2000955",29,5,"NTNCWS","GW","GW","other_water_systems",0,0,0,0
"1298","CA2000956",32,3,"NTNCWS","GW","GW","other_water_systems",0,2,0,1
"1299","CA2000961",35,3,"NTNCWS","GW","GW","other_water_systems",0,0,0,0
"1300","CA2010001",13576,4185,"CWS","GW","GW","other_water_systems",0,0,0,0
"1301","CA2010002",65074,15112,"CWS","GW","GW","carceral_serving_water_system",0,0,0,0
"1302","CA2010003",4527,1013,"CWS","SW","SW","other_water_systems",0,0,0,0
"1303","CA2010004",1637,496,"CWS","GW","GW","other_water_systems",0,0,0,0
"1304","CA2010005",6448,1970,"CWS","GW","GW","other_water_systems",3,2,1,1
"1305","CA2010006",1789,542,"CWS","GW","GW","other_water_systems",0,0,0,0
"1306","CA2010007",3412,1034,"CWS","GW","GW","other_water_systems",0,0,0,0
"1307","CA2010008",3172,945,"CWS","GW","GW","other_water_systems",0,0,0,0
"1308","CA2010009",1107,344,"CWS","GW","GW","other_water_systems",0,0,0,0
"1309","CA2010010",6428,1950,"CWS","GW","GW","other_water_systems",0,0,0,0
"1310","CA2010011",1562,473,"CWS","GW","GW","other_water_systems",0,0,0,0
"1311","CA2010012",320,97,"CWS","GW","GW","other_water_systems",0,0,0,0
"1312","CA2010013",83,25,"CWS","GW","GW","other_water_systems",0,0,0,0
"1313","CA2010014",1026,311,"CWS","GW","GW","other_water_systems",0,0,0,0
"1314","CA2010015",303,10,"NTNCWS","SW","SW","other_water_systems",0,0,0,0
"1315","CA2010016",5507,1772,"CWS","GW","GW","other_water_systems",0,0,0,0
"1316","CA2010017",2640,853,"CWS","SW","SW","other_water_systems",0,0,0,0
"1317","CA2010018",600,243,"CWS","GW","GW","other_water_systems",0,0,0,0
"1318","CA2010800",2256,656,"CWS","GW","GW","carceral_water_system",0,0,0,0
"1319","CA2010801",3147,74,"CWS","GW","GW","carceral_water_system",0,0,0,0
"1320","CA2100508",336,162,"CWS","GW","GW","other_water_systems",0,0,0,0
"1321","CA2100519",206,145,"CWS","SW","SW","other_water_systems",1,0,1,0
"1322","CA2100527",143,5,"NTNCWS","SW","SW","other_water_systems",0,0,0,0
"1323","CA2100538",227,2,"NTNCWS","GW","GW","other_water_systems",0,0,0,0
"1324","CA2100545",212,17,"NTNCWS","GW","GW","other_water_systems",0,0,0,0
"1325","CA2100549",35,10,"CWS","GW","GW","other_water_systems",0,0,0,0
"1326","CA2100565",75,17,"CWS","SW","GU","other_water_systems",0,0,0,0
"1327","CA2100566",250,21,"NTNCWS","GW","GW","other_water_systems",0,8,0,1
"1328","CA2100579",31,14,"CWS","GW","GW","other_water_systems",1,1,1,1
"1329","CA2100582",40,5,"NTNCWS","SW","GU","other_water_systems",2,0,1,0
"1330","CA2100584",66,8,"NTNCWS","SW","SW","other_water_systems",0,0,0,0
"1331","CA2110001",1445,518,"CWS","SW","SW","other_water_systems",0,0,0,0
"1332","CA2110002",186895,62255,"CWS","SW","SW","carceral_serving_water_system",0,0,0,0
"1333","CA2110003",61683,20468,"CWS","SW","SW","other_water_systems",0,0,0,0
"1334","CA2110004",583,742,"CWS","SW","SW","other_water_systems",0,1,0,1
"1335","CA2110005",2483,587,"CWS","SW","SW","other_water_systems",0,0,0,0
"1336","CA2110006",1800,781,"CWS","GW","GW","other_water_systems",0,0,0,0
"1337","CA2110007",390,251,"CWS","SW","SW","other_water_systems",0,0,0,0
"1338","CA2110008",946,45,"CWS","GW","GW","other_water_systems",0,2,0,1
"1339","CA2110350",18447,227,"CWS","SW","SWP","other_water_systems",0,0,0,0
"1340","CA2110502",1560,7,"CWS","GW","GW","other_water_systems",0,0,0,0
"1341","CA2204054",35,2,"NTNCWS","GW","GW","other_water_systems",0,1,0,1
"1342","CA2210001",2000,683,"CWS","SW","SW","carceral_serving_water_system",0,0,0,0
"1343","CA2210002",798,314,"CWS","GW","GW","other_water_systems",0,0,0,0
"1344","CA2210003",800,55,"NTNCWS","GW","GW","other_water_systems",0,0,0,0
"1345","CA2210503",1000,235,"CWS","GW","GW","other_water_systems",0,0,0,0
"1346","CA2210510",150,141,"CWS","SW","SW","other_water_systems",0,0,0,0
"1347","CA2210515",635,226,"CWS","GW","GW","other_water_systems",0,0,0,0
"1348","CA2210851",60,9,"CWS","GW","GW","carceral_water_system",0,0,0,0
"1349","CA2210900",656,7,"CWS","GW","GW","other_water_systems",0,1,0,1
"1350","CA2210901",193,77,"CWS","GW","GW","other_water_systems",0,1,0,1
"1351","CA2210903",275,75,"CWS","GW","GW","other_water_systems",0,1,0,1
"1352","CA2210905",286,66,"CWS","SW","SW","other_water_systems",0,0,0,0
"1353","CA2210906",284,87,"CWS","GW","GW","other_water_systems",0,1,0,1
"1354","CA2210907",156,2,"NTNCWS","SW","SWP","other_water_systems",0,1,0,1
"1355","CA2210908",58,1,"NTNCWS","GW","GW","other_water_systems",0,0,0,0
"1356","CA2210909",114,20,"NTNCWS","GW","GW","other_water_systems",0,0,0,0
"1357","CA2210910",510,23,"NTNCWS","GW","GW","other_water_systems",0,0,0,0
"1358","CA2210918",50,5,"NTNCWS","GW","GW","other_water_systems",0,0,0,0
"1359","CA2210924",420,185,"CWS","GW","GW","other_water_systems",0,0,0,0
"1360","CA2210925",130,53,"CWS","GW","GW","other_water_systems",0,0,0,0
"1361","CA2210926",750,8,"NTNCWS","GW","GW","other_water_systems",0,1,0,1
"1362","CA2210937",55,6,"NTNCWS","GW","GW","other_water_systems",0,0,0,0
"1363","CA2300502",56,27,"CWS","GW","GW","other_water_systems",0,1,0,1
"1364","CA2300506",100,35,"CWS","GW","GW","other_water_systems",0,0,0,0
"1365","CA2300507",548,185,"CWS","SW","SWP","other_water_systems",0,1,0,1
"1366","CA2300514",380,99,"CWS","SW","GU","other_water_systems",0,0,0,0
"1367","CA2300541",50,66,"NTNCWS","SW","SW","other_water_systems",1,0,1,0
"1368","CA2300545",78,47,"CWS","GW","GW","other_water_systems",0,0,0,0
"1369","CA2300584",579,15,"NTNCWS","GW","GW","other_water_systems",0,0,0,0
"1370","CA2300590",160,107,"CWS","SW","SW","other_water_systems",3,0,1,0
"1371","CA2300591",310,124,"CWS","SW","SW","other_water_systems",0,3,0,1
"1372","CA2300596",36,19,"CWS","GW","GW","other_water_systems",0,0,0,0
"1373","CA2300604",56,31,"CWS","GW","GW","other_water_systems",0,0,0,0
"1374","CA2300605",250,83,"CWS","GW","GW","other_water_systems",0,1,0,1
"1375","CA2300606",90,29,"CWS","GW","GW","other_water_systems",0,3,0,1
"1376","CA2300609",50,31,"CWS","GW","GW","other_water_systems",0,0,0,0
"1377","CA2300610",188,95,"CWS","SW","GU","other_water_systems",0,0,0,0
"1378","CA2300617",95,1,"NTNCWS","GW","GW","other_water_systems",0,0,0,0
"1379","CA2300628",50,1,"NTNCWS","GW","GW","other_water_systems",0,0,0,0
"1380","CA2300634",250,71,"CWS","GW","GW","other_water_systems",0,0,0,0
"1381","CA2300644",280,78,"CWS","SW","GU","other_water_systems",1,0,1,0
"1382","CA2300646",80,60,"CWS","GW","GW","other_water_systems",1,0,1,0
"1383","CA2300663",42,14,"CWS","SW","SW","other_water_systems",0,1,0,1
"1384","CA2300667",157,115,"CWS","GW","GW","other_water_systems",0,0,0,0
"1385","CA2300668",42,21,"CWS","GW","GW","other_water_systems",0,0,0,0
"1386","CA2300705",38,20,"CWS","GW","GW","other_water_systems",0,1,0,1
"1387","CA2300708",235,167,"CWS","SW","GU","other_water_systems",0,0,0,0
"1388","CA2300717",124,55,"CWS","GW","GW","other_water_systems",0,0,0,0
"1389","CA2300730",369,78,"CWS","SW","SW","other_water_systems",0,0,0,0
"1390","CA2300731",400,50,"CWS","GW","GW","other_water_systems",0,0,0,0
"1391","CA2300735",50,19,"CWS","GW","GW","other_water_systems",0,0,0,0
"1392","CA2300743",560,86,"CWS","GW","GW","other_water_systems",0,0,0,0
"1393","CA2300755",309,36,"NTNCWS","GW","GW","other_water_systems",0,0,0,0
"1394","CA2300764",300,8,"NTNCWS","GW","GW","other_water_systems",0,0,0,0
"1395","CA2300770",350,11,"NTNCWS","GW","GW","other_water_systems",0,0,0,0
"1396","CA2300785",100,5,"NTNCWS","GW","GW","other_water_systems",0,1,0,1
"1397","CA2300802",45,3,"NTNCWS","SW","GU","other_water_systems",0,0,0,0
"1398","CA2300804",108,5,"NTNCWS","GW","GW","other_water_systems",0,0,0,0
"1399","CA2300826",75,1,"NTNCWS","GW","GW","other_water_systems",0,0,0,0
"1400","CA2300829",186,1,"NTNCWS","GW","GW","other_water_systems",0,0,0,0
"1401","CA2300830",289,1,"NTNCWS","GW","GW","other_water_systems",0,0,0,0
"1402","CA2300832",79,48,"CWS","GW","GW","other_water_systems",0,0,0,0
"1403","CA2300837",75,23,"CWS","GW","GW","other_water_systems",0,0,0,0
"1404","CA2300838",206,7,"NTNCWS","GW","GW","other_water_systems",0,0,0,0
"1405","CA2300846",25,2,"NTNCWS","GW","GW","other_water_systems",0,0,0,0
"1406","CA2300847",60,1,"NTNCWS","SW","SW","other_water_systems",0,1,0,1
"1407","CA2300852",136,13,"NTNCWS","GW","GW","other_water_systems",0,0,0,0
"1408","CA2300863",73,1,"NTNCWS","GW","GW","other_water_systems",0,0,0,0
"1409","CA2300874",50,3,"NTNCWS","GW","GW","other_water_systems",0,0,0,0
"1410","CA2300879",171,3,"NTNCWS","GW","GW","other_water_systems",0,0,0,0
"1411","CA2300892",30,30,"CWS","GW","GW","other_water_systems",0,0,0,0
"1412","CA2300901",152,4,"NTNCWS","GW","GW","other_water_systems",0,0,0,0
"1413","CA2300906",31,1,"NTNCWS","GW","GW","other_water_systems",0,0,0,0
"1414","CA2300907",25,2,"NTNCWS","GW","GW","other_water_systems",0,0,0,0
"1415","CA2301010",90,3,"NTNCWS","GW","GW","other_water_systems",0,0,0,0
"1416","CA2310001",6983,2869,"CWS","SW","SW","other_water_systems",0,0,0,0
"1417","CA2310002",2554,1001,"CWS","GW","GW","other_water_systems",0,1,0,1
"1418","CA2310003",16607,4940,"CWS","SW","SW","carceral_serving_water_system",0,1,0,1
"1419","CA2310004",6175,2393,"CWS","SW","SW","other_water_systems",0,0,0,0
"1420","CA2310005",3797,1079,"CWS","SW","SWP","other_water_systems",0,2,0,1
"1421","CA2310006",5500,1715,"CWS","SW","SW","other_water_systems",0,0,0,0
"1422","CA2310007",2593,1060,"CWS","SW","SW","other_water_systems",0,0,0,0
"1423","CA2310008",5200,1317,"CWS","SW","SW","other_water_systems",0,0,0,0
"1424","CA2310009",3632,1554,"CWS","SW","SW","other_water_systems",0,0,0,0
"1425","CA2310010",1076,327,"CWS","GW","GW","other_water_systems",0,0,0,0
"1426","CA2310011",1152,419,"CWS","GW","GW","other_water_systems",0,0,0,0
"1427","CA2310012",254,206,"CWS","SW","SW","other_water_systems",0,0,0,0
"1428","CA2310013",667,202,"CWS","GW","GW","other_water_systems",0,1,0,1
"1429","CA2310800",120,8,"NTNCWS","SW","SW","carceral_water_system",0,0,0,0
"1430","CA2310801",110,12,"NTNCWS","SW","SW","other_water_systems",0,1,0,1
"1431","CA2400011",1500,2,"NTNCWS","GW","GW","other_water_systems",0,0,0,0
"1432","CA2400013",350,4,"NTNCWS","GW","GW","other_water_systems",0,0,0,0
"1433","CA2400046",367,131,"CWS","GW","GW","other_water_systems",0,0,0,0
"1434","CA2400051",1020,4,"NTNCWS","GW","GW","other_water_systems",0,0,0,0
"1435","CA2400053",137,50,"CWS","GW","GW","other_water_systems",0,1,0,1
"1436","CA2400055",320,1,"NTNCWS","GW","GW","other_water_systems",0,0,0,0
"1437","CA2400062",67,4,"NTNCWS","GW","GW","other_water_systems",0,0,0,0
"1438","CA2400064",284,2,"NTNCWS","GW","GW","other_water_systems",0,1,0,1
"1439","CA2400065",122,5,"NTNCWS","GW","GW","other_water_systems",0,0,0,0
"1440","CA2400066",567,1,"NTNCWS","GW","GW","other_water_systems",0,0,0,0
"1441","CA2400071",330,6,"NTNCWS","GW","GW","other_water_systems",0,0,0,0
"1442","CA2400075",219,2,"NTNCWS","GW","GW","other_water_systems",0,0,0,0
"1443","CA2400076",42,3,"NTNCWS","GW","GW","other_water_systems",0,0,0,0
"1444","CA2400078",350,7,"NTNCWS","GW","GW","other_water_systems",0,0,0,0
"1445","CA2400079",1055,26,"NTNCWS","GW","GW","other_water_systems",0,0,0,0
"1446","CA2400084",36,11,"CWS","GW","GW","other_water_systems",0,0,0,0
"1447","CA2400091",325,1,"NTNCWS","GW","GW","other_water_systems",1,0,1,0
"1448","CA2400097",155,7,"NTNCWS","GW","GW","other_water_systems",0,0,0,0
"1449","CA2400099",100,2,"NTNCWS","GW","GW","other_water_systems",0,0,0,0
"1450","CA2400113",290,9,"NTNCWS","GW","GW","other_water_systems",0,0,0,0
"1451","CA2400122",120,1,"NTNCWS","GW","GW","other_water_systems",0,3,0,1
"1452","CA2400128",64,23,"CWS","GW","GW","other_water_systems",0,2,0,1
"1453","CA2400134",118,3,"NTNCWS","GW","GW","other_water_systems",0,0,0,0
"1454","CA2400139",285,3,"NTNCWS","GW","GW","other_water_systems",0,0,0,0
"1455","CA2400148",153,4,"NTNCWS","GW","GW","other_water_systems",0,0,0,0
"1456","CA2400154",685,4,"NTNCWS","GW","GW","other_water_systems",0,0,0,0
"1457","CA2400162",146,8,"NTNCWS","GW","GW","other_water_systems",0,0,0,0
"1458","CA2400165",248,2,"NTNCWS","GW","GW","other_water_systems",0,0,0,0
"1459","CA2400166",103,1,"NTNCWS","GW","GW","other_water_systems",0,0,0,0
"1460","CA2400167",238,73,"CWS","GW","GW","other_water_systems",1,0,1,0
"1461","CA2400169",288,6,"NTNCWS","GW","GW","other_water_systems",0,0,0,0
"1462","CA2400170",1629,4,"NTNCWS","GW","GW","other_water_systems",0,0,0,0
"1463","CA2400172",800,12,"CWS","GW","GW","carceral_water_system",0,1,0,1
"1464","CA2400175",650,7,"NTNCWS","GW","GW","other_water_systems",0,0,0,0
"1465","CA2400196",43,10,"NTNCWS","GW","GW","other_water_systems",0,0,0,0
"1466","CA2400200",30,4,"NTNCWS","SW","SW","other_water_systems",0,0,0,0
"1467","CA2400201",406,44,"CWS","GW","GW","other_water_systems",0,1,0,1
"1468","CA2400206",407,4,"NTNCWS","GW","GW","other_water_systems",0,1,0,1
"1469","CA2400209",779,65,"CWS","SW","SW","other_water_systems",0,0,0,0
"1470","CA2400211",54,4,"NTNCWS","GW","GW","other_water_systems",0,0,0,0
"1471","CA2400216",25,1,"NTNCWS","GW","GW","other_water_systems",0,0,0,0
"1472","CA2400218",25,1,"NTNCWS","GW","GW","other_water_systems",1,0,1,0
"1473","CA2400219",36,2,"NTNCWS","GW","GW","other_water_systems",0,0,0,0
"1474","CA2400223",130,2,"NTNCWS","GW","GW","other_water_systems",0,0,0,0
"1475","CA2400226",65,3,"NTNCWS","GW","GW","other_water_systems",0,0,0,0
"1476","CA2400231",120,1,"NTNCWS","GW","GW","other_water_systems",0,1,0,1
"1477","CA2400232",206,4,"NTNCWS","GW","GW","other_water_systems",0,0,0,0
"1478","CA2400248",56,5,"NTNCWS","GW","GW","other_water_systems",0,0,0,0
"1479","CA2400255",114,4,"NTNCWS","GW","GW","other_water_systems",0,0,0,0
"1480","CA2400329",45,3,"NTNCWS","GW","GW","other_water_systems",0,0,0,0
"1481","CA2400330",125,3,"NTNCWS","GW","GW","other_water_systems",0,0,0,0
"1482","CA2400332",34,3,"NTNCWS","GW","GW","other_water_systems",0,0,0,0
"1483","CA2400335",28,5,"NTNCWS","GW","GW","other_water_systems",5,0,1,0
"1484","CA2400336",56,8,"NTNCWS","GW","GW","other_water_systems",0,0,0,0
"1485","CA2400339",140,12,"NTNCWS","GW","GW","other_water_systems",0,0,0,0
"1486","CA2400342",60,3,"NTNCWS","GW","GW","other_water_systems",2,0,1,0
"1487","CA2400343",55,3,"NTNCWS","GW","GW","other_water_systems",1,0,1,0
"1488","CA2400345",67,3,"NTNCWS","GW","GW","other_water_systems",1,0,1,0
"1489","CA2400347",50,3,"NTNCWS","GW","GW","other_water_systems",0,0,0,0
"1490","CA2400348",30,4,"NTNCWS","GW","GW","other_water_systems",0,0,0,0
"1491","CA2410001",29479,8400,"CWS","GW","GW","carceral_serving_water_system",0,0,0,0
"1492","CA2410002",7452,2525,"CWS","SW","SW","other_water_systems",6,1,1,1
"1493","CA2410003",5945,1912,"CWS","GW","GW","other_water_systems",0,0,0,0
"1494","CA2410004",14894,3584,"CWS","GW","GW","other_water_systems",0,1,0,1
"1495","CA2410005",47347,13484,"CWS","GW","GW","other_water_systems",0,0,0,0
"1496","CA2410006",7784,2423,"CWS","GW","GW","other_water_systems",0,0,0,0
"1497","CA2410007",4164,1120,"CWS","GW","GW","other_water_systems",0,0,0,0
"1498","CA2410008",5656,1714,"CWS","GW","GW","other_water_systems",0,0,0,0
"1499","CA2410009",92058,24363,"CWS","GW","GW","carceral_serving_water_system",0,0,0,0
"1500","CA2410010",9745,2719,"CWS","GW","GW","other_water_systems",0,0,0,0
"1501","CA2410011",1739,456,"CWS","GW","GW","other_water_systems",1,0,1,0
"1502","CA2410012",5504,1668,"CWS","GW","GW","other_water_systems",0,0,0,0
"1503","CA2410018",2211,672,"CWS","SW","SW","other_water_systems",0,0,0,0
"1504","CA2410021",196,3,"NTNCWS","GW","GW","other_water_systems",0,0,0,0
"1505","CA2410700",1650,134,"CWS","GW","GW","other_water_systems",0,3,0,1
"1506","CA2410950",150,3,"NTNCWS","SW","SW","other_water_systems",0,0,0,0
"1507","CA2500503",862,175,"CWS","GW","GW","other_water_systems",0,0,0,0
"1508","CA2500513",53,1,"NTNCWS","GW","GW","other_water_systems",0,0,0,0
"1509","CA2500547",50,1,"NTNCWS","GW","GW","other_water_systems",0,0,0,0
"1510","CA2500801",629,120,"CWS","GW","GW","other_water_systems",0,3,0,1
"1511","CA2500911",118,55,"CWS","GW","GW","other_water_systems",0,0,0,0
"1512","CA2510001",2715,1481,"CWS","GW","GW","carceral_serving_water_system",0,0,0,0
"1513","CA2510002",600,293,"CWS","GW","GW","other_water_systems",0,0,0,0
"1514","CA2510800",120,1,"NTNCWS","GW","GW","other_water_systems",0,0,0,0
"1515","CA2600501",150,76,"CWS","GW","GW","other_water_systems",0,1,0,1
"1516","CA2600532",70,32,"CWS","GW","GW","other_water_systems",0,0,0,0
"1517","CA2600538",310,112,"CWS","GW","GW","other_water_systems",0,0,0,0
"1518","CA2600546",175,57,"CWS","GW","GW","other_water_systems",0,0,0,0
"1519","CA2600547",230,108,"CWS","GW","GW","other_water_systems",0,1,0,1
"1520","CA2600568",26,3,"NTNCWS","GW","GW","other_water_systems",0,0,0,0
"1521","CA2600570",216,4,"NTNCWS","GW","GW","other_water_systems",0,0,0,0
"1522","CA2600620",505,121,"CWS","GW","GW","other_water_systems",0,0,0,0
"1523","CA2600621",142,43,"CWS","GW","GW","other_water_systems",0,0,0,0
"1524","CA2600622",84,30,"CWS","GW","GW","other_water_systems",2,0,1,0
"1525","CA2600624",7736,25,"NTNCWS","GW","GW","other_water_systems",0,0,0,0
"1526","CA2600699",45,15,"CWS","GW","GW","other_water_systems",0,0,0,0
"1527","CA2600714",86,43,"CWS","GW","GW","other_water_systems",0,0,0,0
"1528","CA2600733",65,20,"CWS","GW","GW","other_water_systems",0,0,0,0
"1529","CA2610001",8234,3452,"CWS","SW","SW","other_water_systems",0,0,0,0
"1530","CA2610002",2763,294,"CWS","SW","SW","other_water_systems",0,1,0,1
"1531","CA2610003",851,260,"CWS","GW","GW","carceral_serving_water_system",0,8,0,1
"1532","CA2610004",2810,388,"CWS","SW","SW","other_water_systems",1,0,1,0
"1533","CA2610005",672,68,"CWS","GW","GW","other_water_systems",0,0,0,0
"1534","CA2610700",1200,30,"CWS","GW","GW","other_water_systems",0,0,0,0
"1535","CA2610701",424,116,"CWS","GW","GW","other_water_systems",0,0,0,0
"1536","CA2700014",25,1,"NTNCWS","GW","GW","other_water_systems",0,0,0,0
"1537","CA2700032",40,1,"NTNCWS","GW","GW","other_water_systems",0,0,0,0
"1538","CA2700101",25,1,"NTNCWS","GW","GW","other_water_systems",0,2,0,1
"1539","CA2700147",150,10,"NTNCWS","GW","GW","other_water_systems",0,0,0,0
"1540","CA2700156",50,3,"NTNCWS","GW","GW","other_water_systems",0,1,0,1
"1541","CA2700503",126,42,"CWS","GW","GW","other_water_systems",0,0,0,0
"1542","CA2700509",92,28,"CWS","GW","GW","other_water_systems",0,0,0,0
"1543","CA2700511",928,273,"CWS","GW","GW","other_water_systems",0,0,0,0
"1544","CA2700518",98,4,"NTNCWS","GW","GW","other_water_systems",0,0,0,0
"1545","CA2700522",400,146,"CWS","GW","GW","other_water_systems",0,0,0,0
"1546","CA2700523",40,17,"CWS","GW","GW","other_water_systems",0,1,0,1
"1547","CA2700534",198,66,"CWS","GW","GW","other_water_systems",2,0,1,0
"1548","CA2700535",56,20,"CWS","GW","GW","other_water_systems",0,0,0,0
"1549","CA2700536",45,16,"CWS","GW","GW","other_water_systems",5,0,1,0
"1550","CA2700541",55,16,"CWS","GW","GW","other_water_systems",0,0,0,0
"1551","CA2700547",56,17,"CWS","GW","GW","other_water_systems",0,0,0,0
"1552","CA2700548",120,40,"CWS","GW","GW","other_water_systems",0,0,0,0
"1553","CA2700552",579,1,"NTNCWS","GW","GW","other_water_systems",1,0,1,0
"1554","CA2700558",29,2,"NTNCWS","GW","GW","other_water_systems",2,0,1,0
"1555","CA2700577",694,1,"NTNCWS","GW","GW","other_water_systems",0,0,0,0
"1556","CA2700579",60,20,"CWS","GW","GW","other_water_systems",0,0,0,0
"1557","CA2700586",535,162,"CWS","GW","GW","other_water_systems",0,0,0,0
"1558","CA2700589",73,26,"CWS","GW","GW","other_water_systems",0,0,0,0
"1559","CA2700592",40,4,"NTNCWS","GW","GW","other_water_systems",0,1,0,1
"1560","CA2700594",174,32,"CWS","GW","GW","other_water_systems",0,1,0,1
"1561","CA2700606",65,31,"CWS","GW","GW","other_water_systems",0,0,0,0
"1562","CA2700612",162,58,"CWS","GW","GW","other_water_systems",5,0,1,0
"1563","CA2700622",35,18,"CWS","GW","GW","other_water_systems",0,0,0,0
"1564","CA2700624",59,21,"CWS","GW","GW","other_water_systems",0,0,0,0
"1565","CA2700629",75,31,"CWS","GW","GW","other_water_systems",0,0,0,0
"1566","CA2700634",59,23,"CWS","GW","GW","other_water_systems",0,0,0,0
"1567","CA2700638",48,17,"CWS","GW","GW","other_water_systems",0,1,0,1
"1568","CA2700656",67,19,"CWS","GW","GW","other_water_systems",0,0,0,0
"1569","CA2700662",65,24,"CWS","GW","GWP","other_water_systems",0,0,0,0
"1570","CA2700663",66,13,"CWS","GW","GW","other_water_systems",0,0,0,0
"1571","CA2700665",105,35,"CWS","GW","GW","other_water_systems",5,0,1,0
"1572","CA2700669",32,16,"CWS","GW","GW","other_water_systems",0,0,0,0
"1573","CA2700674",180,76,"CWS","GW","GW","other_water_systems",0,0,0,0
"1574","CA2700678",42,15,"CWS","GW","GW","other_water_systems",0,0,0,0
"1575","CA2700682",206,17,"CWS","GW","GW","other_water_systems",0,0,0,0
"1576","CA2700686",65,17,"CWS","GW","GW","other_water_systems",0,0,0,0
"1577","CA2700687",120,40,"CWS","GW","GW","other_water_systems",0,0,0,0
"1578","CA2700691",50,16,"CWS","GW","GW","other_water_systems",0,0,0,0
"1579","CA2700702",277,84,"CWS","GW","GW","other_water_systems",1,0,1,0
"1580","CA2700703",68,5,"NTNCWS","GW","GW","other_water_systems",0,0,0,0
"1581","CA2700705",655,1,"NTNCWS","GW","GW","other_water_systems",0,0,0,0
"1582","CA2700709",100,36,"CWS","GW","GW","other_water_systems",0,0,0,0
"1583","CA2700713",184,56,"CWS","SW","GU","other_water_systems",0,0,0,0
"1584","CA2700727",300,1,"NTNCWS","GW","GW","other_water_systems",1,0,1,0
"1585","CA2700728",575,161,"CWS","GW","GW","other_water_systems",0,0,0,0
"1586","CA2700731",62,27,"CWS","GW","GW","other_water_systems",0,0,0,0
"1587","CA2700733",49,15,"CWS","GW","GW","other_water_systems",0,0,0,0
"1588","CA2700738",100,34,"CWS","GW","GW","other_water_systems",1,1,1,1
"1589","CA2700740",45,16,"CWS","GW","GWP","other_water_systems",0,0,0,0
"1590","CA2700766",78,27,"CWS","GW","GW","other_water_systems",0,0,0,0
"1591","CA2700771",200,34,"CWS","GW","GW","other_water_systems",5,0,1,0
"1592","CA2700772",166,105,"CWS","GW","GW","other_water_systems",4,0,1,0
"1593","CA2700773",880,268,"CWS","GW","GW","other_water_systems",0,0,0,0
"1594","CA2700775",48,16,"CWS","GW","GW","other_water_systems",0,1,0,1
"1595","CA2700787",438,126,"CWS","GW","GW","other_water_systems",0,0,0,0
"1596","CA2700792",95,34,"CWS","GW","GW","other_water_systems",0,0,0,0
"1597","CA2700799",92,28,"CWS","GW","GW","other_water_systems",0,1,0,1
"1598","CA2700837",78,16,"CWS","GW","GW","other_water_systems",0,0,0,0
"1599","CA2700838",90,33,"CWS","GW","GW","other_water_systems",3,0,1,0
"1600","CA2700842",40,17,"CWS","GW","GW","other_water_systems",0,0,0,0
"1601","CA2700850",110,3,"NTNCWS","GW","GW","other_water_systems",0,0,0,0
"1602","CA2700853",250,4,"NTNCWS","GW","GW","other_water_systems",0,0,0,0
"1603","CA2700856",25,5,"NTNCWS","GW","GW","other_water_systems",1,0,1,0
"1604","CA2700875",80,1,"NTNCWS","GW","GW","other_water_systems",0,1,0,1
"1605","CA2700964",100,1,"NTNCWS","GW","GW","other_water_systems",0,1,0,1
"1606","CA2700970",36,19,"CWS","GW","GW","other_water_systems",0,2,0,1
"1607","CA2700998",151,4,"NTNCWS","GW","GW","other_water_systems",0,1,0,1
"1608","CA2701034",75,18,"CWS","GW","GW","other_water_systems",0,1,0,1
"1609","CA2701040",92,24,"CWS","GW","GW","other_water_systems",4,0,1,0
"1610","CA2701046",126,42,"CWS","GW","GW","other_water_systems",0,0,0,0
"1611","CA2701063",65,19,"CWS","GW","GW","other_water_systems",5,0,1,0
"1612","CA2701068",86,31,"CWS","GW","GW","other_water_systems",0,0,0,0
"1613","CA2701152",82,2,"NTNCWS","GW","GW","other_water_systems",0,1,0,1
"1614","CA2701153",58,1,"NTNCWS","GW","GW","other_water_systems",0,0,0,0
"1615","CA2701171",35,1,"NTNCWS","GW","GW","other_water_systems",0,1,0,1
"1616","CA2701172",367,6,"NTNCWS","GW","GW","other_water_systems",0,0,0,0
"1617","CA2701187",79,11,"NTNCWS","GW","GW","other_water_systems",0,0,0,0
"1618","CA2701202",1139,192,"CWS","GW","GW","other_water_systems",0,0,0,0
"1619","CA2701214",154,50,"NTNCWS","GW","GW","other_water_systems",0,2,0,1
"1620","CA2701221",250,2,"NTNCWS","GW","GW","other_water_systems",6,0,1,0
"1621","CA2701231",1650,45,"NTNCWS","GW","GW","other_water_systems",0,0,0,0
"1622","CA2701241",91,9,"CWS","GW","GW","other_water_systems",6,0,1,0
"1623","CA2701254",584,176,"CWS","SW","SW","other_water_systems",0,0,0,0
"1624","CA2701257",30,43,"CWS","SW","GU","other_water_systems",0,0,0,0
"1625","CA2701263",35,26,"CWS","SW","SW","other_water_systems",0,0,0,0
"1626","CA2701278",58,20,"CWS","SW","GU","other_water_systems",0,0,0,0
"1627","CA2701279",129,32,"CWS","SW","SW","other_water_systems",0,0,0,0
"1628","CA2701280",550,11,"CWS","SW","SW","other_water_systems",0,0,0,0
"1629","CA2701295",246,42,"CWS","SW","SW","other_water_systems",0,0,0,0
"1630","CA2701355",126,55,"CWS","GW","GW","other_water_systems",0,0,0,0
"1631","CA2701364",273,96,"CWS","GW","GW","other_water_systems",0,0,0,0
"1632","CA2701367",58,21,"CWS","GW","GW","other_water_systems",0,0,0,0
"1633","CA2701403",36,17,"CWS","GW","GW","other_water_systems",0,0,0,0
"1634","CA2701423",45,16,"CWS","GW","GW","other_water_systems",0,0,0,0
"1635","CA2701452",243,124,"CWS","GW","GW","other_water_systems",0,1,0,1
"1636","CA2701498",75,29,"CWS","GW","GW","other_water_systems",0,0,0,0
"1637","CA2701503",90,35,"CWS","GW","GW","other_water_systems",0,0,0,0
"1638","CA2701515",520,144,"CWS","GW","GW","other_water_systems",0,0,0,0
"1639","CA2701550",70,1,"NTNCWS","GW","GW","other_water_systems",0,0,0,0
"1640","CA2701553",216,75,"CWS","GW","GW","other_water_systems",0,0,0,0
"1641","CA2701570",105,25,"CWS","GW","GW","other_water_systems",0,0,0,0
"1642","CA2701579",25,2,"NTNCWS","GW","GW","other_water_systems",0,0,0,0
"1643","CA2701589",45,15,"CWS","GW","GW","other_water_systems",0,0,0,0
"1644","CA2701633",48,16,"CWS","GW","GW","other_water_systems",0,0,0,0
"1645","CA2701647",56,20,"CWS","GW","GW","other_water_systems",0,0,0,0
"1646","CA2701658",130,60,"CWS","SW","GU","other_water_systems",0,0,0,0
"1647","CA2701659",396,20,"NTNCWS","GW","GW","other_water_systems",0,1,0,1
"1648","CA2701670",81,32,"CWS","GW","GW","other_water_systems",0,0,0,0
"1649","CA2701676",315,94,"CWS","GW","GW","other_water_systems",2,1,1,1
"1650","CA2701679",31,1,"NTNCWS","GW","GW","other_water_systems",0,2,0,1
"1651","CA2701683",260,3,"NTNCWS","GW","GW","other_water_systems",0,0,0,0
"1652","CA2701687",128,46,"CWS","GW","GW","other_water_systems",0,2,0,1
"1653","CA2701701",25,16,"CWS","GW","GW","other_water_systems",0,0,0,0
"1654","CA2701705",150,70,"CWS","SW","GU","other_water_systems",0,0,0,0
"1655","CA2701726",25,4,"NTNCWS","GW","GW","other_water_systems",3,0,1,0
"1656","CA2701731",41,26,"CWS","SW","SW","other_water_systems",0,0,0,0
"1657","CA2701740",120,44,"CWS","GW","GW","other_water_systems",0,0,0,0
"1658","CA2701742",150,50,"CWS","GW","GW","other_water_systems",0,0,0,0
"1659","CA2701789",108,27,"CWS","GW","GWP","other_water_systems",0,0,0,0
"1660","CA2701800",90,46,"CWS","GW","GW","other_water_systems",0,0,0,0
"1661","CA2701820",54,19,"CWS","GW","GW","other_water_systems",3,0,1,0
"1662","CA2701822",92,33,"CWS","GW","GW","other_water_systems",0,1,0,1
"1663","CA2701837",37,5,"NTNCWS","GW","GW","other_water_systems",1,0,1,0
"1664","CA2701876",25,1,"NTNCWS","GW","GW","other_water_systems",0,0,0,0
"1665","CA2701888",55,24,"CWS","GW","GW","other_water_systems",0,2,0,1
"1666","CA2701897",50,19,"CWS","GW","GW","other_water_systems",0,0,0,0
"1667","CA2701898",123,41,"CWS","SW","GU","other_water_systems",0,0,0,0
"1668","CA2701904",249,134,"CWS","GW","GW","other_water_systems",0,0,0,0
"1669","CA2701906",84,30,"CWS","SW","SW","other_water_systems",0,0,0,0
"1670","CA2701912",45,5,"NTNCWS","GW","GW","other_water_systems",0,1,0,1
"1671","CA2701918",93,32,"CWS","GW","GW","other_water_systems",0,0,0,0
"1672","CA2701922",35,3,"NTNCWS","GW","GW","other_water_systems",0,0,0,0
"1673","CA2701926",210,65,"CWS","GW","GW","other_water_systems",5,0,1,0
"1674","CA2701929",621,107,"CWS","GW","GW","other_water_systems",0,0,0,0
"1675","CA2701931",165,1,"NTNCWS","GW","GW","other_water_systems",0,0,0,0
"1676","CA2701935",45,15,"CWS","GW","GW","other_water_systems",0,0,0,0
"1677","CA2701940",554,18,"NTNCWS","GW","GW","other_water_systems",0,0,0,0
"1678","CA2701946",60,3,"NTNCWS","GW","GW","other_water_systems",0,0,0,0
"1679","CA2701956",64,22,"CWS","GW","GW","other_water_systems",0,0,0,0
"1680","CA2701959",54,18,"CWS","GW","GW","other_water_systems",0,0,0,0
"1681","CA2702003",65,25,"CWS","GW","GW","other_water_systems",1,0,1,0
"1682","CA2702004",96,27,"CWS","GW","GW","other_water_systems",0,0,0,0
"1683","CA2702007",164,48,"CWS","GW","GW","other_water_systems",1,0,1,0
"1684","CA2702009",1248,1,"NTNCWS","GW","GW","other_water_systems",5,1,1,1
"1685","CA2702026",53,16,"CWS","GW","GW","other_water_systems",0,0,0,0
"1686","CA2702050",50,1,"NTNCWS","GW","GW","other_water_systems",0,0,0,0
"1687","CA2702055",66,22,"CWS","GW","GW","other_water_systems",0,0,0,0
"1688","CA2702073",93,31,"CWS","GW","GW","other_water_systems",0,0,0,0
"1689","CA2702094",60,21,"CWS","GW","GW","other_water_systems",0,0,0,0
"1690","CA2702110",60,17,"CWS","GW","GW","other_water_systems",0,0,0,0
"1691","CA2702121",28,13,"NTNCWS","GW","GW","other_water_systems",0,0,0,0
"1692","CA2702135",46,14,"CWS","GW","GW","other_water_systems",0,0,0,0
"1693","CA2702140",73,26,"CWS","GW","GW","other_water_systems",0,1,0,1
"1694","CA2702148",101,36,"CWS","GW","GW","other_water_systems",0,0,0,0
"1695","CA2702163",50,6,"NTNCWS","GW","GW","other_water_systems",1,0,1,0
"1696","CA2702172",66,7,"NTNCWS","SW","GU","other_water_systems",0,0,0,0
"1697","CA2702180",56,1,"NTNCWS","GW","GW","other_water_systems",0,0,0,0
"1698","CA2702198",183,41,"CWS","GW","GW","other_water_systems",0,0,0,0
"1699","CA2702202",200,6,"NTNCWS","GW","GW","other_water_systems",0,0,0,0
"1700","CA2702254",25,5,"NTNCWS","GW","GW","other_water_systems",0,1,0,1
"1701","CA2702256",60,33,"CWS","GW","GW","other_water_systems",0,0,0,0
"1702","CA2702259",49,1,"NTNCWS","GW","GW","other_water_systems",5,0,1,0
"1703","CA2702268",44,48,"CWS","GW","GW","other_water_systems",0,0,0,0
"1704","CA2702293",69,6,"NTNCWS","GW","GW","other_water_systems",0,0,0,0
"1705","CA2702296",65,1,"NTNCWS","GW","GW","other_water_systems",0,0,0,0
"1706","CA2702299",416,58,"CWS","GW","GW","other_water_systems",0,0,0,0
"1707","CA2702315",705,1,"NTNCWS","GW","GW","other_water_systems",0,1,0,1
"1708","CA2702317",100,1,"NTNCWS","GW","GW","other_water_systems",0,0,0,0
"1709","CA2702320",175,13,"CWS","GW","GW","other_water_systems",0,0,0,0
"1710","CA2702322",95,1,"NTNCWS","SW","GU","other_water_systems",0,1,0,1
"1711","CA2702323",35,8,"NTNCWS","SW","SW","other_water_systems",0,0,0,0
"1712","CA2702325",133,12,"CWS","SW","GU","other_water_systems",0,2,0,1
"1713","CA2702328",193,26,"CWS","SW","SW","other_water_systems",0,0,0,0
"1714","CA2702336",61,3,"NTNCWS","GW","GW","other_water_systems",0,0,0,0
"1715","CA2702368",2000,41,"NTNCWS","GW","GW","other_water_systems",0,0,0,0
"1716","CA2702370",135,8,"NTNCWS","GW","GW","other_water_systems",0,0,0,0
"1717","CA2702373",256,2,"NTNCWS","SW","GU","other_water_systems",0,0,0,0
"1718","CA2702374",243,17,"CWS","GW","GW","other_water_systems",0,0,0,0
"1719","CA2702388",60,20,"CWS","GW","GW","other_water_systems",0,0,0,0
"1720","CA2702405",129,39,"CWS","GW","GW","other_water_systems",3,2,1,1
"1721","CA2702409",133,21,"CWS","GW","GW","other_water_systems",3,0,1,0
"1722","CA2702412",900,1,"NTNCWS","GW","GW","other_water_systems",0,0,0,0
"1723","CA2702431",25,4,"NTNCWS","GW","GW","other_water_systems",0,0,0,0
"1724","CA2702439",57,37,"CWS","GW","GW","other_water_systems",0,0,0,0
"1725","CA2702452",25,3,"NTNCWS","GW","GW","other_water_systems",0,0,0,0
"1726","CA2702453",55,5,"NTNCWS","GW","GW","other_water_systems",4,0,1,0
"1727","CA2702456",73,1,"NTNCWS","GW","GW","other_water_systems",0,0,0,0
"1728","CA2702466",69,21,"CWS","GW","GW","other_water_systems",0,0,0,0
"1729","CA2702482",25,1,"NTNCWS","GW","GW","other_water_systems",0,0,0,0
"1730","CA2702484",500,40,"NTNCWS","GW","GW","other_water_systems",0,1,0,1
"1731","CA2702487",85,8,"NTNCWS","GW","GW","other_water_systems",0,0,0,0
"1732","CA2702490",70,1,"NTNCWS","GW","GW","other_water_systems",0,0,0,0
"1733","CA2702496",45,1,"NTNCWS","GW","GW","other_water_systems",0,0,0,0
"1734","CA2702519",25,1,"NTNCWS","GW","GW","other_water_systems",0,0,0,0
"1735","CA2702520",70,27,"CWS","GW","GW","other_water_systems",0,0,0,0
"1736","CA2702521",917,184,"CWS","GW","GW","other_water_systems",0,1,0,1
"1737","CA2702539",105,2,"NTNCWS","GW","GW","other_water_systems",0,0,0,0
"1738","CA2702550",25,1,"NTNCWS","GW","GW","other_water_systems",5,0,1,0
"1739","CA2702554",116,33,"CWS","GW","GW","other_water_systems",0,0,0,0
"1740","CA2702571",25,1,"NTNCWS","GW","GW","other_water_systems",0,0,0,0
"1741","CA2702584",100,4,"NTNCWS","GW","GW","other_water_systems",0,0,0,0
"1742","CA2702588",356,183,"CWS","SW","GU","other_water_systems",0,0,0,0
"1743","CA2702595",33,2,"NTNCWS","SW","SW","other_water_systems",0,0,0,0
"1744","CA2702607",29,1,"NTNCWS","GW","GW","other_water_systems",0,0,0,0
"1745","CA2702608",60,21,"CWS","GW","GW","other_water_systems",3,0,1,0
"1746","CA2702613",70,1,"NTNCWS","GW","GW","other_water_systems",0,0,0,0
"1747","CA2702615",160,1,"NTNCWS","GW","GW","other_water_systems",0,0,0,0
"1748","CA2702616",25,3,"NTNCWS","GW","GW","other_water_systems",3,0,1,0
"1749","CA2702620",25,2,"NTNCWS","GW","GW","other_water_systems",0,3,0,1
"1750","CA2702643",440,17,"NTNCWS","GW","GW","other_water_systems",0,0,0,0
"1751","CA2702652",50,4,"NTNCWS","GW","GW","other_water_systems",0,0,0,0
"1752","CA2702681",69,1,"NTNCWS","GW","GW","other_water_systems",0,0,0,0
"1753","CA2702704",284,4,"NTNCWS","GW","GW","other_water_systems",0,0,0,0
"1754","CA2702708",25,1,"NTNCWS","GW","GW","other_water_systems",0,1,0,1
"1755","CA2702812",25,3,"NTNCWS","GW","GW","other_water_systems",0,0,0,0
"1756","CA2702816",161,4,"CWS","GW","GW","other_water_systems",0,0,0,0
"1757","CA2702830",25,1,"NTNCWS","GW","GW","other_water_systems",5,0,1,0
"1758","CA2704520",35,1,"CWS","GW","GW","other_water_systems",0,0,0,0
"1759","CA2704623",50,5,"NTNCWS","GW","GW","other_water_systems",5,0,1,0
"1760","CA2706552",70,10,"NTNCWS","GW","GW","other_water_systems",0,0,0,0
"1761","CA2708852",25,3,"NTNCWS","GW","GW","other_water_systems",4,1,1,1
"1762","CA2710001",30142,9136,"CWS","GW","GW","other_water_systems",0,0,0,0
"1763","CA2710004",92450,38257,"CWS","SW","GU","other_water_systems",0,0,0,0
"1764","CA2710005",7515,2360,"CWS","GW","GW","other_water_systems",0,0,0,0
"1765","CA2710006",980,410,"CWS","GW","GW","other_water_systems",0,0,0,0
"1766","CA2710007",8576,1961,"CWS","GW","GW","other_water_systems",0,1,0,1
"1767","CA2710008",18967,3880,"CWS","GW","GW","other_water_systems",0,0,0,0
"1768","CA2710009",16156,2863,"CWS","GW","GW","other_water_systems",0,0,0,0
"1769","CA2710010",113074,24025,"CWS","GW","GW","carceral_serving_water_system",0,0,0,0
"1770","CA2710011",18648,4400,"CWS","GW","GW","other_water_systems",0,0,0,0
"1771","CA2710012",5290,2350,"CWS","GW","GW","other_water_systems",0,0,0,0
"1772","CA2710013",2083,625,"CWS","GW","GW","other_water_systems",0,0,0,0
"1773","CA2710016",2327,703,"CWS","GW","GW","other_water_systems",0,0,0,0
"1774","CA2710017",36987,10218,"CWS","GW","GW","other_water_systems",0,0,0,0
"1775","CA2710018",2800,792,"CWS","GW","GW","other_water_systems",0,0,0,0
"1776","CA2710019",3160,883,"CWS","GW","GW","other_water_systems",0,0,0,0
"1777","CA2710020",6500,463,"CWS","GW","GW","other_water_systems",0,0,0,0
"1778","CA2710021",1065,419,"CWS","GW","GW","other_water_systems",0,0,0,0
"1779","CA2710022",1106,453,"CWS","GW","GW","other_water_systems",0,0,0,0
"1780","CA2710023",672,328,"CWS","GW","GW","other_water_systems",0,2,0,1
"1781","CA2710300",585,128,"CWS","GW","GW","other_water_systems",0,0,0,0
"1782","CA2710702",2753,185,"CWS","GW","GW","other_water_systems",0,0,0,0
"1783","CA2710705",385,343,"NTNCWS","GW","GW","other_water_systems",0,1,0,1
"1784","CA2710850",4269,2769,"CWS","GW","GW","carceral_water_system",0,0,0,0
"1785","CA2710851",2930,2209,"CWS","GW","GW","carceral_water_system",0,2,0,1
"1786","CA2800012",26,1,"NTNCWS","SW","SWP","other_water_systems",0,0,0,0
"1787","CA2800015",28,3,"NTNCWS","GW","GW","other_water_systems",0,0,0,0
"1788","CA2800020",25,1,"NTNCWS","GW","GW","other_water_systems",0,0,0,0
"1789","CA2800023",232,2,"NTNCWS","GW","GW","other_water_systems",0,1,0,1
"1790","CA2800024",25,1,"NTNCWS","GW","GW","other_water_systems",0,0,0,0
"1791","CA2800027",148,2,"NTNCWS","GW","GW","other_water_systems",0,0,0,0
"1792","CA2800034",70,3,"NTNCWS","GW","GW","other_water_systems",0,0,0,0
"1793","CA2800035",66,6,"CWS","GW","GW","other_water_systems",0,0,0,0
"1794","CA2800039",65,4,"CWS","GW","GW","other_water_systems",0,0,0,0
"1795","CA2800040",66,3,"CWS","GW","GW","other_water_systems",0,0,0,0
"1796","CA2800041",25,1,"NTNCWS","GW","GW","other_water_systems",0,0,0,0
"1797","CA2800043",833,7,"NTNCWS","GW","GW","other_water_systems",0,1,0,1
"1798","CA2800047",25,1,"NTNCWS","GW","GW","other_water_systems",0,0,0,0
"1799","CA2800059",417,1,"NTNCWS","SW","SWP","other_water_systems",0,0,0,0
"1800","CA2800112",25,1,"NTNCWS","GW","GW","other_water_systems",0,1,0,1
"1801","CA2800129",100,1,"NTNCWS","GW","GW","other_water_systems",0,3,0,1
"1802","CA2800299",30,2,"NTNCWS","GW","GW","other_water_systems",0,1,0,1
"1803","CA2800301",55,1,"NTNCWS","GW","GW","other_water_systems",0,6,0,1
"1804","CA2800516",200,22,"CWS","GW","GW","other_water_systems",0,0,0,0
"1805","CA2800521",500,190,"CWS","SW","SW","other_water_systems",0,1,0,1
"1806","CA2800525",67,19,"CWS","GW","GW","other_water_systems",0,2,0,1
"1807","CA2800526",498,185,"CWS","SW","SW","other_water_systems",1,0,1,0
"1808","CA2800527",35,17,"CWS","GW","GW","other_water_systems",0,0,0,0
"1809","CA2800528",90,36,"CWS","GW","GW","other_water_systems",0,0,0,0
"1810","CA2800530",250,102,"CWS","GW","GW","other_water_systems",1,2,1,1
"1811","CA2800531",70,14,"CWS","GW","GW","other_water_systems",1,6,1,1
"1812","CA2800532",25,15,"CWS","GW","GW","other_water_systems",0,1,0,1
"1813","CA2800536",25,1,"NTNCWS","GW","GW","other_water_systems",0,0,0,0
"1814","CA2800543",208,63,"CWS","SW","SW","other_water_systems",0,0,0,0
"1815","CA2800556",25,1,"NTNCWS","GW","GW","other_water_systems",0,1,0,1
"1816","CA2800561",55,3,"NTNCWS","GW","GW","other_water_systems",0,0,0,0
"1817","CA2800562",200,1,"NTNCWS","GW","GW","other_water_systems",0,0,0,0
"1818","CA2800569",100,2,"NTNCWS","GW","GW","other_water_systems",0,2,0,1
"1819","CA2800580",130,7,"NTNCWS","GW","GW","other_water_systems",0,1,0,1
"1820","CA2800588",400,1,"NTNCWS","GW","GW","other_water_systems",0,0,0,0
"1821","CA2800593",28,16,"CWS","GW","GW","other_water_systems",0,2,0,1
"1822","CA2800609",19412,10,"NTNCWS","GW","GW","other_water_systems",0,0,0,0
"1823","CA2800625",817,196,"CWS","GW","GW","other_water_systems",0,0,0,0
"1824","CA2800648",60,1,"NTNCWS","GW","GW","other_water_systems",0,0,0,0
"1825","CA2800736",200,6,"NTNCWS","GW","GW","other_water_systems",1,3,1,1
"1826","CA2800741",25,1,"NTNCWS","GW","GW","other_water_systems",0,0,0,0
"1827","CA2800840",100,1,"NTNCWS","SW","SW","other_water_systems",0,0,0,0
"1828","CA2800847",100,1,"NTNCWS","GW","GW","other_water_systems",0,0,0,0
"1829","CA2800848",100,1,"NTNCWS","GW","GW","other_water_systems",0,0,0,0
"1830","CA2800970",100,2,"NTNCWS","GW","GW","other_water_systems",0,0,0,0
"1831","CA2801002",50,1,"NTNCWS","GW","GW","other_water_systems",1,3,1,1
"1832","CA2801004",125,4,"NTNCWS","GW","GW","other_water_systems",0,0,0,0
"1833","CA2801006",100,2,"NTNCWS","GW","GW","other_water_systems",0,0,0,0
"1834","CA2801007",155,3,"NTNCWS","GW","GW","other_water_systems",0,0,0,0
"1835","CA2801008",76,2,"NTNCWS","GW","GW","other_water_systems",0,1,0,1
"1836","CA2801011",652,3,"NTNCWS","GW","GW","other_water_systems",0,0,0,0
"1837","CA2801012",25,1,"NTNCWS","GW","GW","other_water_systems",0,0,0,0
"1838","CA2801015",50,1,"NTNCWS","GW","GW","other_water_systems",0,1,0,1
"1839","CA2801016",250,5,"CWS","GW","GW","other_water_systems",0,0,0,0
"1840","CA2801024",50,1,"NTNCWS","GW","GW","other_water_systems",0,0,0,0
"1841","CA2801026",100,1,"NTNCWS","GW","GW","other_water_systems",0,1,0,1
"1842","CA2801027",27,2,"NTNCWS","SW","SW","other_water_systems",0,1,0,1
"1843","CA2801028",88,1,"NTNCWS","GW","GW","other_water_systems",0,0,0,0
"1844","CA2801029",75,2,"NTNCWS","GW","GW","other_water_systems",0,0,0,0
"1845","CA2801031",490,2,"NTNCWS","GW","GW","other_water_systems",0,2,0,1
"1846","CA2801033",150,5,"NTNCWS","GW","GW","other_water_systems",0,1,0,1
"1847","CA2801035",100,1,"NTNCWS","GW","GW","other_water_systems",0,0,0,0
"1848","CA2801036",161,22,"NTNCWS","GW","GW","other_water_systems",0,0,0,0
"1849","CA2801037",25,1,"NTNCWS","GW","GW","other_water_systems",0,3,0,1
"1850","CA2801038",188,1,"NTNCWS","GW","GW","other_water_systems",0,1,0,1
"1851","CA2801041",100,3,"NTNCWS","GW","GW","other_water_systems",0,0,0,0
"1852","CA2801046",40,1,"NTNCWS","GW","GW","other_water_systems",0,0,0,0
"1853","CA2801047",40,2,"NTNCWS","GW","GW","other_water_systems",0,0,0,0
"1854","CA2801049",200,6,"NTNCWS","GW","GW","other_water_systems",0,0,0,0
"1855","CA2801055",25,1,"NTNCWS","GW","GW","other_water_systems",0,0,0,0
"1856","CA2801056",95,1,"NTNCWS","GW","GW","other_water_systems",0,0,0,0
"1857","CA2801057",84,2,"NTNCWS","GW","GW","other_water_systems",0,0,0,0
"1858","CA2801070",300,1,"NTNCWS","GW","GW","other_water_systems",0,2,0,1
"1859","CA2801073",238,1,"NTNCWS","GW","GW","other_water_systems",0,0,0,0
"1860","CA2801075",100,7,"NTNCWS","GW","GW","other_water_systems",0,0,0,0
"1861","CA2801076",42,1,"NTNCWS","GW","GW","other_water_systems",0,1,0,1
"1862","CA2801080",44,24,"CWS","GW","GW","other_water_systems",0,0,0,0
"1863","CA2801084",110,1,"NTNCWS","GW","GW","other_water_systems",0,1,0,1
"1864","CA2801086",32,4,"NTNCWS","GW","GW","other_water_systems",0,2,0,1
"1865","CA2801088",45,2,"NTNCWS","GW","GW","other_water_systems",0,3,0,1
"1866","CA2803907",25,1,"NTNCWS","GW","GW","other_water_systems",0,0,0,0
"1867","CA2803912",100,1,"NTNCWS","GW","GW","other_water_systems",0,3,0,1
"1868","CA2810001",1498,399,"CWS","SW","SW","other_water_systems",2,1,1,1
"1869","CA2810002",5610,2229,"CWS","SW","SW","other_water_systems",1,0,1,0
"1870","CA2810003",85005,24950,"CWS","SW","SW","carceral_serving_water_system",0,0,0,0
"1871","CA2810004",5386,2551,"CWS","SW","SW","other_water_systems",4,1,1,1
"1872","CA2810005",20990,6868,"CWS","SW","SW","other_water_systems",0,1,0,1
"1873","CA2810007",2751,837,"CWS","SW","SWP","other_water_systems",0,1,0,1
"1874","CA2810008",0,10,"CWS","SW","SW","other_water_systems",0,0,0,0
"1875","CA2810009",261,78,"CWS","SW","SW","other_water_systems",0,3,0,1
"1876","CA2810012",1958,313,"CWS","GW","GW","other_water_systems",0,0,0,0
"1877","CA2810013",669,248,"CWS","SW","SW","other_water_systems",1,2,1,1
"1878","CA2810014",230,97,"CWS","SW","SW","other_water_systems",0,3,0,1
"1879","CA2810302",65,7,"NTNCWS","GW","GW","other_water_systems",0,1,0,1
"1880","CA2900330",125,2,"NTNCWS","GW","GW","other_water_systems",0,0,0,0
"1881","CA2900502",110,45,"CWS","SW","GU","other_water_systems",0,1,0,1
"1882","CA2900507",254,559,"NTNCWS","GW","GW","other_water_systems",0,0,0,0
"1883","CA2900508",180,85,"NTNCWS","GW","GW","other_water_systems",1,0,1,0
"1884","CA2900511",90,28,"CWS","GW","GW","other_water_systems",0,0,0,0
"1885","CA2900523",330,115,"CWS","SW","SW","other_water_systems",0,3,0,1
"1886","CA2900529",60,27,"CWS","GW","GW","other_water_systems",0,0,0,0
"1887","CA2900530",268,56,"CWS","GW","GW","other_water_systems",0,1,0,1
"1888","CA2900531",300,131,"CWS","GW","GW","other_water_systems",0,0,0,0
"1889","CA2900532",332,16,"NTNCWS","GW","GW","other_water_systems",0,2,0,1
"1890","CA2900535",250,4,"NTNCWS","GW","GW","other_water_systems",0,0,0,0
"1891","CA2900536",160,8,"NTNCWS","GW","GW","other_water_systems",0,0,0,0
"1892","CA2900541",35,16,"CWS","GW","GW","other_water_systems",0,0,0,0
"1893","CA2900546",25,13,"CWS","GW","GW","other_water_systems",0,0,0,0
"1894","CA2900548",100,32,"CWS","GW","GW","other_water_systems",0,1,0,1
"1895","CA2900562",233,98,"CWS","GW","GW","other_water_systems",0,0,0,0
"1896","CA2900563",536,14,"NTNCWS","SW","SW","other_water_systems",0,0,0,0
"1897","CA2900578",125,11,"NTNCWS","GW","GW","other_water_systems",0,0,0,0
"1898","CA2900587",50,10,"NTNCWS","GW","GW","other_water_systems",0,0,0,0
"1899","CA2900593",120,8,"NTNCWS","GW","GW","other_water_systems",0,0,0,0
"1900","CA2900601",25,3,"NTNCWS","GW","GW","other_water_systems",0,0,0,0
"1901","CA2900618",62,8,"NTNCWS","GW","GW","other_water_systems",0,0,0,0
"1902","CA2900626",35,4,"NTNCWS","GW","GW","other_water_systems",0,0,0,0
"1903","CA2901208",60,1,"NTNCWS","GW","GW","other_water_systems",0,0,0,0
"1904","CA2904011",44,1,"NTNCWS","GW","GW","other_water_systems",0,2,0,1
"1905","CA2910001",4947,2486,"CWS","SW","SW","other_water_systems",0,0,0,0
"1906","CA2910002",3148,1433,"CWS","SW","SW","carceral_serving_water_system",1,0,1,0
"1907","CA2910003",36730,13657,"CWS","GW","GW","other_water_systems",0,0,0,0
"1908","CA2910004",17154,6154,"CWS","SW","SW","other_water_systems",0,0,0,0
"1909","CA2910006",14072,4994,"CWS","SW","SW","other_water_systems",0,0,0,0
"1910","CA2910010",85,25,"CWS","GW","GW","other_water_systems",0,0,0,0
"1911","CA2910011",376,269,"CWS","GW","GW","other_water_systems",0,0,0,0
"1912","CA2910013",62,3,"CWS","GW","GW","carceral_water_system",0,0,0,0
"1913","CA2910014",6870,2470,"CWS","SW","SW","other_water_systems",0,0,0,0
"1914","CA2910016",310,362,"CWS","SW","SW","other_water_systems",1,0,1,0
"1915","CA2910023",9108,3229,"CWS","SW","SW","other_water_systems",0,0,0,0
"1916","CA3000519",139,51,"CWS","GW","GW","other_water_systems",0,0,0,0
"1917","CA3000585",119,37,"CWS","GW","GW","other_water_systems",0,0,0,0
"1918","CA3000618",85,27,"CWS","GW","GW","other_water_systems",0,1,0,1
"1919","CA3000734",3000,63,"NTNCWS","SW","SWP","other_water_systems",0,0,0,0
"1920","CA3000759",260,166,"NTNCWS","GW","GW","other_water_systems",0,0,0,0
"1921","CA3000819",1600,1,"NTNCWS","GW","GW","other_water_systems",0,1,0,1
"1922","CA3000825",825,56,"CWS","GW","GW","other_water_systems",0,0,0,0
"1923","CA3000980",1600,2,"NTNCWS","SW","SWP","other_water_systems",0,0,0,0
"1924","CA3010001",337159,62205,"CWS","SW","SW","carceral_serving_water_system",0,0,0,0
"1925","CA3010002",47589,12943,"CWS","SW","SWP","other_water_systems",0,0,0,0
"1926","CA3010003",81998,19074,"CWS","SW","SWP","carceral_serving_water_system",0,0,0,0
"1927","CA3010004",110000,24475,"CWS","SW","SWP","carceral_serving_water_system",0,0,0,0
"1928","CA3010008",2000,285,"CWS","GW","GW","other_water_systems",0,1,0,1
"1929","CA3010010",141874,31411,"CWS","SW","SWP","carceral_serving_water_system",0,0,0,0
"1930","CA3010017",18404,8750,"CWS","SW","SWP","other_water_systems",0,0,0,0
"1931","CA3010018",63118,13248,"CWS","SW","SWP","other_water_systems",0,0,0,0
"1932","CA3010022",114185,28175,"CWS","SW","SWP","other_water_systems",0,0,0,0
"1933","CA3010023",68572,26469,"CWS","SW","SWP","other_water_systems",0,0,0,0
"1934","CA3010027",117150,35528,"CWS","SW","SWP","carceral_serving_water_system",0,0,0,0
"1935","CA3010030",38347,11016,"CWS","SW","SWP","other_water_systems",0,2,0,1
"1936","CA3010035",50196,13029,"CWS","SW","SWP","other_water_systems",0,0,0,0
"1937","CA3010036",51545,17587,"CWS","SW","SWP","other_water_systems",0,0,0,0
"1938","CA3010037",84140,25497,"CWS","SW","SWP","other_water_systems",0,0,0,0
"1939","CA3010038",308189,45561,"CWS","SW","SWP","carceral_serving_water_system",0,0,0,0
"1940","CA3010041",24937,5449,"CWS","SW","SWP","carceral_serving_water_system",0,2,0,1
"1941","CA3010042",40937,13386,"CWS","SW","SWP","other_water_systems",0,0,0,0
"1942","CA3010046",66600,14160,"CWS","SW","SWP","other_water_systems",0,0,0,0
"1943","CA3010047",7006,2534,"CWS","SW","SWP","other_water_systems",0,0,0,0
"1944","CA3010053",201000,53337,"CWS","SW","SWP","carceral_serving_water_system",0,0,0,0
"1945","CA3010062",174226,34420,"CWS","SW","SWP","carceral_serving_water_system",0,0,0,0
"1946","CA3010064",95256,20733,"CWS","SW","SWP","other_water_systems",0,0,0,0
"1947","CA3010068",3222,1209,"CWS","SW","SWP","other_water_systems",0,0,0,0
"1948","CA3010069",56747,16888,"CWS","SW","SWP","other_water_systems",0,0,0,0
"1949","CA3010071",0,44,"CWS","SW","SWP","other_water_systems",0,0,0,0
"1950","CA3010073",170236,53620,"CWS","SW","SWP","other_water_systems",0,0,0,0
"1951","CA3010079",47911,9534,"CWS","SW","SWP","other_water_systems",0,0,0,0
"1952","CA3010082",5659,2357,"CWS","SW","SW","other_water_systems",0,0,0,0
"1953","CA3010092",433652,130276,"CWS","SW","SW","carceral_serving_water_system",0,1,0,1
"1954","CA3010093",0,16,"CWS","SW","SWP","other_water_systems",0,0,0,0
"1955","CA3010094",13659,4112,"CWS","SW","SWP","carceral_serving_water_system",0,0,0,0
"1956","CA3010097",1305,198,"CWS","GW","GW","other_water_systems",0,1,0,1
"1957","CA3010100",15948,4368,"CWS","SW","SWP","other_water_systems",0,0,0,0
"1958","CA3010101",166600,55982,"CWS","SW","SWP","other_water_systems",0,0,0,0
"1959","CA3010120",0,2,"CWS","GW","GW","other_water_systems",0,0,0,0
"1960","CA3100011",290,143,"CWS","GW","GW","other_water_systems",0,0,0,0
"1961","CA3100014",150,31,"CWS","GW","GW","other_water_systems",0,2,0,1
"1962","CA3100029",200,138,"CWS","GW","GW","other_water_systems",0,0,0,0
"1963","CA3100038",250,101,"CWS","SW","SW","other_water_systems",0,0,0,0
"1964","CA3100040",200,121,"CWS","SW","SW","other_water_systems",0,1,0,1
"1965","CA3100041",250,129,"CWS","SW","SW","other_water_systems",0,0,0,0
"1966","CA3100043",75,32,"CWS","GW","GW","other_water_systems",0,0,0,0
"1967","CA3100061",52,28,"CWS","GW","GW","other_water_systems",0,0,0,0
"1968","CA3100069",75,54,"CWS","GW","GW","other_water_systems",0,0,0,0
"1969","CA3100072",200,1,"NTNCWS","GW","GW","other_water_systems",0,0,0,0
"1970","CA3100083",260,1,"NTNCWS","GW","GW","other_water_systems",0,2,0,1
"1971","CA3100105",25,1,"NTNCWS","GW","GW","other_water_systems",0,0,0,0
"1972","CA3100528",84,32,"CWS","SW","SWP","other_water_systems",0,0,0,0
"1973","CA3100538",31,15,"CWS","GW","GW","other_water_systems",0,0,0,0
"1974","CA3103291",450,6,"NTNCWS","GW","GW","other_water_systems",0,2,0,1
"1975","CA3103294",1500,4,"NTNCWS","GW","GW","other_water_systems",0,2,0,1
"1976","CA3103310",125,43,"CWS","GW","GW","other_water_systems",0,0,0,0
"1977","CA3103835",499,153,"CWS","SW","SWP","other_water_systems",0,0,0,0
"1978","CA3103836",499,165,"CWS","SW","SWP","other_water_systems",0,0,0,0
"1979","CA3104508",30,1,"NTNCWS","GW","GW","other_water_systems",0,0,0,0
"1980","CA3105779",25,8,"NTNCWS","GW","GW","other_water_systems",0,0,0,0
"1981","CA3106937",30,1,"NTNCWS","GW","GW","other_water_systems",0,1,0,1
"1982","CA3107084",250,1,"NTNCWS","GW","GW","other_water_systems",0,0,0,0
"1983","CA3107310",40,1,"NTNCWS","GW","GW","other_water_systems",0,1,0,1
"1984","CA3107322",25,2,"NTNCWS","GW","GW","other_water_systems",0,0,0,0
"1985","CA3107329",100,2,"NTNCWS","GW","GW","other_water_systems",0,1,0,1
"1986","CA3107339",333,101,"CWS","SW","SWP","other_water_systems",0,0,0,0
"1987","CA3107342",50,1,"NTNCWS","GW","GW","other_water_systems",0,0,0,0
"1988","CA3110001",6321,3241,"CWS","SW","SW","other_water_systems",0,0,0,0
"1989","CA3110003",6700,2060,"CWS","SW","SW","other_water_systems",0,0,0,0
"1990","CA3110004",51252,22127,"CWS","SW","SWP","other_water_systems",0,0,0,0
"1991","CA3110005",27294,8539,"CWS","SW","SW","other_water_systems",0,0,0,0
"1992","CA3110006",3149,955,"CWS","SW","SW","other_water_systems",0,0,0,0
"1993","CA3110008",149779,50722,"CWS","SW","SW","other_water_systems",0,0,0,0
"1994","CA3110009",5787,1539,"CWS","SW","SW","other_water_systems",0,0,0,0
"1995","CA3110010",5661,2902,"CWS","GW","GW","other_water_systems",0,0,0,0
"1996","CA3110011",844,560,"CWS","SW","SW","other_water_systems",0,0,0,0
"1997","CA3110012",2500,584,"CWS","SW","SW","other_water_systems",0,1,0,1
"1998","CA3110013",793,1181,"CWS","GW","GW","other_water_systems",0,0,0,0
"1999","CA3110015",2593,926,"CWS","SW","SW","other_water_systems",0,0,0,0
"2000","CA3110017",824,841,"CWS","SW","SW","other_water_systems",0,0,0,0
"2001","CA3110018",750,438,"CWS","GW","GW","other_water_systems",0,1,0,1
"2002","CA3110019",756,270,"CWS","GW","GW","other_water_systems",0,0,0,0
"2003","CA3110020",1165,897,"CWS","GW","GW","other_water_systems",0,0,0,0
"2004","CA3110022",853,253,"CWS","GW","GW","other_water_systems",0,1,0,1
"2005","CA3110023",524,272,"CWS","GW","GW","other_water_systems",0,0,0,0
"2006","CA3110024",748,270,"CWS","SW","SW","other_water_systems",0,0,0,0
"2007","CA3110025",89544,27694,"CWS","SW","SW","carceral_serving_water_system",0,0,0,0
"2008","CA3110026",6870,2384,"CWS","SW","SW","carceral_serving_water_system",0,0,0,0
"2009","CA3110028",15445,953,"CWS","SW","SW","other_water_systems",0,0,0,0
"2010","CA3110029",2200,663,"CWS","GW","GW","other_water_systems",0,0,0,0
"2011","CA3110031",425,226,"CWS","GW","GW","other_water_systems",0,0,0,0
"2012","CA3110034",1800,633,"CWS","SW","SW","other_water_systems",0,0,0,0
"2013","CA3110035",1694,613,"CWS","SW","SW","other_water_systems",0,0,0,0
"2014","CA3110036",507,275,"CWS","GW","GWP","other_water_systems",0,0,0,0
"2015","CA3110040",110,38,"CWS","SW","SWP","other_water_systems",0,0,0,0
"2016","CA3110041",1491,452,"CWS","SW","SWP","other_water_systems",0,0,0,0
"2017","CA3110042",3411,413,"CWS","GW","GW","other_water_systems",0,0,0,0
"2018","CA3110043",300,183,"CWS","GW","GW","other_water_systems",0,0,0,0
"2019","CA3110044",201,97,"CWS","GW","GW","other_water_systems",0,0,0,0
"2020","CA3110047",300,346,"CWS","GW","GW","other_water_systems",0,1,0,1
"2021","CA3110048",637,193,"CWS","GW","GW","other_water_systems",0,0,0,0
"2022","CA3110049",50,91,"CWS","GW","GW","other_water_systems",0,0,0,0
"2023","CA3110050",190,68,"CWS","SW","SW","other_water_systems",0,0,0,0
"2024","CA3110051",4384,1284,"CWS","GW","GW","other_water_systems",0,0,0,0
"2025","CA3110124",46,17,"CWS","SW","SW","other_water_systems",0,0,0,0
"2026","CA3110150",7412,2246,"CWS","SW","SWP","other_water_systems",0,0,0,0
"2027","CA3200048",100,1,"NTNCWS","GW","GW","other_water_systems",0,0,0,0
"2028","CA3200078",32,36,"CWS","GW","GW","other_water_systems",0,0,0,0
"2029","CA3200102",765,200,"CWS","SW","SW","other_water_systems",0,0,0,0
"2030","CA3200104",1314,351,"CWS","GW","GW","other_water_systems",4,1,1,1
"2031","CA3200107",215,73,"CWS","GW","GW","other_water_systems",0,2,0,1
"2032","CA3200111",600,300,"NTNCWS","GW","GW","other_water_systems",0,0,0,0
"2033","CA3200114",28,40,"CWS","GW","GW","other_water_systems",0,0,0,0
"2034","CA3200127",33,39,"CWS","GW","GW","other_water_systems",0,0,0,0
"2035","CA3200134",200,50,"CWS","GW","GW","other_water_systems",0,2,0,1
"2036","CA3200138",53,31,"CWS","GW","GW","other_water_systems",0,0,0,0
"2037","CA3200141",300,1,"NTNCWS","GW","GW","other_water_systems",0,0,0,0
"2038","CA3200148",741,18,"CWS","GW","GW","other_water_systems",0,0,0,0
"2039","CA3200155",25,17,"CWS","GW","GW","other_water_systems",0,0,0,0
"2040","CA3200166",39,1,"NTNCWS","GW","GW","other_water_systems",0,0,0,0
"2041","CA3200188",280,136,"CWS","GW","GW","other_water_systems",0,0,0,0
"2042","CA3200189",54,19,"CWS","GW","GW","other_water_systems",0,0,0,0
"2043","CA3200195",38,18,"CWS","GW","GW","other_water_systems",0,0,0,0
"2044","CA3200509",79,53,"CWS","GW","GW","other_water_systems",0,0,0,0
"2045","CA3200510",258,79,"CWS","GW","GW","other_water_systems",0,0,0,0
"2046","CA3205001",150,171,"CWS","GW","GW","other_water_systems",0,0,0,0
"2047","CA3205003",135,101,"CWS","GW","GW","other_water_systems",0,0,0,0
"2048","CA3205005",300,1,"NTNCWS","GW","GW","other_water_systems",0,0,0,0
"2049","CA3205006",102,65,"CWS","GW","GW","other_water_systems",0,0,0,0
"2050","CA3210001",630,269,"CWS","GW","GW","other_water_systems",0,0,0,0
"2051","CA3210003",2100,1154,"CWS","SW","SWP","other_water_systems",0,0,0,0
"2052","CA3210004",4093,1613,"CWS","GW","GW","other_water_systems",0,0,0,0
"2053","CA3210005",737,939,"CWS","SW","SW","other_water_systems",0,0,0,0
"2054","CA3210006",6000,1714,"CWS","GW","GW","other_water_systems",0,0,0,0
"2055","CA3210007",1394,500,"CWS","GW","GW","other_water_systems",0,0,0,0
"2056","CA3210009",2145,1300,"CWS","GW","GW","other_water_systems",1,0,1,0
"2057","CA3210010",1874,644,"CWS","GW","GW","other_water_systems",0,1,0,1
"2058","CA3210011",1534,557,"CWS","GW","GW","other_water_systems",0,0,0,0
"2059","CA3301011",152,21,"CWS","GW","GW","other_water_systems",0,1,0,1
"2060","CA3301018",90,47,"CWS","GW","GW","other_water_systems",0,0,0,0
"2061","CA3301028",80,80,"CWS","GW","GW","other_water_systems",0,0,0,0
"2062","CA3301031",567,178,"CWS","SW","SW","other_water_systems",0,5,0,1
"2063","CA3301040",300,186,"CWS","GW","GW","other_water_systems",0,0,0,0
"2064","CA3301045",35,24,"CWS","GW","GW","other_water_systems",0,0,0,0
"2065","CA3301055",54,12,"CWS","GW","GW","other_water_systems",0,0,0,0
"2066","CA3301107",600,188,"CWS","GW","GW","other_water_systems",0,1,0,1
"2067","CA3301114",210,75,"CWS","GW","GW","other_water_systems",0,0,0,0
"2068","CA3301115",544,40,"CWS","SW","SWP","other_water_systems",0,0,0,0
"2069","CA3301133",50,2,"NTNCWS","GW","GW","other_water_systems",0,0,0,0
"2070","CA3301145",77,16,"CWS","GW","GW","other_water_systems",0,0,0,0
"2071","CA3301147",50,7,"NTNCWS","GW","GW","other_water_systems",0,0,0,0
"2072","CA3301164",45,4,"NTNCWS","GW","GW","other_water_systems",0,0,0,0
"2073","CA3301169",237,71,"CWS","GW","GW","other_water_systems",0,0,0,0
"2074","CA3301171",84,59,"CWS","GW","GW","other_water_systems",0,0,0,0
"2075","CA3301176",360,1,"NTNCWS","GW","GW","other_water_systems",0,0,0,0
"2076","CA3301180",224,85,"CWS","GW","GW","other_water_systems",0,0,0,0
"2077","CA3301186",1806,7,"NTNCWS","GW","GW","other_water_systems",0,0,0,0
"2078","CA3301209",60,22,"CWS","GW","GW","other_water_systems",0,0,0,0
"2079","CA3301226",16,25,"CWS","SW","SW","other_water_systems",0,0,0,0
"2080","CA3301238",2300,7,"NTNCWS","GW","GW","other_water_systems",0,0,0,0
"2081","CA3301267",402,172,"CWS","GW","GW","other_water_systems",0,0,0,0
"2082","CA3301280",500,29,"CWS","GW","GW","other_water_systems",0,0,0,0
"2083","CA3301283",566,407,"CWS","SW","SWP","other_water_systems",0,4,0,1
"2084","CA3301294",1047,49,"CWS","GW","GW","other_water_systems",0,0,0,0
"2085","CA3301305",85,1,"NTNCWS","GW","GW","other_water_systems",0,0,0,0
"2086","CA3301308",202,7,"NTNCWS","GW","GW","other_water_systems",0,0,0,0
"2087","CA3301309",666,20,"NTNCWS","GW","GW","other_water_systems",0,1,0,1
"2088","CA3301330",90,63,"CWS","GW","GW","other_water_systems",3,0,1,0
"2089","CA3301355",120,117,"CWS","GW","GW","other_water_systems",0,0,0,0
"2090","CA3301373",832,4,"NTNCWS","GW","GW","other_water_systems",0,1,0,1
"2091","CA3301380",340,68,"CWS","GW","GW","other_water_systems",3,1,1,1
"2092","CA3301381",350,77,"CWS","GW","GW","other_water_systems",0,0,0,0
"2093","CA3301385",912,283,"NTNCWS","GW","GW","other_water_systems",0,0,0,0
"2094","CA3301388",125,3,"NTNCWS","GW","GW","other_water_systems",0,0,0,0
"2095","CA3301428",558,188,"CWS","GW","GW","other_water_systems",0,4,0,1
"2096","CA3301482",180,77,"CWS","GW","GW","other_water_systems",2,0,1,0
"2097","CA3301491",198,60,"CWS","GW","GW","other_water_systems",3,0,1,0
"2098","CA3301494",1626,3,"NTNCWS","SW","SWP","other_water_systems",0,1,0,1
"2099","CA3301502",30,36,"CWS","GW","GW","other_water_systems",0,1,0,1
"2100","CA3301511",104,90,"CWS","GW","GW","other_water_systems",0,0,0,0
"2101","CA3301512",232,82,"CWS","GW","GW","other_water_systems",0,0,0,0
"2102","CA3301528",92,36,"CWS","GW","GW","other_water_systems",0,0,0,0
"2103","CA3301529",250,95,"CWS","GW","GW","other_water_systems",5,0,1,0
"2104","CA3301534",302,207,"CWS","GW","GW","other_water_systems",0,0,0,0
"2105","CA3301535",210,75,"CWS","GW","GW","other_water_systems",0,0,0,0
"2106","CA3301541",150,53,"CWS","GW","GW","other_water_systems",0,0,0,0
"2107","CA3301577",538,156,"CWS","GW","GW","other_water_systems",1,0,1,0
"2108","CA3301588",25,20,"CWS","GW","GW","other_water_systems",0,0,0,0
"2109","CA3301622",241,800,"NTNCWS","GW","GW","other_water_systems",0,0,0,0
"2110","CA3301630",393,123,"CWS","GW","GW","other_water_systems",0,3,0,1
"2111","CA3301676",157,56,"CWS","GW","GW","other_water_systems",1,0,1,0
"2112","CA3301682",52,34,"CWS","GW","GW","other_water_systems",0,0,0,0
"2113","CA3301717",135,37,"CWS","GW","GW","other_water_systems",0,1,0,1
"2114","CA3301775",733,244,"CWS","GW","GWP","other_water_systems",0,0,0,0
"2115","CA3301800",40,26,"CWS","GW","GW","other_water_systems",1,0,1,0
"2116","CA3301863",212,48,"CWS","GW","GW","other_water_systems",0,0,0,0
"2117","CA3301877",59,18,"CWS","GW","GW","other_water_systems",1,0,1,0
"2118","CA3301879",323,244,"CWS","GW","GW","other_water_systems",0,0,0,0
"2119","CA3301935",250,3,"NTNCWS","GW","GW","other_water_systems",0,0,0,0
"2120","CA3301937",42,16,"CWS","GW","GWP","other_water_systems",0,0,0,0
"2121","CA3301939",88,3,"NTNCWS","GW","GW","other_water_systems",0,0,0,0
"2122","CA3301943",897,581,"CWS","GW","GW","other_water_systems",0,2,0,1
"2123","CA3301961",400,603,"NTNCWS","GW","GW","other_water_systems",0,0,0,0
"2124","CA3301979",68,3,"NTNCWS","GW","GW","other_water_systems",0,0,0,0
"2125","CA3301990",316,79,"CWS","GW","GW","other_water_systems",1,1,1,1
"2126","CA3303003",50,38,"CWS","GW","GW","other_water_systems",0,1,0,1
"2127","CA3303026",40,5,"NTNCWS","GW","GW","other_water_systems",0,1,0,1
"2128","CA3303035",73,22,"CWS","GW","GW","other_water_systems",0,0,0,0
"2129","CA3303071",185,7,"NTNCWS","GW","GW","other_water_systems",0,0,0,0
"2130","CA3303072",246,4,"NTNCWS","GW","GW","other_water_systems",0,0,0,0
"2131","CA3303092",1847,4,"NTNCWS","GW","GW","other_water_systems",0,1,0,1
"2132","CA3303112",245,1,"NTNCWS","GW","GW","other_water_systems",0,0,0,0
"2133","CA3310001",270000,111186,"CWS","GW","GW","other_water_systems",0,0,0,0
"2134","CA3310002",49241,20878,"CWS","GW","GW","other_water_systems",0,0,0,0
"2135","CA3310003",9874,3424,"CWS","GW","GW","carceral_serving_water_system",0,2,0,1
"2136","CA3310004",3542,640,"CWS","SW","SWP","other_water_systems",0,0,0,0
"2137","CA3310005",74025,23358,"CWS","SW","SW","other_water_systems",0,0,0,0
"2138","CA3310006",30683,11535,"CWS","GW","GW","other_water_systems",0,1,0,1
"2139","CA3310007",42835,9363,"CWS","GW","GW","other_water_systems",0,0,0,0
"2140","CA3310008",43223,13484,"CWS","GW","GW","other_water_systems",0,1,0,1
"2141","CA3310009",651058,167890,"CWS","SW","SWP","carceral_serving_water_system",0,0,0,0
"2142","CA3310012",165586,47390,"CWS","SW","SW","other_water_systems",0,0,0,0
"2143","CA3310016",33828,9601,"CWS","SW","SWP","other_water_systems",0,2,0,1
"2144","CA3310017",10108,3063,"CWS","GW","GW","other_water_systems",0,0,0,0
"2145","CA3310018",3095,860,"CWS","SW","SWP","other_water_systems",0,0,0,0
"2146","CA3310019",2963,1681,"CWS","GW","GW","other_water_systems",0,1,0,1
"2147","CA3310020",83486,25299,"CWS","GW","GW","carceral_serving_water_system",0,0,0,0
"2148","CA3310021",134049,33574,"CWS","SW","SWP","other_water_systems",0,0,0,0
"2149","CA3310022",52913,14421,"CWS","GW","GW","other_water_systems",1,1,1,1
"2150","CA3310025",25037,7447,"CWS","SW","SWP","other_water_systems",0,0,0,0
"2151","CA3310026",6733,1887,"CWS","SW","SWP","other_water_systems",0,0,0,0
"2152","CA3310028",766,328,"CWS","GW","GW","other_water_systems",0,0,0,0
"2153","CA3310029",7854,2557,"CWS","SW","SWP","other_water_systems",0,0,0,0
"2154","CA3310030",1540,1116,"CWS","GW","GW","other_water_systems",0,4,0,1
"2155","CA3310031",298398,66422,"CWS","SW","GU","carceral_serving_water_system",0,0,0,0
"2156","CA3310032",18950,4552,"CWS","GW","GW","other_water_systems",0,0,0,0
"2157","CA3310033",6306,1757,"CWS","GW","GW","other_water_systems",0,0,0,0
"2158","CA3310036",17077,2863,"CWS","SW","SWP","other_water_systems",0,0,0,0
"2159","CA3310037",168575,44573,"CWS","SW","SWP","other_water_systems",0,2,0,1
"2160","CA3310038",144088,44217,"CWS","SW","SWP","other_water_systems",0,0,0,0
"2161","CA3310040",900,1177,"CWS","SW","SW","other_water_systems",0,1,0,1
"2162","CA3310044",36827,6820,"CWS","GW","GW","other_water_systems",0,0,0,0
"2163","CA3310046",4026,1265,"CWS","SW","SWP","other_water_systems",0,1,0,1
"2164","CA3310047",2271,989,"CWS","GW","GW","other_water_systems",0,0,0,0
"2165","CA3310048",4600,1644,"CWS","GW","GW","other_water_systems",0,0,0,0
"2166","CA3310049",84209,22054,"CWS","SW","SWP","other_water_systems",0,0,0,0
"2167","CA3310051",9445,2574,"CWS","GW","GW","other_water_systems",0,0,0,0
"2168","CA3310052",709,284,"CWS","GW","GW","other_water_systems",0,0,0,0
"2169","CA3310074",21153,6567,"CWS","SW","SWP","other_water_systems",0,1,0,1
"2170","CA3310075",0,7,"CWS","SW","SWP","other_water_systems",0,0,0,0
"2171","CA3310076",192,47,"CWS","SW","SWP","other_water_systems",0,0,0,0
"2172","CA3310078",496,265,"CWS","GW","GW","other_water_systems",0,0,0,0
"2173","CA3310080",600,287,"CWS","GW","GW","other_water_systems",0,0,0,0
"2174","CA3310081",384,178,"CWS","GW","GW","other_water_systems",0,0,0,0
"2175","CA3310082",4500,1389,"CWS","GW","GW","other_water_systems",0,0,0,0
"2176","CA3310083",0,7,"CWS","GW","GW","other_water_systems",0,0,0,0
"2177","CA3310084",90,2,"NTNCWS","GW","GW","other_water_systems",0,0,0,0
"2178","CA3310800",4300,1357,"CWS","SW","SWP","carceral_water_system",0,0,0,0
"2179","CA3310801",77,1,"CWS","GW","GW","carceral_water_system",0,2,0,1
"2180","CA3310802",5994,1865,"CWS","GW","GW","carceral_water_system",0,2,0,1
"2181","CA3400101",271,82,"CWS","GW","GW","other_water_systems",0,0,0,0
"2182","CA3400103",100,37,"CWS","GW","GW","other_water_systems",0,1,0,1
"2183","CA3400106",300,169,"CWS","GW","GW","other_water_systems",0,0,0,0
"2184","CA3400107",210,83,"CWS","GW","GW","other_water_systems",1,0,1,0
"2185","CA3400121",318,128,"CWS","GW","GW","other_water_systems",0,0,0,0
"2186","CA3400122",203,128,"CWS","GW","GW","other_water_systems",0,0,0,0
"2187","CA3400125",45,27,"CWS","GW","GW","other_water_systems",0,0,0,0
"2188","CA3400128",60,45,"CWS","GW","GW","other_water_systems",0,0,0,0
"2189","CA3400130",90,34,"CWS","GW","GW","other_water_systems",1,0,1,0
"2190","CA3400135",55,64,"CWS","GW","GW","other_water_systems",0,0,0,0
"2191","CA3400137",33,19,"CWS","GW","GW","other_water_systems",0,0,0,0
"2192","CA3400138",80,44,"CWS","GW","GW","other_water_systems",1,0,1,0
"2193","CA3400139",41717,67,"NTNCWS","SW","SWP","other_water_systems",0,0,0,0
"2194","CA3400149",250,77,"CWS","GW","GW","other_water_systems",0,0,0,0
"2195","CA3400155",54,18,"CWS","GW","GW","other_water_systems",0,0,0,0
"2196","CA3400156",103,33,"CWS","GW","GWP","other_water_systems",0,0,0,0
"2197","CA3400164",200,107,"CWS","GW","GW","other_water_systems",0,0,0,0
"2198","CA3400169",100,50,"CWS","GW","GW","other_water_systems",0,1,0,1
"2199","CA3400172",653,198,"CWS","GW","GW","other_water_systems",0,0,0,0
"2200","CA3400173",2926,278,"NTNCWS","GW","GW","other_water_systems",0,0,0,0
"2201","CA3400179",700,199,"CWS","GW","GW","other_water_systems",0,1,0,1
"2202","CA3400180",1700,40,"NTNCWS","GW","GW","carceral_serving_water_system",0,0,0,0
"2203","CA3400181",445,112,"CWS","GW","GW","other_water_systems",0,0,0,0
"2204","CA3400190",280,187,"CWS","GW","GW","other_water_systems",0,0,0,0
"2205","CA3400191",262,136,"CWS","GW","GW","other_water_systems",0,0,0,0
"2206","CA3400192",48,21,"CWS","GW","GW","other_water_systems",0,0,0,0
"2207","CA3400217",400,146,"CWS","GW","GW","other_water_systems",0,0,0,0
"2208","CA3400229",2800,13,"CWS","GW","GW","carceral_water_system",0,0,0,0
"2209","CA3400232",51,2,"NTNCWS","GW","GW","other_water_systems",0,0,0,0
"2210","CA3400240",80,2,"NTNCWS","GW","GW","other_water_systems",0,0,0,0
"2211","CA3400248",650,13,"NTNCWS","GW","GW","other_water_systems",0,0,0,0
"2212","CA3400250",185,10,"NTNCWS","GW","GW","other_water_systems",0,1,0,1
"2213","CA3400251",430,13,"NTNCWS","GW","GW","other_water_systems",0,1,0,1
"2214","CA3400253",560,8,"NTNCWS","GW","GW","other_water_systems",0,0,0,0
"2215","CA3400254",350,4,"NTNCWS","GW","GW","other_water_systems",0,1,0,1
"2216","CA3400267",375,10,"NTNCWS","GW","GW","other_water_systems",0,0,0,0
"2217","CA3400268",200,2,"NTNCWS","GW","GW","other_water_systems",0,0,0,0
"2218","CA3400271",465,2,"NTNCWS","GW","GW","other_water_systems",0,0,0,0
"2219","CA3400273",210,5,"NTNCWS","GW","GW","other_water_systems",1,0,1,0
"2220","CA3400278",2000,32,"NTNCWS","GW","GW","other_water_systems",0,0,0,0
"2221","CA3400296",350,164,"CWS","GW","GW","other_water_systems",0,0,0,0
"2222","CA3400331",65,49,"CWS","GW","GW","other_water_systems",0,0,0,0
"2223","CA3400335",200,115,"CWS","GW","GW","other_water_systems",0,0,0,0
"2224","CA3400342",50,3,"NTNCWS","GW","GW","other_water_systems",0,0,0,0
"2225","CA3400358",200,4,"NTNCWS","GW","GW","other_water_systems",0,0,0,0
"2226","CA3400364",30,2,"NTNCWS","GW","GW","other_water_systems",0,0,0,0
"2227","CA3400391",1000,4,"NTNCWS","GW","GW","other_water_systems",0,0,0,0
"2228","CA3400394",278,189,"NTNCWS","GW","GW","other_water_systems",0,0,0,0
"2229","CA3400397",28,28,"CWS","GW","GW","other_water_systems",0,0,0,0
"2230","CA3400401",22,21,"CWS","GW","GW","other_water_systems",0,0,0,0
"2231","CA3400402",100,1,"NTNCWS","GW","GW","other_water_systems",0,2,0,1
"2232","CA3400416",44,1,"NTNCWS","GW","GW","other_water_systems",0,0,0,0
"2233","CA3400425",300,5,"NTNCWS","GW","GW","other_water_systems",0,0,0,0
"2234","CA3400429",320,4,"NTNCWS","GW","GW","other_water_systems",0,0,0,0
"2235","CA3400433",40,22,"CWS","GW","GW","other_water_systems",0,0,0,0
"2236","CA3400434",175,2,"NTNCWS","GW","GW","other_water_systems",0,0,0,0
"2237","CA3400452",40,5,"NTNCWS","GW","GW","other_water_systems",0,0,0,0
"2238","CA3400453",125,4,"NTNCWS","GW","GW","other_water_systems",0,1,0,1
"2239","CA3400454",100,6,"NTNCWS","GW","GW","other_water_systems",0,0,0,0
"2240","CA3400456",32,4,"NTNCWS","GW","GW","other_water_systems",0,0,0,0
"2241","CA3400473",2500,17,"NTNCWS","SW","SWP","other_water_systems",0,0,0,0
"2242","CA3400475",25,3,"NTNCWS","GW","GW","other_water_systems",0,0,0,0
"2243","CA3410001",194444,46822,"CWS","SW","SWP","other_water_systems",0,0,0,0
"2244","CA3410002",10101,3061,"CWS","GW","GW","other_water_systems",0,0,0,0
"2245","CA3410003",5637,1729,"CWS","GW","GW","other_water_systems",0,0,0,0
"2246","CA3410004",41193,11716,"CWS","SW","GU","other_water_systems",0,1,0,1
"2247","CA3410005",5728,2869,"CWS","SW","SW","other_water_systems",0,1,0,1
"2248","CA3410006",67758,20250,"CWS","SW","SWP","other_water_systems",0,0,0,0
"2249","CA3410007",4520,1800,"CWS","GW","GW","other_water_systems",0,0,0,0
"2250","CA3410008",43551,13020,"CWS","GW","GW","other_water_systems",0,0,0,0
"2251","CA3410009",36226,14277,"CWS","SW","SWP","other_water_systems",0,0,0,0
"2252","CA3410010",53882,16328,"CWS","SW","SWP","other_water_systems",0,0,0,0
"2253","CA3410011",26536,7862,"CWS","GW","GW","other_water_systems",0,0,0,0
"2254","CA3410012",1591,482,"CWS","GW","GW","other_water_systems",0,0,0,0
"2255","CA3410013",47665,14444,"CWS","SW","SWP","other_water_systems",0,0,0,0
"2256","CA3410014",75728,23372,"CWS","SW","SW","other_water_systems",0,0,0,0
"2257","CA3410015",47106,14882,"CWS","SW","SW","other_water_systems",0,0,0,0
"2258","CA3410016",16861,5730,"CWS","SW","SWP","other_water_systems",0,0,0,0
"2259","CA3410017",49464,14989,"CWS","SW","SWP","other_water_systems",0,0,0,0
"2260","CA3410018",15404,4656,"CWS","GW","GW","other_water_systems",0,0,0,0
"2261","CA3410020",518161,146193,"CWS","SW","SW","carceral_serving_water_system",0,0,0,0
"2262","CA3410021",29308,10929,"CWS","SW","SW","other_water_systems",0,0,0,0
"2263","CA3410022",450,200,"CWS","GW","GW","other_water_systems",0,0,0,0
"2264","CA3410023",15220,4612,"CWS","SW","SWP","other_water_systems",0,0,0,0
"2265","CA3410026",9290,269,"CWS","GW","GW","other_water_systems",0,0,0,0
"2266","CA3410027",102,31,"NTNCWS","SW","SWP","other_water_systems",0,0,0,0
"2267","CA3410029",179933,49527,"CWS","SW","SW","other_water_systems",0,0,0,0
"2268","CA3410030",3538,1078,"CWS","SW","SWP","other_water_systems",0,0,0,0
"2269","CA3410031",35241,10679,"CWS","SW","SWP","other_water_systems",0,0,0,0
"2270","CA3410032",4524,2790,"CWS","SW","SW","carceral_water_system",0,0,0,0
"2271","CA3410033",7831,2404,"CWS","GW","GW","other_water_systems",0,0,0,0
"2272","CA3410045",3970,1203,"CWS","SW","SWP","other_water_systems",0,0,0,0
"2273","CA3410047",650,197,"CWS","GW","GW","other_water_systems",0,0,0,0
"2274","CA3410704",28235,8556,"CWS","SW","SWP","other_water_systems",0,0,0,0
"2275","CA3410802",975,27,"NTNCWS","GW","GW","other_water_systems",0,0,0,0
"2276","CA3500006",252,77,"CWS","SW","SW","other_water_systems",1,1,1,1
"2277","CA3500505",1017,365,"CWS","GW","GW","other_water_systems",1,2,1,1
"2278","CA3500507",45,2,"NTNCWS","SW","SW","other_water_systems",0,0,0,0
"2279","CA3500509",350,121,"CWS","GW","GW","other_water_systems",0,0,0,0
"2280","CA3500510",102,32,"CWS","GW","GW","other_water_systems",0,0,0,0
"2281","CA3500511",53,20,"CWS","GW","GW","other_water_systems",0,1,0,1
"2282","CA3500521",300,2,"NTNCWS","GW","GW","other_water_systems",0,0,0,0
"2283","CA3500527",55,17,"CWS","GW","GW","other_water_systems",0,2,0,1
"2284","CA3500549",138,21,"CWS","GW","GW","other_water_systems",0,0,0,0
"2285","CA3500550",160,61,"CWS","GW","GW","other_water_systems",0,2,0,1
"2286","CA3500552",50,18,"CWS","GW","GW","other_water_systems",0,0,0,0
"2287","CA3500556",110,173,"CWS","GW","GW","other_water_systems",0,0,0,0
"2288","CA3500562",111,113,"NTNCWS","GW","GW","other_water_systems",0,0,0,0
"2289","CA3500563",554,2,"NTNCWS","GW","GW","other_water_systems",0,0,0,0
"2290","CA3500571",3310,61,"NTNCWS","GW","GW","other_water_systems",0,0,0,0
"2291","CA3500575",50,15,"CWS","GW","GW","other_water_systems",0,0,0,0
"2292","CA3500576",40,10,"CWS","GW","GW","other_water_systems",1,1,1,1
"2293","CA3500578",36,15,"CWS","GW","GW","other_water_systems",0,0,0,0
"2294","CA3500579",90,26,"CWS","GW","GW","other_water_systems",0,3,0,1
"2295","CA3500581",914,30,"CWS","GW","GW","other_water_systems",2,2,1,1
"2296","CA3500801",25,4,"NTNCWS","GW","GW","other_water_systems",0,1,0,1
"2297","CA3500804",28,6,"NTNCWS","GW","GW","other_water_systems",2,0,1,0
"2298","CA3500805",35,5,"NTNCWS","GW","GW","other_water_systems",0,3,0,1
"2299","CA3500810",38,2,"CWS","GW","GW","other_water_systems",0,1,0,1
"2300","CA3500823",133,48,"CWS","SW","GU","other_water_systems",0,3,0,1
"2301","CA3500825",98,29,"CWS","GW","GW","other_water_systems",0,0,0,0
"2302","CA3500830",84,7,"CWS","GW","GW","other_water_systems",0,0,0,0
"2303","CA3500836",49,176,"CWS","GW","GW","other_water_systems",0,0,0,0
"2304","CA3500900",132,56,"CWS","GW","GW","other_water_systems",0,0,0,0
"2305","CA3500904",150,37,"CWS","GW","GW","other_water_systems",0,1,0,1
"2306","CA3500905",268,9,"NTNCWS","GW","GW","other_water_systems",0,0,0,0
"2307","CA3500910",120,30,"CWS","GW","GW","other_water_systems",0,0,0,0
"2308","CA3500911",69,22,"CWS","GW","GW","other_water_systems",0,0,0,0
"2309","CA3500912",100,33,"CWS","GW","GW","other_water_systems",0,0,0,0
"2310","CA3500913",1055,12,"NTNCWS","GW","GW","other_water_systems",0,0,0,0
"2311","CA3500917",372,8,"NTNCWS","GW","GW","other_water_systems",0,2,0,1
"2312","CA3500919",56,7,"NTNCWS","GW","GW","other_water_systems",1,0,1,0
"2313","CA3500925",52,17,"NTNCWS","GW","GW","other_water_systems",0,1,0,1
"2314","CA3500926",165,1,"NTNCWS","GW","GW","other_water_systems",0,0,0,0
"2315","CA3500927",65,2,"NTNCWS","GW","GW","other_water_systems",0,2,0,1
"2316","CA3500928",350,1,"NTNCWS","GW","GW","other_water_systems",0,0,0,0
"2317","CA3510001",25941,7861,"CWS","SW","SWP","carceral_serving_water_system",1,2,1,1
"2318","CA3510002",2335,834,"CWS","GW","GW","other_water_systems",0,0,0,0
"2319","CA3510003",24750,7465,"CWS","SW","SWP","other_water_systems",0,0,0,0
"2320","CA3510004",2988,956,"CWS","GW","GW","other_water_systems",0,0,0,0
"2321","CA3510006",550,238,"CWS","GW","GW","other_water_systems",0,0,0,0
"2322","CA3510007",25,2,"CWS","SW","SW","other_water_systems",0,0,0,0
"2323","CA3510008",159,48,"CWS","GW","GW","other_water_systems",0,0,0,0
"2324","CA3510009",100,4,"NTNCWS","GW","GW","other_water_systems",0,1,0,1
"2325","CA3600008",776,235,"CWS","GW","GW","other_water_systems",0,0,0,0
"2326","CA3600009",1048,298,"CWS","GW","GW","other_water_systems",0,0,0,0
"2327","CA3600010",170,50,"CWS","GW","GW","other_water_systems",0,0,0,0
"2328","CA3600012",297,90,"CWS","GW","GW","other_water_systems",0,0,0,0
"2329","CA3600022",1000,109,"CWS","GW","GW","other_water_systems",0,2,0,1
"2330","CA3600025",124,42,"CWS","GW","GW","other_water_systems",5,1,1,1
"2331","CA3600027",260,45,"CWS","GW","GW","other_water_systems",4,2,1,1
"2332","CA3600031",300,136,"CWS","GW","GW","other_water_systems",0,0,0,0
"2333","CA3600036",24728,158,"NTNCWS","GW","GW","other_water_systems",0,0,0,0
"2334","CA3600062",1006,5,"NTNCWS","GW","GW","other_water_systems",0,0,0,0
"2335","CA3600064",55,60,"CWS","GW","GW","other_water_systems",0,0,0,0
"2336","CA3600070",662,50,"CWS","GW","GW","other_water_systems",0,1,0,1
"2337","CA3600071",84,29,"CWS","GW","GW","other_water_systems",0,10,0,1
"2338","CA3600086",795,196,"CWS","GW","GW","other_water_systems",5,2,1,1
"2339","CA3600087",845,195,"CWS","SW","SWP","other_water_systems",0,0,0,0
"2340","CA3600088",150,42,"CWS","GW","GW","other_water_systems",0,0,0,0
"2341","CA3600089",325,79,"CWS","GW","GW","other_water_systems",0,0,0,0
"2342","CA3600094",227,81,"CWS","GW","GW","other_water_systems",0,0,0,0
"2343","CA3600106",1600,137,"NTNCWS","GW","GW","other_water_systems",0,5,0,1
"2344","CA3600107",406,95,"CWS","GW","GW","other_water_systems",0,5,0,1
"2345","CA3600108",5670,11,"NTNCWS","GW","GW","other_water_systems",0,0,0,0
"2346","CA3600114",611,165,"CWS","GW","GW","other_water_systems",5,0,1,0
"2347","CA3600123",112,42,"CWS","GW","GW","other_water_systems",1,1,1,1
"2348","CA3600133",576,202,"CWS","GW","GW","other_water_systems",0,0,0,0
"2349","CA3600139",759,230,"CWS","GW","GW","other_water_systems",0,0,0,0
"2350","CA3600141",160,1,"NTNCWS","GW","GW","other_water_systems",0,0,0,0
"2351","CA3600152",17233,97,"CWS","GW","GW","other_water_systems",0,0,0,0
"2352","CA3600154",1046,7,"NTNCWS","GW","GW","other_water_systems",0,0,0,0
"2353","CA3600155",176,138,"CWS","GW","GW","other_water_systems",0,0,0,0
"2354","CA3600156",275,69,"CWS","GW","GW","other_water_systems",0,0,0,0
"2355","CA3600157",224,61,"CWS","GW","GW","other_water_systems",0,1,0,1
"2356","CA3600158",475,141,"CWS","GW","GW","other_water_systems",0,0,0,0
"2357","CA3600166",315,102,"CWS","GW","GW","other_water_systems",0,0,0,0
"2358","CA3600172",576,9,"CWS","GW","GW","other_water_systems",0,0,0,0
"2359","CA3600180",264,80,"CWS","GW","GW","other_water_systems",0,2,0,1
"2360","CA3600184",7,33,"CWS","GW","GW","other_water_systems",2,3,1,1
"2361","CA3600185",175,50,"CWS","GW","GW","other_water_systems",0,0,0,0
"2362","CA3600187",350,100,"CWS","GW","GW","other_water_systems",0,3,0,1
"2363","CA3600192",50,10,"NTNCWS","GW","GW","other_water_systems",0,0,0,0
"2364","CA3600193",64267,103,"NTNCWS","GW","GW","other_water_systems",0,0,0,0
"2365","CA3600196",455,123,"CWS","GW","GW","other_water_systems",0,2,0,1
"2366","CA3600200",812,292,"CWS","GW","GW","other_water_systems",0,2,0,1
"2367","CA3600209",160,33,"CWS","SW","SWP","other_water_systems",0,1,0,1
"2368","CA3600215",3833,15,"CWS","GW","GW","carceral_serving_water_system",0,1,0,1
"2369","CA3600220",533,144,"CWS","GW","GW","other_water_systems",0,0,0,0
"2370","CA3600222",924,280,"CWS","GW","GW","other_water_systems",2,5,1,1
"2371","CA3600226",307,83,"CWS","GW","GW","other_water_systems",5,0,1,0
"2372","CA3600258",492,159,"CWS","SW","SWP","other_water_systems",0,2,0,1
"2373","CA3600260",370,103,"CWS","GW","GW","other_water_systems",0,1,0,1
"2374","CA3600262",600,125,"CWS","GW","GW","other_water_systems",0,0,0,0
"2375","CA3600270",378,171,"CWS","GW","GW","other_water_systems",0,0,0,0
"2376","CA3600279",120,63,"CWS","GW","GW","other_water_systems",0,0,0,0
"2377","CA3600283",234,132,"CWS","GW","GW","other_water_systems",0,3,0,1
"2378","CA3600297",200,67,"CWS","GW","GW","other_water_systems",4,1,1,1
"2379","CA3600301",381,137,"CWS","GW","GW","other_water_systems",0,4,0,1
"2380","CA3600306",1036,314,"CWS","GW","GW","other_water_systems",0,1,0,1
"2381","CA3600345",90,32,"CWS","GW","GW","other_water_systems",0,1,0,1
"2382","CA3600372",531,205,"CWS","GW","GW","other_water_systems",0,2,0,1
"2383","CA3600382",49,38,"CWS","SW","SW","other_water_systems",0,0,0,0
"2384","CA3600383",136,61,"CWS","SW","SW","other_water_systems",0,0,0,0
"2385","CA3600385",65,19,"CWS","GW","GW","other_water_systems",0,3,0,1
"2386","CA3600386",70,46,"CWS","GW","GW","other_water_systems",0,0,0,0
"2387","CA3600388",20,28,"CWS","GW","GW","other_water_systems",0,4,0,1
"2388","CA3600391",493,181,"CWS","GW","GW","other_water_systems",5,0,1,0
"2389","CA3600393",125,147,"NTNCWS","GW","GW","other_water_systems",0,2,0,1
"2390","CA3600397",290,21,"CWS","GW","GW","other_water_systems",0,0,0,0
"2391","CA3600399",190,38,"CWS","GW","GW","other_water_systems",0,2,0,1
"2392","CA3600400",180,93,"CWS","GW","GW","other_water_systems",0,0,0,0
"2393","CA3600432",742,15,"NTNCWS","GW","GW","other_water_systems",0,2,0,1
"2394","CA3600446",36,36,"CWS","GW","GW","other_water_systems",0,1,0,1
"2395","CA3600478",100,6,"NTNCWS","GW","GW","other_water_systems",0,3,0,1
"2396","CA3600504",500,25,"CWS","GW","GW","other_water_systems",9,3,1,1
"2397","CA3600585",15034,44,"NTNCWS","GW","GW","other_water_systems",0,2,0,1
"2398","CA3600597",754,43,"NTNCWS","GW","GW","other_water_systems",0,2,0,1
"2399","CA3600707",75500,4,"NTNCWS","GW","GW","other_water_systems",0,1,0,1
"2400","CA3600785",250,59,"CWS","GW","GW","other_water_systems",0,1,0,1
"2401","CA3600790",255,2,"NTNCWS","GW","GW","other_water_systems",0,0,0,0
"2402","CA3600797",126,35,"NTNCWS","GW","GW","other_water_systems",0,0,0,0
"2403","CA3601010",186,60,"CWS","GW","GW","other_water_systems",0,1,0,1
"2404","CA3601013",543,4,"NTNCWS","GW","GW","other_water_systems",0,5,0,1
"2405","CA3601015",219,74,"CWS","GW","GW","other_water_systems",5,2,1,1
"2406","CA3601036",150,56,"CWS","GW","GW","other_water_systems",0,1,0,1
"2407","CA3601045",150,98,"CWS","GW","GW","other_water_systems",0,2,0,1
"2408","CA3601048",1070,16,"CWS","SW","SW","other_water_systems",0,7,0,1
"2409","CA3601057",25,4,"NTNCWS","GW","GW","other_water_systems",0,0,0,0
"2410","CA3601061",150,1,"NTNCWS","GW","GW","other_water_systems",0,1,0,1
"2411","CA3601062",100,7,"NTNCWS","GW","GW","other_water_systems",0,0,0,0
"2412","CA3601064",100,9,"NTNCWS","GW","GW","other_water_systems",0,5,0,1
"2413","CA3601082",125,6,"NTNCWS","GW","GW","other_water_systems",0,4,0,1
"2414","CA3601085",66,3,"CWS","GW","GW","other_water_systems",0,2,0,1
"2415","CA3601095",552,11,"NTNCWS","GW","GW","other_water_systems",0,0,0,0
"2416","CA3601106",140,5,"NTNCWS","GW","GW","other_water_systems",0,0,0,0
"2417","CA3601122",50,1,"NTNCWS","GW","GW","other_water_systems",0,8,0,1
"2418","CA3601130",100,7,"NTNCWS","GW","GW","other_water_systems",4,1,1,1
"2419","CA3601133",25,3,"NTNCWS","GW","GW","other_water_systems",0,1,0,1
"2420","CA3601135",7000,1,"NTNCWS","GW","GWP","other_water_systems",0,0,0,0
"2421","CA3601145",80,2,"NTNCWS","GW","GW","other_water_systems",0,3,0,1
"2422","CA3601150",81075,60,"NTNCWS","GW","GW","other_water_systems",0,2,0,1
"2423","CA3601155",67,1,"NTNCWS","GW","GW","other_water_systems",0,1,0,1
"2424","CA3601159",500,12,"NTNCWS","SW","SWP","other_water_systems",0,0,0,0
"2425","CA3601179",50,9,"NTNCWS","GW","GW","other_water_systems",0,2,0,1
"2426","CA3601181",56,5,"NTNCWS","GW","GW","other_water_systems",0,1,0,1
"2427","CA3601182",3035,1,"CWS","GW","GW","carceral_water_system",0,0,0,0
"2428","CA3601184",45,4,"NTNCWS","GW","GW","other_water_systems",0,1,0,1
"2429","CA3601185",45,4,"NTNCWS","GW","GW","other_water_systems",0,1,0,1
"2430","CA3601186",294,105,"CWS",NA,NA,"other_water_systems",0,0,0,0
"2431","CA3610001",39930,8318,"CWS","GW","GW","carceral_serving_water_system",0,0,0,0
"2432","CA3610002",2534,952,"CWS","SW","SWP","other_water_systems",0,0,0,0
"2433","CA3610003",62890,20780,"CWS","GW","GW","carceral_serving_water_system",0,1,0,1
"2434","CA3610004",98055,23436,"CWS","SW","SW","other_water_systems",0,0,0,0
"2435","CA3610005",7038,7927,"CWS","SW","SW","other_water_systems",0,0,0,0
"2436","CA3610006",0,6,"CWS","SW","SW","other_water_systems",0,0,0,0
"2437","CA3610008",12738,6205,"CWS","SW","GU","other_water_systems",0,0,0,0
"2438","CA3610009",3347,1751,"CWS","GW","GW","other_water_systems",0,0,0,0
"2439","CA3610011",2458,745,"CWS","SW","SWP","other_water_systems",0,0,0,0
"2440","CA3610012",86435,23052,"CWS","SW","SWP","other_water_systems",0,1,0,1
"2441","CA3610013",25129,5804,"CWS","GW","GW","other_water_systems",0,1,0,1
"2442","CA3610014",46525,10417,"CWS","GW","GW","other_water_systems",0,1,0,1
"2443","CA3610015",11650,4892,"CWS","SW","SWP","other_water_systems",0,0,0,0
"2444","CA3610016",450,337,"CWS","GW","GW","other_water_systems",0,0,0,0
"2445","CA3610018",203882,48409,"CWS","SW","SW","carceral_serving_water_system",0,0,0,0
"2446","CA3610019",109608,1,"CWS","GW","GW","other_water_systems",0,0,0,0
"2447","CA3610021",995,492,"CWS","GW","GW","other_water_systems",0,0,0,0
"2448","CA3610022",1269,725,"CWS","SW","GU","other_water_systems",0,0,0,0
"2449","CA3610023",3062,1170,"CWS","SW","SWP","other_water_systems",0,1,0,1
"2450","CA3610024",100744,27785,"CWS","GW","GW","other_water_systems",0,0,0,0
"2451","CA3610025",7414,4921,"CWS","GW","GW","other_water_systems",0,0,0,0
"2452","CA3610026",1243,336,"CWS","SW","SWP","other_water_systems",0,0,0,0
"2453","CA3610028",3055,951,"CWS","GW","GW","other_water_systems",0,0,0,0
"2454","CA3610029",56422,11972,"CWS","SW","SWP","other_water_systems",0,0,0,0
"2455","CA3610030",1502,455,"CWS","GW","GW","other_water_systems",0,0,0,0
"2456","CA3610031",13000,1453,"CWS","GW","GW","other_water_systems",0,0,0,0
"2457","CA3610032",8766,1706,"CWS","GW","GW","other_water_systems",0,0,0,0
"2458","CA3610033",1700,115,"CWS","GW","GW","other_water_systems",0,0,0,0
"2459","CA3610034",185010,39412,"CWS","SW","SWP","carceral_serving_water_system",0,0,0,0
"2460","CA3610036",77058,21799,"CWS","SW","SWP","other_water_systems",0,0,0,0
"2461","CA3610037",78025,23872,"CWS","SW","SW","other_water_systems",0,0,0,0
"2462","CA3610038",54453,11996,"CWS","SW","SWP","other_water_systems",0,0,0,0
"2463","CA3610039",214665,45305,"CWS","GW","GW","carceral_serving_water_system",0,0,0,0
"2464","CA3610041",237600,47234,"CWS","SW","SW","carceral_serving_water_system",0,0,0,0
"2465","CA3610043",32661,9029,"CWS","GW","GW","other_water_systems",0,0,0,0
"2466","CA3610044",26067,15837,"CWS","GW","GW","other_water_systems",0,0,0,0
"2467","CA3610045",817,292,"CWS","SW","SWP","other_water_systems",0,0,0,0
"2468","CA3610046",499,218,"CWS","SW","SWP","other_water_systems",0,0,0,0
"2469","CA3610047",4177,2812,"CWS","GW","GW","other_water_systems",0,1,0,1
"2470","CA3610048",2400,608,"CWS","GW","GWP","other_water_systems",0,0,0,0
"2471","CA3610049",18795,7423,"CWS","GW","GW","other_water_systems",0,0,0,0
"2472","CA3610050",78376,20160,"CWS","SW","SW","other_water_systems",0,0,0,0
"2473","CA3610051",1992,823,"CWS","SW","SWP","other_water_systems",0,0,0,0
"2474","CA3610052",124653,38282,"CWS","SW","SWP","carceral_serving_water_system",0,0,0,0
"2475","CA3610053",7521,2307,"CWS","SW","SWP","other_water_systems",0,0,0,0
"2476","CA3610055",52010,13617,"CWS","SW","SW","other_water_systems",1,1,1,1
"2477","CA3610057",18681,6217,"CWS","GW","GW","other_water_systems",0,0,0,0
"2478","CA3610060",1118,585,"CWS","GW","GW","other_water_systems",0,0,0,0
"2479","CA3610062",5268,3037,"CWS","SW","SWP","other_water_systems",0,0,0,0
"2480","CA3610063",1717,829,"CWS","GW","GW","other_water_systems",0,0,0,0
"2481","CA3610064",108686,21584,"CWS","SW","SW","other_water_systems",0,0,0,0
"2482","CA3610073",26221,11070,"CWS","GW","GW","other_water_systems",0,0,0,0
"2483","CA3610075",0,3,"CWS","GW","GW","other_water_systems",0,0,0,0
"2484","CA3610082",119,64,"CWS","GW","GW","other_water_systems",0,0,0,0
"2485","CA3610085",3111,1219,"CWS","GW","GW","other_water_systems",0,0,0,0
"2486","CA3610086",0,2,"CWS","GW","GW","other_water_systems",0,0,0,0
"2487","CA3610093",2654,798,"CWS","SW","SWP","other_water_systems",0,0,0,0
"2488","CA3610105",2069,756,"CWS","GW","GW","other_water_systems",0,0,0,0
"2489","CA3610107",6189,1947,"CWS","GW","GW","other_water_systems",0,0,0,0
"2490","CA3610108",583,320,"CWS","GW","GW","other_water_systems",0,0,0,0
"2491","CA3610109",3954,1198,"CWS","GW","GW","other_water_systems",0,0,0,0
"2492","CA3610110",1856,957,"CWS","GW","GW","other_water_systems",0,0,0,0
"2493","CA3610112",6347,2867,"CWS","GW","GW","other_water_systems",0,0,0,0
"2494","CA3610114",2320,1236,"CWS","SW","SW","other_water_systems",0,0,0,0
"2495","CA3610117",1574,477,"CWS","GW","GW","other_water_systems",0,2,0,1
"2496","CA3610118",1049,287,"CWS","GW","GW","other_water_systems",0,0,0,0
"2497","CA3610120",23585,7204,"CWS","GW","GW","other_water_systems",0,0,0,0
"2498","CA3610121",14870,4019,"CWS","GW","GW","other_water_systems",0,1,0,1
"2499","CA3610125",12784,3455,"CWS","GW","GW","other_water_systems",0,0,0,0
"2500","CA3610129",0,5,"CWS","GW","GW","other_water_systems",0,0,0,0
"2501","CA3610130",149,1,"NTNCWS","GW","GW","other_water_systems",0,2,0,1
"2502","CA3610701",1126,419,"CWS","GW","GWP","other_water_systems",0,1,0,1
"2503","CA3610702",743,58,"NTNCWS","GW","GW","other_water_systems",0,1,0,1
"2504","CA3610703",15939,2480,"CWS","GW","GW","other_water_systems",0,0,0,0
"2505","CA3610705",800,3315,"CWS","GW","GW","other_water_systems",0,0,0,0
"2506","CA3610708",150,4,"NTNCWS","GW","GW","other_water_systems",0,0,0,0
"2507","CA3610800",83,1,"CWS","GW","GW","carceral_water_system",0,1,0,1
"2508","CA3610801",65,5,"CWS","GW","GW","other_water_systems",0,0,0,0
"2509","CA3610850",10667,1912,"CWS","GW","GW","carceral_water_system",0,0,0,0
"2510","CA3610851",1116,1063,"CWS","GW","GWP","carceral_water_system",0,0,0,0
"2511","CA3610854",1818,756,"CWS","GW","GW","other_water_systems",0,0,0,0
"2512","CA3700018",300,3,"NTNCWS","GW","GW","other_water_systems",5,1,1,1
"2513","CA3700041",300,102,"CWS","GW","GW","other_water_systems",1,1,1,1
"2514","CA3700044",25068,8,"NTNCWS","GW","GW","other_water_systems",0,0,0,0
"2515","CA3700071",300,103,"CWS","GW","GW","other_water_systems",0,0,0,0
"2516","CA3700073",86,39,"CWS","GW","GW","other_water_systems",0,2,0,1
"2517","CA3700074",525,185,"CWS","GW","GW","other_water_systems",1,0,1,0
"2518","CA3700117",1000,12,"NTNCWS","GW","GW","other_water_systems",0,0,0,0
"2519","CA3700118",150,4,"NTNCWS","GW","GW","other_water_systems",0,0,0,0
"2520","CA3700174",127,45,"NTNCWS","GW","GW","other_water_systems",0,0,0,0
"2521","CA3700277",150,46,"CWS","GW","GW","other_water_systems",0,1,0,1
"2522","CA3700291",100,55,"CWS","GW","GW","other_water_systems",1,2,1,1
"2523","CA3700422",100,30,"CWS","GW","GW","other_water_systems",0,1,0,1
"2524","CA3700859",290,110,"CWS","GW","GW","other_water_systems",0,0,0,0
"2525","CA3700866",330,148,"CWS","SW","SWP","other_water_systems",0,1,0,1
"2526","CA3700880",71,15,"NTNCWS","GW","GW","other_water_systems",0,0,0,0
"2527","CA3700897",100,32,"CWS","GW","GW","other_water_systems",4,2,1,1
"2528","CA3700900",9913,112,"CWS","GW","GW","other_water_systems",1,1,1,1
"2529","CA3700905",760,232,"CWS","GW","GW","other_water_systems",1,1,1,1
"2530","CA3700906",78,24,"CWS","GW","GW","other_water_systems",0,1,0,1
"2531","CA3700909",1517,188,"CWS","GW","GW","other_water_systems",0,2,0,1
"2532","CA3700912",310,21,"NTNCWS","GW","GW","other_water_systems",1,2,1,1
"2533","CA3700918",102,38,"CWS","GW","GW","other_water_systems",1,6,1,1
"2534","CA3700919",250,137,"CWS","SW","SW","other_water_systems",0,0,0,0
"2535","CA3700922",317,92,"CWS","GW","GW","other_water_systems",0,1,0,1
"2536","CA3700923",670,201,"CWS","GW","GW","other_water_systems",0,1,0,1
"2537","CA3700924",360,130,"CWS","GW","GW","other_water_systems",5,0,1,0
"2538","CA3700933",560,197,"CWS","GW","GW","other_water_systems",0,2,0,1
"2539","CA3700934",185,76,"CWS","GW","GW","other_water_systems",9,0,1,0
"2540","CA3700936",200,90,"CWS","GW","GW","other_water_systems",0,0,0,0
"2541","CA3700937",142,43,"CWS","GW","GW","other_water_systems",0,1,0,1
"2542","CA3700938",769,210,"CWS","SW","SW","other_water_systems",0,1,0,1
"2543","CA3700953",204,9,"NTNCWS","GW","GW","other_water_systems",0,1,0,1
"2544","CA3700958",238,116,"CWS","GW","GW","other_water_systems",0,0,0,0
"2545","CA3700962",190,88,"CWS","GW","GW","other_water_systems",1,4,1,1
"2546","CA3700963",300,19,"NTNCWS","GW","GW","other_water_systems",0,0,0,0
"2547","CA3700968",298,64,"CWS","GW","GW","other_water_systems",0,2,0,1
"2548","CA3701005",40,8,"NTNCWS","GW","GW","other_water_systems",1,0,1,0
"2549","CA3701010",250,15,"NTNCWS","GW","GW","other_water_systems",5,0,1,0
"2550","CA3701184",353,308,"CWS","GW","GW","other_water_systems",1,4,1,1
"2551","CA3701341",120,45,"CWS","GW","GW","other_water_systems",4,1,1,1
"2552","CA3701408",360,105,"CWS","SW","SWP","other_water_systems",0,1,0,1
"2553","CA3701476",244,48,"CWS","GW","GW","other_water_systems",2,1,1,1
"2554","CA3701747",298,89,"CWS","GW","GW","other_water_systems",0,0,0,0
"2555","CA3701780",28,21,"CWS","GW","GW","other_water_systems",0,1,0,1
"2556","CA3701793",200,153,"CWS","GW","GW","other_water_systems",4,2,1,1
"2557","CA3701837",120,74,"CWS","GW","GW","other_water_systems",0,3,0,1
"2558","CA3701909",500,21,"NTNCWS","GW","GW","other_water_systems",0,0,0,0
"2559","CA3701934",255,58,"CWS","GW","GW","other_water_systems",0,0,0,0
"2560","CA3701961",200,92,"CWS","GW","GW","other_water_systems",0,0,0,0
"2561","CA3701982",13050,22,"CWS","GW","GW","other_water_systems",0,1,0,1
"2562","CA3701988",125,68,"CWS","GW","GW","other_water_systems",0,6,0,1
"2563","CA3701995",100,32,"CWS","GW","GW","other_water_systems",2,1,1,1
"2564","CA3702104",828,512,"CWS","GW","GW","other_water_systems",0,0,0,0
"2565","CA3702236",9158,25,"CWS","GW","GW","other_water_systems",0,1,0,1
"2566","CA3702283",578,168,"NTNCWS","GW","GW","other_water_systems",0,1,0,1
"2567","CA3702338",250,130,"NTNCWS","GW","GW","other_water_systems",2,1,1,1
"2568","CA3702354",443,307,"CWS","GW","GW","other_water_systems",0,1,0,1
"2569","CA3702364",160,5,"NTNCWS","GW","GW","other_water_systems",1,0,1,0
"2570","CA3705073",30,1,"NTNCWS","GW","GW","other_water_systems",0,1,0,1
"2571","CA3710001",106000,21412,"CWS","SW","SWP","other_water_systems",1,0,1,0
"2572","CA3710002",112000,22419,"CWS","SW","SWP","other_water_systems",0,0,0,0
"2573","CA3710004",3929,1869,"CWS","SW","SWP","other_water_systems",0,1,0,1
"2574","CA3710005",95158,28238,"CWS","SW","SWP","other_water_systems",0,0,0,0
"2575","CA3710006",137941,26959,"CWS","SW","SW","other_water_systems",0,0,0,0
"2576","CA3710008",35237,9189,"CWS","SW","SWP","other_water_systems",0,0,0,0
"2577","CA3710009",870,317,"CWS","GW","GW","other_water_systems",0,0,0,0
"2578","CA3710010",277418,56598,"CWS","SW","SW","other_water_systems",0,0,0,0
"2579","CA3710011",561,244,"CWS","GW","GW","other_water_systems",0,0,0,0
"2580","CA3710012",899,387,"CWS","GW","GW","other_water_systems",0,0,0,0
"2581","CA3710013",35500,6958,"CWS","SW","SWP","other_water_systems",0,2,0,1
"2582","CA3710014",171063,44519,"CWS","SW","SWP","other_water_systems",0,0,0,0
"2583","CA3710015",49833,14139,"CWS","SW","SW","other_water_systems",0,0,0,0
"2584","CA3710016",23536,8849,"CWS","SW","SWP","carceral_serving_water_system",0,0,0,0
"2585","CA3710018",29206,7531,"CWS","SW","SWP","other_water_systems",0,0,0,0
"2586","CA3710019",37047,9596,"CWS","SW","SWP","other_water_systems",0,0,0,0
"2587","CA3710020",1368395,282245,"CWS","SW","SW","carceral_serving_water_system",0,1,0,1
"2588","CA3710021",40096,12125,"CWS","SW","SWP","other_water_systems",0,1,0,1
"2589","CA3710023",21578,6539,"CWS","SW","SW","other_water_systems",0,0,0,0
"2590","CA3710025",189371,33366,"CWS","SW","SW","carceral_serving_water_system",0,0,0,0
"2591","CA3710026",29938,9768,"CWS","SW","SWP","other_water_systems",0,0,0,0
"2592","CA3710027",130583,27782,"CWS","SW","SW","carceral_serving_water_system",0,0,0,0
"2593","CA3710029",86441,22716,"CWS","SW","SWP","other_water_systems",0,0,0,0
"2594","CA3710034",240290,50664,"CWS","SW","SWP","carceral_serving_water_system",0,0,0,0
"2595","CA3710036",3429,2049,"CWS","GW","GW","other_water_systems",0,0,0,0
"2596","CA3710037",93217,23277,"CWS","SW","SWP","carceral_serving_water_system",0,0,0,0
"2597","CA3710039",2645,721,"CWS","GW","GW","other_water_systems",0,0,0,0
"2598","CA3710041",1768,706,"CWS","GW","GW","other_water_systems",0,0,0,0
"2599","CA3710042",0,102,"CWS","SW","SW","other_water_systems",0,0,0,0
"2600","CA3710044",3316,1059,"CWS","SW","SWP","other_water_systems",0,0,0,0
"2601","CA3710045",0,1,"CWS","SW","SW","other_water_systems",0,0,0,0
"2602","CA3710047",500,222,"CWS","SW","GU","other_water_systems",0,0,0,0
"2603","CA3710048",400,8,"NTNCWS","GW","GW","other_water_systems",0,3,0,1
"2604","CA3710049",36604,4,"NTNCWS","GW","GW","other_water_systems",0,0,0,0
"2605","CA3710051",66255,4,"NTNCWS","GW","GW","other_water_systems",0,1,0,1
"2606","CA3710052",60,2,"NTNCWS","SW","GU","other_water_systems",2,2,1,1
"2607","CA3710053",27338,1,"NTNCWS","SW","GU","other_water_systems",3,2,1,1
"2608","CA3710055",80,4,"NTNCWS","GW","GW","other_water_systems",2,0,1,0
"2609","CA3710700",12972,1605,"CWS","GW","GW","other_water_systems",0,0,0,0
"2610","CA3710702",42998,7761,"CWS","GW","GW","other_water_systems",0,0,0,0
"2611","CA3710707",800,268,"NTNCWS","SW","SWP","other_water_systems",1,0,1,0
"2612","CA3710750",36990,1415,"CWS","SW","SWP","other_water_systems",0,0,0,0
"2613","CA3710800",125,6,"CWS","GW","GW","carceral_water_system",0,0,0,0
"2614","CA3710802",65,9,"CWS","GW","GW","carceral_water_system",0,1,0,1
"2615","CA3810001",600,256,"CWS","SW","SW","other_water_systems",0,0,0,0
"2616","CA3810003",410,89,"CWS","SW","SWP","other_water_systems",0,0,0,0
"2617","CA3810008",1,1,"CWS","SW","SWP","other_water_systems",0,0,0,0
"2618","CA3810010",183386,441,"NTNCWS","SW","SWP","other_water_systems",0,0,0,0
"2619","CA3810011",848019,171099,"CWS","SW","SWP","carceral_serving_water_system",0,0,0,0
"2620","CA3810700",3500,1228,"CWS","SW","SW","other_water_systems",0,0,0,0
"2621","CA3810702",3864,186,"CWS","SW","SWP","other_water_systems",0,0,0,0
"2622","CA3900504",264,83,"CWS","GW","GW","other_water_systems",0,0,0,0
"2623","CA3900505",270,78,"CWS","GW","GW","other_water_systems",0,0,0,0
"2624","CA3900511",1025,8,"NTNCWS","GW","GW","other_water_systems",0,1,0,1
"2625","CA3900512",105,32,"CWS","GW","GW","other_water_systems",0,0,0,0
"2626","CA3900517",60,20,"CWS","GW","GW","other_water_systems",0,0,0,0
"2627","CA3900523",112,34,"CWS","GW","GW","other_water_systems",0,0,0,0
"2628","CA3900543",92,28,"CWS","GW","GWP","other_water_systems",0,0,0,0
"2629","CA3900558",172,52,"CWS","GW","GW","other_water_systems",0,0,0,0
"2630","CA3900559",40,16,"CWS","GW","GW","other_water_systems",0,0,0,0
"2631","CA3900561",104,54,"CWS","GW","GW","other_water_systems",0,0,0,0
"2632","CA3900563",178,54,"CWS","GW","GW","other_water_systems",0,0,0,0
"2633","CA3900568",180,72,"CWS","GW","GW","other_water_systems",0,0,0,0
"2634","CA3900569",60,28,"CWS","GW","GW","other_water_systems",0,1,0,1
"2635","CA3900579",50,19,"CWS","GW","GW","other_water_systems",5,0,1,0
"2636","CA3900581",500,100,"NTNCWS","GW","GW","other_water_systems",0,0,0,0
"2637","CA3900586",50,22,"CWS","GW","GW","other_water_systems",0,0,0,0
"2638","CA3900596",200,82,"CWS","GW","GW","other_water_systems",0,0,0,0
"2639","CA3900602",200,68,"CWS","GW","GW","other_water_systems",0,0,0,0
"2640","CA3900606",75,30,"CWS","GW","GW","other_water_systems",0,0,0,0
"2641","CA3900607",131,49,"CWS","GW","GW","other_water_systems",0,1,0,1
"2642","CA3900624",160,83,"CWS","GW","GW","other_water_systems",0,0,0,0
"2643","CA3900637",120,63,"CWS","GW","GW","other_water_systems",1,0,1,0
"2644","CA3900649",100,50,"CWS","GW","GW","other_water_systems",0,1,0,1
"2645","CA3900653",150,75,"CWS","GW","GW","other_water_systems",0,0,0,0
"2646","CA3900661",275,99,"CWS","GW","GW","other_water_systems",0,0,0,0
"2647","CA3900664",125,44,"CWS","GW","GW","other_water_systems",0,0,0,0
"2648","CA3900682",123,43,"CWS","GW","GW","other_water_systems",0,0,0,0
"2649","CA3900701",148,37,"CWS","GW","GW","other_water_systems",0,0,0,0
"2650","CA3900702",145,44,"CWS","GW","GW","other_water_systems",0,0,0,0
"2651","CA3900705",55,26,"CWS","GW","GW","other_water_systems",0,0,0,0
"2652","CA3900714",69,21,"CWS","SW","SWP","other_water_systems",0,0,0,0
"2653","CA3900719",55,25,"CWS","GW","GW","other_water_systems",0,0,0,0
"2654","CA3900720",238,72,"CWS","GW","GW","other_water_systems",0,0,0,0
"2655","CA3900721",110,37,"CWS","GW","GW","other_water_systems",1,0,1,0
"2656","CA3900722",290,88,"CWS","GW","GW","other_water_systems",0,0,0,0
"2657","CA3900724",234,71,"CWS","GW","GW","other_water_systems",0,0,0,0
"2658","CA3900732",35,15,"CWS","GW","GW","other_water_systems",0,1,0,1
"2659","CA3900733",75,31,"CWS","GW","GW","other_water_systems",0,0,0,0
"2660","CA3900742",100,15,"NTNCWS","GW","GW","other_water_systems",0,0,0,0
"2661","CA3900748",100,1,"NTNCWS","GW","GW","other_water_systems",0,0,0,0
"2662","CA3900751",26,9,"CWS","GW","GW","other_water_systems",4,0,1,0
"2663","CA3900755",150,49,"CWS","GW","GW","other_water_systems",0,0,0,0
"2664","CA3900756",100,1,"NTNCWS","GW","GW","other_water_systems",0,0,0,0
"2665","CA3900757",225,1,"NTNCWS","GW","GW","other_water_systems",0,0,0,0
"2666","CA3900762",55,58,"CWS","GW","GW","other_water_systems",1,0,1,0
"2667","CA3900796",110,1,"NTNCWS","GW","GW","other_water_systems",0,0,0,0
"2668","CA3900798",250,1,"NTNCWS","GW","GW","other_water_systems",0,0,0,0
"2669","CA3900805",300,115,"CWS","GW","GW","other_water_systems",0,0,0,0
"2670","CA3900813",100,51,"CWS","GW","GW","other_water_systems",0,0,0,0
"2671","CA3900815",805,5,"NTNCWS","GW","GW","other_water_systems",0,0,0,0
"2672","CA3900825",280,1,"NTNCWS","GW","GW","other_water_systems",0,0,0,0
"2673","CA3900831",340,173,"CWS","GW","GW","other_water_systems",0,0,0,0
"2674","CA3900835",70,25,"CWS","GW","GW","other_water_systems",0,0,0,0
"2675","CA3900837",39,12,"CWS","GW","GW","other_water_systems",0,0,0,0
"2676","CA3900842",320,150,"CWS","GW","GW","other_water_systems",0,0,0,0
"2677","CA3900844",75,41,"CWS","GW","GW","other_water_systems",0,0,0,0
"2678","CA3900846",350,1,"NTNCWS","GW","GW","other_water_systems",0,0,0,0
"2679","CA3900848",166,2,"NTNCWS","GW","GW","other_water_systems",0,0,0,0
"2680","CA3900849",100,1,"NTNCWS","GW","GW","other_water_systems",0,0,0,0
"2681","CA3900850",405,4,"NTNCWS","GW","GW","other_water_systems",0,0,0,0
"2682","CA3900907",325,117,"CWS","GW","GW","other_water_systems",0,0,0,0
"2683","CA3900921",30,12,"CWS","GW","GW","other_water_systems",0,0,0,0
"2684","CA3900927",119,36,"CWS","GW","GW","other_water_systems",0,0,0,0
"2685","CA3900964",300,162,"CWS","GW","GW","other_water_systems",0,0,0,0
"2686","CA3900978",83,1,"NTNCWS","GW","GW","other_water_systems",0,0,0,0
"2687","CA3900983",100,43,"CWS","GW","GW","other_water_systems",0,0,0,0
"2688","CA3900991",40,14,"CWS","GW","GW","other_water_systems",0,0,0,0
"2689","CA3900993",210,1,"NTNCWS","GW","GW","other_water_systems",0,0,0,0
"2690","CA3901014",200,1,"NTNCWS","GW","GW","other_water_systems",0,0,0,0
"2691","CA3901031",252,93,"CWS","GW","GW","other_water_systems",1,1,1,1
"2692","CA3901032",120,3,"NTNCWS","GW","GW","other_water_systems",0,0,0,0
"2693","CA3901074",238,85,"CWS","GW","GW","other_water_systems",0,0,0,0
"2694","CA3901075",149,45,"CWS","GW","GW","other_water_systems",0,0,0,0
"2695","CA3901080",270,1,"NTNCWS","GW","GW","other_water_systems",2,0,1,0
"2696","CA3901081",130,36,"CWS","GW","GW","other_water_systems",0,0,0,0
"2697","CA3901082",150,1,"NTNCWS","GW","GW","other_water_systems",0,0,0,0
"2698","CA3901085",630,1,"NTNCWS","GW","GW","other_water_systems",1,0,1,0
"2699","CA3901086",150,1,"NTNCWS","GW","GW","other_water_systems",0,0,0,0
"2700","CA3901090",35,1,"NTNCWS","GW","GW","other_water_systems",0,0,0,0
"2701","CA3901092",310,94,"CWS","GW","GW","other_water_systems",0,0,0,0
"2702","CA3901107",60,1,"NTNCWS","GW","GW","other_water_systems",0,0,0,0
"2703","CA3901113",106,32,"CWS","GW","GW","other_water_systems",0,0,0,0
"2704","CA3901114",236,76,"CWS","GW","GW","other_water_systems",0,0,0,0
"2705","CA3901159",125,38,"CWS","GW","GWP","other_water_systems",0,0,0,0
"2706","CA3901163",300,3,"NTNCWS","GW","GW","other_water_systems",0,0,0,0
"2707","CA3901167",200,1,"NTNCWS","GW","GW","other_water_systems",0,0,0,0
"2708","CA3901169",804,3,"NTNCWS","GW","GW","other_water_systems",5,0,1,0
"2709","CA3901172",178,54,"CWS","GW","GW","other_water_systems",0,0,0,0
"2710","CA3901176",330,2,"NTNCWS","GW","GW","other_water_systems",1,0,1,0
"2711","CA3901179",61,1,"NTNCWS","GW","GW","other_water_systems",0,0,0,0
"2712","CA3901181",82,3,"NTNCWS","GW","GW","other_water_systems",0,1,0,1
"2713","CA3901194",48,6,"NTNCWS","GW","GW","other_water_systems",0,0,0,0
"2714","CA3901197",50,8,"NTNCWS","GW","GW","other_water_systems",0,1,0,1
"2715","CA3901209",950,11,"NTNCWS","GW","GW","other_water_systems",0,0,0,0
"2716","CA3901213",34,12,"CWS","GW","GW","other_water_systems",5,0,1,0
"2717","CA3901215",201,72,"CWS","GW","GW","other_water_systems",0,0,0,0
"2718","CA3901216",320,97,"CWS","GW","GW","other_water_systems",0,0,0,0
"2719","CA3901217",41,15,"CWS","GW","GW","other_water_systems",0,0,0,0
"2720","CA3901245",150,2,"NTNCWS","GW","GW","other_water_systems",0,0,0,0
"2721","CA3901248",135,41,"NTNCWS","GW","GW","other_water_systems",0,0,0,0
"2722","CA3901258",30,1,"NTNCWS","GW","GW","other_water_systems",0,0,0,0
"2723","CA3901276",38,15,"CWS","GW","GW","other_water_systems",0,0,0,0
"2724","CA3901278",100,1,"NTNCWS","GW","GW","other_water_systems",0,0,0,0
"2725","CA3901282",150,11,"NTNCWS","GW","GW","other_water_systems",0,0,0,0
"2726","CA3901285",50,1,"NTNCWS","GW","GW","other_water_systems",0,0,0,0
"2727","CA3901290",50,1,"NTNCWS","GW","GW","other_water_systems",0,0,0,0
"2728","CA3901303",231,70,"CWS","GW","GW","other_water_systems",0,0,0,0
"2729","CA3901304",39,15,"CWS","GW","GW","other_water_systems",0,0,0,0
"2730","CA3901305",30,1,"NTNCWS","GW","GW","other_water_systems",0,0,0,0
"2731","CA3901306",185,2,"NTNCWS","GW","GW","other_water_systems",0,0,0,0
"2732","CA3901309",50,1,"NTNCWS","GW","GW","other_water_systems",0,0,0,0
"2733","CA3901312",80,1,"NTNCWS","GW","GW","other_water_systems",0,0,0,0
"2734","CA3901315",30,1,"NTNCWS","GW","GW","other_water_systems",0,0,0,0
"2735","CA3901318",30,1,"NTNCWS","GW","GW","other_water_systems",0,0,0,0
"2736","CA3901319",40,1,"NTNCWS","GW","GW","other_water_systems",1,0,1,0
"2737","CA3901320",50,1,"NTNCWS","GW","GW","other_water_systems",0,0,0,0
"2738","CA3901322",76,23,"NTNCWS","GW","GW","other_water_systems",0,0,0,0
"2739","CA3901323",85,10,"NTNCWS","GW","GW","other_water_systems",0,0,0,0
"2740","CA3901331",100,13,"NTNCWS","GW","GW","other_water_systems",0,0,0,0
"2741","CA3901336",60,1,"NTNCWS","GW","GW","other_water_systems",0,0,0,0
"2742","CA3901337",426,129,"CWS","GW","GW","other_water_systems",0,0,0,0
"2743","CA3901338",40,1,"NTNCWS","GW","GW","other_water_systems",0,0,0,0
"2744","CA3901343",25,1,"NTNCWS","GW","GW","other_water_systems",0,0,0,0
"2745","CA3901345",200,1,"NTNCWS","GW","GW","other_water_systems",0,0,0,0
"2746","CA3901348",1172,355,"CWS","GW","GW","other_water_systems",0,0,0,0
"2747","CA3901350",203,5,"NTNCWS","GW","GW","other_water_systems",0,1,0,1
"2748","CA3901354",30,11,"NTNCWS","GW","GW","other_water_systems",0,6,0,1
"2749","CA3901368",50,5,"NTNCWS","GW","GW","other_water_systems",0,0,0,0
"2750","CA3901369",25,2,"NTNCWS","GW","GW","other_water_systems",0,0,0,0
"2751","CA3901373",25,1,"NTNCWS","GW","GW","other_water_systems",0,0,0,0
"2752","CA3901377",327,99,"NTNCWS","GW","GW","other_water_systems",0,1,0,1
"2753","CA3901378",25,1,"NTNCWS","GW","GW","other_water_systems",2,0,1,0
"2754","CA3901382",25,2,"NTNCWS","GW","GW","other_water_systems",0,0,0,0
"2755","CA3901387",25,1,"NTNCWS","GW","GW","other_water_systems",2,0,1,0
"2756","CA3901390",25,1,"NTNCWS","GW","GW","other_water_systems",0,0,0,0
"2757","CA3901392",25,1,"NTNCWS","GW","GW","other_water_systems",0,0,0,0
"2758","CA3901394",50,1,"NTNCWS","GW","GW","other_water_systems",0,0,0,0
"2759","CA3901400",25,1,"NTNCWS","GW","GW","other_water_systems",0,0,0,0
"2760","CA3901404",25,1,"NTNCWS","GW","GW","other_water_systems",0,0,0,0
"2761","CA3901407",31,1,"NTNCWS","GW","GW","other_water_systems",0,0,0,0
"2762","CA3901409",60,1,"NTNCWS","GW","GW","other_water_systems",0,0,0,0
"2763","CA3901414",25,1,"NTNCWS","GW","GW","other_water_systems",0,0,0,0
"2764","CA3901417",25,1,"NTNCWS","GW","GW","other_water_systems",0,0,0,0
"2765","CA3901418",25,1,"NTNCWS","GW","GW","other_water_systems",5,0,1,0
"2766","CA3901421",163,2,"NTNCWS","GW","GW","other_water_systems",0,0,0,0
"2767","CA3901423",25,1,"NTNCWS","GW","GW","other_water_systems",0,0,0,0
"2768","CA3901424",31,5,"NTNCWS","GW","GW","other_water_systems",0,0,0,0
"2769","CA3901425",25,5,"NTNCWS","GW","GW","other_water_systems",0,0,0,0
"2770","CA3901429",348,1,"NTNCWS","GW","GW","other_water_systems",0,0,0,0
"2771","CA3901442",27,7,"NTNCWS","GW","GW","other_water_systems",0,0,0,0
"2772","CA3901456",25,2,"NTNCWS","GW","GW","other_water_systems",0,0,0,0
"2773","CA3901461",25,1,"NTNCWS","GW","GW","other_water_systems",0,0,0,0
"2774","CA3901463",39,1,"NTNCWS","GW","GW","other_water_systems",0,0,0,0
"2775","CA3901466",25,1,"NTNCWS","GW","GW","other_water_systems",0,0,0,0
"2776","CA3901473",25,1,"NTNCWS","GW","GW","other_water_systems",0,0,0,0
"2777","CA3901474",39,15,"CWS","GW","GW","other_water_systems",4,0,1,0
"2778","CA3901477",25,1,"NTNCWS","GW","GW","other_water_systems",0,0,0,0
"2779","CA3901480",25,1,"NTNCWS","GW","GW","other_water_systems",0,0,0,0
"2780","CA3901481",25,1,"NTNCWS","GW","GW","other_water_systems",3,0,1,0
"2781","CA3901486",556,2,"NTNCWS","GW","GW","other_water_systems",8,0,1,0
"2782","CA3902136",40,1,"NTNCWS","GW","GW","other_water_systems",0,0,0,0
"2783","CA3902172",25,15,"NTNCWS","GW","GW","other_water_systems",0,0,0,0
"2784","CA3902180",463,1,"NTNCWS","GW","GW","other_water_systems",0,0,0,0
"2785","CA3902181",25,1,"NTNCWS","GW","GW","other_water_systems",0,0,0,0
"2786","CA3902184",40,1,"NTNCWS","GW","GW","other_water_systems",0,0,0,0
"2787","CA3902189",60,1,"NTNCWS","GW","GW","other_water_systems",5,0,1,0
"2788","CA3902211",219,2,"NTNCWS","GW","GW","other_water_systems",0,0,0,0
"2789","CA3902212",115,5,"NTNCWS","GW","GW","other_water_systems",0,0,0,0
"2790","CA3902215",100,7,"NTNCWS","GW","GW","other_water_systems",0,0,0,0
"2791","CA3910001",175026,44274,"CWS","SW","SWP","other_water_systems",0,0,0,0
"2792","CA3910002",1841,559,"CWS","SW","SWP","other_water_systems",0,0,0,0
"2793","CA3910003",7264,2527,"CWS","GW","GW","other_water_systems",0,0,0,0
"2794","CA3910004",68272,29520,"CWS","SW","SW","other_water_systems",0,0,0,0
"2795","CA3910005",84928,26685,"CWS","SW","SWP","other_water_systems",0,0,0,0
"2796","CA3910006",50,3,"CWS","SW","SW","other_water_systems",0,0,0,0
"2797","CA3910007",15769,5144,"CWS","GW","GW","other_water_systems",0,0,0,0
"2798","CA3910008",2500,846,"CWS","GW","GW","other_water_systems",0,0,0,0
"2799","CA3910009",964,292,"CWS","GW","GW","other_water_systems",0,0,0,0
"2800","CA3910010",5990,1815,"CWS","SW","SWP","other_water_systems",0,0,0,0
"2801","CA3910011",94538,27078,"CWS","SW","SW","other_water_systems",0,0,0,0
"2802","CA3910012",190688,50687,"CWS","SW","SW","carceral_serving_water_system",1,1,1,1
"2803","CA3910014",1086,329,"CWS","GW","GW","other_water_systems",3,0,1,0
"2804","CA3910015",35080,10412,"CWS","SW","SWP","other_water_systems",0,0,0,0
"2805","CA3910017",3802,1152,"CWS","GW","GW","other_water_systems",0,0,0,0
"2806","CA3910018",600,385,"CWS","GW","GW","other_water_systems",0,0,0,0
"2807","CA3910019",1784,617,"CWS","GW","GW","other_water_systems",0,0,0,0
"2808","CA3910020",722,293,"CWS","GW","GW","other_water_systems",0,0,0,0
"2809","CA3910022",1510,202,"CWS","SW","SW","other_water_systems",1,0,1,0
"2810","CA3910023",1479,448,"CWS","GW","GW","other_water_systems",0,0,0,0
"2811","CA3910024",851,258,"CWS","GW","GW","other_water_systems",0,0,0,0
"2812","CA3910025",230,109,"NTNCWS","SW","SWP","other_water_systems",0,0,0,0
"2813","CA3910027",24235,7334,"CWS","SW","SW","other_water_systems",0,0,0,0
"2814","CA3910701",525,37,"CWS","GW","GW","other_water_systems",0,0,0,0
"2815","CA3910702",1200,86,"NTNCWS","GW","GW","other_water_systems",0,0,0,0
"2816","CA3910803",5551,84,"CWS","SW","SWP","carceral_water_system",2,0,1,0
"2817","CA4000200",85,27,"CWS","GW","GW","other_water_systems",0,2,0,1
"2818","CA4000202",132,40,"CWS","GW","GW","other_water_systems",0,1,0,1
"2819","CA4000203",135,58,"CWS","GW","GW","other_water_systems",0,0,0,0
"2820","CA4000205",1600,3,"NTNCWS","GW","GW","other_water_systems",0,0,0,0
"2821","CA4000206",700,7,"CWS","GW","GW","other_water_systems",0,2,0,1
"2822","CA4000208",40,1,"NTNCWS","GW","GW","other_water_systems",0,1,0,1
"2823","CA4000209",60,1,"NTNCWS","GW","GW","other_water_systems",0,2,0,1
"2824","CA4000211",90,6,"NTNCWS","GW","GW","other_water_systems",0,0,0,0
"2825","CA4000213",57,1,"NTNCWS","GW","GW","other_water_systems",0,1,0,1
"2826","CA4000214",81,25,"CWS","GW","GW","other_water_systems",0,3,0,1
"2827","CA4000216",45,15,"NTNCWS","GW","GW","other_water_systems",4,2,1,1
"2828","CA4000221",270,1,"NTNCWS","GW","GW","other_water_systems",0,0,0,0
"2829","CA4000222",1630,388,"CWS","SW","SWP","other_water_systems",0,0,0,0
"2830","CA4000224",25,6,"NTNCWS","GW","GW","other_water_systems",0,2,0,1
"2831","CA4000226",710,215,"CWS","GW","GW","other_water_systems",0,0,0,0
"2832","CA4000230",133,54,"CWS","SW","SWP","other_water_systems",0,0,0,0
"2833","CA4000501",105,46,"CWS","GW","GW","other_water_systems",0,6,0,1
"2834","CA4000506",488,163,"CWS","GW","GW","other_water_systems",2,2,1,1
"2835","CA4000507",440,117,"CWS","GW","GW","other_water_systems",0,1,0,1
"2836","CA4000523",591,179,"CWS","GW","GW","other_water_systems",0,0,0,0
"2837","CA4000554",350,124,"CWS","GW","GW","other_water_systems",1,0,1,0
"2838","CA4000555",35,1,"NTNCWS","GW","GW","other_water_systems",1,1,1,1
"2839","CA4000563",30,24,"CWS","GW","GW","other_water_systems",4,3,1,1
"2840","CA4000568",462,206,"CWS","GW","GW","other_water_systems",2,0,1,0
"2841","CA4000589",1200,1,"NTNCWS","SW","SW","other_water_systems",0,0,0,0
"2842","CA4000590",1521,377,"NTNCWS","SW","GU","other_water_systems",0,1,0,1
"2843","CA4000598",25,20,"NTNCWS","GW","GW","other_water_systems",0,2,0,1
"2844","CA4000604",50,1,"NTNCWS","GW","GW","other_water_systems",0,0,0,0
"2845","CA4000620",100,1,"NTNCWS","GW","GW","other_water_systems",0,0,0,0
"2846","CA4000623",30,8,"NTNCWS","GW","GW","other_water_systems",0,1,0,1
"2847","CA4000631",40,20,"CWS","GW","GW","other_water_systems",5,2,1,1
"2848","CA4000637",60,26,"CWS","GW","GW","other_water_systems",0,0,0,0
"2849","CA4000648",84,49,"CWS","GW","GW","other_water_systems",5,2,1,1
"2850","CA4000649",420,160,"CWS","GW","GW","other_water_systems",0,0,0,0
"2851","CA4000650",600,313,"CWS","GW","GW","other_water_systems",0,1,0,1
"2852","CA4000653",250,127,"CWS","GW","GW","other_water_systems",1,0,1,0
"2853","CA4000654",99,80,"CWS","GW","GW","other_water_systems",5,0,1,0
"2854","CA4000660",45,18,"CWS","GW","GW","other_water_systems",0,2,0,1
"2855","CA4000670",486,23,"CWS","GW","GW","other_water_systems",0,0,0,0
"2856","CA4000671",40,1,"NTNCWS","GW","GW","other_water_systems",0,2,0,1
"2857","CA4000675",253,1,"NTNCWS","GW","GW","other_water_systems",0,0,0,0
"2858","CA4000678",75,22,"NTNCWS","GW","GW","other_water_systems",0,0,0,0
"2859","CA4000684",100,3,"NTNCWS","SW","GU","other_water_systems",0,1,0,1
"2860","CA4000689",200,2,"NTNCWS","GW","GW","other_water_systems",0,0,0,0
"2861","CA4000692",25,1,"NTNCWS","GW","GW","other_water_systems",0,0,0,0
"2862","CA4000693",100,1,"NTNCWS","GW","GW","other_water_systems",0,0,0,0
"2863","CA4000705",80,29,"CWS","GW","GW","other_water_systems",0,2,0,1
"2864","CA4000716",75,28,"CWS","SW","SWP","other_water_systems",0,1,0,1
"2865","CA4000722",324,98,"NTNCWS","SW","SWP","other_water_systems",0,0,0,0
"2866","CA4000725",25,1,"NTNCWS","GW","GW","other_water_systems",0,0,0,0
"2867","CA4000730",30,1,"NTNCWS","GW","GW","other_water_systems",0,0,0,0
"2868","CA4000732",65,1,"NTNCWS","GW","GW","other_water_systems",4,0,1,0
"2869","CA4000734",100,3,"NTNCWS","GW","GW","other_water_systems",0,0,0,0
"2870","CA4000741",70,25,"CWS","GW","GW","other_water_systems",0,1,0,1
"2871","CA4000744",79,25,"CWS","GW","GW","other_water_systems",0,1,0,1
"2872","CA4000749",38,17,"CWS","GW","GW","other_water_systems",0,0,0,0
"2873","CA4000750",55,25,"CWS","GW","GW","other_water_systems",5,1,1,1
"2874","CA4000752",25,1,"NTNCWS","GW","GW","other_water_systems",0,0,0,0
"2875","CA4000753",40,2,"NTNCWS","GW","GW","other_water_systems",0,2,0,1
"2876","CA4000765",106,49,"CWS","GW","GW","other_water_systems",0,0,0,0
"2877","CA4000766",35,1,"NTNCWS","GW","GW","other_water_systems",0,2,0,1
"2878","CA4000768",34,1,"NTNCWS","GW","GW","other_water_systems",0,0,0,0
"2879","CA4000770",32,1,"NTNCWS","GW","GW","other_water_systems",0,0,0,0
"2880","CA4000771",44,45,"CWS","GW","GW","other_water_systems",0,0,0,0
"2881","CA4000774",100,1,"NTNCWS","GW","GW","other_water_systems",0,0,0,0
"2882","CA4000775",30,16,"CWS","GW","GW","other_water_systems",1,0,1,0
"2883","CA4000777",200,1,"NTNCWS","GW","GW","other_water_systems",0,1,0,1
"2884","CA4000778",30,1,"NTNCWS","GW","GW","other_water_systems",0,0,0,0
"2885","CA4000780",650,1,"NTNCWS","GW","GW","other_water_systems",0,2,0,1
"2886","CA4000781",135,1,"NTNCWS","GW","GW","other_water_systems",0,2,0,1
"2887","CA4000789",125,45,"CWS","GW","GW","other_water_systems",0,0,0,0
"2888","CA4000800",132,40,"NTNCWS","SW","SWP","other_water_systems",0,0,0,0
"2889","CA4000802",238,152,"CWS","GW","GW","other_water_systems",0,0,0,0
"2890","CA4000803",50,20,"CWS","GW","GW","other_water_systems",0,1,0,1
"2891","CA4000805",126,37,"CWS","GW","GW","other_water_systems",0,1,0,1
"2892","CA4000806",150,1,"NTNCWS","GW","GW","other_water_systems",0,1,0,1
"2893","CA4000808",65,26,"CWS","GW","GW","other_water_systems",0,0,0,0
"2894","CA4000815",108,36,"CWS","GW","GW","other_water_systems",0,0,0,0
"2895","CA4000817",50,35,"NTNCWS","GW","GW","other_water_systems",0,0,0,0
"2896","CA4000819",25,1,"NTNCWS","GW","GW","other_water_systems",0,1,0,1
"2897","CA4000825",1025,6,"NTNCWS","GW","GW","other_water_systems",0,0,0,0
"2898","CA4000834",60,6,"CWS","GW","GW","other_water_systems",0,0,0,0
"2899","CA4000835",25,2,"NTNCWS","GW","GW","other_water_systems",0,0,0,0
"2900","CA4000837",35,1,"NTNCWS","GW","GW","other_water_systems",0,0,0,0
"2901","CA4000839",25,1,"CWS","GW","GW","other_water_systems",0,1,0,1
"2902","CA4000843",125,1,"NTNCWS","GW","GW","other_water_systems",0,0,0,0
"2903","CA4000844",650,1,"NTNCWS","GW","GW","other_water_systems",0,0,0,0
"2904","CA4000846",56,1,"NTNCWS","GW","GW","other_water_systems",0,0,0,0
"2905","CA4000852",85,1,"NTNCWS","GW","GW","other_water_systems",0,1,0,1
"2906","CA4000853",160,42,"CWS","GW","GW","other_water_systems",0,0,0,0
"2907","CA4000856",77,1,"NTNCWS","GW","GW","other_water_systems",0,0,0,0
"2908","CA4010001",17963,6854,"CWS","SW","SWP","other_water_systems",0,0,0,0
"2909","CA4010002",30618,10961,"CWS","GW","GW","other_water_systems",0,0,0,0
"2910","CA4010003",1600,685,"CWS","SW","SWP","other_water_systems",1,0,1,0
"2911","CA4010004",12701,4999,"CWS","SW","SW","other_water_systems",0,0,0,0
"2912","CA4010005",7601,2207,"CWS","SW","SWP","other_water_systems",0,1,0,1
"2913","CA4010006",2369,778,"CWS","SW","SWP","other_water_systems",0,0,0,0
"2914","CA4010007",31176,10822,"CWS","SW","SW","other_water_systems",0,0,0,0
"2915","CA4010008",8036,5335,"CWS","SW","SWP","other_water_systems",2,1,1,1
"2916","CA4010009",47788,17012,"CWS","SW","SW","other_water_systems",0,0,0,0
"2917","CA4010010",2600,907,"CWS","GW","GW","other_water_systems",0,0,0,0
"2918","CA4010011",13757,5892,"CWS","SW","SWP","other_water_systems",0,0,0,0
"2919","CA4010012",2956,1963,"CWS","SW","SW","other_water_systems",6,0,1,0
"2920","CA4010014",5532,4034,"CWS","SW","GU","other_water_systems",1,0,1,0
"2921","CA4010015",1874,650,"CWS","SW","SWP","other_water_systems",0,0,0,0
"2922","CA4010016",7086,2776,"CWS","GW","GW","other_water_systems",0,0,0,0
"2923","CA4010017",5949,2683,"CWS","GW","GW","other_water_systems",0,0,0,0
"2924","CA4010018",4506,1492,"CWS","GW","GW","other_water_systems",0,0,0,0
"2925","CA4010019",8011,3004,"CWS","GW","GW","other_water_systems",0,0,0,0
"2926","CA4010022",0,31,"CWS","SW","SW","other_water_systems",0,0,0,0
"2927","CA4010023",1477,602,"CWS","GW","GW","other_water_systems",0,0,0,0
"2928","CA4010024",1291,506,"CWS","GW","GW","other_water_systems",0,0,0,0
"2929","CA4010025",0,3,"CWS","SW","SW","other_water_systems",0,0,0,0
"2930","CA4010026",13771,4512,"CWS","SW","SWP","other_water_systems",0,0,0,0
"2931","CA4010027",2181,663,"CWS","SW","SW","other_water_systems",5,4,1,1
"2932","CA4010028",1085,362,"CWS","SW","SWP","other_water_systems",0,0,0,0
"2933","CA4010030",0,2,"CWS","SW","SWP","other_water_systems",0,0,0,0
"2934","CA4010040",2026,966,"CWS","GW","GW","other_water_systems",0,0,0,0
"2935","CA4010080",0,5,"CWS","SW","SW","other_water_systems",0,0,0,0
"2936","CA4010081",3862,1544,"CWS","GW","GW","other_water_systems",0,0,0,0
"2937","CA4010300",200,16,"NTNCWS","SW","SW","other_water_systems",0,0,0,0
"2938","CA4010830",15000,12,"CWS","SW","SW","carceral_water_system",0,1,0,1
"2939","CA4010832",4100,875,"CWS","GW","GW","carceral_water_system",0,1,0,1
"2940","CA4010901",1200,784,"CWS","SW","SWP","other_water_systems",0,0,0,0
"2941","CA4100503",150,94,"CWS","SW","SW","other_water_systems",0,3,0,1
"2942","CA4100509",300,75,"CWS","SW","SW","other_water_systems",1,0,1,0
"2943","CA4100510",56,18,"CWS","SW","GU","other_water_systems",0,0,0,0
"2944","CA4100512",65,34,"CWS","SW","SW","other_water_systems",0,0,0,0
"2945","CA4100513",192,1,"NTNCWS","GW","GW","other_water_systems",0,0,0,0
"2946","CA4100522",68,13,"CWS","SW","SW","other_water_systems",0,0,0,0
"2947","CA4100529",208,21,"CWS","SW","SW","other_water_systems",1,0,1,0
"2948","CA4100538",357,65,"CWS","GW","GW","other_water_systems",0,0,0,0
"2949","CA4100540",35,10,"CWS","GW","GW","other_water_systems",0,1,0,1
"2950","CA4100551",50,10,"CWS","GW","GW","other_water_systems",1,3,1,1
"2951","CA4100555",90,34,"CWS","SW","GU","other_water_systems",0,1,0,1
"2952","CA4100582",450,102,"CWS","GW","GW","other_water_systems",0,0,0,0
"2953","CA4100583",65,13,"CWS","GW","GW","other_water_systems",0,0,0,0
"2954","CA4100603",583,96,"NTNCWS","GW","GW","other_water_systems",1,1,1,1
"2955","CA4100605",50,3,"NTNCWS","GW","GW","other_water_systems",0,0,0,0
"2956","CA4110001",28050,8117,"CWS","SW","SWP","other_water_systems",0,0,0,0
"2957","CA4110002",3390,1293,"CWS","SW","SWP","other_water_systems",0,0,0,0
"2958","CA4110003",31447,8739,"CWS","SW","SWP","other_water_systems",0,0,0,0
"2959","CA4110005",1472,746,"CWS","SW","SWP","other_water_systems",0,0,0,0
"2960","CA4110006",60903,18550,"CWS","SW","SW","other_water_systems",0,0,0,0
"2961","CA4110007",35328,10461,"CWS","SW","SWP","other_water_systems",0,0,0,0
"2962","CA4110008",102663,25435,"CWS","SW","SWP","other_water_systems",0,0,0,0
"2963","CA4110009",64121,16428,"CWS","SW","SWP","other_water_systems",0,0,0,0
"2964","CA4110010",6034,1684,"CWS","SW","SW","other_water_systems",0,0,0,0
"2965","CA4110011",18839,6571,"CWS","SW","SW","other_water_systems",0,0,0,0
"2966","CA4110012",832,297,"CWS","SW","SW","other_water_systems",1,0,1,0
"2967","CA4110013",108599,23428,"CWS","SW","SWP","other_water_systems",0,0,0,0
"2968","CA4110016",11387,4302,"CWS","SW","SWP","other_water_systems",0,0,0,0
"2969","CA4110017",19297,4175,"CWS","SW","SWP","other_water_systems",0,0,0,0
"2970","CA4110018",22795,6613,"CWS","SW","SWP","other_water_systems",0,0,0,0
"2971","CA4110019",2789,359,"CWS","GW","GW","other_water_systems",0,0,0,0
"2972","CA4110020",2900,692,"CWS","GW","GW","other_water_systems",0,0,0,0
"2973","CA4110021",36556,8010,"CWS","SW","SWP","other_water_systems",0,1,0,1
"2974","CA4110022",91874,24630,"CWS","SW","SWP","carceral_serving_water_system",0,0,0,0
"2975","CA4110023",44745,11206,"CWS","SW","SWP","other_water_systems",0,0,0,0
"2976","CA4110024",29519,3906,"CWS","SW","SWP","other_water_systems",0,0,0,0
"2977","CA4110025",38546,11905,"CWS","SW","SWP","other_water_systems",0,0,0,0
"2978","CA4110027",13486,3906,"CWS","SW","SWP","other_water_systems",0,0,0,0
"2979","CA4200505",60,24,"CWS","GW","GW","other_water_systems",0,3,0,1
"2980","CA4200531",240,87,"CWS","GW","GW","other_water_systems",0,0,0,0
"2981","CA4200556",150,49,"CWS","GW","GW","other_water_systems",0,33,0,1
"2982","CA4200560",135,77,"CWS","GW","GW","other_water_systems",0,0,0,0
"2983","CA4200572",200,62,"CWS","GW","GW","other_water_systems",0,1,0,1
"2984","CA4200578",160,91,"CWS","GW","GW","other_water_systems",0,1,0,1
"2985","CA4200579",38,19,"CWS","GW","GW","other_water_systems",0,0,0,0
"2986","CA4200580",120,38,"CWS","SW","GU","other_water_systems",0,0,0,0
"2987","CA4200612",150,45,"CWS","GW","GW","other_water_systems",0,0,0,0
"2988","CA4200616",295,96,"CWS","GW","GW","other_water_systems",0,1,0,1
"2989","CA4200618",150,49,"CWS","GW","GW","other_water_systems",0,0,0,0
"2990","CA4200619",304,92,"CWS","GW","GW","other_water_systems",0,0,0,0
"2991","CA4200630",40,7,"NTNCWS","GW","GW","other_water_systems",0,0,0,0
"2992","CA4200633",55,20,"CWS","GW","GW","other_water_systems",0,0,0,0
"2993","CA4200634",25,8,"NTNCWS","GW","GW","other_water_systems",0,1,0,1
"2994","CA4200639",145,11,"NTNCWS","GW","GW","other_water_systems",0,1,0,1
"2995","CA4200666",104,1,"NTNCWS","GW","GW","other_water_systems",0,0,0,0
"2996","CA4200678",38,19,"CWS","GW","GW","other_water_systems",0,0,0,0
"2997","CA4200691",40,3,"NTNCWS","GW","GW","other_water_systems",0,0,0,0
"2998","CA4200693",186,56,"CWS","GW","GW","other_water_systems",0,0,0,0
"2999","CA4200702",60,26,"CWS","GW","GW","other_water_systems",0,1,0,1
"3000","CA4200703",325,29,"CWS","GW","GW","other_water_systems",0,0,0,0
"3001","CA4200714",43,23,"CWS","GW","GW","other_water_systems",0,0,0,0
"3002","CA4200718",200,2,"NTNCWS","GW","GW","other_water_systems",0,0,0,0
"3003","CA4200721",66,23,"CWS","SW","SW","other_water_systems",0,0,0,0
"3004","CA4200725",25,3,"NTNCWS","SW","SW","other_water_systems",0,0,0,0
"3005","CA4200731",54,17,"CWS","GW","GW","other_water_systems",0,1,0,1
"3006","CA4200733",70,28,"CWS","GW","GW","other_water_systems",0,0,0,0
"3007","CA4200743",70,5,"NTNCWS","GW","GW","other_water_systems",0,0,0,0
"3008","CA4200747",50,2,"NTNCWS","GW","GW","other_water_systems",0,1,0,1
"3009","CA4200800",142,44,"CWS","GW","GW","other_water_systems",0,0,0,0
"3010","CA4200802",102,31,"CWS","GW","GW","other_water_systems",0,0,0,0
"3011","CA4200804",54,19,"CWS","GW","GW","other_water_systems",0,3,0,1
"3012","CA4200807",325,117,"CWS","GW","GW","other_water_systems",0,0,0,0
"3013","CA4200814",30,14,"CWS","GW","GW","other_water_systems",1,0,1,0
"3014","CA4200822",59,18,"CWS","GW","GW","other_water_systems",2,0,1,0
"3015","CA4200827",25,19,"CWS","GW","GW","other_water_systems",0,0,0,0
"3016","CA4200832",100,3,"NTNCWS","GW","GW","other_water_systems",0,0,0,0
"3017","CA4200833",589,1,"NTNCWS","GW","GW","other_water_systems",0,0,0,0
"3018","CA4200837",129,39,"CWS","GW","GW","other_water_systems",0,0,0,0
"3019","CA4200842",320,80,"CWS","GW","GW","other_water_systems",1,0,1,0
"3020","CA4200848",75,22,"CWS","GW","GW","other_water_systems",0,0,0,0
"3021","CA4200851",66,21,"CWS","GW","GW","other_water_systems",0,0,0,0
"3022","CA4200854",200,22,"NTNCWS","GW","GW","other_water_systems",0,1,0,1
"3023","CA4200862",34,18,"CWS","GW","GW","other_water_systems",0,0,0,0
"3024","CA4200866",68,8,"NTNCWS","GW","GW","other_water_systems",0,0,0,0
"3025","CA4200867",40,14,"CWS","GW","GW","other_water_systems",1,0,1,0
"3026","CA4200870",234,53,"CWS","GW","GW","other_water_systems",0,0,0,0
"3027","CA4200879",250,1,"NTNCWS","GW","GW","other_water_systems",0,0,0,0
"3028","CA4200881",211,64,"CWS","GW","GW","other_water_systems",0,1,0,1
"3029","CA4200885",38,15,"CWS","GW","GW","other_water_systems",0,0,0,0
"3030","CA4200891",115,46,"CWS","GW","GW","other_water_systems",0,0,0,0
"3031","CA4200907",25,2,"NTNCWS","GW","GW","other_water_systems",1,0,1,0
"3032","CA4200918",845,39,"CWS","GW","GW","other_water_systems",0,2,0,1
"3033","CA4200924",40,20,"CWS","GW","GW","other_water_systems",0,0,0,0
"3034","CA4200930",150,2,"NTNCWS","GW","GW","other_water_systems",0,0,0,0
"3035","CA4200943",80,2,"NTNCWS","GW","GW","other_water_systems",0,1,0,1
"3036","CA4200947",35,2,"NTNCWS","GW","GW","other_water_systems",0,3,0,1
"3037","CA4200961",50,4,"NTNCWS","GW","GW","other_water_systems",0,0,0,0
"3038","CA4200962",900,1,"NTNCWS","GW","GW","other_water_systems",0,0,0,0
"3039","CA4200963",35,4,"NTNCWS","GW","GW","other_water_systems",0,0,0,0
"3040","CA4200969",45,2,"CWS","GW","GW","other_water_systems",0,0,0,0
"3041","CA4200974",45,7,"NTNCWS","GW","GW","other_water_systems",0,0,0,0
"3042","CA4200977",85,4,"NTNCWS","GW","GW","other_water_systems",0,1,0,1
"3043","CA4200983",623,1,"NTNCWS","GW","GW","other_water_systems",0,0,0,0
"3044","CA4210001",15996,4431,"CWS","SW","SWP","other_water_systems",0,0,0,0
"3045","CA4210002",1534,615,"CWS","GW","GW","other_water_systems",0,0,0,0
"3046","CA4210003",8897,2452,"CWS","SW","SWP","other_water_systems",0,0,0,0
"3047","CA4210004",84462,16433,"CWS","SW","SW","carceral_serving_water_system",0,0,0,0
"3048","CA4210005",550,278,"CWS","GW","GW","other_water_systems",0,0,0,0
"3049","CA4210006",40473,9888,"CWS","SW","SW","other_water_systems",0,0,0,0
"3050","CA4210007",11962,4653,"CWS","SW","SW","other_water_systems",0,1,0,1
"3051","CA4210009",700,254,"CWS","GW","GW","other_water_systems",0,2,0,1
"3052","CA4210010",98872,27491,"CWS","SW","SW","other_water_systems",0,0,0,0
"3053","CA4210011",109477,22664,"CWS","SW","SWP","carceral_serving_water_system",0,0,0,0
"3054","CA4210013",6126,2106,"CWS","SW","SWP","other_water_systems",0,1,0,1
"3055","CA4210016",34102,11982,"CWS","SW","SWP","other_water_systems",0,1,0,1
"3056","CA4210017",7308,2577,"CWS","GW","GW","other_water_systems",0,0,0,0
"3057","CA4210018",5161,1832,"CWS","SW","SWP","other_water_systems",0,0,0,0
"3058","CA4210019",3600,1313,"CWS","GW","GW","other_water_systems",0,0,0,0
"3059","CA4210020",7022,2639,"CWS","SW","SWP","other_water_systems",0,0,0,0
"3060","CA4210021",1947,448,"CWS","SW","SWP","carceral_serving_water_system",0,0,0,0
"3061","CA4210022",545,207,"CWS","GW","GW","other_water_systems",0,0,0,0
"3062","CA4210024",4861,1469,"CWS","SW","SWP","other_water_systems",0,0,0,0
"3063","CA4210028",0,40,"CWS","SW","SWP","other_water_systems",0,0,0,0
"3064","CA4210030",0,10,"CWS","SW","SW","other_water_systems",0,0,0,0
"3065","CA4210700",14971,1161,"CWS","SW","SWP","carceral_serving_water_system",0,0,0,0
"3066","CA4300516",338,116,"CWS","SW","SW","other_water_systems",0,0,0,0
"3067","CA4300517",346,153,"CWS","SW","SW","other_water_systems",0,0,0,0
"3068","CA4300520",145,44,"CWS","SW","SW","other_water_systems",0,0,0,0
"3069","CA4300521",142,43,"CWS","SW","SWP","other_water_systems",0,0,0,0
"3070","CA4300522",156,56,"CWS","SW","SW","other_water_systems",0,0,0,0
"3071","CA4300525",168,51,"CWS","GW","GW","other_water_systems",0,12,0,1
"3072","CA4300526",61,26,"CWS","SW","SWP","other_water_systems",0,1,0,1
"3073","CA4300542",631,191,"CWS","GW","GW","other_water_systems",0,0,0,0
"3074","CA4300543",1173,325,"CWS","GW","GW","other_water_systems",0,0,0,0
"3075","CA4300545",258,92,"CWS","SW","SWP","other_water_systems",0,0,0,0
"3076","CA4300550",79,24,"CWS","SW","SWP","other_water_systems",0,0,0,0
"3077","CA4300551",220,79,"CWS","GW","GW","other_water_systems",0,1,0,1
"3078","CA4300560",80,38,"CWS","GW","GW","other_water_systems",0,2,0,1
"3079","CA4300562",148,53,"CWS","SW","SWP","other_water_systems",0,0,0,0
"3080","CA4300563",300,90,"CWS","SW","SWP","other_water_systems",0,0,0,0
"3081","CA4300567",65,27,"CWS","GW","GW","other_water_systems",0,1,0,1
"3082","CA4300571",53,16,"CWS","GW","GW","other_water_systems",0,2,0,1
"3083","CA4300573",53,18,"CWS","GW","GW","other_water_systems",0,1,0,1
"3084","CA4300575",317,96,"CWS","GW","GW","other_water_systems",4,0,1,0
"3085","CA4300577",103,37,"CWS","GW","GW","other_water_systems",0,0,0,0
"3086","CA4300578",52,15,"CWS","GW","GW","other_water_systems",0,0,0,0
"3087","CA4300593",60,1,"NTNCWS","GW","GW","other_water_systems",0,1,0,1
"3088","CA4300596",101,6,"NTNCWS","GW","GW","other_water_systems",0,0,0,0
"3089","CA4300603",104,53,"CWS","GW","GW","other_water_systems",0,0,0,0
"3090","CA4300605",536,1,"NTNCWS","GW","GW","other_water_systems",0,0,0,0
"3091","CA4300608",989,38,"NTNCWS","GW","GW","other_water_systems",0,0,0,0
"3092","CA4300610",100,1,"NTNCWS","GW","GW","other_water_systems",0,1,0,1
"3093","CA4300611",250,37,"CWS","GW","GW","other_water_systems",0,0,0,0
"3094","CA4300615",508,320,"CWS","GW","GW","other_water_systems",0,1,0,1
"3095","CA4300630",36,9,"CWS","GW","GW","other_water_systems",1,0,1,0
"3096","CA4300637",58,22,"CWS","GW","GW","other_water_systems",0,1,0,1
"3097","CA4300638",145,44,"CWS","GW","GW","other_water_systems",0,1,0,1
"3098","CA4300716",300,30,"CWS","SW","SW","other_water_systems",1,0,1,0
"3099","CA4300721",560,8,"NTNCWS","GW","GW","other_water_systems",0,0,0,0
"3100","CA4300740",40,18,"CWS","SW","SWP","other_water_systems",0,0,0,0
"3101","CA4300741",60,15,"CWS","SW","SWP","other_water_systems",0,2,0,1
"3102","CA4300760",68,23,"CWS","GW","GW","other_water_systems",0,0,0,0
"3103","CA4300770",110,33,"CWS","GW","GW","other_water_systems",0,0,0,0
"3104","CA4300771",302,108,"CWS","GW","GW","other_water_systems",0,0,0,0
"3105","CA4300779",127,4,"NTNCWS","GW","GW","other_water_systems",0,0,0,0
"3106","CA4300783",50,5,"NTNCWS","GW","GW","other_water_systems",0,0,0,0
"3107","CA4300791",3069,6,"NTNCWS","GW","GW","other_water_systems",0,0,0,0
"3108","CA4300792",45,38,"CWS","GW","GW","other_water_systems",0,0,0,0
"3109","CA4300808",2500,2,"NTNCWS","SW","SWP","other_water_systems",0,0,0,0
"3110","CA4300816",3000,8,"NTNCWS","SW","SWP","other_water_systems",0,1,0,1
"3111","CA4300831",165,64,"CWS","SW","SWP","other_water_systems",0,4,0,1
"3112","CA4300832",46,3,"CWS","GW","GW","other_water_systems",0,0,0,0
"3113","CA4300833",3000,19,"NTNCWS","SW","SWP","other_water_systems",0,3,0,1
"3114","CA4300834",450,15,"CWS","SW","SW","other_water_systems",0,0,0,0
"3115","CA4300856",66,21,"CWS","SW","SWP","other_water_systems",0,0,0,0
"3116","CA4300859",48,4,"NTNCWS","GW","GW","other_water_systems",0,0,0,0
"3117","CA4300909",284,32,"CWS","SW","SW","other_water_systems",0,0,0,0
"3118","CA4300912",104,27,"CWS","GW","GW","other_water_systems",0,0,0,0
"3119","CA4300924",250,121,"CWS","GW","GW","other_water_systems",0,1,0,1
"3120","CA4300929",46,4,"NTNCWS","GW","GWP","other_water_systems",0,0,0,0
"3121","CA4300941",361,173,"NTNCWS","GW","GW","other_water_systems",0,0,0,0
"3122","CA4300951",40,1,"NTNCWS","GW","GW","other_water_systems",0,0,0,0
"3123","CA4300957",994,29,"NTNCWS","GW","GW","other_water_systems",0,0,0,0
"3124","CA4300964",67,1,"NTNCWS","GW","GW","other_water_systems",0,0,0,0
"3125","CA4300971",100,1,"NTNCWS","GW","GW","other_water_systems",0,0,0,0
"3126","CA4300976",40,1,"NTNCWS","GW","GW","other_water_systems",0,0,0,0
"3127","CA4300978",70,27,"CWS","SW","SWP","other_water_systems",0,0,0,0
"3128","CA4300979",55,39,"CWS","GW","GW","other_water_systems",0,0,0,0
"3129","CA4300986",500,7,"NTNCWS","SW","SWP","other_water_systems",0,0,0,0
"3130","CA4300988",250,1,"NTNCWS","GW","GW","other_water_systems",0,0,0,0
"3131","CA4300992",66,21,"CWS","GW","GW","other_water_systems",0,0,0,0
"3132","CA4300993",90,1,"NTNCWS","GW","GW","other_water_systems",0,0,0,0
"3133","CA4300994",500,202,"CWS","GW","GW","other_water_systems",0,0,0,0
"3134","CA4300996",45,16,"CWS","GW","GW","other_water_systems",0,0,0,0
"3135","CA4300997",15294,288,"CWS","SW","SWP","other_water_systems",0,0,0,0
"3136","CA4300999",68,43,"CWS","GW","GW","other_water_systems",0,0,0,0
"3137","CA4301004",43,13,"CWS","GW","GW","other_water_systems",0,1,0,1
"3138","CA4301013",30,11,"CWS","GW","GW","other_water_systems",0,1,0,1
"3139","CA4310001",70175,18526,"CWS","SW","SWP","other_water_systems",0,0,0,0
"3140","CA4310004",58108,15419,"CWS","GW","GW","other_water_systems",1,0,1,0
"3141","CA4310005",77961,15696,"CWS","SW","SWP","carceral_serving_water_system",0,1,0,1
"3142","CA4310006",47374,14867,"CWS","GW","GW","carceral_serving_water_system",0,0,0,0
"3143","CA4310007",81756,17823,"CWS","SW","SWP","other_water_systems",0,0,0,0
"3144","CA4310009",67901,19975,"CWS","SW","SWP","other_water_systems",0,0,0,0
"3145","CA4310011",1010207,222941,"CWS","SW","SW","carceral_serving_water_system",1,0,1,0
"3146","CA4310012",132476,24078,"CWS","SW","SWP","other_water_systems",0,0,0,0
"3147","CA4310013",33827,1476,"CWS","SW","SWP","other_water_systems",0,0,0,0
"3148","CA4310014",156234,29156,"CWS","SW","SWP","carceral_serving_water_system",0,0,0,0
"3149","CA4310018",16336,4627,"CWS","SW","SWP","other_water_systems",0,0,0,0
"3150","CA4310019",37991,2201,"CWS","SW","SWP","other_water_systems",0,0,0,0
"3151","CA4310020",98198,24020,"CWS","SW","SWP","other_water_systems",0,0,0,0
"3152","CA4310021",6245,2143,"CWS","SW","SWP","other_water_systems",0,1,0,1
"3153","CA4310022",110088,21418,"CWS","GW","GW","other_water_systems",0,0,0,0
"3154","CA4310027",0,1,"CWS","SW","SW","other_water_systems",0,0,0,0
"3155","CA4400502",614,186,"CWS","GW","GW","other_water_systems",0,0,0,0
"3156","CA4400517",43,6,"CWS","GW","GW","other_water_systems",0,1,0,1
"3157","CA4400526",182,66,"CWS","SW","SWP","other_water_systems",0,1,0,1
"3158","CA4400528",64,23,"CWS","SW","GU","other_water_systems",0,0,0,0
"3159","CA4400530",89,16,"NTNCWS","GW","GW","other_water_systems",0,0,0,0
"3160","CA4400543",48,5,"NTNCWS","GW","GW","other_water_systems",0,0,0,0
"3161","CA4400557",118,29,"CWS","GW","GW","other_water_systems",0,3,0,1
"3162","CA4400558",378,135,"CWS","GW","GW","other_water_systems",0,0,0,0
"3163","CA4400559",152,54,"CWS","SW","SW","other_water_systems",1,3,1,1
"3164","CA4400571",350,108,"CWS","SW","SW","other_water_systems",0,0,0,0
"3165","CA4400572",187,67,"CWS","GW","GW","other_water_systems",0,1,0,1
"3166","CA4400582",80,36,"CWS","GW","GW","other_water_systems",0,0,0,0
"3167","CA4400585",50,18,"CWS","GW","GW","other_water_systems",0,2,0,1
"3168","CA4400595",419,128,"CWS","SW","SW","other_water_systems",0,0,0,0
"3169","CA4400598",204,77,"CWS","GW","GW","other_water_systems",0,0,0,0
"3170","CA4400599",182,65,"CWS","SW","SWP","other_water_systems",0,0,0,0
"3171","CA4400604",40,24,"CWS","GW","GW","other_water_systems",0,0,0,0
"3172","CA4400605",126,45,"CWS","GW","GW","other_water_systems",0,0,0,0
"3173","CA4400608",385,126,"CWS","SW","SWP","other_water_systems",0,1,0,1
"3174","CA4400611",125,38,"CWS","GW","GW","other_water_systems",0,1,0,1
"3175","CA4400613",70,24,"CWS","GW","GW","other_water_systems",0,0,0,0
"3176","CA4400617",479,145,"CWS","SW","SWP","other_water_systems",0,1,0,1
"3177","CA4400618",213,76,"CWS","SW","SWP","other_water_systems",0,0,0,0
"3178","CA4400621",54,25,"CWS","SW","SW","other_water_systems",6,2,1,1
"3179","CA4400624",87,31,"CWS","GW","GW","other_water_systems",0,2,0,1
"3180","CA4400625",53,19,"CWS","GW","GW","other_water_systems",0,0,0,0
"3181","CA4400631",402,125,"CWS","SW","SW","other_water_systems",0,0,0,0
"3182","CA4400634",32,12,"CWS","GW","GW","other_water_systems",1,0,1,0
"3183","CA4400642",60,20,"CWS","SW","SW","other_water_systems",1,0,1,0
"3184","CA4400645",45,18,"CWS","GW","GW","other_water_systems",0,2,0,1
"3185","CA4400652",60,26,"CWS","GW","GW","other_water_systems",0,0,0,0
"3186","CA4400660",200,11,"CWS","GW","GW","other_water_systems",0,0,0,0
"3187","CA4400664",130,7,"CWS","GW","GW","other_water_systems",1,0,1,0
"3188","CA4400665",42,18,"CWS","GW","GW","other_water_systems",0,0,0,0
"3189","CA4400667",26,11,"CWS","GW","GW","other_water_systems",0,0,0,0
"3190","CA4400684",52,16,"CWS","GW","GW","other_water_systems",0,2,0,1
"3191","CA4400692",54,17,"CWS","GW","GW","other_water_systems",0,0,0,0
"3192","CA4400723",1310,141,"CWS","GW","GW","other_water_systems",0,2,0,1
"3193","CA4400725",550,35,"NTNCWS","GW","GW","other_water_systems",1,1,1,1
"3194","CA4400750",1925,6,"NTNCWS","GW","GW","other_water_systems",0,1,0,1
"3195","CA4400751",160,10,"NTNCWS","GW","GW","other_water_systems",0,1,0,1
"3196","CA4400753",12000,2,"NTNCWS","GW","GW","other_water_systems",0,0,0,0
"3197","CA4400754",1083,43,"CWS","GW","GW","other_water_systems",0,0,0,0
"3198","CA4400755",400,78,"CWS","GW","GW","other_water_systems",0,2,0,1
"3199","CA4400756",240,1,"NTNCWS","GW","GW","other_water_systems",0,1,0,1
"3200","CA4400757",967,3,"NTNCWS","GW","GW","other_water_systems",0,2,0,1
"3201","CA4400758",250,2,"NTNCWS","GW","GW","other_water_systems",0,0,0,0
"3202","CA4400762",235,5,"CWS","GW","GW","carceral_water_system",0,1,0,1
"3203","CA4400763",455,140,"CWS","GW","GW","other_water_systems",0,1,0,1
"3204","CA4400764",170,31,"CWS","GW","GW","other_water_systems",0,1,0,1
"3205","CA4400800",70,13,"NTNCWS","GW","GW","other_water_systems",0,0,0,0
"3206","CA4400801",100,36,"NTNCWS","SW","SW","other_water_systems",2,2,1,1
"3207","CA4400850",54,69,"CWS","GW","GW","other_water_systems",1,3,1,1
"3208","CA4400875",190,1,"NTNCWS","GW","GW","other_water_systems",0,1,0,1
"3209","CA4400904",30,8,"NTNCWS","GW","GW","other_water_systems",0,0,0,0
"3210","CA4400905",50,3,"NTNCWS","GW","GW","other_water_systems",1,0,1,0
"3211","CA4410001",1120,540,"CWS","GW","GW","other_water_systems",0,8,0,1
"3212","CA4410002",4340,1353,"CWS","SW","SW","other_water_systems",0,0,0,0
"3213","CA4410008",2850,491,"CWS","GW","GW","other_water_systems",0,0,0,0
"3214","CA4410010",95017,25429,"CWS","SW","SW","carceral_serving_water_system",0,0,0,0
"3215","CA4410011",65231,14955,"CWS","SW","SW","other_water_systems",0,0,0,0
"3216","CA4410013",11147,3945,"CWS","GW","GW","other_water_systems",0,0,0,0
"3217","CA4410014",21145,6467,"CWS","SW","SW","carceral_serving_water_system",0,0,0,0
"3218","CA4410016",1067,326,"CWS","SW","GU","other_water_systems",0,0,0,0
"3219","CA4410017",40788,14493,"CWS","SW","SWP","other_water_systems",0,0,0,0
"3220","CA4410018",2726,826,"CWS","GW","GW","other_water_systems",0,0,0,0
"3221","CA4410800",100,12,"NTNCWS","GW","GW","carceral_water_system",2,4,1,1
"3222","CA4500003",300,91,"CWS","GW","GW","other_water_systems",0,0,0,0
"3223","CA4500006",160,61,"CWS","SW","SW","other_water_systems",0,0,0,0
"3224","CA4500007",356,108,"CWS","GW","GW","other_water_systems",0,0,0,0
"3225","CA4500008",88,40,"CWS","GW","GW","other_water_systems",0,0,0,0
"3226","CA4500009",92,33,"CWS","GW","GW","other_water_systems",0,0,0,0
"3227","CA4500011",130,1,"NTNCWS","GW","GW","other_water_systems",0,0,0,0
"3228","CA4500012",89,27,"CWS","GW","GW","other_water_systems",0,0,0,0
"3229","CA4500013",310,112,"CWS","GW","GW","other_water_systems",0,0,0,0
"3230","CA4500014",264,68,"CWS","SW","SW","other_water_systems",0,0,0,0
"3231","CA4500015",252,101,"CWS","SW","SW","other_water_systems",0,0,0,0
"3232","CA4500016",70,17,"CWS","GW","GW","other_water_systems",0,0,0,0
"3233","CA4500022",211,64,"CWS","SW","SW","other_water_systems",0,0,0,0
"3234","CA4500023",88,50,"CWS","SW","SW","other_water_systems",0,0,0,0
"3235","CA4500027",97,42,"CWS","GW","GW","other_water_systems",0,0,0,0
"3236","CA4500028",218,66,"CWS","SW","SW","other_water_systems",0,0,0,0
"3237","CA4500035",75,2,"NTNCWS","GW","GW","other_water_systems",0,0,0,0
"3238","CA4500036",46,1,"NTNCWS","GW","GW","other_water_systems",0,0,0,0
"3239","CA4500037",45,8,"NTNCWS","GW","GW","other_water_systems",0,0,0,0
"3240","CA4500041",700,23,"NTNCWS","GW","GW","other_water_systems",0,1,0,1
"3241","CA4500054",408,75,"CWS","GW","GW","other_water_systems",0,0,0,0
"3242","CA4500062",85,26,"CWS","GW","GW","other_water_systems",0,0,0,0
"3243","CA4500063",40,20,"CWS","GW","GW","other_water_systems",0,0,0,0
"3244","CA4500066",75,40,"CWS","GW","GW","other_water_systems",0,1,0,1
"3245","CA4500081",250,112,"CWS","GW","GW","other_water_systems",0,0,0,0
"3246","CA4500082",50,29,"CWS","GW","GW","other_water_systems",0,0,0,0
"3247","CA4500089",44,26,"CWS","GW","GW","other_water_systems",0,0,0,0
"3248","CA4500092",87,32,"CWS","GW","GW","other_water_systems",0,1,0,1
"3249","CA4500093",35,24,"CWS","GW","GW","other_water_systems",0,1,0,1
"3250","CA4500094",274,93,"CWS","GW","GW","other_water_systems",0,0,0,0
"3251","CA4500098",70,21,"CWS","GW","GW","other_water_systems",0,0,0,0
"3252","CA4500101",168,42,"CWS","GW","GW","other_water_systems",0,1,0,1
"3253","CA4500102",78,76,"CWS","GW","GW","other_water_systems",0,1,0,1
"3254","CA4500104",37,16,"CWS","GW","GW","other_water_systems",0,0,0,0
"3255","CA4500106",26,19,"CWS","GW","GW","other_water_systems",0,1,0,1
"3256","CA4500107",205,73,"CWS","GW","GW","other_water_systems",1,0,1,0
"3257","CA4500113",232,53,"NTNCWS","GW","GW","other_water_systems",0,0,0,0
"3258","CA4500149",120,1,"NTNCWS","GW","GW","other_water_systems",0,0,0,0
"3259","CA4500160",450,2,"NTNCWS","GW","GW","other_water_systems",0,1,0,1
"3260","CA4500161",375,1,"NTNCWS","GW","GW","other_water_systems",0,1,0,1
"3261","CA4500163",700,2,"NTNCWS","GW","GW","other_water_systems",0,0,0,0
"3262","CA4500170",95,1,"NTNCWS","GW","GW","other_water_systems",0,1,0,1
"3263","CA4500173",131,71,"CWS","GW","GW","other_water_systems",0,0,0,0
"3264","CA4500180",240,1,"NTNCWS","GW","GW","other_water_systems",0,0,0,0
"3265","CA4500181",35,1,"NTNCWS","GW","GW","other_water_systems",0,3,0,1
"3266","CA4500183",250,1,"NTNCWS","GW","GW","other_water_systems",0,0,0,0
"3267","CA4500190",125,1,"NTNCWS","GW","GW","other_water_systems",0,1,0,1
"3268","CA4500191",250,2,"NTNCWS","GW","GW","other_water_systems",0,0,0,0
"3269","CA4500193",340,1,"NTNCWS","GW","GW","other_water_systems",0,0,0,0
"3270","CA4500194",90,32,"CWS","GW","GW","other_water_systems",0,0,0,0
"3271","CA4500195",510,165,"CWS","GW","GW","other_water_systems",0,0,0,0
"3272","CA4500200",120,61,"CWS","GW","GW","other_water_systems",0,1,0,1
"3273","CA4500203",92,48,"CWS","GW","GW","other_water_systems",0,1,0,1
"3274","CA4500204",415,126,"CWS","GW","GW","other_water_systems",0,1,0,1
"3275","CA4500208",207,3,"NTNCWS","GW","GW","other_water_systems",0,1,0,1
"3276","CA4500210",475,198,"CWS","SW","GU","other_water_systems",0,0,0,0
"3277","CA4500213",75,1,"NTNCWS","GW","GW","other_water_systems",0,0,0,0
"3278","CA4500214",850,1,"NTNCWS","GW","GW","other_water_systems",0,1,0,1
"3279","CA4500216",521,1,"NTNCWS","GW","GW","other_water_systems",0,0,0,0
"3280","CA4500219",85,41,"CWS","GW","GW","other_water_systems",0,0,0,0
"3281","CA4500230",25,6,"NTNCWS","GW","GW","other_water_systems",0,0,0,0
"3282","CA4500235",187,69,"CWS","GW","GW","other_water_systems",0,0,0,0
"3283","CA4500246",434,155,"CWS","GW","GW","other_water_systems",0,1,0,1
"3284","CA4500247",90,17,"CWS","GW","GW","other_water_systems",0,3,0,1
"3285","CA4500254",112,45,"CWS","GW","GW","other_water_systems",0,0,0,0
"3286","CA4500255",382,156,"CWS","GW","GW","other_water_systems",0,0,0,0
"3287","CA4500274",90,43,"NTNCWS","GW","GW","other_water_systems",0,0,0,0
"3288","CA4500277",68,15,"NTNCWS","GW","GW","other_water_systems",0,0,0,0
"3289","CA4500290",53,19,"CWS","GW","GW","other_water_systems",0,0,0,0
"3290","CA4500303",95,34,"CWS","GW","GW","other_water_systems",0,0,0,0
"3291","CA4500313",261,79,"CWS","GW","GW","other_water_systems",0,0,0,0
"3292","CA4500314",42,43,"CWS","GW","GW","other_water_systems",0,0,0,0
"3293","CA4500315",150,1,"NTNCWS","GW","GW","other_water_systems",0,0,0,0
"3294","CA4500317",277,84,"CWS","SW","SW","other_water_systems",0,0,0,0
"3295","CA4500322",100,1,"NTNCWS","GW","GW","other_water_systems",0,0,0,0
"3296","CA4500328",50,7,"NTNCWS","GW","GW","other_water_systems",0,0,0,0
"3297","CA4500333",116,4,"NTNCWS","GW","GW","other_water_systems",0,0,0,0
"3298","CA4500337",40,1,"NTNCWS","GW","GW","other_water_systems",0,1,0,1
"3299","CA4500341",250,2,"NTNCWS","GW","GW","other_water_systems",0,0,0,0
"3300","CA4500344",60,4,"NTNCWS","GW","GW","other_water_systems",0,0,0,0
"3301","CA4510001",11147,3607,"CWS","GW","GW","other_water_systems",0,0,0,0
"3302","CA4510002",2227,669,"CWS","SW","SW","other_water_systems",0,0,0,0
"3303","CA4510003",3154,1414,"CWS","GW","GW","other_water_systems",0,0,0,0
"3304","CA4510004",1119,479,"CWS","SW","SW","other_water_systems",0,0,0,0
"3305","CA4510005",87741,30580,"CWS","SW","SW","carceral_serving_water_system",0,0,0,0
"3306","CA4510006",10657,3900,"CWS","SW","SW","other_water_systems",0,0,0,0
"3307","CA4510007",3316,1232,"CWS","GW","GW","other_water_systems",0,0,0,0
"3308","CA4510008",1535,482,"CWS","GW","GW","other_water_systems",0,0,0,0
"3309","CA4510009",750,403,"CWS","GW","GW","other_water_systems",0,1,0,1
"3310","CA4510011",4211,1259,"CWS","SW","SWP","other_water_systems",0,1,0,1
"3311","CA4510013",3003,944,"CWS","SW","SW","other_water_systems",0,0,0,0
"3312","CA4510014",18612,6489,"CWS","SW","SW","other_water_systems",0,0,0,0
"3313","CA4510015",944,273,"CWS","GW","GW","other_water_systems",0,0,0,0
"3314","CA4510016",8900,2372,"CWS","SW","SW","other_water_systems",0,0,0,0
"3315","CA4510506",594,12,"NTNCWS","SW","SW","other_water_systems",0,0,0,0
"3316","CA4510800",60,9,"NTNCWS","GW","GW","carceral_water_system",0,0,0,0
"3317","CA4600009",726,224,"CWS","GW","GW","other_water_systems",0,0,0,0
"3318","CA4600012",82,52,"CWS","GW","GW","other_water_systems",0,0,0,0
"3319","CA4600017",324,120,"CWS","GW","GW","other_water_systems",0,0,0,0
"3320","CA4600018",200,107,"CWS","GW","GW","other_water_systems",0,0,0,0
"3321","CA4600019",182,135,"CWS","GW","GW","other_water_systems",0,0,0,0
"3322","CA4600056",250,88,"CWS","GW","GW","other_water_systems",0,1,0,1
"3323","CA4610001",983,343,"CWS","GW","GW","other_water_systems",0,1,0,1
"3324","CA4610002",783,234,"CWS","SW","SW","carceral_serving_water_system",0,0,0,0
"3325","CA4700503",70,33,"CWS","SW","SW","other_water_systems",0,0,0,0
"3326","CA4700513",280,147,"CWS","GW","GW","other_water_systems",0,0,0,0
"3327","CA4700521",143,58,"CWS","GW","GW","other_water_systems",0,0,0,0
"3328","CA4700523",289,103,"CWS","GW","GW","other_water_systems",0,0,0,0
"3329","CA4700528",300,96,"CWS","GW","GW","other_water_systems",0,0,0,0
"3330","CA4700531",75,102,"CWS","GW","GW","other_water_systems",0,1,0,1
"3331","CA4700541",55,63,"CWS","GW","GW","other_water_systems",0,1,0,1
"3332","CA4700542",135,86,"CWS","GW","GW","other_water_systems",0,0,0,0
"3333","CA4700546",146,53,"CWS","GW","GW","other_water_systems",0,0,0,0
"3334","CA4700549",277,84,"CWS","GW","GW","other_water_systems",1,0,1,0
"3335","CA4700551",181,65,"CWS","GW","GW","other_water_systems",0,0,0,0
"3336","CA4700559",165,1,"NTNCWS","GW","GW","other_water_systems",0,0,0,0
"3337","CA4700569",100,1,"NTNCWS","GW","GW","other_water_systems",0,1,0,1
"3338","CA4700573",200,1,"NTNCWS","GW","GW","other_water_systems",0,2,0,1
"3339","CA4700577",95,1,"NTNCWS","GW","GW","other_water_systems",0,0,0,0
"3340","CA4700582",60,1,"NTNCWS","GW","GW","other_water_systems",0,0,0,0
"3341","CA4700585",40,1,"NTNCWS","GW","GW","other_water_systems",0,1,0,1
"3342","CA4700591",50,1,"NTNCWS","GW","GW","other_water_systems",0,1,0,1
"3343","CA4700626",105,56,"CWS","GW","GW","other_water_systems",0,1,0,1
"3344","CA4700627",100,53,"CWS","GW","GW","other_water_systems",0,0,0,0
"3345","CA4700630",48,24,"CWS","GW","GW","other_water_systems",0,1,0,1
"3346","CA4700638",41,27,"CWS","GW","GW","other_water_systems",0,2,0,1
"3347","CA4700686",106,32,"CWS","GW","GW","other_water_systems",0,0,0,0
"3348","CA4700803",126,73,"CWS","GW","GW","other_water_systems",0,0,0,0
"3349","CA4700872",150,46,"CWS","GW","GW","other_water_systems",0,1,0,1
"3350","CA4700880",549,94,"CWS","GW","GW","other_water_systems",1,0,1,0
"3351","CA4700881",150,2,"NTNCWS","GW","GW","other_water_systems",0,1,0,1
"3352","CA4700884",32,32,"CWS","GW","GW","other_water_systems",0,1,0,1
"3353","CA4700885",25,15,"CWS","GW","GW","other_water_systems",0,0,0,0
"3354","CA4710001",887,438,"CWS","GW","GW","other_water_systems",0,2,0,1
"3355","CA4710002",1707,1187,"CWS","GW","GW","other_water_systems",0,0,0,0
"3356","CA4710003",695,399,"CWS","GW","GW","other_water_systems",0,1,0,1
"3357","CA4710004",720,413,"CWS","SW","SW","other_water_systems",0,1,0,1
"3358","CA4710006",1317,733,"CWS","GW","GW","other_water_systems",0,1,0,1
"3359","CA4710007",1264,536,"CWS","SW","SW","other_water_systems",0,0,0,0
"3360","CA4710008",3642,1884,"CWS","GW","GW","other_water_systems",0,0,0,0
"3361","CA4710009",2662,1051,"CWS","GW","GW","other_water_systems",0,1,0,1
"3362","CA4710010",856,485,"CWS","GW","GW","other_water_systems",0,0,0,0
"3363","CA4710011",7825,3383,"CWS","SW","SW","carceral_serving_water_system",0,0,0,0
"3364","CA4710012",1100,454,"CWS","SW","SW","other_water_systems",0,1,0,1
"3365","CA4710013",2790,1274,"CWS","GW","GW","other_water_systems",0,0,0,0
"3366","CA4710800",65,13,"NTNCWS","GW","GW","carceral_water_system",0,1,0,1
"3367","CA4800511",25,15,"CWS","GW","GW","other_water_systems",0,0,0,0
"3368","CA4800531",60,40,"CWS","GW","GW","other_water_systems",0,0,0,0
"3369","CA4800561",125,110,"CWS","GW","GW","other_water_systems",3,0,1,0
"3370","CA4800564",80,54,"CWS","GW","GW","other_water_systems",0,0,0,0
"3371","CA4800589",25,14,"CWS","GW","GW","other_water_systems",0,0,0,0
"3372","CA4800595",300,1,"NTNCWS","GW","GW","other_water_systems",0,0,0,0
"3373","CA4800596",477,20,"NTNCWS","GW","GW","other_water_systems",0,0,0,0
"3374","CA4800615",164,1,"NTNCWS","GW","GW","other_water_systems",0,0,0,0
"3375","CA4800727",186,1,"NTNCWS","GW","GW","other_water_systems",0,0,0,0
"3376","CA4800753",550,360,"CWS","GW","GW","other_water_systems",0,0,0,0
"3377","CA4800767",53,6,"NTNCWS","GW","GW","other_water_systems",0,0,0,0
"3378","CA4800801",170,30,"NTNCWS","GW","GW","other_water_systems",0,0,0,0
"3379","CA4800804",346,52,"NTNCWS","GW","GW","other_water_systems",0,0,0,0
"3380","CA4800820",42,1,"NTNCWS","GW","GW","other_water_systems",0,0,0,0
"3381","CA4800826",40,1,"NTNCWS","GW","GW","other_water_systems",0,0,0,0
"3382","CA4810001",27131,9595,"CWS","SW","SW","other_water_systems",0,0,0,0
"3383","CA4810002",10623,3067,"CWS","GW","GW","other_water_systems",0,0,0,0
"3384","CA4810003",120377,32910,"CWS","SW","SW","carceral_serving_water_system",0,0,0,0
"3385","CA4810004",10489,5646,"CWS","GW","GW","other_water_systems",0,0,0,0
"3386","CA4810005",29105,8713,"CWS","SW","SW","other_water_systems",2,0,1,0
"3387","CA4810007",121420,36795,"CWS","SW","SW","other_water_systems",0,0,0,0
"3388","CA4810008",97000,30935,"CWS","SW","SW","carceral_serving_water_system",0,0,0,0
"3389","CA4810009",12540,3800,"CWS","GW","GW","other_water_systems",0,0,0,0
"3390","CA4810010",535,162,"CWS","SW","SW","other_water_systems",0,1,0,1
"3391","CA4810011",290,88,"CWS","GW","GW","other_water_systems",0,0,0,0
"3392","CA4810012",132,40,"CWS","GW","GW","other_water_systems",0,0,0,0
"3393","CA4810013",1313,398,"CWS","GW","GW","other_water_systems",0,0,0,0
"3394","CA4810015",3,1,"CWS","SW","SW","other_water_systems",0,0,0,0
"3395","CA4810019",180,1,"NTNCWS","GW","GW","other_water_systems",0,0,0,0
"3396","CA4810020",150,1,"NTNCWS","GW","GW","other_water_systems",1,0,1,0
"3397","CA4810021",2800,860,"CWS","SW","SW","other_water_systems",0,0,0,0
"3398","CA4810024",63,19,"CWS","SW","SWP","other_water_systems",0,1,0,1
"3399","CA4810025",89,27,"CWS","SW","SW","other_water_systems",2,0,1,0
"3400","CA4810026",56,17,"CWS","SW","SWP","other_water_systems",0,0,0,0
"3401","CA4810030",64,5,"NTNCWS","GW","GW","other_water_systems",0,0,0,0
"3402","CA4810033",100,1,"NTNCWS","GW","GW","other_water_systems",0,0,0,0
"3403","CA4810038",75,1,"NTNCWS","GW","GW","other_water_systems",0,0,0,0
"3404","CA4810040",70,1,"NTNCWS","GW","GW","other_water_systems",0,0,0,0
"3405","CA4810043",60,1,"NTNCWS","GW","GW","other_water_systems",0,0,0,0
"3406","CA4810701",18111,1,"CWS","SW","SWP","other_water_systems",0,0,0,0
"3407","CA4810800",5100,1,"CWS","SW","SW","carceral_water_system",0,0,0,0
"3408","CA4810801",65,4,"CWS","GW","GW","carceral_water_system",0,0,0,0
"3409","CA4900508",250,159,"CWS","SW","GU","other_water_systems",1,15,1,1
"3410","CA4900510",90,39,"CWS","GW","GW","other_water_systems",0,1,0,1
"3411","CA4900512",260,79,"CWS","GW","GW","other_water_systems",0,1,0,1
"3412","CA4900513",76,23,"CWS","GW","GW","other_water_systems",0,0,0,0
"3413","CA4900514",96,58,"CWS","GW","GWP","other_water_systems",0,0,0,0
"3414","CA4900521",290,92,"CWS","GW","GW","other_water_systems",0,1,0,1
"3415","CA4900532",406,123,"CWS","SW","SW","other_water_systems",2,2,1,1
"3416","CA4900533",59,21,"CWS","GW","GW","other_water_systems",0,0,0,0
"3417","CA4900536",533,110,"CWS","GW","GW","other_water_systems",0,0,0,0
"3418","CA4900543",427,99,"CWS","SW","SW","other_water_systems",0,0,0,0
"3419","CA4900545",300,83,"CWS","GW","GW","other_water_systems",1,0,1,0
"3420","CA4900546",81,50,"CWS","GW","GW","other_water_systems",0,0,0,0
"3421","CA4900547",129,39,"CWS","GW","GW","other_water_systems",0,1,0,1
"3422","CA4900548",300,117,"CWS","GW","GW","other_water_systems",0,0,0,0
"3423","CA4900549",290,26,"CWS","SW","SW","other_water_systems",0,0,0,0
"3424","CA4900551",64,25,"CWS","GW","GW","other_water_systems",0,2,0,1
"3425","CA4900552",93,38,"CWS","GW","GW","other_water_systems",0,1,0,1
"3426","CA4900553",75,27,"CWS","GW","GW","other_water_systems",1,0,1,0
"3427","CA4900558",287,87,"CWS","GW","GW","other_water_systems",0,0,0,0
"3428","CA4900559",126,47,"CWS","GW","GW","other_water_systems",0,0,0,0
"3429","CA4900560",135,41,"CWS","GW","GW","other_water_systems",0,0,0,0
"3430","CA4900561",448,160,"CWS","GW","GW","other_water_systems",0,0,0,0
"3431","CA4900562",422,194,"CWS","GW","GW","other_water_systems",0,0,0,0
"3432","CA4900563",150,69,"CWS","GW","GW","other_water_systems",0,1,0,1
"3433","CA4900568",61,23,"CWS","GW","GW","other_water_systems",10,0,1,0
"3434","CA4900570",300,111,"CWS","GW","GW","other_water_systems",0,0,0,0
"3435","CA4900573",70,41,"CWS","GW","GW","other_water_systems",0,0,0,0
"3436","CA4900575",26,12,"CWS","GW","GW","other_water_systems",0,0,0,0
"3437","CA4900577",308,55,"CWS","SW","GU","other_water_systems",0,1,0,1
"3438","CA4900578",288,64,"CWS","SW","GU","other_water_systems",0,0,0,0
"3439","CA4900580",181,56,"CWS","GW","GW","other_water_systems",0,1,0,1
"3440","CA4900582",34,18,"CWS","SW","GU","other_water_systems",0,0,0,0
"3441","CA4900584",271,205,"CWS","SW","SW","other_water_systems",1,1,1,1
"3442","CA4900585",446,135,"CWS","GW","GW","other_water_systems",0,0,0,0
"3443","CA4900587",112,34,"CWS","GW","GW","other_water_systems",0,0,0,0
"3444","CA4900588",218,62,"CWS","GW","GWP","other_water_systems",0,0,0,0
"3445","CA4900599",200,29,"CWS","GW","GW","other_water_systems",0,2,0,1
"3446","CA4900600",460,230,"CWS","GW","GW","other_water_systems",0,0,0,0
"3447","CA4900603",150,47,"CWS","GW","GW","other_water_systems",0,0,0,0
"3448","CA4900605",61,22,"CWS","GW","GW","other_water_systems",0,0,0,0
"3449","CA4900608",66,22,"CWS","SW","GU","other_water_systems",4,1,1,1
"3450","CA4900611",208,63,"CWS","GW","GW","other_water_systems",0,0,0,0
"3451","CA4900612",363,110,"CWS","GW","GW","other_water_systems",0,0,0,0
"3452","CA4900620",82,25,"CWS","GW","GW","other_water_systems",0,4,0,1
"3453","CA4900630",150,63,"CWS","GW","GW","other_water_systems",0,0,0,0
"3454","CA4900634",45,29,"CWS","GW","GW","other_water_systems",0,1,0,1
"3455","CA4900637",150,67,"CWS","GW","GW","other_water_systems",0,0,0,0
"3456","CA4900639",30,18,"CWS","GW","GW","other_water_systems",0,3,0,1
"3457","CA4900640",40,18,"CWS","SW","GU","other_water_systems",1,0,1,0
"3458","CA4900641",100,51,"CWS","GW","GW","other_water_systems",0,0,0,0
"3459","CA4900644",70,31,"CWS","SW","SW","other_water_systems",2,2,1,1
"3460","CA4900646",27,16,"CWS","GW","GW","other_water_systems",0,0,0,0
"3461","CA4900647",435,139,"CWS","SW","SW","other_water_systems",0,0,0,0
"3462","CA4900653",60,28,"CWS","GW","GW","other_water_systems",0,0,0,0
"3463","CA4900660",200,59,"CWS","GW","GW","other_water_systems",0,0,0,0
"3464","CA4900665",84,31,"CWS","GW","GW","other_water_systems",0,2,0,1
"3465","CA4900667",237,72,"CWS","GW","GW","other_water_systems",0,1,0,1
"3466","CA4900669",82,25,"CWS","GW","GW","other_water_systems",0,0,0,0
"3467","CA4900673",50,23,"CWS","GW","GW","other_water_systems",0,0,0,0
"3468","CA4900674",27,23,"CWS","GW","GW","other_water_systems",0,2,0,1
"3469","CA4900675",130,70,"CWS","GW","GW","other_water_systems",0,0,0,0
"3470","CA4900679",100,2,"NTNCWS","GW","GW","other_water_systems",0,0,0,0
"3471","CA4900680",100,4,"NTNCWS","SW","SW","other_water_systems",0,0,0,0
"3472","CA4900687",400,202,"CWS","GW","GW","other_water_systems",0,0,0,0
"3473","CA4900693",591,2,"NTNCWS","GW","GW","other_water_systems",0,0,0,0
"3474","CA4900694",500,11,"NTNCWS","GW","GW","other_water_systems",0,0,0,0
"3475","CA4900695",325,1,"NTNCWS","GW","GW","other_water_systems",0,0,0,0
"3476","CA4900699",400,6,"NTNCWS","GW","GW","other_water_systems",0,1,0,1
"3477","CA4900702",35,1,"NTNCWS","GW","GW","other_water_systems",0,0,0,0
"3478","CA4900703",500,7,"NTNCWS","GW","GW","other_water_systems",0,0,0,0
"3479","CA4900704",200,5,"NTNCWS","GW","GW","other_water_systems",0,0,0,0
"3480","CA4900705",200,2,"NTNCWS","GW","GW","other_water_systems",0,0,0,0
"3481","CA4900707",400,2,"NTNCWS","GW","GW","other_water_systems",0,0,0,0
"3482","CA4900708",398,7,"NTNCWS","GW","GW","other_water_systems",0,0,0,0
"3483","CA4900710",400,1,"NTNCWS","GW","GW","other_water_systems",0,0,0,0
"3484","CA4900711",289,1,"NTNCWS","GW","GW","other_water_systems",0,0,0,0
"3485","CA4900714",225,3,"NTNCWS","GW","GW","other_water_systems",0,0,0,0
"3486","CA4900716",228,2,"NTNCWS","GW","GW","other_water_systems",0,0,0,0
"3487","CA4900719",175,5,"NTNCWS","GW","GW","other_water_systems",0,0,0,0
"3488","CA4900720",210,150,"CWS","GW","GW","other_water_systems",0,2,0,1
"3489","CA4900721",342,194,"CWS","GW","GW","other_water_systems",0,0,0,0
"3490","CA4900723",188,127,"CWS","GW","GW","other_water_systems",0,0,0,0
"3491","CA4900728",75,23,"CWS","GW","GW","other_water_systems",0,0,0,0
"3492","CA4900736",40,19,"CWS","GW","GW","other_water_systems",0,0,0,0
"3493","CA4900739",175,3,"NTNCWS","GW","GW","other_water_systems",0,0,0,0
"3494","CA4900748",450,12,"CWS","GW","GW","other_water_systems",0,0,0,0
"3495","CA4900785",81,47,"CWS","SW","GU","other_water_systems",0,0,0,0
"3496","CA4900787",125,71,"CWS","GW","GW","other_water_systems",0,0,0,0
"3497","CA4900789",90,56,"CWS","GW","GW","other_water_systems",0,0,0,0
"3498","CA4900791",225,73,"CWS","GW","GW","other_water_systems",0,0,0,0
"3499","CA4900793",43,29,"CWS","GW","GW","other_water_systems",0,0,0,0
"3500","CA4900794",141,56,"CWS","GW","GW","other_water_systems",0,0,0,0
"3501","CA4900795",196,70,"CWS","GW","GW","other_water_systems",0,0,0,0
"3502","CA4900796",420,141,"CWS","GW","GW","other_water_systems",0,0,0,0
"3503","CA4900797",221,79,"CWS","GW","GW","other_water_systems",0,0,0,0
"3504","CA4900798",250,111,"CWS","GW","GW","other_water_systems",0,0,0,0
"3505","CA4900799",200,122,"CWS","GW","GW","other_water_systems",0,0,0,0
"3506","CA4900812",95,1,"NTNCWS","GW","GW","other_water_systems",0,0,0,0
"3507","CA4900832",410,183,"CWS","GW","GW","other_water_systems",0,0,0,0
"3508","CA4900843",151,54,"CWS","GW","GW","other_water_systems",0,0,0,0
"3509","CA4900844",222,4,"NTNCWS","GW","GW","other_water_systems",0,0,0,0
"3510","CA4900846",25,16,"CWS","GW","GW","other_water_systems",0,0,0,0
"3511","CA4900850",77,38,"CWS","SW","GU","other_water_systems",1,0,1,0
"3512","CA4900859",50,5,"NTNCWS","GW","GW","other_water_systems",0,0,0,0
"3513","CA4900871",691,247,"CWS","GW","GW","other_water_systems",0,0,0,0
"3514","CA4900875",50,1,"NTNCWS","GW","GW","other_water_systems",0,1,0,1
"3515","CA4900878",250,1,"NTNCWS","GW","GW","other_water_systems",0,0,0,0
"3516","CA4900892",45,24,"CWS","GW","GW","other_water_systems",0,0,0,0
"3517","CA4900893",40,13,"CWS","GW","GW","other_water_systems",0,0,0,0
"3518","CA4900897",154,2,"NTNCWS","GW","GW","other_water_systems",0,0,0,0
"3519","CA4900901",80,26,"CWS","GW","GW","other_water_systems",0,1,0,1
"3520","CA4900904",75,2,"NTNCWS","GW","GW","other_water_systems",0,0,0,0
"3521","CA4900905",25,15,"CWS","GW","GW","other_water_systems",0,0,0,0
"3522","CA4900907",301,13,"NTNCWS","GW","GW","other_water_systems",0,0,0,0
"3523","CA4900909",25,3,"NTNCWS","GW","GW","other_water_systems",0,0,0,0
"3524","CA4900913",66,20,"CWS","GW","GW","other_water_systems",2,0,1,0
"3525","CA4900925",157,9,"NTNCWS","GW","GW","other_water_systems",0,0,0,0
"3526","CA4900935",51,9,"NTNCWS","GW","GW","other_water_systems",0,0,0,0
"3527","CA4900943",418,73,"CWS","GW","GW","other_water_systems",0,2,0,1
"3528","CA4900945",200,4,"NTNCWS","GW","GW","other_water_systems",0,0,0,0
"3529","CA4900957",125,2,"NTNCWS","GW","GW","other_water_systems",0,2,0,1
"3530","CA4900973",148,54,"CWS","GW","GW","other_water_systems",0,0,0,0
"3531","CA4900999",542,6,"NTNCWS","GW","GW","other_water_systems",0,1,0,1
"3532","CA4901004",26,3,"NTNCWS","GW","GW","other_water_systems",0,0,0,0
"3533","CA4901018",150,4,"NTNCWS","GW","GW","other_water_systems",0,0,0,0
"3534","CA4901028",80,2,"NTNCWS","GW","GW","other_water_systems",0,0,0,0
"3535","CA4901030",150,2,"NTNCWS","SW","SW","other_water_systems",0,0,0,0
"3536","CA4901046",38,3,"NTNCWS","GW","GW","other_water_systems",0,0,0,0
"3537","CA4901061",200,3,"NTNCWS","GW","GW","other_water_systems",0,0,0,0
"3538","CA4901062",48,23,"CWS","GW","GW","other_water_systems",0,0,0,0
"3539","CA4901071",60,18,"CWS","GW","GW","other_water_systems",0,0,0,0
"3540","CA4901080",33,17,"NTNCWS","SW","GU","other_water_systems",1,1,1,1
"3541","CA4901084",75,6,"NTNCWS","GW","GW","other_water_systems",0,0,0,0
"3542","CA4901095",167,20,"NTNCWS","SW","GU","other_water_systems",0,6,0,1
"3543","CA4901118",157,4,"NTNCWS","GW","GW","other_water_systems",0,1,0,1
"3544","CA4901119",50,6,"NTNCWS","GW","GW","other_water_systems",0,0,0,0
"3545","CA4901120",145,1,"NTNCWS","GW","GW","other_water_systems",0,0,0,0
"3546","CA4901129",200,2,"NTNCWS","GW","GW","other_water_systems",0,0,0,0
"3547","CA4901130",50,2,"NTNCWS","GW","GW","other_water_systems",0,0,0,0
"3548","CA4901141",51,17,"NTNCWS","GW","GW","other_water_systems",0,3,0,1
"3549","CA4901143",30,5,"NTNCWS","GW","GW","other_water_systems",0,0,0,0
"3550","CA4901144",155,7,"NTNCWS","GW","GW","other_water_systems",0,0,0,0
"3551","CA4901147",120,2,"NTNCWS","GW","GW","other_water_systems",0,0,0,0
"3552","CA4901152",100,2,"NTNCWS","GW","GW","other_water_systems",0,0,0,0
"3553","CA4901156",460,5,"NTNCWS","GW","GW","other_water_systems",0,0,0,0
"3554","CA4901161",35,1,"NTNCWS","GW","GW","other_water_systems",0,0,0,0
"3555","CA4901162",31,2,"NTNCWS","SW","GU","other_water_systems",0,2,0,1
"3556","CA4901168",300,13,"NTNCWS","GW","GW","other_water_systems",2,0,1,0
"3557","CA4901179",80,2,"NTNCWS","GW","GW","other_water_systems",0,0,0,0
"3558","CA4901190",134,2,"NTNCWS","GW","GW","other_water_systems",0,0,0,0
"3559","CA4901201",80,3,"NTNCWS","GW","GW","other_water_systems",0,0,0,0
"3560","CA4901202",95,3,"NTNCWS","GW","GW","other_water_systems",0,0,0,0
"3561","CA4901203",98,4,"NTNCWS","SW","GU","other_water_systems",0,0,0,0
"3562","CA4901204",225,2,"NTNCWS","GW","GW","other_water_systems",0,0,0,0
"3563","CA4901212",34,20,"NTNCWS","GW","GW","other_water_systems",1,1,1,1
"3564","CA4901214",50,1,"NTNCWS","GW","GW","other_water_systems",0,1,0,1
"3565","CA4901215",30,1,"NTNCWS","GW","GW","other_water_systems",0,0,0,0
"3566","CA4901218",60,4,"NTNCWS","GW","GW","other_water_systems",0,0,0,0
"3567","CA4901221",50,16,"CWS","GW","GW","other_water_systems",0,0,0,0
"3568","CA4901225",30,2,"NTNCWS","GW","GW","other_water_systems",0,0,0,0
"3569","CA4901227",250,2,"NTNCWS","GW","GW","other_water_systems",0,0,0,0
"3570","CA4901232",75,2,"NTNCWS","GW","GW","other_water_systems",0,0,0,0
"3571","CA4901236",72,9,"NTNCWS","GW","GW","other_water_systems",0,0,0,0
"3572","CA4901244",37,3,"NTNCWS","GW","GW","other_water_systems",0,0,0,0
"3573","CA4901246",110,24,"CWS","GW","GW","other_water_systems",0,0,0,0
"3574","CA4901247",50,1,"NTNCWS","GW","GW","other_water_systems",0,0,0,0
"3575","CA4901248",139,7,"NTNCWS","GW","GW","other_water_systems",0,0,0,0
"3576","CA4901250",25,2,"NTNCWS","GW","GW","other_water_systems",0,0,0,0
"3577","CA4901251",99,18,"NTNCWS","GW","GW","other_water_systems",0,0,0,0
"3578","CA4901252",124,10,"NTNCWS","GW","GW","other_water_systems",0,0,0,0
"3579","CA4901254",65,2,"NTNCWS","GW","GW","other_water_systems",0,0,0,0
"3580","CA4901255",160,5,"NTNCWS","GW","GW","other_water_systems",0,0,0,0
"3581","CA4901257",50,2,"NTNCWS","GW","GW","other_water_systems",0,0,0,0
"3582","CA4901258",300,2,"NTNCWS","GW","GW","other_water_systems",1,0,1,0
"3583","CA4901259",90,2,"NTNCWS","GW","GW","other_water_systems",0,0,0,0
"3584","CA4901262",26,1,"NTNCWS","GW","GW","other_water_systems",0,0,0,0
"3585","CA4901264",55,34,"NTNCWS","SW","SW","other_water_systems",2,0,1,0
"3586","CA4901266",38,1,"NTNCWS","GW","GW","other_water_systems",0,1,0,1
"3587","CA4901267",35,8,"NTNCWS","GW","GW","other_water_systems",0,0,0,0
"3588","CA4901273",50,4,"NTNCWS","GW","GW","other_water_systems",0,0,0,0
"3589","CA4901277",30,13,"NTNCWS","GW","GW","other_water_systems",0,1,0,1
"3590","CA4901278",500,8,"NTNCWS","GW","GW","other_water_systems",0,0,0,0
"3591","CA4901282",175,4,"NTNCWS","GW","GW","other_water_systems",0,0,0,0
"3592","CA4901297",65,7,"NTNCWS","GW","GW","other_water_systems",0,0,0,0
"3593","CA4901309",100,16,"CWS","GW","GW","other_water_systems",0,2,0,1
"3594","CA4901314",35,8,"CWS","GW","GW","other_water_systems",0,0,0,0
"3595","CA4901324",36,1,"NTNCWS","GW","GW","other_water_systems",0,0,0,0
"3596","CA4901330",34,6,"NTNCWS","GW","GW","other_water_systems",0,2,0,1
"3597","CA4901332",70,1,"NTNCWS","GW","GW","other_water_systems",0,0,0,0
"3598","CA4901335",25,1,"NTNCWS","GW","GW","other_water_systems",0,0,0,0
"3599","CA4901345",30,1,"NTNCWS","GW","GW","other_water_systems",0,0,0,0
"3600","CA4901346",47,17,"CWS","GW","GW","other_water_systems",0,1,0,1
"3601","CA4901355",60,16,"CWS","GW","GW","other_water_systems",0,0,0,0
"3602","CA4901362",26,1,"NTNCWS","GW","GW","other_water_systems",0,0,0,0
"3603","CA4901365",25,1,"NTNCWS","GW","GW","other_water_systems",0,0,0,0
"3604","CA4901366",50,2,"NTNCWS","GW","GW","other_water_systems",0,1,0,1
"3605","CA4901368",70,1,"NTNCWS","GW","GW","other_water_systems",0,0,0,0
"3606","CA4901370",1000,3,"NTNCWS","GW","GW","other_water_systems",0,0,0,0
"3607","CA4901374",83,4,"NTNCWS","GW","GW","other_water_systems",0,0,0,0
"3608","CA4901381",56,20,"CWS","GW","GW","other_water_systems",0,0,0,0
"3609","CA4901382",42,2,"NTNCWS","GW","GW","other_water_systems",0,0,0,0
"3610","CA4901390",55,8,"NTNCWS","GW","GW","other_water_systems",0,0,0,0
"3611","CA4901436",360,1,"NTNCWS","GW","GW","other_water_systems",0,0,0,0
"3612","CA4901445",205,40,"CWS","GW","GW","other_water_systems",0,0,0,0
"3613","CA4901446",25,1,"NTNCWS","GW","GW","other_water_systems",0,0,0,0
"3614","CA4901454",40,1,"NTNCWS","GW","GW","other_water_systems",0,0,0,0
"3615","CA4901459",71,7,"NTNCWS","GW","GW","other_water_systems",0,0,0,0
"3616","CA4901471",38,1,"NTNCWS","GW","GW","other_water_systems",0,0,0,0
"3617","CA4901475",45,1,"NTNCWS","GW","GW","other_water_systems",0,0,0,0
"3618","CA4910002",10557,3265,"CWS","SW","GU","other_water_systems",0,0,0,0
"3619","CA4910003",1742,528,"CWS","GW","GWP","other_water_systems",0,0,0,0
"3620","CA4910004",6000,2612,"CWS","GW","GW","other_water_systems",0,0,0,0
"3621","CA4910005",10914,4612,"CWS","SW","GU","other_water_systems",0,0,0,0
"3622","CA4910006",60665,20401,"CWS","GW","GW","other_water_systems",0,0,0,0
"3623","CA4910007",1160,1935,"CWS","SW","SW","other_water_systems",0,1,0,1
"3624","CA4910008",4150,1256,"CWS","GW","GW","other_water_systems",0,0,0,0
"3625","CA4910009",178177,53759,"CWS","GW","GW","carceral_serving_water_system",0,0,0,0
"3626","CA4910010",1265,339,"CWS","GW","GWP","other_water_systems",0,1,0,1
"3627","CA4910011",7522,2947,"CWS","GW","GW","other_water_systems",0,0,0,0
"3628","CA4910012",11725,4343,"CWS","GW","GW","other_water_systems",0,3,0,1
"3629","CA4910013",23687,7048,"CWS","GW","GW","other_water_systems",0,2,0,1
"3630","CA4910014",43693,10414,"CWS","GW","GW","other_water_systems",0,2,0,1
"3631","CA4910016",7360,2698,"CWS","GW","GW","other_water_systems",0,0,0,0
"3632","CA4910017",25985,9081,"CWS","GW","GW","carceral_serving_water_system",0,0,0,0
"3633","CA4910018",475,280,"CWS","GW","GW","other_water_systems",0,0,0,0
"3634","CA4910019",3291,1010,"CWS","GW","GWP","other_water_systems",0,2,0,1
"3635","CA4910020",0,165,"CWS","GW","GW","other_water_systems",0,0,0,0
"3636","CA4910021",1069,1153,"CWS","GW","GW","other_water_systems",0,0,0,0
"3637","CA4910022",805,245,"CWS","GW","GW","other_water_systems",0,0,0,0
"3638","CA4910023",7702,2334,"CWS","GW","GW","other_water_systems",0,0,0,0
"3639","CA4910024",1013,307,"CWS","GW","GW","other_water_systems",0,0,0,0
"3640","CA4910025",1013,309,"CWS","GW","GW","other_water_systems",0,0,0,0
"3641","CA4910026",757,268,"CWS","GW","GW","other_water_systems",0,0,0,0
"3642","CA4910027",10986,93,"CWS","GW","GW","other_water_systems",0,0,0,0
"3643","CA4910028",3000,1081,"CWS","GW","GW","other_water_systems",0,0,0,0
"3644","CA4910029",1171,356,"CWS","GW","GW","other_water_systems",0,0,0,0
"3645","CA4910701",1001,217,"CWS","GW","GWP","other_water_systems",0,0,0,0
"3646","CA5000005",500,138,"CWS","GW","GW","other_water_systems",0,1,0,1
"3647","CA5000008",168,67,"CWS","SW","SW","other_water_systems",0,0,0,0
"3648","CA5000010",195,61,"CWS","SW","SW","other_water_systems",0,0,0,0
"3649","CA5000013",144,51,"CWS","GW","GW","other_water_systems",0,0,0,0
"3650","CA5000014",269,79,"CWS","GW","GW","other_water_systems",0,0,0,0
"3651","CA5000015",150,53,"CWS","GW","GW","other_water_systems",0,0,0,0
"3652","CA5000016",147,42,"CWS","GW","GW","other_water_systems",0,0,0,0
"3653","CA5000017",250,95,"CWS","GW","GW","other_water_systems",0,0,0,0
"3654","CA5000019",610,180,"CWS","GW","GW","other_water_systems",1,1,1,1
"3655","CA5000020",26,8,"CWS","GW","GW","other_water_systems",0,0,0,0
"3656","CA5000033",50,10,"CWS","GW","GW","other_water_systems",5,0,1,0
"3657","CA5000041",36,13,"CWS","GW","GW","other_water_systems",0,0,0,0
"3658","CA5000048",125,49,"CWS","GW","GW","other_water_systems",2,0,1,0
"3659","CA5000049",64,32,"CWS","GW","GW","other_water_systems",0,0,0,0
"3660","CA5000054",67,49,"CWS","GW","GW","other_water_systems",0,0,0,0
"3661","CA5000055",153,51,"CWS","GW","GW","other_water_systems",0,0,0,0
"3662","CA5000058",120,66,"CWS","GW","GW","other_water_systems",0,0,0,0
"3663","CA5000060",204,73,"CWS","GW","GW","other_water_systems",0,0,0,0
"3664","CA5000061",60,20,"CWS","GW","GW","other_water_systems",3,2,1,1
"3665","CA5000067",56,18,"CWS","GW","GW","other_water_systems",0,0,0,0
"3666","CA5000071",112,45,"CWS","GW","GW","other_water_systems",0,0,0,0
"3667","CA5000072",148,53,"CWS","GW","GW","other_water_systems",0,1,0,1
"3668","CA5000080",55,60,"CWS","GW","GW","other_water_systems",0,1,0,1
"3669","CA5000082",65,31,"CWS","GW","GW","other_water_systems",0,0,0,0
"3670","CA5000090",540,173,"CWS","GW","GW","other_water_systems",5,1,1,1
"3671","CA5000095",353,126,"CWS","GW","GW","other_water_systems",0,0,0,0
"3672","CA5000099",110,55,"CWS","GW","GW","other_water_systems",0,0,0,0
"3673","CA5000101",385,6,"NTNCWS","GW","GW","other_water_systems",0,0,0,0
"3674","CA5000109",450,6,"NTNCWS","GW","GW","other_water_systems",0,0,0,0
"3675","CA5000117",40,2,"NTNCWS","GW","GW","other_water_systems",0,0,0,0
"3676","CA5000132",80,1,"NTNCWS","GW","GW","other_water_systems",0,1,0,1
"3677","CA5000133",650,9,"NTNCWS","GW","GW","other_water_systems",0,0,0,0
"3678","CA5000141",125,15,"NTNCWS","GW","GW","other_water_systems",0,1,0,1
"3679","CA5000154",118,4,"NTNCWS","GW","GW","other_water_systems",0,1,0,1
"3680","CA5000155",100,2,"NTNCWS","GW","GW","other_water_systems",0,0,0,0
"3681","CA5000179",170,1,"NTNCWS","GW","GW","other_water_systems",0,0,0,0
"3682","CA5000189",300,24,"NTNCWS","GW","GW","other_water_systems",3,0,1,0
"3683","CA5000202",5026,12,"NTNCWS","GW","GW","other_water_systems",0,0,0,0
"3684","CA5000211",156,24,"NTNCWS","GW","GW","other_water_systems",0,0,0,0
"3685","CA5000218",60,23,"CWS","GW","GW","other_water_systems",5,1,1,1
"3686","CA5000237",234,78,"CWS","GW","GW","other_water_systems",0,1,0,1
"3687","CA5000249",390,1,"NTNCWS","GW","GW","other_water_systems",0,1,0,1
"3688","CA5000255",163,8,"NTNCWS","GW","GW","other_water_systems",4,0,1,0
"3689","CA5000263",75,31,"CWS","GW","GW","other_water_systems",0,3,0,1
"3690","CA5000273",110,2,"NTNCWS","GW","GW","other_water_systems",0,0,0,0
"3691","CA5000274",218,4,"NTNCWS","GW","GW","other_water_systems",0,0,0,0
"3692","CA5000277",26,1,"NTNCWS","GW","GW","other_water_systems",0,0,0,0
"3693","CA5000286",500,15,"NTNCWS","GW","GW","other_water_systems",0,0,0,0
"3694","CA5000295",105,7,"NTNCWS","GW","GW","other_water_systems",5,1,1,1
"3695","CA5000297",25,13,"CWS","GW","GW","other_water_systems",0,0,0,0
"3696","CA5000313",150,50,"CWS","GW","GW","other_water_systems",0,0,0,0
"3697","CA5000317",287,80,"CWS","GW","GW","other_water_systems",0,0,0,0
"3698","CA5000335",50,2,"NTNCWS","GW","GW","other_water_systems",0,1,0,1
"3699","CA5000372",40,5,"NTNCWS","GW","GW","other_water_systems",4,0,1,0
"3700","CA5000384",142,25,"NTNCWS","GW","GW","other_water_systems",0,0,0,0
"3701","CA5000389",186,51,"CWS","GW","GWP","other_water_systems",0,0,0,0
"3702","CA5000404",90,2,"NTNCWS","GW","GW","other_water_systems",0,0,0,0
"3703","CA5000408",70,35,"CWS","GW","GWP","other_water_systems",0,0,0,0
"3704","CA5000411",27,15,"NTNCWS","GW","GW","other_water_systems",3,0,1,0
"3705","CA5000427",25,6,"NTNCWS","GW","GW","other_water_systems",0,0,0,0
"3706","CA5000433",1570,473,"CWS","GW","GW","other_water_systems",0,0,0,0
"3707","CA5000440",30,12,"NTNCWS","GW","GW","other_water_systems",0,0,0,0
"3708","CA5000447",25,6,"NTNCWS","GW","GW","other_water_systems",0,0,0,0
"3709","CA5000454",25,1,"NTNCWS","GW","GW","other_water_systems",1,0,1,0
"3710","CA5000465",75,7,"NTNCWS","GW","GW","other_water_systems",6,1,1,1
"3711","CA5000470",80,3,"NTNCWS","GW","GW","other_water_systems",0,0,0,0
"3712","CA5000473",45,9,"NTNCWS","GW","GW","other_water_systems",0,1,0,1
"3713","CA5000474",135,5,"NTNCWS","GW","GW","other_water_systems",0,0,0,0
"3714","CA5000478",200,5,"NTNCWS","GW","GW","other_water_systems",0,0,0,0
"3715","CA5000481",40,2,"NTNCWS","GW","GW","other_water_systems",0,0,0,0
"3716","CA5000482",42,7,"NTNCWS","GW","GW","other_water_systems",0,4,0,1
"3717","CA5000494",30,1,"NTNCWS","GW","GW","other_water_systems",0,1,0,1
"3718","CA5000498",35,1,"NTNCWS","GW","GW","other_water_systems",5,0,1,0
"3719","CA5000499",100,2,"NTNCWS","GW","GW","other_water_systems",2,0,1,0
"3720","CA5000517",25,3,"NTNCWS","GW","GW","other_water_systems",0,0,0,0
"3721","CA5000527",30,1,"NTNCWS","GW","GW","other_water_systems",0,0,0,0
"3722","CA5000529",25,1,"NTNCWS","GW","GW","other_water_systems",0,0,0,0
"3723","CA5000530",40,7,"NTNCWS","GW","GW","other_water_systems",4,0,1,0
"3724","CA5000535",25,10,"NTNCWS","GW","GW","other_water_systems",0,0,0,0
"3725","CA5000548",25,3,"NTNCWS","GW","GW","other_water_systems",0,1,0,1
"3726","CA5000552",120,18,"NTNCWS","GW","GW","other_water_systems",0,0,0,0
"3727","CA5000554",25,6,"NTNCWS","GW","GW","other_water_systems",1,0,1,0
"3728","CA5000555",26,2,"NTNCWS","GW","GW","other_water_systems",0,0,0,0
"3729","CA5000563",25,2,"NTNCWS","GW","GW","other_water_systems",0,0,0,0
"3730","CA5000565",35,45,"NTNCWS","GW","GW","other_water_systems",0,1,0,1
"3731","CA5000568",2000,9,"NTNCWS","GW","GW","other_water_systems",0,0,0,0
"3732","CA5000573",302,2,"NTNCWS","GW","GW","other_water_systems",0,0,0,0
"3733","CA5000574",26,10,"NTNCWS","GW","GW","other_water_systems",4,0,1,0
"3734","CA5000579",26,10,"CWS","GW","GW","other_water_systems",0,0,0,0
"3735","CA5000580",125,2,"NTNCWS","GW","GW","other_water_systems",0,0,0,0
"3736","CA5000581",25,1,"NTNCWS","GW","GW","other_water_systems",0,0,0,0
"3737","CA5000584",860,5,"NTNCWS","GW","GW","other_water_systems",0,0,0,0
"3738","CA5000588",80,3,"NTNCWS","GW","GW","other_water_systems",0,0,0,0
"3739","CA5000590",25,3,"NTNCWS","GW","GW","other_water_systems",0,0,0,0
"3740","CA5000592",25,2,"NTNCWS","GW","GW","other_water_systems",0,0,0,0
"3741","CA5000593",50,2,"NTNCWS","GW","GW","other_water_systems",0,0,0,0
"3742","CA5000595",27,1,"NTNCWS","GW","GW","other_water_systems",0,0,0,0
"3743","CA5000596",25,5,"NTNCWS","GW","GW","other_water_systems",0,0,0,0
"3744","CA5000599",43,1,"NTNCWS","GW","GW","other_water_systems",0,2,0,1
"3745","CA5000600",60,5,"NTNCWS","GW","GW","other_water_systems",5,1,1,1
"3746","CA5000603",188,8,"NTNCWS","GW","GW","other_water_systems",0,5,0,1
"3747","CA5010005",14537,4416,"CWS","GW","GW","other_water_systems",0,0,0,0
"3748","CA5010006",8788,2174,"CWS","GW","GW","other_water_systems",0,0,0,0
"3749","CA5010007",887,230,"CWS","GW","GW","other_water_systems",0,0,0,0
"3750","CA5010008",7481,2236,"CWS","GW","GW","other_water_systems",4,0,1,0
"3751","CA5010009",5672,1436,"CWS","GW","GW","other_water_systems",1,0,1,0
"3752","CA5010010",218771,70586,"CWS","SW","SWP","carceral_serving_water_system",0,0,0,0
"3753","CA5010013",12351,3792,"CWS","GW","GW","other_water_systems",0,1,0,1
"3754","CA5010014",23235,8335,"CWS","GW","GW","other_water_systems",0,0,0,0
"3755","CA5010017",23304,7109,"CWS","GW","GW","other_water_systems",0,0,0,0
"3756","CA5010018",24834,7191,"CWS","GW","GW","other_water_systems",1,0,1,0
"3757","CA5010019",72682,19332,"CWS","SW","SWP","other_water_systems",0,0,0,0
"3758","CA5010021",5078,1709,"CWS","GW","GW","other_water_systems",0,0,0,0
"3759","CA5010023",1099,333,"CWS","GW","GW","other_water_systems",0,0,0,0
"3760","CA5010026",597,183,"CWS","GW","GW","other_water_systems",0,0,0,0
"3761","CA5010028",54513,11881,"CWS","SW","SWP","other_water_systems",0,0,0,0
"3762","CA5010029",1327,407,"CWS","GW","GW","other_water_systems",0,0,0,0
"3763","CA5010031",175,53,"CWS","GW","GW","other_water_systems",0,0,0,0
"3764","CA5010033",914,277,"CWS","GW","GW","other_water_systems",0,0,0,0
"3765","CA5010034",172,52,"CWS","GW","GW","other_water_systems",0,0,0,0
"3766","CA5010035",119,36,"CWS","GW","GWP","other_water_systems",0,0,0,0
"3767","CA5010038",18,2,"CWS","SW","SW","other_water_systems",0,0,0,0
"3768","CA5010039",2000,596,"CWS","SW","SW","other_water_systems",0,0,0,0
"3769","CA5010040",0,8,"CWS","SW","SW","other_water_systems",0,0,0,0
"3770","CA5010042",1079,339,"CWS","GW","GW","other_water_systems",0,0,0,0
"3771","CA5010043",0,3,"CWS","SW","SW","other_water_systems",0,0,0,0
"3772","CA5010044",30,3,"NTNCWS","GW","GW","other_water_systems",0,0,0,0
"3773","CA5100107",210,87,"CWS","GW","GW","other_water_systems",2,2,1,1
"3774","CA5100112",50,17,"CWS","GW","GW","other_water_systems",1,0,1,0
"3775","CA5100125",25,1,"CWS","GW","GW","other_water_systems",0,1,0,1
"3776","CA5100136",330,1,"NTNCWS","GW","GW","other_water_systems",0,2,0,1
"3777","CA5100138",160,1,"NTNCWS","GW","GW","other_water_systems",0,0,0,0
"3778","CA5100140",185,7,"NTNCWS","GW","GW","other_water_systems",0,0,0,0
"3779","CA5100141",100,2,"NTNCWS","GW","GW","other_water_systems",0,1,0,1
"3780","CA5100142",120,1,"NTNCWS","GW","GW","other_water_systems",0,0,0,0
"3781","CA5100143",177,1,"NTNCWS","GW","GW","other_water_systems",0,0,0,0
"3782","CA5100153",144,1,"NTNCWS","GW","GW","other_water_systems",0,0,0,0
"3783","CA5100172",128,1,"NTNCWS","GW","GW","other_water_systems",0,1,0,1
"3784","CA5101009",350,48,"CWS","GW","GW","other_water_systems",0,0,0,0
"3785","CA5102009",878,2,"NTNCWS","GW","GW","other_water_systems",1,1,1,1
"3786","CA5102025",40,13,"CWS","GW","GW","other_water_systems",0,0,0,0
"3787","CA5102032",38,1,"NTNCWS","GW","GW","other_water_systems",0,0,0,0
"3788","CA5103015",100,1,"NTNCWS","GW","GW","other_water_systems",0,0,0,0
"3789","CA5103335",88,2,"NTNCWS","GW","GW","other_water_systems",0,0,0,0
"3790","CA5105004",300,1,"NTNCWS","GW","GW","other_water_systems",0,1,0,1
"3791","CA5105011",90,2,"NTNCWS","GW","GW","other_water_systems",0,0,0,0
"3792","CA5105013",95,2,"NTNCWS","GW","GW","other_water_systems",0,0,0,0
"3793","CA5105014",25,1,"NTNCWS","GW","GW","other_water_systems",0,0,0,0
"3794","CA5110001",9285,2503,"CWS","GW","GW","other_water_systems",0,0,0,0
"3795","CA5110002",70256,18867,"CWS","SW","SW","carceral_serving_water_system",0,0,0,0
"3796","CA5110007",2904,1120,"CWS","GW","GW","other_water_systems",0,0,0,0
"3797","CA5200006",1023,1,"NTNCWS","GW","GW","other_water_systems",0,0,0,0
"3798","CA5200007",75,55,"CWS","GW","GW","other_water_systems",0,1,0,1
"3799","CA5200008",75,30,"CWS","GW","GW","other_water_systems",0,1,0,1
"3800","CA5200010",45,46,"CWS","GW","GW","other_water_systems",0,0,0,0
"3801","CA5200012",468,134,"CWS","GW","GW","other_water_systems",0,0,0,0
"3802","CA5200013",40,16,"CWS","GW","GW","other_water_systems",0,0,0,0
"3803","CA5200014",75,28,"CWS","GW","GW","other_water_systems",0,1,0,1
"3804","CA5200015",167,8,"NTNCWS","GW","GW","other_water_systems",0,0,0,0
"3805","CA5200255",112,40,"CWS","GW","GW","other_water_systems",0,0,0,0
"3806","CA5200500",70,25,"CWS","GW","GW","other_water_systems",0,0,0,0
"3807","CA5200502",191,54,"CWS","GW","GW","other_water_systems",0,0,0,0
"3808","CA5200503",634,192,"CWS","SW","SW","other_water_systems",0,0,0,0
"3809","CA5200504",483,197,"CWS","GW","GW","other_water_systems",0,0,0,0
"3810","CA5200506",70,1,"NTNCWS","GW","GW","other_water_systems",0,1,0,1
"3811","CA5200507",325,4,"NTNCWS","GW","GW","other_water_systems",0,0,0,0
"3812","CA5200508",543,195,"CWS","GW","GW","other_water_systems",0,0,0,0
"3813","CA5200510",305,109,"CWS","GW","GW","other_water_systems",0,1,0,1
"3814","CA5200511",100,4,"NTNCWS","GW","GW","other_water_systems",0,0,0,0
"3815","CA5200512",99,42,"CWS","GW","GW","other_water_systems",0,0,0,0
"3816","CA5200513",1100,8,"NTNCWS","GW","GW","other_water_systems",0,0,0,0
"3817","CA5200514",45,16,"CWS","GW","GW","other_water_systems",0,0,0,0
"3818","CA5200518",32,2,"NTNCWS","GW","GW","other_water_systems",0,0,0,0
"3819","CA5200519",625,1,"NTNCWS","GW","GW","other_water_systems",0,0,0,0
"3820","CA5200520",111,4,"NTNCWS","GW","GW","other_water_systems",0,0,0,0
"3821","CA5200521",175,60,"CWS","GW","GW","other_water_systems",0,0,0,0
"3822","CA5200524",110,1,"NTNCWS","GW","GW","other_water_systems",0,0,0,0
"3823","CA5200525",43,1,"NTNCWS","GW","GW","other_water_systems",0,0,0,0
"3824","CA5200526",70,70,"CWS","GW","GW","other_water_systems",0,3,0,1
"3825","CA5200527",50,47,"CWS","GW","GW","other_water_systems",0,0,0,0
"3826","CA5200529",33,3,"NTNCWS","GW","GW","other_water_systems",0,0,0,0
"3827","CA5200531",104,40,"CWS","GW","GW","other_water_systems",0,1,0,1
"3828","CA5200534",237,72,"CWS","SW","SW","other_water_systems",1,0,1,0
"3829","CA5200535",80,40,"CWS","GW","GW","other_water_systems",0,0,0,0
"3830","CA5200538",350,4,"NTNCWS","GW","GW","other_water_systems",0,0,0,0
"3831","CA5200539",75,51,"CWS","GW","GW","other_water_systems",0,0,0,0
"3832","CA5200540",196,7,"NTNCWS","GW","GW","other_water_systems",0,0,0,0
"3833","CA5200541",220,3,"NTNCWS","GW","GW","other_water_systems",0,0,0,0
"3834","CA5200544",90,2,"NTNCWS","GW","GW","other_water_systems",0,0,0,0
"3835","CA5200545",85,19,"CWS","GW","GW","other_water_systems",0,0,0,0
"3836","CA5200546",70,24,"CWS","GW","GW","other_water_systems",0,4,0,1
"3837","CA5200547",103,32,"CWS","GW","GW","other_water_systems",0,0,0,0
"3838","CA5200548",85,30,"CWS","GW","GW","other_water_systems",0,1,0,1
"3839","CA5200551",158,105,"CWS","GW","GW","other_water_systems",0,0,0,0
"3840","CA5200555",44,31,"CWS","GW","GW","other_water_systems",0,0,0,0
"3841","CA5200556",140,50,"CWS","GW","GW","other_water_systems",0,0,0,0
"3842","CA5200558",100,55,"CWS","GW","GW","other_water_systems",0,0,0,0
"3843","CA5200559",63,24,"CWS","GW","GW","other_water_systems",0,0,0,0
"3844","CA5200560",145,44,"CWS","GW","GW","other_water_systems",0,0,0,0
"3845","CA5200562",412,125,"CWS","GW","GW","other_water_systems",0,1,0,1
"3846","CA5200565",280,9,"NTNCWS","GW","GW","other_water_systems",0,1,0,1
"3847","CA5200570",163,73,"CWS","GW","GW","other_water_systems",0,0,0,0
"3848","CA5200571",131,47,"CWS","GW","GW","other_water_systems",0,0,0,0
"3849","CA5200574",109,33,"CWS","GW","GW","other_water_systems",0,0,0,0
"3850","CA5200575",36,12,"CWS","GW","GW","other_water_systems",0,0,0,0
"3851","CA5200584",53,16,"CWS","GW","GW","other_water_systems",0,0,0,0
"3852","CA5200588",27,14,"CWS","GW","GW","other_water_systems",0,1,0,1
"3853","CA5200626",150,1,"NTNCWS","GW","GW","other_water_systems",0,0,0,0
"3854","CA5200645",90,38,"CWS","GW","GW","other_water_systems",0,0,0,0
"3855","CA5200655",64,4,"NTNCWS","GW","GW","other_water_systems",0,0,0,0
"3856","CA5200657",45,17,"CWS","GW","GW","other_water_systems",0,1,0,1
"3857","CA5200802",60,1,"NTNCWS","GW","GW","other_water_systems",0,0,0,0
"3858","CA5200809",30,5,"NTNCWS","GW","GW","other_water_systems",0,0,0,0
"3859","CA5200810",140,4,"NTNCWS","GW","GW","other_water_systems",0,0,0,0
"3860","CA5200864",1055,30,"CWS","GW","GW","other_water_systems",0,0,0,0
"3861","CA5201055",350,4,"NTNCWS","GW","GW","other_water_systems",0,0,0,0
"3862","CA5201057",450,5,"NTNCWS","GW","GW","other_water_systems",0,0,0,0
"3863","CA5201140",25,12,"CWS","GW","GW","other_water_systems",0,0,0,0
"3864","CA5201143",350,4,"NTNCWS","GW","GW","other_water_systems",0,0,0,0
"3865","CA5201147",102,49,"CWS","GW","GW","other_water_systems",0,0,0,0
"3866","CA5205006",35,1,"NTNCWS","GW","GW","other_water_systems",0,0,0,0
"3867","CA5205007",90,5,"NTNCWS","GW","GW","other_water_systems",0,0,0,0
"3868","CA5205009",25,8,"NTNCWS","GW","GW","other_water_systems",0,0,0,0
"3869","CA5210001",8244,2436,"CWS","GW","GW","other_water_systems",0,0,0,0
"3870","CA5210002",1200,400,"CWS","GW","GW","other_water_systems",0,0,0,0
"3871","CA5210003",1450,373,"CWS","GW","GW","other_water_systems",1,0,1,0
"3872","CA5210004",14076,4853,"CWS","GW","GW","carceral_serving_water_system",0,1,0,1
"3873","CA5210005",3329,1418,"CWS","GW","GW","other_water_systems",0,0,0,0
"3874","CA5210503",69,33,"NTNCWS","SW","SW","other_water_systems",0,0,0,0
"3875","CA5210800",135,1,"NTNCWS","GW","GW","carceral_serving_water_system",0,0,0,0
"3876","CA5210801",130,1,"NTNCWS","SW","SW","carceral_serving_water_system",0,0,0,0
"3877","CA5301001",42,42,"CWS","GW","GW","other_water_systems",0,1,0,1
"3878","CA5301002",701,235,"CWS","SW","SW","other_water_systems",0,1,0,1
"3879","CA5301008",223,81,"CWS","GW","GW","other_water_systems",0,1,0,1
"3880","CA5301017",104,37,"CWS","SW","SW","other_water_systems",0,0,0,0
"3881","CA5301101",131,32,"CWS","GW","GW","other_water_systems",0,1,0,1
"3882","CA5301102",338,67,"CWS","GW","GW","other_water_systems",0,0,0,0
"3883","CA5301103",60,42,"CWS","GW","GW","other_water_systems",0,1,0,1
"3884","CA5301104",99,99,"CWS","GW","GW","other_water_systems",0,1,0,1
"3885","CA5301201",40,26,"CWS","GW","GW","other_water_systems",0,2,0,1
"3886","CA5303002",43,35,"CWS","SW","SW","other_water_systems",2,1,1,1
"3887","CA5304102",332,192,"CWS","SW","SW","other_water_systems",1,0,1,0
"3888","CA5304105",125,1,"NTNCWS","GW","GW","other_water_systems",0,1,0,1
"3889","CA5304109",115,35,"CWS","SW","SW","other_water_systems",0,1,0,1
"3890","CA5304209",80,2,"NTNCWS","SW","SW","other_water_systems",0,1,0,1
"3891","CA5304501",231,70,"CWS","SW","SW","other_water_systems",0,1,0,1
"3892","CA5304502",130,40,"CWS","SW","SW","other_water_systems",0,1,0,1
"3893","CA5305103",61,18,"NTNCWS","GW","GW","other_water_systems",0,0,0,0
"3894","CA5305107",100,6,"NTNCWS","GW","GW","other_water_systems",0,0,0,0
"3895","CA5310001",3408,1657,"CWS","SW","SW","carceral_serving_water_system",0,0,0,0
"3896","CA5310002",2324,698,"CWS","SW","SW","other_water_systems",0,1,0,1
"3897","CA5310003",729,260,"CWS","SW","SW","other_water_systems",0,0,0,0
"3898","CA5310800",120,7,"NTNCWS","GW","GW","carceral_water_system",0,0,0,0
"3899","CA5400504",205,62,"CWS","GW","GW","other_water_systems",0,0,0,0
"3900","CA5400505",163,54,"CWS","GW","GW","other_water_systems",1,0,1,0
"3901","CA5400506",560,71,"CWS","SW","GU","other_water_systems",0,0,0,0
"3902","CA5400519",500,26,"NTNCWS","GW","GW","other_water_systems",0,0,0,0
"3903","CA5400526",53,6,"NTNCWS","GW","GW","other_water_systems",4,0,1,0
"3904","CA5400529",95,42,"CWS","GW","GW","other_water_systems",0,0,0,0
"3905","CA5400536",106,38,"CWS","GW","GW","other_water_systems",0,0,0,0
"3906","CA5400537",125,177,"CWS","GW","GW","other_water_systems",0,2,0,1
"3907","CA5400538",192,10,"NTNCWS","GW","GW","other_water_systems",0,2,0,1
"3908","CA5400541",100,1,"NTNCWS","GW","GW","other_water_systems",2,0,1,0
"3909","CA5400542",616,176,"CWS","GW","GW","other_water_systems",0,0,0,0
"3910","CA5400544",521,168,"CWS","GW","GW","other_water_systems",2,1,1,1
"3911","CA5400550",691,91,"CWS","GW","GW","other_water_systems",0,1,0,1
"3912","CA5400553",653,198,"CWS","GW","GW","other_water_systems",0,0,0,0
"3913","CA5400556",40,23,"CWS","GW","GW","other_water_systems",0,1,0,1
"3914","CA5400558",84,11,"NTNCWS","GW","GW","other_water_systems",3,0,1,0
"3915","CA5400567",340,77,"CWS","GW","GW","other_water_systems",0,0,0,0
"3916","CA5400602",60,78,"CWS","GW","GW","other_water_systems",0,1,0,1
"3917","CA5400604",103,14,"CWS","GW","GW","other_water_systems",0,1,0,1
"3918","CA5400616",109,60,"CWS","GW","GW","other_water_systems",5,0,1,0
"3919","CA5400620",400,18,"NTNCWS","GW","GW","other_water_systems",0,0,0,0
"3920","CA5400624",500,9,"NTNCWS","GW","GW","other_water_systems",0,0,0,0
"3921","CA5400631",694,195,"CWS","GW","GW","other_water_systems",0,2,0,1
"3922","CA5400641",370,116,"CWS","GW","GW","other_water_systems",0,1,0,1
"3923","CA5400647",95,32,"CWS","GW","GW","other_water_systems",3,2,1,1
"3924","CA5400660",75,19,"CWS","GW","GW","other_water_systems",0,0,0,0
"3925","CA5400665",1274,386,"CWS","SW","SW","other_water_systems",7,0,1,0
"3926","CA5400666",323,98,"CWS","GW","GW","other_water_systems",4,0,1,0
"3927","CA5400670",408,154,"CWS","GW","GW","other_water_systems",3,0,1,0
"3928","CA5400682",138,42,"CWS","GW","GW","other_water_systems",4,0,1,0
"3929","CA5400704",180,7,"NTNCWS","GW","GW","other_water_systems",1,2,1,1
"3930","CA5400709",400,25,"NTNCWS","GW","GW","other_water_systems",1,1,1,1
"3931","CA5400710",278,99,"CWS","GW","GW","other_water_systems",0,0,0,0
"3932","CA5400711",115,5,"NTNCWS","GW","GW","other_water_systems",1,0,1,0
"3933","CA5400713",570,10,"NTNCWS","GW","GW","other_water_systems",0,2,0,1
"3934","CA5400714",930,11,"NTNCWS","GW","GW","other_water_systems",0,0,0,0
"3935","CA5400718",165,50,"CWS","GW","GW","other_water_systems",0,0,0,0
"3936","CA5400728",98,99,"CWS","GW","GW","other_water_systems",0,0,0,0
"3937","CA5400732",46,84,"CWS","GW","GW","other_water_systems",0,0,0,0
"3938","CA5400744",40,15,"CWS","GW","GW","other_water_systems",0,0,0,0
"3939","CA5400754",384,142,"CWS","GW","GW","other_water_systems",3,0,1,0
"3940","CA5400767",43,13,"CWS","GW","GW","other_water_systems",0,0,0,0
"3941","CA5400769",41,14,"CWS","GW","GW","other_water_systems",0,0,0,0
"3942","CA5400792",650,177,"CWS","GW","GW","other_water_systems",0,2,0,1
"3943","CA5400795",220,7,"NTNCWS","GW","GW","other_water_systems",8,1,1,1
"3944","CA5400797",500,19,"NTNCWS","GW","GW","carceral_water_system",0,0,0,0
"3945","CA5400805",110,36,"CWS","GW","GWP","other_water_systems",0,0,0,0
"3946","CA5400816",155,66,"CWS","GW","GW","other_water_systems",0,0,0,0
"3947","CA5400819",44,24,"CWS","GW","GW","other_water_systems",0,0,0,0
"3948","CA5400824",779,249,"CWS","GW","GW","other_water_systems",0,0,0,0
"3949","CA5400838",225,9,"NTNCWS","GW","GW","other_water_systems",0,0,0,0
"3950","CA5400846",25,3,"NTNCWS","GW","GW","other_water_systems",0,0,0,0
"3951","CA5400850",105,1,"NTNCWS","GW","GW","other_water_systems",2,0,1,0
"3952","CA5400875",33,2,"CWS","GW","GW","other_water_systems",0,1,0,1
"3953","CA5400880",495,161,"CWS","GW","GW","other_water_systems",0,0,0,0
"3954","CA5400881",109,39,"CWS","GW","GW","other_water_systems",0,1,0,1
"3955","CA5400882",220,9,"NTNCWS","GW","GW","other_water_systems",4,0,1,0
"3956","CA5400884",321,4,"NTNCWS","GW","GW","other_water_systems",0,0,0,0
"3957","CA5400886",220,10,"NTNCWS","GW","GW","other_water_systems",0,0,0,0
"3958","CA5400887",126,8,"NTNCWS","GW","GW","other_water_systems",0,2,0,1
"3959","CA5400903",500,93,"CWS","GW","GW","other_water_systems",0,1,0,1
"3960","CA5400919",250,9,"NTNCWS","GW","GW","other_water_systems",0,1,0,1
"3961","CA5400929",400,124,"CWS","GW","GW","other_water_systems",0,0,0,0
"3962","CA5400934",340,147,"CWS","GW","GW","other_water_systems",0,0,0,0
"3963","CA5400935",138,44,"CWS","GW","GW","other_water_systems",0,0,0,0
"3964","CA5400940",260,52,"CWS","GW","GW","other_water_systems",0,0,0,0
"3965","CA5400964",44,13,"CWS","GW","GW","other_water_systems",5,1,1,1
"3966","CA5400968",200,80,"CWS","SW","SW","other_water_systems",0,0,0,0
"3967","CA5400969",50,1,"NTNCWS","GW","GW","other_water_systems",0,1,0,1
"3968","CA5400972",125,2,"NTNCWS","GW","GW","other_water_systems",0,3,0,1
"3969","CA5400994",255,7,"NTNCWS","GW","GW","other_water_systems",5,0,1,0
"3970","CA5401003",423,103,"CWS","GW","GW","other_water_systems",4,0,1,0
"3971","CA5401006",52,16,"NTNCWS","GW","GW","other_water_systems",0,0,0,0
"3972","CA5401026",70,25,"CWS","GW","GW","other_water_systems",0,2,0,1
"3973","CA5401033",300,2,"NTNCWS","GW","GW","other_water_systems",0,0,0,0
"3974","CA5401039",300,5,"NTNCWS","GW","GW","carceral_serving_water_system",0,0,0,0
"3975","CA5401044",41,3,"NTNCWS","GW","GW","other_water_systems",0,0,0,0
"3976","CA5401074",1130,5,"NTNCWS","GW","GW","carceral_water_system",0,0,0,0
"3977","CA5401082",120,5,"NTNCWS","GW","GW","other_water_systems",0,2,0,1
"3978","CA5402008",42,1,"NTNCWS","GW","GW","other_water_systems",0,0,0,0
"3979","CA5402013",200,2,"NTNCWS","GW","GW","other_water_systems",2,0,1,0
"3980","CA5402027",75,6,"NTNCWS","GW","GW","other_water_systems",0,3,0,1
"3981","CA5402036",330,250,"CWS","GW","GW","other_water_systems",4,0,1,0
"3982","CA5402038",550,153,"CWS","GW","GW","other_water_systems",0,1,0,1
"3983","CA5402046",105,1,"NTNCWS","GW","GW","other_water_systems",2,0,1,0
"3984","CA5402047",31,12,"CWS","GW","GW","other_water_systems",3,3,1,1
"3985","CA5402048",89,27,"CWS","GW","GW","other_water_systems",1,0,1,0
"3986","CA5402050",95,4,"NTNCWS","GW","GW","other_water_systems",0,0,0,0
"3987","CA5403007",50,6,"NTNCWS","GW","GW","other_water_systems",2,0,1,0
"3988","CA5403022",50,4,"NTNCWS","GW","GW","other_water_systems",2,3,1,1
"3989","CA5403023",412,99,"CWS","GW","GW","other_water_systems",0,1,0,1
"3990","CA5403031",301,1,"NTNCWS","GW","GW","other_water_systems",0,3,0,1
"3991","CA5403032",385,31,"NTNCWS","GW","GW","other_water_systems",0,0,0,0
"3992","CA5403041",30,3,"NTNCWS","GW","GW","other_water_systems",3,0,1,0
"3993","CA5403042",140,3,"NTNCWS","GW","GW","other_water_systems",0,0,0,0
"3994","CA5403043",350,66,"CWS","GW","GW","other_water_systems",0,1,0,1
"3995","CA5403048",75,4,"NTNCWS","GW","GW","other_water_systems",2,0,1,0
"3996","CA5403050",25,1,"NTNCWS","GW","GW","other_water_systems",0,0,0,0
"3997","CA5403054",25,11,"NTNCWS","GW","GW","other_water_systems",0,0,0,0
"3998","CA5403055",28,4,"NTNCWS","GW","GW","other_water_systems",0,2,0,1
"3999","CA5403074",220,1,"NTNCWS","GW","GW","other_water_systems",2,1,1,1
"4000","CA5403080",125,1,"NTNCWS","GW","GW","other_water_systems",4,0,1,0
"4001","CA5403081",125,1,"NTNCWS","GW","GW","other_water_systems",5,0,1,0
"4002","CA5403083",66,7,"NTNCWS","GW","GW","other_water_systems",1,0,1,0
"4003","CA5403084",150,47,"CWS","GW","GW","other_water_systems",0,4,0,1
"4004","CA5403106",96,1,"NTNCWS","GW","GW","other_water_systems",3,0,1,0
"4005","CA5403110",37,16,"CWS","GW","GW","other_water_systems",2,2,1,1
"4006","CA5403113",106,39,"CWS","GW","GW","other_water_systems",0,0,0,0
"4007","CA5403114",58,2,"NTNCWS","GW","GW","other_water_systems",0,0,0,0
"4008","CA5403118",155,1,"NTNCWS","GW","GW","other_water_systems",0,0,0,0
"4009","CA5403119",130,6,"NTNCWS","GW","GW","other_water_systems",0,0,0,0
"4010","CA5403121",106,1,"NTNCWS","GW","GW","other_water_systems",0,0,0,0
"4011","CA5403126",50,7,"NTNCWS","GW","GW","other_water_systems",0,1,0,1
"4012","CA5403127",28,6,"NTNCWS","GW","GW","other_water_systems",0,0,0,0
"4013","CA5403130",295,5,"NTNCWS","GW","GW","other_water_systems",0,0,0,0
"4014","CA5403131",50,1,"NTNCWS","GW","GW","other_water_systems",0,0,0,0
"4015","CA5403132",60,1,"NTNCWS","GW","GW","other_water_systems",0,1,0,1
"4016","CA5403138",100,2,"NTNCWS","GW","GW","other_water_systems",0,0,0,0
"4017","CA5403139",125,8,"NTNCWS","GW","GW","other_water_systems",0,0,0,0
"4018","CA5403140",400,6,"NTNCWS","GW","GW","other_water_systems",0,0,0,0
"4019","CA5403141",49,2,"NTNCWS","GW","GW","other_water_systems",0,1,0,1
"4020","CA5403144",39,13,"CWS","GW","GW","other_water_systems",0,3,0,1
"4021","CA5403145",770,1,"NTNCWS","GW","GW","other_water_systems",0,0,0,0
"4022","CA5403146",818,5,"NTNCWS","GW","GW","other_water_systems",0,0,0,0
"4023","CA5403148",37,9,"NTNCWS","GW","GW","other_water_systems",0,0,0,0
"4024","CA5403152",140,3,"NTNCWS","GW","GW","other_water_systems",0,0,0,0
"4025","CA5403154",50,2,"NTNCWS","GW","GW","other_water_systems",0,0,0,0
"4026","CA5403204",80,2,"NTNCWS","GW","GW","other_water_systems",1,1,1,1
"4027","CA5403205",86,4,"NTNCWS","GW","GW","other_water_systems",2,0,1,0
"4028","CA5403208",31,2,"NTNCWS","GW","GW","other_water_systems",0,0,0,0
"4029","CA5403211",150,3,"NTNCWS","GW","GW","other_water_systems",3,1,1,1
"4030","CA5403212",152,31,"CWS","GW","GW","other_water_systems",0,3,0,1
"4031","CA5403213",130,13,"CWS","GW","GW","other_water_systems",0,1,0,1
"4032","CA5403215",125,1,"NTNCWS","GW","GW","other_water_systems",2,0,1,0
"4033","CA5403217",300,72,"CWS","GW","GW","other_water_systems",0,1,0,1
"4034","CA5410001",6200,1234,"CWS","GW","GW","other_water_systems",2,0,1,0
"4035","CA5410002",26955,6522,"CWS","GW","GW","other_water_systems",0,0,0,0
"4036","CA5410003",11169,3298,"CWS","GW","GW","other_water_systems",1,0,1,0
"4037","CA5410004",10324,2738,"CWS","GW","GW","other_water_systems",0,0,0,0
"4038","CA5410006",12659,3108,"CWS","SW","SW","other_water_systems",8,0,1,0
"4039","CA5410007",500,50,"CWS","SW","SW","other_water_systems",2,0,1,0
"4040","CA5410008",8300,1601,"CWS","GW","GW","other_water_systems",0,0,0,0
"4041","CA5410009",2772,865,"CWS","GW","GW","other_water_systems",2,0,1,0
"4042","CA5410010",63164,17215,"CWS","GW","GW","other_water_systems",0,0,0,0
"4043","CA5410011",1500,390,"CWS","SW","SW","other_water_systems",0,0,0,0
"4044","CA5410012",2669,473,"CWS","SW","SW","other_water_systems",0,0,0,0
"4045","CA5410014",2543,608,"CWS","GW","GW","other_water_systems",4,0,1,0
"4046","CA5410015",70733,20059,"CWS","GW","GW","other_water_systems",0,0,0,0
"4047","CA5410016",147320,47498,"CWS","GW","GW","other_water_systems",0,0,0,0
"4048","CA5410017",1785,431,"CWS","GW","GW","other_water_systems",0,0,0,0
"4049","CA5410019",4580,1124,"CWS","GW","GW","other_water_systems",0,0,0,0
"4050","CA5410020",7950,1995,"CWS","GW","GW","other_water_systems",0,2,0,1
"4051","CA5410021",7679,1541,"CWS","GW","GW","other_water_systems",0,0,0,0
"4052","CA5410022",134,293,"CWS","SW","SW","other_water_systems",0,0,0,0
"4053","CA5410024",1617,526,"CWS","GW","GW","other_water_systems",3,2,1,1
"4054","CA5410025",1740,467,"CWS","GW","GW","other_water_systems",3,0,1,0
"4055","CA5410026",2200,597,"CWS","GW","GW","other_water_systems",0,0,0,0
"4056","CA5410034",917,278,"CWS","GW","GW","other_water_systems",0,0,0,0
"4057","CA5410036",500,161,"CWS","SW","SWP","other_water_systems",0,0,0,0
"4058","CA5410038",3056,803,"CWS","SW","SW","other_water_systems",0,0,0,0
"4059","CA5410039",617,187,"CWS","GW","GW","other_water_systems",0,0,0,0
"4060","CA5410041",716,182,"CWS","GW","GW","other_water_systems",0,0,0,0
"4061","CA5410048",339,124,"CWS","GW","GW","other_water_systems",0,0,0,0
"4062","CA5410050",871,372,"CWS","GW","GW","other_water_systems",2,1,1,1
"4063","CA5410503",2940,125,"CWS","SW","SW","other_water_systems",1,1,1,1
"4064","CA5410513",2930,45,"CWS","SW","GU","other_water_systems",0,0,0,0
"4065","CA5410800",123,5,"CWS","GW","GW","carceral_water_system",0,0,0,0
"4066","CA5410801",1281,99,"CWS","GW","GW","other_water_systems",1,0,1,0
"4067","CA5500016",100,23,"NTNCWS","GW","GW","other_water_systems",0,0,0,0
"4068","CA5500040",282,91,"CWS","GW","GW","other_water_systems",0,1,0,1
"4069","CA5500041",59,55,"CWS","GW","GW","other_water_systems",0,0,0,0
"4070","CA5500042",468,167,"CWS","GW","GW","other_water_systems",0,0,0,0
"4071","CA5500048",1041,113,"CWS","SW","SW","other_water_systems",0,0,0,0
"4072","CA5500053",340,108,"CWS","GW","GW","other_water_systems",0,0,0,0
"4073","CA5500057",97,162,"CWS","GW","GW","other_water_systems",0,0,0,0
"4074","CA5500060",445,159,"CWS","GW","GW","other_water_systems",0,0,0,0
"4075","CA5500064",154,55,"CWS","SW","SWP","other_water_systems",0,0,0,0
"4076","CA5500071",269,100,"CWS","GW","GW","other_water_systems",0,0,0,0
"4077","CA5500074",361,129,"CWS","GW","GW","other_water_systems",0,0,0,0
"4078","CA5500077",417,153,"CWS","GW","GW","other_water_systems",0,0,0,0
"4079","CA5500080",202,106,"CWS","SW","SW","other_water_systems",0,0,0,0
"4080","CA5500086",235,84,"CWS","GW","GW","other_water_systems",0,0,0,0
"4081","CA5500089",130,68,"NTNCWS","GW","GW","other_water_systems",0,1,0,1
"4082","CA5500092",52,52,"CWS","GW","GW","other_water_systems",0,0,0,0
"4083","CA5500096",129,46,"CWS","GW","GW","other_water_systems",0,0,0,0
"4084","CA5500104",316,113,"CWS","GW","GW","other_water_systems",0,0,0,0
"4085","CA5500115",219,88,"CWS","GW","GW","other_water_systems",0,1,0,1
"4086","CA5500116",280,100,"CWS","SW","SW","other_water_systems",0,3,0,1
"4087","CA5500119",59,59,"CWS","GW","GW","other_water_systems",0,0,0,0
"4088","CA5500120",115,80,"CWS","GW","GW","other_water_systems",0,0,0,0
"4089","CA5500124",105,30,"CWS","GW","GW","other_water_systems",0,1,0,1
"4090","CA5500125",210,75,"CWS","GW","GW","other_water_systems",0,0,0,0
"4091","CA5500128",67,57,"CWS","SW","GU","other_water_systems",0,0,0,0
"4092","CA5500148",36,1,"NTNCWS","GW","GW","other_water_systems",1,0,1,0
"4093","CA5500149",89,63,"CWS","GW","GW","other_water_systems",0,1,0,1
"4094","CA5500168",328,6,"NTNCWS","SW","GU","other_water_systems",0,0,0,0
"4095","CA5500171",289,19,"NTNCWS","GW","GW","other_water_systems",0,0,0,0
"4096","CA5500193",225,101,"CWS","GW","GW","other_water_systems",0,1,0,1
"4097","CA5500221",28,1,"NTNCWS","GW","GW","other_water_systems",0,1,0,1
"4098","CA5500242",166,17,"NTNCWS","GW","GW","other_water_systems",0,0,0,0
"4099","CA5500243",78,38,"CWS","GW","GW","other_water_systems",0,0,0,0
"4100","CA5500259",210,5,"NTNCWS","GW","GW","other_water_systems",0,0,0,0
"4101","CA5500353",22,30,"CWS","GW","GW","other_water_systems",0,0,0,0
"4102","CA5500357",126,59,"NTNCWS","GW","GW","other_water_systems",0,0,0,0
"4103","CA5500360",133,2,"NTNCWS","GW","GW","other_water_systems",0,0,0,0
"4104","CA5500363",62,22,"CWS","GW","GW","other_water_systems",0,0,0,0
"4105","CA5500369",200,40,"NTNCWS","GW","GW","other_water_systems",0,0,0,0
"4106","CA5510001",11054,5121,"CWS","SW","SW","carceral_serving_water_system",0,0,0,0
"4107","CA5510002",1767,637,"CWS","SW","SW","other_water_systems",0,0,0,0
"4108","CA5510003",1744,703,"CWS","SW","SW","other_water_systems",0,0,0,0
"4109","CA5510004",1253,390,"CWS","SW","SW","other_water_systems",0,0,0,0
"4110","CA5510005",2378,1588,"CWS","SW","SW","other_water_systems",0,0,0,0
"4111","CA5510006",2163,766,"CWS","SW","SW","other_water_systems",0,1,0,1
"4112","CA5510007",1289,392,"CWS","SW","SW","other_water_systems",0,0,0,0
"4113","CA5510008",3240,1534,"CWS","SW","SW","other_water_systems",0,0,0,0
"4114","CA5510009",3400,3298,"CWS","SW","SW","other_water_systems",0,1,0,1
"4115","CA5510011",1771,538,"CWS","SW","SW","other_water_systems",0,0,0,0
"4116","CA5510012",10892,4030,"CWS","SW","SW","other_water_systems",0,0,0,0
"4117","CA5510013",5463,2092,"CWS","SW","SW","other_water_systems",0,0,0,0
"4118","CA5510016",300,346,"CWS","GW","GW","other_water_systems",0,0,0,0
"4119","CA5510021",92,33,"CWS","GW","GW","other_water_systems",0,0,0,0
"4120","CA5510023",1123,451,"CWS","SW","SWP","other_water_systems",0,1,0,1
"4121","CA5510024",1154,130,"CWS","SW","SWP","other_water_systems",0,0,0,0
"4122","CA5510026",1168,358,"CWS","GW","GW","other_water_systems",0,0,0,0
"4123","CA5510028",823,298,"CWS","GW","GW","other_water_systems",0,0,0,0
"4124","CA5510503",51,24,"CWS","GW","GW","other_water_systems",0,0,0,0
"4125","CA5510851",3242,578,"CWS","SW","SW","carceral_water_system",0,0,0,0
"4126","CA5510852",150,2,"CWS","SW","SW","carceral_water_system",3,0,1,0
"4127","CA5601104",238,83,"CWS","SW","SWP","other_water_systems",0,2,0,1
"4128","CA5601105",353,169,"CWS","GW","GW","other_water_systems",0,0,0,0
"4129","CA5601106",99,33,"CWS","GW","GW","other_water_systems",0,1,0,1
"4130","CA5601110",134,48,"CWS","GW","GWP","other_water_systems",0,0,0,0
"4131","CA5601116",46,47,"CWS","GW","GW","other_water_systems",0,0,0,0
"4132","CA5601117",800,249,"CWS","SW","SW","other_water_systems",0,1,0,1
"4133","CA5601119",323,95,"CWS","SW","SWP","other_water_systems",0,0,0,0
"4134","CA5601120",340,110,"CWS","GW","GW","other_water_systems",0,0,0,0
"4135","CA5601122",72,38,"CWS","SW","SWP","other_water_systems",0,0,0,0
"4136","CA5601125",65,36,"CWS","GW","GW","other_water_systems",0,0,0,0
"4137","CA5601134",150,43,"CWS","SW","GU","other_water_systems",0,0,0,0
"4138","CA5601135",15,37,"NTNCWS","GW","GW","other_water_systems",0,0,0,0
"4139","CA5601137",25,27,"CWS","SW","SWP","other_water_systems",3,0,1,0
"4140","CA5601139",472,1,"NTNCWS","GW","GW","other_water_systems",0,1,0,1
"4141","CA5601141",58,27,"CWS","GW","GW","other_water_systems",0,0,0,0
"4142","CA5601144",600,109,"CWS","GW","GW","other_water_systems",0,1,0,1
"4143","CA5601201",1187,232,"CWS","GW","GWP","other_water_systems",0,0,0,0
"4144","CA5601401",30,31,"CWS","GW","GW","other_water_systems",0,0,0,0
"4145","CA5601405",39,1,"NTNCWS","GW","GW","other_water_systems",0,0,0,0
"4146","CA5601721",26,6,"NTNCWS","GW","GW","other_water_systems",0,5,0,1
"4147","CA5602101",50,16,"CWS","GW","GW","other_water_systems",0,0,0,0
"4148","CA5602103",224,68,"CWS","SW","SWP","other_water_systems",0,0,0,0
"4149","CA5602104",215,85,"CWS","GW","GW","other_water_systems",2,1,1,1
"4150","CA5602108",1335,140,"CWS","GW","GW","other_water_systems",0,0,0,0
"4151","CA5602109",160,26,"CWS","GW","GW","other_water_systems",0,0,0,0
"4152","CA5602110",160,52,"CWS","GW","GW","other_water_systems",0,0,0,0
"4153","CA5602111",972,183,"CWS","GW","GW","other_water_systems",0,1,0,1
"4154","CA5602115",368,92,"CWS","SW","SWP","other_water_systems",0,0,0,0
"4155","CA5602117",429,128,"CWS","GW","GW","other_water_systems",0,0,0,0
"4156","CA5602120",259,57,"NTNCWS","GW","GW","carceral_serving_water_system",0,0,0,0
"4157","CA5602130",100,34,"CWS","SW","SWP","other_water_systems",0,0,0,0
"4158","CA5602132",25,16,"CWS","SW","SWP","other_water_systems",0,0,0,0
"4159","CA5602133",35,5,"NTNCWS","GW","GW","other_water_systems",0,0,0,0
"4160","CA5602140",196,82,"CWS","GW","GW","other_water_systems",0,0,0,0
"4161","CA5602302",109,2,"NTNCWS","GW","GW","other_water_systems",0,0,0,0
"4162","CA5602403",404,1,"NTNCWS","GW","GW","other_water_systems",2,0,1,0
"4163","CA5602406",820,2,"NTNCWS","SW","SWP","other_water_systems",0,0,0,0
"4164","CA5602407",2600,13,"NTNCWS","GW","GW","other_water_systems",0,1,0,1
"4165","CA5602408",550,2,"NTNCWS","SW","SWP","other_water_systems",0,0,0,0
"4166","CA5602513",30,2,"NTNCWS","GW","GW","other_water_systems",0,1,0,1
"4167","CA5602514",50,1,"NTNCWS","GW","GW","other_water_systems",0,0,0,0
"4168","CA5602516",50,2,"NTNCWS","GW","GW","other_water_systems",0,0,0,0
"4169","CA5602656",400,3,"NTNCWS","GW","GW","other_water_systems",0,0,0,0
"4170","CA5603116",92,2,"NTNCWS","GW","GW","other_water_systems",2,0,1,0
"4171","CA5603117",30,2,"NTNCWS","GW","GW","other_water_systems",3,0,1,0
"4172","CA5603118",100,20,"NTNCWS","GW","GW","other_water_systems",0,0,0,0
"4173","CA5603122",25,2,"NTNCWS","GW","GW","other_water_systems",0,0,0,0
"4174","CA5603123",38,1,"NTNCWS","GW","GW","other_water_systems",1,1,1,1
"4175","CA5603125",37,5,"NTNCWS","GW","GW","other_water_systems",0,2,0,1
"4176","CA5603301",665,50,"CWS","SW","SWP","other_water_systems",0,1,0,1
"4177","CA5610001",990,283,"CWS","SW","SWP","other_water_systems",0,0,0,0
"4178","CA5610002",16419,4370,"CWS","GW","GW","other_water_systems",0,1,0,1
"4179","CA5610003",1946,720,"CWS","SW","SWP","other_water_systems",0,0,0,0
"4180","CA5610005",4200,1285,"CWS","SW","SWP","other_water_systems",0,1,0,1
"4181","CA5610006",690,249,"CWS","GW","GW","other_water_systems",0,0,0,0
"4182","CA5610007",200232,42733,"CWS","SW","SWP","carceral_serving_water_system",0,0,0,0
"4183","CA5610008",5000,1604,"CWS","SW","SWP","other_water_systems",0,0,0,0
"4184","CA5610009",21407,5791,"CWS","SW","SWP","other_water_systems",0,0,0,0
"4185","CA5610010",1709,519,"CWS","GW","GW","other_water_systems",0,0,0,0
"4186","CA5610011",31018,8404,"CWS","GW","GW","carceral_serving_water_system",0,0,0,0
"4187","CA5610014",6801,2921,"CWS","SW","SWP","other_water_systems",0,0,0,0
"4188","CA5610015",1429,1106,"CWS","SW","SWP","other_water_systems",0,1,0,1
"4189","CA5610016",19533,6931,"CWS","SW","SWP","other_water_systems",0,0,0,0
"4190","CA5610017",113500,28954,"CWS","SW","SW","carceral_serving_water_system",0,0,0,0
"4191","CA5610018",72139,11012,"CWS","SW","SWP","other_water_systems",0,0,0,0
"4192","CA5610019",46824,13924,"CWS","SW","SWP","carceral_serving_water_system",0,0,0,0
"4193","CA5610020",53157,17200,"CWS","SW","SWP","other_water_systems",0,0,0,0
"4194","CA5610021",2003,613,"CWS","GW","GW","other_water_systems",0,1,0,1
"4195","CA5610022",6100,2166,"CWS","SW","SWP","other_water_systems",2,0,1,0
"4196","CA5610023",94738,25902,"CWS","SW","SWP","other_water_systems",0,1,0,1
"4197","CA5610024",11005,3171,"CWS","SW","SW","other_water_systems",1,1,1,1
"4198","CA5610029",1820,336,"CWS","GW","GW","other_water_systems",0,0,0,0
"4199","CA5610035",983,295,"CWS","GW","GW","other_water_systems",0,0,0,0
"4200","CA5610039",4560,1866,"CWS","SW","SWP","other_water_systems",0,0,0,0
"4201","CA5610040",66809,20251,"CWS","SW","SWP","other_water_systems",0,1,0,1
"4202","CA5610043",13898,4601,"CWS","SW","SWP","other_water_systems",0,0,0,0
"4203","CA5610046",0,1,"CWS","SW","SW","other_water_systems",0,0,0,0
"4204","CA5610050",0,93,"CWS","SW","SW","other_water_systems",0,0,0,0
"4205","CA5610056",1200,342,"CWS","SW","SWP","other_water_systems",0,0,0,0
"4206","CA5610058",2079,630,"CWS","SW","SWP","other_water_systems",0,0,0,0
"4207","CA5610059",45128,13715,"CWS","SW","SWP","other_water_systems",0,0,0,0
"4208","CA5610063",32700,9055,"CWS","SW","SWP","carceral_serving_water_system",0,0,0,0
"4209","CA5610068",455,147,"CWS","GW","GW","other_water_systems",0,1,0,1
"4210","CA5610069",1759,792,"CWS","SW","SWP","other_water_systems",0,0,0,0
"4211","CA5610080",0,7,"CWS","SW","SWP","other_water_systems",0,0,0,0
"4212","CA5610081",2039,619,"CWS","SW","SWP","other_water_systems",0,0,0,0
"4213","CA5610700",5700,928,"CWS","SW","SWP","other_water_systems",1,1,1,1
"4214","CA5610701",8625,609,"CWS","SW","SWP","other_water_systems",0,2,0,1
"4215","CA5610702",254,106,"CWS","SW","GU","other_water_systems",0,0,0,0
"4216","CA5700508",50,6,"NTNCWS","GW","GW","other_water_systems",3,2,1,1
"4217","CA5700509",460,3,"NTNCWS","GW","GW","other_water_systems",0,1,0,1
"4218","CA5700510",250,7,"NTNCWS","GW","GW","other_water_systems",0,0,0,0
"4219","CA5700514",69,3,"NTNCWS","GW","GW","other_water_systems",0,0,0,0
"4220","CA5700523",29,3,"NTNCWS","GW","GW","other_water_systems",0,0,0,0
"4221","CA5700537",25,6,"NTNCWS","GW","GW","other_water_systems",2,0,1,0
"4222","CA5700539",91,68,"NTNCWS","GW","GW","other_water_systems",0,2,0,1
"4223","CA5700542",35,2,"NTNCWS","GW","GW","other_water_systems",0,0,0,0
"4224","CA5700552",82,3,"NTNCWS","GW","GW","other_water_systems",0,3,0,1
"4225","CA5700554",140,69,"CWS","GW","GW","other_water_systems",0,0,0,0
"4226","CA5700555",44,3,"CWS","GW","GW","other_water_systems",4,2,1,1
"4227","CA5700571",876,149,"CWS","GW","GW","other_water_systems",0,2,0,1
"4228","CA5700615",432,113,"CWS","GW","GW","other_water_systems",0,0,0,0
"4229","CA5700617",150,6,"NTNCWS","GW","GW","other_water_systems",1,0,1,0
"4230","CA5700623",46,1,"NTNCWS","GW","GW","other_water_systems",5,0,1,0
"4231","CA5700643",400,17,"NTNCWS","GW","GW","other_water_systems",0,0,0,0
"4232","CA5700652",415,3,"NTNCWS","GW","GW","other_water_systems",0,0,0,0
"4233","CA5700700",400,157,"CWS","GW","GW","other_water_systems",0,0,0,0
"4234","CA5700702",200,3,"NTNCWS","GW","GW","other_water_systems",0,0,0,0
"4235","CA5700707",40,14,"CWS","GW","GW","other_water_systems",0,1,0,1
"4236","CA5700712",602,175,"CWS","GW","GW","other_water_systems",0,0,0,0
"4237","CA5700714",114,11,"NTNCWS","GW","GW","other_water_systems",0,0,0,0
"4238","CA5700730",312,9,"NTNCWS","GW","GW","other_water_systems",2,1,1,1
"4239","CA5700748",65,14,"NTNCWS","GW","GW","other_water_systems",1,0,1,0
"4240","CA5700754",200,3,"NTNCWS","GW","GW","other_water_systems",0,2,0,1
"4241","CA5700758",60,4,"NTNCWS","GW","GW","other_water_systems",0,0,0,0
"4242","CA5700761",450,8,"NTNCWS","GW","GW","other_water_systems",1,0,1,0
"4243","CA5700764",76,4,"NTNCWS","GW","GW","other_water_systems",0,1,0,1
"4244","CA5700768",39,4,"NTNCWS","GW","GW","other_water_systems",0,0,0,0
"4245","CA5700773",250,5,"NTNCWS","GW","GW","other_water_systems",0,0,0,0
"4246","CA5700778",40,4,"NTNCWS","GW","GW","other_water_systems",0,0,0,0
"4247","CA5700784",304,4,"NTNCWS","GW","GW","other_water_systems",0,0,0,0
"4248","CA5700785",300,10,"NTNCWS","GW","GW","other_water_systems",0,0,0,0
"4249","CA5700788",314,96,"CWS","GW","GW","other_water_systems",5,1,1,1
"4250","CA5700795",27,3,"NTNCWS","GW","GW","other_water_systems",3,0,1,0
"4251","CA5700797",800,10,"CWS","GW","GW","carceral_water_system",0,0,0,0
"4252","CA5700798",40,2,"NTNCWS","GW","GW","other_water_systems",0,0,0,0
"4253","CA5700804",94,1,"NTNCWS","GW","GW","other_water_systems",0,1,0,1
"4254","CA5700816",81,3,"NTNCWS","GW","GW","other_water_systems",0,1,0,1
"4255","CA5700827",115,9,"NTNCWS","GW","GW","other_water_systems",0,0,0,0
"4256","CA5710001",67217,17320,"CWS","SW","SWP","other_water_systems",0,0,0,0
"4257","CA5710003",53355,15587,"CWS","SW","SW","other_water_systems",0,0,0,0
"4258","CA5710004",944,298,"CWS","GW","GW","other_water_systems",0,0,0,0
"4259","CA5710005",7115,2463,"CWS","GW","GW","other_water_systems",0,0,0,0
"4260","CA5710006",61462,17748,"CWS","SW","SWP","other_water_systems",0,0,0,0
"4261","CA5710007",3574,978,"CWS","GW","GW","other_water_systems",0,0,0,0
"4262","CA5710009",49616,4656,"CWS","SW","SWP","other_water_systems",0,1,0,1
"4263","CA5710011",1115,353,"CWS","GW","GW","other_water_systems",0,0,0,0
"4264","CA5710012",0,2,"CWS","SW","SW","other_water_systems",0,0,0,0
"4265","CA5710013",104,2,"NTNCWS","GW","GW","other_water_systems",1,0,1,0
"4266","CA5800006",125,1,"NTNCWS","GW","GW","other_water_systems",0,3,0,1
"4267","CA5800572",100,27,"CWS","GW","GW","other_water_systems",0,0,0,0
"4268","CA5800800",100,8,"NTNCWS","GW","GW","other_water_systems",0,0,0,0
"4269","CA5800803",200,70,"CWS","GW","GW","other_water_systems",0,1,0,1
"4270","CA5800805",60,21,"CWS","GW","GW","other_water_systems",0,0,0,0
"4271","CA5800809",6500,1,"NTNCWS","GW","GW","other_water_systems",0,0,0,0
"4272","CA5800810",45,4,"NTNCWS","GW","GW","other_water_systems",0,0,0,0
"4273","CA5800820",200,84,"CWS","GW","GW","other_water_systems",1,0,1,0
"4274","CA5800821",26,20,"CWS","GW","GW","other_water_systems",0,1,0,1
"4275","CA5800823",100,35,"CWS","GW","GW","other_water_systems",0,0,0,0
"4276","CA5800824",50,45,"CWS","GW","GW","other_water_systems",0,0,0,0
"4277","CA5800827",25,19,"CWS","GW","GW","other_water_systems",0,0,0,0
"4278","CA5800828",185,86,"CWS","GW","GW","other_water_systems",0,0,0,0
"4279","CA5800832",200,88,"CWS","GW","GW","other_water_systems",0,3,0,1
"4280","CA5800840",110,3,"NTNCWS","GW","GW","other_water_systems",0,2,0,1
"4281","CA5800843",325,2,"NTNCWS","GW","GW","other_water_systems",0,2,0,1
"4282","CA5800844",155,5,"NTNCWS","GW","GW","other_water_systems",0,3,0,1
"4283","CA5800845",85,3,"NTNCWS","GW","GW","other_water_systems",0,4,0,1
"4284","CA5800847",150,6,"NTNCWS","GW","GW","other_water_systems",0,2,0,1
"4285","CA5800850",60,41,"CWS","GW","GW","other_water_systems",0,1,0,1
"4286","CA5800851",35,6,"CWS","GW","GW","other_water_systems",0,0,0,0
"4287","CA5800863",160,30,"CWS","GW","GW","other_water_systems",0,0,0,0
"4288","CA5800899",50,1,"NTNCWS","GW","GW","other_water_systems",0,0,0,0
"4289","CA5800909",50,5,"NTNCWS","GW","GW","other_water_systems",0,0,0,0
"4290","CA5800913",50,1,"NTNCWS","GW","GW","other_water_systems",0,0,0,0
"4291","CA5800915",45,4,"NTNCWS","GW","GW","other_water_systems",0,0,0,0
"4292","CA5800919",50,1,"NTNCWS","GW","GW","other_water_systems",0,0,0,0
"4293","CA5800924",180,85,"CWS","SW","SW","other_water_systems",0,1,0,1
"4294","CA5805001",10464,3539,"CWS","GW","GW","other_water_systems",0,0,0,0
"4295","CA5810001",12385,3704,"CWS","GW","GW","carceral_serving_water_system",0,0,0,0
"4296","CA5810002",21654,5362,"CWS","GW","GW","other_water_systems",0,1,0,1
"4297","CA5810003",16595,4613,"CWS","GW","GW","other_water_systems",0,1,0,1
"4298","CA5810004",3712,1246,"CWS","GW","GW","other_water_systems",0,0,0,0
"4299","CA5810005",122,43,"CWS","SW","SW","other_water_systems",0,0,0,0
"4300","CA5810006",2772,795,"CWS","SW","SW","other_water_systems",0,0,0,0
"4301","CA5810700",6785,810,"CWS","GW","GW","other_water_systems",0,1,0,1
